# Blender 5.0.1
# www.blender.org
mtllib Spray.mtl
o lubricant_spray_pipe
v 0.032901 0.019305 -0.011278
v 0.032901 0.131773 0.006142
v 0.033515 0.019274 -0.011080
v 0.033515 0.131743 0.006340
v 0.033895 0.019194 -0.010564
v 0.033895 0.131663 0.006856
v 0.033895 0.019095 -0.009926
v 0.033895 0.131564 0.007494
v 0.033515 0.019015 -0.009409
v 0.033515 0.131484 0.008011
v 0.032901 0.018985 -0.009212
v 0.032901 0.131453 0.008208
v 0.032286 0.019015 -0.009409
v 0.032286 0.131484 0.008011
v 0.031907 0.019095 -0.009926
v 0.031907 0.131564 0.007494
v 0.031907 0.019194 -0.010564
v 0.031907 0.131663 0.006856
v 0.032286 0.019274 -0.011080
v 0.032286 0.131743 0.006340
v 0.032901 0.019347 -0.011552
v 0.033678 0.019308 -0.011303
v 0.033678 0.131777 0.006117
v 0.032901 0.131816 0.005868
v 0.034159 0.019207 -0.010649
v 0.034159 0.131676 0.006771
v 0.034159 0.019082 -0.009841
v 0.034159 0.131551 0.007579
v 0.033678 0.018981 -0.009187
v 0.033678 0.131449 0.008233
v 0.032901 0.018942 -0.008937
v 0.032901 0.131411 0.008482
v 0.032123 0.018981 -0.009187
v 0.032123 0.131449 0.008233
v 0.031643 0.019082 -0.009841
v 0.031643 0.131551 0.007579
v 0.031643 0.019207 -0.010649
v 0.031643 0.131676 0.006771
v 0.032123 0.019308 -0.011303
v 0.032123 0.131777 0.006117
v 0.032901 0.021022 -0.010775
v 0.033378 0.020998 -0.010622
v 0.033378 0.129960 0.006255
v 0.032901 0.129984 0.006102
v 0.033673 0.020936 -0.010221
v 0.033673 0.129898 0.006656
v 0.033673 0.020859 -0.009726
v 0.033673 0.129822 0.007151
v 0.033378 0.020797 -0.009325
v 0.033378 0.129759 0.007552
v 0.032901 0.020774 -0.009171
v 0.032901 0.129736 0.007705
v 0.032424 0.020797 -0.009325
v 0.032424 0.129759 0.007552
v 0.032129 0.020859 -0.009726
v 0.032129 0.129822 0.007151
v 0.032129 0.020936 -0.010221
v 0.032129 0.129898 0.006656
v 0.032424 0.020998 -0.010622
v 0.032424 0.129960 0.006255
v 0.032901 0.021047 -0.010935
v 0.033473 0.021018 -0.010751
v 0.033473 0.129980 0.006125
v 0.032901 0.130009 0.005942
v 0.033826 0.020944 -0.010270
v 0.033826 0.129906 0.006606
v 0.033826 0.020852 -0.009676
v 0.033826 0.129814 0.007201
v 0.033473 0.020777 -0.009195
v 0.033473 0.129739 0.007682
v 0.032901 0.020749 -0.009012
v 0.032901 0.129711 0.007865
v 0.032329 0.020777 -0.009195
v 0.032329 0.129739 0.007682
v 0.031975 0.020852 -0.009676
v 0.031975 0.129814 0.007201
v 0.031975 0.020944 -0.010270
v 0.031975 0.129906 0.006606
v 0.032329 0.021018 -0.010751
v 0.032329 0.129980 0.006125
v 0.033473 0.020560 -0.009229
v 0.033826 0.020635 -0.009710
v 0.031975 0.020727 -0.010304
v 0.031975 0.020635 -0.009710
v 0.033473 0.020801 -0.010785
v 0.032901 0.020830 -0.010969
v 0.032901 0.020532 -0.009045
v 0.032329 0.020801 -0.010785
v 0.033826 0.020727 -0.010304
v 0.032329 0.020560 -0.009229
v 0.033826 0.129989 0.007228
v 0.033473 0.129915 0.007709
v 0.031975 0.129989 0.007228
v 0.031975 0.130081 0.006633
v 0.032901 0.130184 0.005969
v 0.033473 0.130156 0.006153
v 0.032901 0.129886 0.007892
v 0.032329 0.130156 0.006153
v 0.033826 0.130081 0.006633
v 0.032329 0.129915 0.007709
v 0.032901 0.019358 -0.011623
v 0.033721 0.019317 -0.011360
v 0.033721 0.131786 0.006060
v 0.032901 0.131827 0.005797
v 0.034227 0.019211 -0.010671
v 0.034227 0.131679 0.006749
v 0.034227 0.019079 -0.009819
v 0.034227 0.131547 0.007601
v 0.033721 0.018972 -0.009130
v 0.033721 0.131440 0.008290
v 0.032901 0.018931 -0.008866
v 0.032901 0.131400 0.008554
v 0.032081 0.018972 -0.009130
v 0.032081 0.131440 0.008290
v 0.031574 0.019079 -0.009819
v 0.031574 0.131547 0.007601
v 0.031574 0.019211 -0.010671
v 0.031574 0.131679 0.006749
v 0.032081 0.019317 -0.011360
v 0.032081 0.131786 0.006060
v 0.032901 0.019293 -0.011207
v 0.033473 0.019265 -0.011023
v 0.033473 0.131734 0.006397
v 0.032901 0.131762 0.006213
v 0.033826 0.019191 -0.010542
v 0.033826 0.131659 0.006878
v 0.033826 0.019098 -0.009948
v 0.033826 0.131567 0.007472
v 0.033473 0.019024 -0.009467
v 0.033473 0.131493 0.007953
v 0.032901 0.018996 -0.009283
v 0.032901 0.131464 0.008137
v 0.032329 0.019024 -0.009467
v 0.032329 0.131493 0.007953
v 0.031975 0.019098 -0.009948
v 0.031975 0.131567 0.007472
v 0.031975 0.019191 -0.010542
v 0.031975 0.131659 0.006878
v 0.032329 0.019265 -0.011023
v 0.032329 0.131734 0.006397
v 0.032901 0.019685 -0.011573
v 0.032901 0.131500 0.005746
v 0.033721 0.131459 0.006009
v 0.033721 0.019644 -0.011309
v 0.034227 0.131352 0.006699
v 0.034227 0.019537 -0.010620
v 0.034227 0.131220 0.007550
v 0.034227 0.019405 -0.009768
v 0.033721 0.131114 0.008240
v 0.033721 0.019299 -0.009079
v 0.032901 0.131073 0.008503
v 0.032901 0.019258 -0.008816
v 0.032081 0.131114 0.008240
v 0.032081 0.019299 -0.009079
v 0.031574 0.131220 0.007550
v 0.031574 0.019405 -0.009768
v 0.031574 0.131352 0.006699
v 0.031574 0.019537 -0.010620
v 0.032081 0.131459 0.006009
v 0.032081 0.019644 -0.011309
v 0.032901 0.020517 -0.011444
v 0.032901 0.130667 0.005617
v 0.033721 0.130627 0.005880
v 0.033721 0.020476 -0.011180
v 0.034227 0.130520 0.006570
v 0.034227 0.020370 -0.010491
v 0.034227 0.130388 0.007421
v 0.034227 0.020238 -0.009639
v 0.033721 0.130281 0.008111
v 0.033721 0.020131 -0.008950
v 0.032901 0.130240 0.008374
v 0.032901 0.020090 -0.008687
v 0.032081 0.130281 0.008111
v 0.032081 0.020131 -0.008950
v 0.031574 0.130388 0.007421
v 0.031574 0.020238 -0.009639
v 0.031574 0.130520 0.006570
v 0.031574 0.020370 -0.010491
v 0.032081 0.130627 0.005880
v 0.032081 0.020476 -0.011180
v 0.032606 0.129845 0.006998
v 0.033196 0.129875 0.006809
v 0.033083 0.020859 -0.009726
v 0.032719 0.020936 -0.010221
vn -0.0000 0.1531 -0.9882
vn -0.0000 0.7533 -0.6577
vn 0.4499 0.7309 -0.5133
vn 0.5878 0.1238 -0.7995
vn 0.7278 0.6723 -0.1352
vn 0.9511 0.0473 -0.3054
vn 0.7278 0.5999 0.3322
vn 0.9511 -0.0473 0.3054
vn 0.4499 0.5413 0.7103
vn 0.5878 -0.1238 0.7995
vn -0.0000 0.5190 0.8548
vn -0.0000 -0.1531 0.9882
vn -0.4499 0.5413 0.7103
vn -0.5878 -0.1238 0.7995
vn -0.7278 0.5999 0.3322
vn -0.9511 -0.0473 0.3054
vn -0.7278 0.6723 -0.1352
vn -0.9511 0.0473 -0.3054
vn 0.7278 -0.6723 0.1352
vn 0.7278 -0.5999 -0.3322
vn -0.4499 0.7309 -0.5133
vn -0.5878 0.1238 -0.7995
vn -0.4498 -0.5414 -0.7104
vn -0.7278 -0.5999 -0.3322
vn -0.0000 -0.9882 -0.1531
vn -0.0000 0.9882 0.1530
vn -0.0000 0.9882 0.1531
vn 0.0001 0.9882 0.1531
vn -0.4498 0.7309 -0.5133
vn -0.4498 -0.7309 0.5133
vn -0.0000 -0.7533 0.6577
vn -0.0000 -0.5190 -0.8548
vn -0.4498 0.5414 0.7103
vn 0.4498 -0.7309 0.5133
vn -0.0000 0.7532 -0.6577
vn -0.7278 -0.6723 0.1352
vn 0.4498 0.5414 0.7103
vn 0.4498 -0.5414 -0.7104
vn 0.4498 0.7309 -0.5133
vn 0.5871 0.0763 -0.8059
vn 0.9500 -0.0001 -0.3124
vn -0.9499 -0.0946 0.2977
vn -0.9500 -0.0001 -0.3124
vn 0.5872 -0.1710 0.7912
vn -0.0000 -0.2002 0.9797
vn -0.0001 0.1055 -0.9944
vn -0.5871 -0.1710 0.7913
vn 0.9500 -0.0946 0.2976
vn -0.5872 0.0763 -0.8059
vn 0.9500 0.0933 -0.2978
vn 0.5871 0.1698 -0.7915
vn -0.9500 0.0933 -0.2980
vn -0.9500 -0.0012 0.3121
vn -0.0000 -0.1068 0.9943
vn 0.5872 -0.0776 0.8057
vn -0.0000 0.1990 -0.9800
vn -0.5872 -0.0776 0.8057
vn 0.9500 -0.0012 0.3121
vn -0.5871 0.1697 -0.7915
vn 0.4498 -0.5414 -0.7103
vt 0.368147 0.293519
vt 0.365435 0.293525
vt 0.365399 0.289994
vt 0.368111 0.289987
vt 0.365362 0.286462
vt 0.368075 0.286455
vt 0.365324 0.282927
vt 0.368038 0.282920
vt 0.787677 0.306459
vt 0.790388 0.306453
vt 0.790422 0.309983
vt 0.787710 0.309989
vt 0.790457 0.313513
vt 0.787745 0.313520
vt 0.790493 0.317045
vt 0.787781 0.317052
vt 0.790531 0.320578
vt 0.787817 0.320585
vt 0.790570 0.324113
vt 0.787855 0.324120
vt 0.249018 0.035579
vt 0.246439 0.035579
vt 0.246439 0.034637
vt 0.249018 0.034637
vt 0.368215 0.300581
vt 0.365503 0.300587
vt 0.365470 0.297057
vt 0.368181 0.297050
vt 0.259334 0.035579
vt 0.256755 0.035579
vt 0.256755 0.034637
vt 0.259334 0.034637
vt 0.354172 0.010234
vt 0.357780 0.010234
vt 0.358260 0.011710
vt 0.353692 0.011710
vt 0.303954 0.051667
vt 0.303954 0.048059
vt 0.305430 0.047579
vt 0.305430 0.052146
vt 0.351252 0.008114
vt 0.349997 0.009025
vt 0.301833 0.045139
vt 0.302745 0.043884
vt 0.350137 0.004681
vt 0.348586 0.004681
vt 0.298401 0.044024
vt 0.298401 0.042473
vt 0.267381 0.054581
vt 0.270813 0.055696
vt 0.270813 0.057248
vt 0.266469 0.055836
vt 0.468554 0.004681
vt 0.469669 0.008113
vt 0.468414 0.009025
vt 0.467002 0.004681
vt 0.265260 0.051662
vt 0.263785 0.052141
vt 0.472588 0.010234
vt 0.472109 0.011709
vt 0.265260 0.048053
vt 0.263785 0.047574
vt 0.476197 0.010234
vt 0.476676 0.011709
vt 0.267381 0.045134
vt 0.266469 0.043879
vt 0.479116 0.008113
vt 0.480372 0.009025
vt 0.270813 0.044019
vt 0.270813 0.042467
vt 0.480231 0.004681
vt 0.481783 0.004681
vt 0.360699 0.008114
vt 0.361814 0.004681
vt 0.363366 0.004681
vt 0.361954 0.009025
vt 0.298401 0.055701
vt 0.301833 0.054586
vt 0.302745 0.055842
vt 0.298401 0.057253
vt 0.335692 0.022908
vt 0.334422 0.024643
vt 0.333164 0.022899
vt 0.335700 0.020758
vt 0.558548 0.010697
vt 0.557884 0.008652
vt 0.560034 0.008652
vt 0.560288 0.011961
vt 0.533243 0.044957
vt 0.533243 0.047536
vt 0.532482 0.047536
vt 0.532482 0.044957
vt 0.032023 0.030608
vt 0.034601 0.030608
vt 0.034601 0.031550
vt 0.032023 0.031550
vt 0.533243 0.034641
vt 0.533243 0.037220
vt 0.532482 0.037220
vt 0.532482 0.034641
vt 0.254176 0.035579
vt 0.254176 0.034637
vt 0.552297 0.055213
vt 0.552297 0.052634
vt 0.553057 0.052634
vt 0.553057 0.055213
vt 0.026864 0.030608
vt 0.029443 0.030608
vt 0.029443 0.031550
vt 0.026864 0.031550
vt 0.533243 0.042378
vt 0.532482 0.042378
vt 0.037180 0.030608
vt 0.037180 0.031550
vt 0.552297 0.050055
vt 0.552297 0.047476
vt 0.553057 0.047476
vt 0.553057 0.050055
vt 0.251597 0.035579
vt 0.251597 0.034637
vt 0.552297 0.057792
vt 0.553057 0.057792
vt 0.533243 0.039799
vt 0.532482 0.039799
vt 0.039759 0.030608
vt 0.039759 0.031550
vt 0.552297 0.060371
vt 0.553057 0.060371
vt 0.562438 0.011961
vt 0.564178 0.010697
vt 0.564739 0.011105
vt 0.562652 0.012621
vt 0.334442 0.019014
vt 0.332400 0.018342
vt 0.332403 0.017648
vt 0.334852 0.018454
vt 0.560073 0.012621
vt 0.330353 0.018999
vt 0.329947 0.018436
vt 0.557987 0.011105
vt 0.329082 0.020734
vt 0.328423 0.020517
vt 0.557190 0.008652
vt 0.329075 0.022884
vt 0.328414 0.023096
vt 0.558548 0.006607
vt 0.557987 0.006199
vt 0.330332 0.024628
vt 0.329922 0.025188
vt 0.560288 0.005343
vt 0.560073 0.004683
vt 0.332374 0.025300
vt 0.332372 0.025994
vt 0.562438 0.005343
vt 0.562652 0.004683
vt 0.334828 0.025206
vt 0.564177 0.006607
vt 0.564739 0.006199
vt 0.336351 0.023125
vt 0.564842 0.008652
vt 0.565536 0.008652
vt 0.336361 0.020546
vt 0.251597 0.042244
vt 0.249018 0.042244
vt 0.037180 0.023943
vt 0.039759 0.023943
vt 0.029443 0.023943
vt 0.032023 0.023943
vt 0.254176 0.042244
vt 0.034601 0.023943
vt 0.026864 0.023943
vt 0.256755 0.042244
vt 0.259334 0.042244
vt 0.246439 0.042244
vt 0.540090 0.037220
vt 0.540090 0.039799
vt 0.545450 0.060371
vt 0.545450 0.057792
vt 0.545450 0.052634
vt 0.545450 0.050055
vt 0.540090 0.042378
vt 0.545450 0.055213
vt 0.545450 0.047476
vt 0.540090 0.044957
vt 0.540090 0.034641
vt 0.540089 0.047536
vt 0.358384 0.012092
vt 0.353568 0.012092
vt 0.305812 0.047455
vt 0.305812 0.052271
vt 0.349672 0.009262
vt 0.302982 0.043559
vt 0.348184 0.004681
vt 0.298401 0.042071
vt 0.270813 0.057650
vt 0.266233 0.056161
vt 0.468089 0.009261
vt 0.466600 0.004681
vt 0.263403 0.052265
vt 0.471985 0.012091
vt 0.263403 0.047450
vt 0.476801 0.012091
vt 0.266233 0.043554
vt 0.480697 0.009261
vt 0.270813 0.042066
vt 0.482185 0.004681
vt 0.363768 0.004682
vt 0.362280 0.009262
vt 0.302982 0.056167
vt 0.298401 0.057655
vt 0.354296 0.009852
vt 0.357656 0.009852
vt 0.303572 0.051543
vt 0.303572 0.048183
vt 0.351577 0.007877
vt 0.301597 0.045464
vt 0.350539 0.004681
vt 0.298401 0.044426
vt 0.267618 0.054256
vt 0.270813 0.055294
vt 0.468956 0.004681
vt 0.469994 0.007877
vt 0.265643 0.051538
vt 0.472713 0.009851
vt 0.265642 0.048178
vt 0.476073 0.009851
vt 0.267618 0.045459
vt 0.478791 0.007877
vt 0.270813 0.044421
vt 0.479829 0.004681
vt 0.360374 0.007877
vt 0.361412 0.004681
vt 0.298401 0.055299
vt 0.301597 0.054261
vt 0.790424 0.297040
vt 0.787711 0.297047
vt 0.787675 0.293515
vt 0.790388 0.293508
vt 0.375089 0.297034
vt 0.375058 0.293502
vt 0.790463 0.300574
vt 0.787749 0.300582
vt 0.375120 0.300565
vt 0.365576 0.320576
vt 0.368288 0.320570
vt 0.368321 0.324100
vt 0.365611 0.324106
vt 0.780903 0.320603
vt 0.780940 0.324139
vt 0.365541 0.317046
vt 0.368253 0.317039
vt 0.780870 0.317070
vt 0.365505 0.313514
vt 0.368217 0.313507
vt 0.780837 0.313538
vt 0.365467 0.309981
vt 0.368181 0.309974
vt 0.780804 0.310006
vt 0.365428 0.306446
vt 0.368143 0.306439
vt 0.780772 0.306475
vt 0.790317 0.286445
vt 0.787605 0.286451
vt 0.787572 0.282921
vt 0.790283 0.282915
vt 0.374988 0.286437
vt 0.374952 0.282901
vt 0.790351 0.289976
vt 0.787639 0.289983
vt 0.375020 0.289970
vt 0.780766 0.293532
vt 0.780729 0.290000
vt 0.780697 0.286468
vt 0.780666 0.282937
vt 0.375058 0.306421
vt 0.375094 0.309956
vt 0.375128 0.313489
vt 0.375161 0.317021
vt 0.375194 0.320553
vt 0.375225 0.324084
vt 0.780834 0.300600
vt 0.780798 0.297065
vt 0.331610 0.020743
vt 0.562692 0.008652
s 1
usemtl lubricant_spray
f 142/1/1 104/2/2 103/3/3 143/4/4
f 143/4/4 103/3/3 106/5/5 145/6/6
f 145/6/6 106/5/5 108/7/7 147/8/8
f 147/9/8 108/10/7 110/11/9 149/12/10
f 149/12/10 110/11/9 112/13/11 151/14/12
f 151/14/12 112/13/11 114/15/13 153/16/14
f 153/16/14 114/15/13 116/17/15 155/18/16
f 155/18/16 116/17/15 118/19/17 157/20/18
f 84/21/6 83/22/8 77/23/19 75/24/20
f 157/25/18 118/26/17 120/27/21 159/28/22
f 159/28/22 120/27/21 104/2/2 142/1/1
f 82/29/18 81/30/22 69/31/23 67/32/24
f 3/33/25 1/34/25 21/35/25 22/36/25
f 2/37/26 4/38/26 23/39/27 24/40/27
f 5/41/25 3/33/25 22/36/25 25/42/25
f 4/38/26 6/43/27 26/44/27 23/39/27
f 7/45/25 5/41/25 25/42/25 27/46/25
f 6/43/27 8/47/27 28/48/27 26/44/27
f 9/49/25 7/50/25 27/51/25 29/52/25
f 8/53/27 10/54/27 30/55/27 28/56/27
f 11/57/25 9/49/25 29/52/25 31/58/25
f 10/54/27 12/59/27 32/60/27 30/55/27
f 13/61/25 11/57/25 31/58/25 33/62/25
f 12/59/27 14/63/27 34/64/27 32/60/27
f 15/65/25 13/61/25 33/62/25 35/66/25
f 14/63/27 16/67/27 36/68/27 34/64/27
f 17/69/25 15/65/25 35/66/25 37/70/25
f 16/67/27 18/71/27 38/72/27 36/68/27
f 19/73/25 17/74/25 37/75/25 39/76/25
f 18/77/27 20/78/27 40/79/27 38/80/27
f 1/34/25 19/73/25 39/76/25 21/35/25
f 20/78/27 2/37/26 24/40/27 40/79/27
f 58/81/28 56/82/27 181/83/27 60/84/27
f 47/85/25 49/86/25 183/87/25 45/88/25
f 92/89/22 91/90/18 68/91/17 70/92/29
f 86/93/12 85/94/14 62/95/30 61/96/31
f 94/97/8 93/98/6 76/99/5 78/100/7
f 81/30/22 87/101/1 71/102/32 69/31/23
f 96/103/14 95/104/12 64/105/11 63/106/33
f 83/107/8 88/108/10 79/109/34 77/110/19
f 97/111/1 92/89/22 70/92/29 72/112/35
f 85/94/14 89/113/16 65/114/36 62/95/30
f 98/115/10 94/116/8 78/117/7 80/118/37
f 87/101/1 90/119/4 73/120/38 71/102/32
f 99/121/16 96/103/14 63/106/33 66/122/15
f 88/108/10 86/93/12 61/96/31 79/109/34
f 100/123/4 97/111/1 72/112/35 74/124/39
f 89/113/16 82/125/18 67/126/24 65/114/36
f 95/104/12 98/115/10 80/118/37 64/105/11
f 90/119/4 84/21/6 75/24/20 73/120/38
f 91/127/18 99/121/16 66/122/15 68/128/17
f 93/98/6 100/123/4 74/124/39 76/99/5
f 42/129/25 41/130/25 61/131/31 62/132/30
f 44/133/27 43/134/27 63/135/33 64/136/11
f 45/88/25 42/129/25 62/132/30 65/137/36
f 43/134/27 46/138/27 66/139/15 63/135/33
f 47/85/25 45/88/25 65/137/36 67/140/24
f 46/138/27 48/141/27 68/142/17 66/139/15
f 49/86/25 47/85/25 67/140/24 69/143/23
f 48/141/27 50/144/27 70/145/29 68/142/17
f 51/146/25 49/86/25 69/143/23 71/147/32
f 50/144/27 52/148/27 72/149/35 70/145/29
f 53/150/25 51/146/25 71/147/32 73/151/38
f 52/148/27 54/152/27 74/153/39 72/149/35
f 55/154/25 53/150/25 73/151/38 75/155/20
f 54/152/27 56/82/27 76/156/5 74/153/39
f 57/157/25 55/154/25 75/155/20 77/158/19
f 56/82/27 58/81/28 78/159/7 76/156/5
f 59/160/25 57/157/25 77/158/19 79/161/34
f 58/81/28 60/84/27 80/162/37 78/159/7
f 41/130/25 59/160/25 79/161/34 61/131/31
f 60/84/27 44/133/27 64/136/11 80/162/37
f 133/163/40 135/164/41 84/21/6 90/119/4
f 125/165/42 127/166/43 82/125/18 89/113/16
f 139/167/44 121/168/45 86/93/12 88/108/10
f 131/169/46 133/163/40 90/119/4 87/101/1
f 122/170/47 125/165/42 89/113/16 85/94/14
f 137/171/48 139/167/44 88/108/10 83/107/8
f 129/172/49 131/169/46 87/101/1 81/30/22
f 121/168/45 122/170/47 85/94/14 86/93/12
f 127/173/43 129/172/49 81/30/22 82/29/18
f 135/164/41 137/174/48 83/22/8 84/21/6
f 136/175/50 134/176/51 100/123/4 93/98/6
f 128/177/52 126/178/53 99/121/16 91/127/18
f 124/179/54 140/180/55 98/115/10 95/104/12
f 134/176/51 132/181/56 97/111/1 100/123/4
f 126/178/53 123/182/57 96/103/14 99/121/16
f 140/180/55 138/183/58 94/116/8 98/115/10
f 132/181/56 130/184/59 92/89/22 97/111/1
f 123/182/57 124/179/54 95/104/12 96/103/14
f 138/185/58 136/175/50 93/98/6 94/97/8
f 130/184/59 128/186/52 91/90/18 92/89/22
f 22/36/25 21/35/25 101/187/32 102/188/60
f 24/40/27 23/39/27 103/189/3 104/190/2
f 25/42/25 22/36/25 102/188/60 105/191/20
f 23/39/27 26/44/27 106/192/5 103/189/3
f 27/46/25 25/42/25 105/191/20 107/193/19
f 26/44/27 28/48/27 108/194/7 106/192/5
f 29/52/25 27/51/25 107/195/19 109/196/34
f 28/56/27 30/55/27 110/197/9 108/198/7
f 31/58/25 29/52/25 109/196/34 111/199/31
f 30/55/27 32/60/27 112/200/11 110/197/9
f 33/62/25 31/58/25 111/199/31 113/201/30
f 32/60/27 34/64/27 114/202/13 112/200/11
f 35/66/25 33/62/25 113/201/30 115/203/36
f 34/64/27 36/68/27 116/204/15 114/202/13
f 37/70/25 35/66/25 115/203/36 117/205/24
f 36/68/27 38/72/27 118/206/17 116/204/15
f 39/76/25 37/75/25 117/207/24 119/208/23
f 38/80/27 40/79/27 120/209/21 118/210/17
f 21/35/25 39/76/25 119/208/23 101/187/32
f 40/79/27 24/40/27 104/190/2 120/209/21
f 1/34/25 3/33/25 122/211/47 121/212/45
f 4/38/26 2/37/26 124/213/54 123/214/57
f 3/33/25 5/41/25 125/215/42 122/211/47
f 6/43/27 4/38/26 123/214/57 126/216/53
f 5/41/25 7/45/25 127/217/43 125/215/42
f 8/47/27 6/43/27 126/216/53 128/218/52
f 7/50/25 9/49/25 129/219/49 127/220/43
f 10/54/27 8/53/27 128/221/52 130/222/59
f 9/49/25 11/57/25 131/223/46 129/219/49
f 12/59/27 10/54/27 130/222/59 132/224/56
f 11/57/25 13/61/25 133/225/40 131/223/46
f 14/63/27 12/59/27 132/224/56 134/226/51
f 13/61/25 15/65/25 135/227/41 133/225/40
f 16/67/27 14/63/27 134/226/51 136/228/50
f 15/65/25 17/69/25 137/229/48 135/227/41
f 18/71/27 16/67/27 136/228/50 138/230/58
f 17/74/25 19/73/25 139/231/44 137/232/48
f 20/78/27 18/77/27 138/233/58 140/234/55
f 19/73/25 1/34/25 121/212/45 139/231/44
f 2/37/26 20/78/27 140/234/55 124/213/54
f 119/235/23 160/236/22 141/237/1 101/238/32
f 179/239/22 159/28/22 142/1/1 162/240/1
f 117/241/24 158/242/18 160/236/22 119/235/23
f 177/243/18 157/25/18 159/28/22 179/239/22
f 115/244/36 156/245/16 158/246/18 117/247/24
f 175/248/16 155/18/16 157/20/18 177/249/18
f 113/250/30 154/251/14 156/245/16 115/244/36
f 173/252/14 153/16/14 155/18/16 175/248/16
f 111/253/31 152/254/12 154/251/14 113/250/30
f 171/255/12 151/14/12 153/16/14 173/252/14
f 109/256/34 150/257/10 152/254/12 111/253/31
f 169/258/10 149/12/10 151/14/12 171/255/12
f 107/259/19 148/260/8 150/257/10 109/256/34
f 167/261/8 147/9/8 149/12/10 169/258/10
f 105/262/20 146/263/6 148/264/8 107/265/19
f 165/266/6 145/6/6 147/8/8 167/267/8
f 102/268/60 144/269/4 146/263/6 105/262/20
f 163/270/4 143/4/4 145/6/6 165/266/6
f 101/238/32 141/237/1 144/269/4 102/268/60
f 162/240/1 142/1/1 143/4/4 163/270/4
f 141/237/1 161/271/1 164/272/4 144/269/4
f 161/271/1 162/240/1 163/270/4 164/272/4
f 144/269/4 164/272/4 166/273/6 146/263/6
f 164/272/4 163/270/4 165/266/6 166/273/6
f 146/263/6 166/273/6 168/274/8 148/264/8
f 166/273/6 165/266/6 167/267/8 168/274/8
f 148/260/8 168/275/8 170/276/10 150/257/10
f 168/275/8 167/261/8 169/258/10 170/276/10
f 150/257/10 170/276/10 172/277/12 152/254/12
f 170/276/10 169/258/10 171/255/12 172/277/12
f 152/254/12 172/277/12 174/278/14 154/251/14
f 172/277/12 171/255/12 173/252/14 174/278/14
f 154/251/14 174/278/14 176/279/16 156/245/16
f 174/278/14 173/252/14 175/248/16 176/279/16
f 156/245/16 176/279/16 178/280/18 158/246/18
f 176/279/16 175/248/16 177/249/18 178/280/18
f 158/242/18 178/281/18 180/282/22 160/236/22
f 178/281/18 177/243/18 179/239/22 180/282/22
f 160/236/22 180/282/22 161/271/1 141/237/1
f 180/282/22 179/239/22 162/240/1 161/271/1
f 56/82/27 54/152/27 52/148/27 181/83/27
f 60/84/27 181/83/27 182/283/27 44/133/27
f 181/83/27 52/148/27 50/144/27 182/283/27
f 44/133/27 182/283/27 46/138/27 43/134/27
f 182/283/27 50/144/27 48/141/27 46/138/27
f 49/86/25 51/146/25 53/150/25 183/87/25
f 45/88/25 183/87/25 184/284/25 42/129/25
f 183/87/25 53/150/25 55/154/25 184/284/25
f 42/129/25 184/284/25 59/160/25 41/130/25
f 184/284/25 55/154/25 57/157/25 59/160/25
o lubricant_spray_tape
v 0.008271 0.093577 0.031549
v 0.020511 0.068896 0.025283
v 0.031884 0.102894 -0.006441
v 0.030021 0.077720 -0.012504
v 0.034612 0.100284 0.002937
v 0.033763 0.075433 -0.003252
v 0.023908 0.080005 -0.022049
v 0.028340 0.105180 -0.015932
v 0.021431 0.080577 -0.024460
v 0.018310 0.081148 -0.026880
v 0.014061 0.081719 -0.029371
v 0.029576 0.104608 -0.013552
v 0.030561 0.104037 -0.011176
v 0.031297 0.103465 -0.008805
v 0.032164 0.099683 0.004721
v 0.031705 0.099315 0.007394
v 0.032065 0.076009 -0.005417
v 0.031609 0.076577 -0.007758
v 0.030924 0.077148 -0.010134
v 0.032287 0.102322 -0.004064
v 0.032468 0.101751 -0.001711
v 0.033835 0.101137 0.000771
v 0.032474 0.074285 0.001707
v 0.034535 0.074878 -0.000819
v 0.028931 0.078291 -0.014883
v 0.027609 0.078863 -0.017273
v 0.025932 0.079434 -0.019649
v 0.022906 0.106893 -0.023128
v 0.025083 0.106322 -0.020720
v 0.026863 0.105751 -0.018320
v 0.022710 0.095752 0.023309
v 0.019923 0.095181 0.025749
v 0.016220 0.094609 0.028290
v 0.033767 0.099957 0.003996
v 0.031956 0.099505 0.006023
v 0.031313 0.099064 0.008755
v 0.030504 0.098569 0.011316
v 0.029005 0.071149 0.014753
v 0.030081 0.071721 0.012364
v 0.030963 0.072292 0.010004
v 0.031648 0.072863 0.007627
v 0.033090 0.075540 -0.003492
v 0.031868 0.076291 -0.006587
v 0.029511 0.098037 0.013717
v 0.028262 0.097466 0.016079
v 0.026768 0.096895 0.018460
v 0.024948 0.096324 0.020877
v 0.024016 0.069435 0.021930
v 0.026012 0.070006 0.019539
v 0.027674 0.070578 0.017161
v 0.032531 0.101448 -0.000454
v 0.034619 0.100719 0.001815
v 0.032097 0.073435 0.005248
v 0.032412 0.074006 0.002877
v 0.033528 0.074633 0.000189
v 0.034633 0.075163 -0.002071
v 0.034684 0.085759 -0.000103
v 0.034690 0.090531 0.000944
v 0.013616 0.084671 0.029555
v 0.015908 0.079989 0.028362
v 0.026198 0.091416 -0.019267
v 0.026997 0.096098 -0.018137
v 0.031354 0.093813 -0.008622
v 0.031029 0.089111 -0.009754
v 0.017808 0.075498 0.027239
v 0.019182 0.071533 0.026265
v 0.008485 0.092679 0.031492
v 0.011107 0.088827 0.030709
v 0.028209 0.104195 -0.016170
v 0.027679 0.100254 -0.017131
v 0.025432 0.086925 -0.020340
v 0.024544 0.082960 -0.021335
v 0.034632 0.094887 0.001997
v 0.034613 0.099195 0.002765
v 0.034298 0.078327 -0.002314
v 0.034574 0.081836 -0.001248
v 0.031844 0.101909 -0.006678
v 0.031641 0.097968 -0.007618
v 0.030315 0.080675 -0.011790
v 0.030710 0.084634 -0.010833
v 0.022228 0.083532 -0.023746
v 0.019314 0.084103 -0.026166
v 0.015480 0.084675 -0.028597
v 0.017328 0.088638 -0.027573
v 0.020676 0.088067 -0.025131
v 0.023294 0.087496 -0.022732
v 0.032435 0.077224 0.002395
v 0.034328 0.077784 0.000032
v 0.033842 0.081452 0.001089
v 0.032382 0.081061 0.003349
v 0.029324 0.081246 -0.014170
v 0.028010 0.081818 -0.016547
v 0.026437 0.082389 -0.018935
v 0.027133 0.086353 -0.017952
v 0.028538 0.085782 -0.015588
v 0.029726 0.085211 -0.013210
v 0.033504 0.095965 -0.000199
v 0.032401 0.096807 -0.002925
v 0.032087 0.097397 -0.005255
v 0.032247 0.101337 -0.004302
v 0.032455 0.100766 -0.001945
v 0.033698 0.100112 0.000542
v 0.031896 0.094058 0.006389
v 0.032293 0.094220 0.003983
v 0.032188 0.098554 0.004583
v 0.031760 0.098216 0.007175
v 0.026042 0.100826 -0.019481
v 0.024064 0.101396 -0.021863
v 0.021676 0.101968 -0.024231
v 0.022649 0.105908 -0.023359
v 0.024879 0.105337 -0.020949
v 0.026699 0.104766 -0.018553
v 0.030956 0.098540 -0.009995
v 0.030070 0.099111 -0.012365
v 0.028999 0.099682 -0.014744
v 0.029477 0.103623 -0.013793
v 0.030463 0.103051 -0.011413
v 0.031229 0.102480 -0.009043
v 0.032193 0.078910 -0.004653
v 0.031787 0.079499 -0.007057
v 0.031129 0.080103 -0.009420
v 0.031404 0.083918 -0.008461
v 0.031951 0.083113 -0.006087
v 0.032644 0.082331 -0.003380
v 0.033087 0.085594 0.002108
v 0.032219 0.085433 0.004504
v 0.032366 0.090122 0.003278
v 0.032037 0.090075 0.005566
v 0.027820 0.090844 -0.016883
v 0.029136 0.090273 -0.014503
v 0.030174 0.089701 -0.012124
v 0.028445 0.095527 -0.015749
v 0.029655 0.094956 -0.013370
v 0.030640 0.094384 -0.010993
v 0.031714 0.088305 -0.007377
v 0.032134 0.087359 -0.004998
v 0.033020 0.086306 -0.002146
v 0.031918 0.093203 -0.006259
v 0.032321 0.092394 -0.003887
v 0.033325 0.091410 -0.000985
v 0.018843 0.093130 -0.026497
v 0.021855 0.092558 -0.024075
v 0.024244 0.091987 -0.021666
v 0.020421 0.097812 -0.025354
v 0.023103 0.097241 -0.022940
v 0.025251 0.096669 -0.020538
v 0.032371 0.076951 0.003577
v 0.033210 0.077546 0.000976
v 0.034691 0.078077 -0.001246
v 0.034647 0.081657 -0.000148
v 0.032438 0.081264 0.002138
v 0.032217 0.080818 0.004523
v 0.031809 0.080320 0.006926
v 0.031976 0.076388 0.005956
v 0.032469 0.096410 -0.001646
v 0.032519 0.100443 -0.000692
v 0.034574 0.099681 0.001515
v 0.034516 0.095458 0.000745
v 0.027587 0.091969 0.017304
v 0.028922 0.092541 0.014888
v 0.030015 0.093104 0.012503
v 0.029612 0.097050 0.013473
v 0.028396 0.096481 0.015837
v 0.026933 0.095910 0.018227
v 0.025151 0.095339 0.020650
v 0.025902 0.091398 0.019684
v 0.031625 0.093900 0.007678
v 0.032104 0.094145 0.005163
v 0.033895 0.094542 0.003079
v 0.033745 0.098848 0.003836
v 0.031985 0.098391 0.005853
v 0.031377 0.097994 0.008536
v 0.030601 0.097553 0.011084
v 0.030917 0.093562 0.010137
v 0.018256 0.089683 0.027069
v 0.021391 0.090255 0.024495
v 0.023878 0.090826 0.022076
v 0.022962 0.094767 0.023084
v 0.020237 0.094196 0.025527
v 0.016650 0.093624 0.028061
v 0.029780 0.074676 0.013087
v 0.030753 0.075247 0.010728
v 0.031444 0.075819 0.008331
v 0.031166 0.079781 0.009290
v 0.030369 0.079212 0.011662
v 0.029373 0.078640 0.014067
v 0.028074 0.078068 0.016433
v 0.028616 0.074105 0.015457
v 0.031994 0.079201 -0.005840
v 0.032161 0.082753 -0.004851
v 0.033735 0.082065 -0.002234
v 0.033373 0.078505 -0.002972
v 0.032376 0.085494 0.003369
v 0.032022 0.085239 0.005661
v 0.034048 0.090296 0.002269
v 0.032238 0.090104 0.004379
v 0.031834 0.089921 0.006762
v 0.031210 0.089505 0.009125
v 0.031536 0.084799 0.008000
v 0.034356 0.085631 0.001197
v 0.023655 0.081417 0.022331
v 0.021103 0.080845 0.024752
v 0.024794 0.086671 0.021054
v 0.022522 0.086100 0.023481
v 0.019666 0.085528 0.025998
v 0.025728 0.081988 0.019935
v 0.029917 0.083702 0.012748
v 0.028794 0.083131 0.015127
v 0.030430 0.088956 0.011504
v 0.029437 0.088385 0.013903
v 0.028162 0.087813 0.016268
v 0.026641 0.087242 0.018646
v 0.027427 0.082560 0.017540
v 0.030848 0.084270 0.010390
v 0.032346 0.086891 -0.003751
v 0.032415 0.091949 -0.002656
v 0.034345 0.091023 -0.000278
v 0.034062 0.086091 -0.001354
v 0.023344 0.072390 0.022683
v 0.025485 0.072962 0.020283
v 0.027203 0.073533 0.017861
v 0.026529 0.077497 0.018809
v 0.024660 0.076926 0.021210
v 0.022358 0.076355 0.023633
v 0.008202 0.093619 0.031258
v 0.020356 0.068928 0.025113
v 0.031655 0.102885 -0.006395
v 0.029804 0.077703 -0.012418
v 0.034387 0.100298 0.002875
v 0.033609 0.075395 -0.003080
v 0.023734 0.079976 -0.021896
v 0.028136 0.105158 -0.015820
v 0.021275 0.080544 -0.024289
v 0.018173 0.081112 -0.026695
v 0.013947 0.081681 -0.029172
v 0.029364 0.104590 -0.013457
v 0.030340 0.104022 -0.011099
v 0.031072 0.103454 -0.008744
v 0.031975 0.099712 0.004587
v 0.031477 0.099325 0.007343
v 0.031845 0.075994 -0.005341
v 0.031382 0.076567 -0.007704
v 0.030702 0.077135 -0.010063
v 0.032055 0.102317 -0.004036
v 0.032234 0.101749 -0.001697
v 0.033660 0.101103 0.000922
v 0.032251 0.074300 0.001637
v 0.034323 0.074900 -0.000917
v 0.028721 0.078272 -0.014782
v 0.027410 0.078839 -0.017154
v 0.025745 0.079407 -0.019512
v 0.022734 0.106864 -0.022973
v 0.024901 0.106295 -0.020577
v 0.026669 0.105727 -0.018193
v 0.022545 0.095782 0.023147
v 0.019778 0.095214 0.025570
v 0.016102 0.094647 0.028092
v 0.033615 0.099996 0.003823
v 0.031725 0.099512 0.005986
v 0.031089 0.099076 0.008691
v 0.030284 0.098583 0.011240
v 0.028795 0.071169 0.014652
v 0.029864 0.071737 0.012278
v 0.030741 0.072305 0.009933
v 0.031420 0.072873 0.007575
v 0.032931 0.075505 -0.003324
v 0.031638 0.076283 -0.006546
v 0.029298 0.098056 0.013621
v 0.028058 0.097487 0.015967
v 0.026573 0.096919 0.018334
v 0.024766 0.096351 0.020733
v 0.023843 0.069464 0.021777
v 0.025825 0.070033 0.019402
v 0.027474 0.070601 0.017041
v 0.032317 0.101428 -0.000363
v 0.034403 0.100700 0.001903
v 0.031866 0.073441 0.005211
v 0.032179 0.074010 0.002856
v 0.033347 0.074666 0.000045
v 0.034406 0.075151 -0.002017
v 0.013508 0.084710 0.029352
v 0.015786 0.080026 0.028167
v 0.017672 0.075533 0.027053
v 0.019038 0.071568 0.026085
v 0.008413 0.092722 0.031202
v 0.011018 0.088868 0.030425
v 0.015361 0.084637 -0.028400
v 0.017194 0.088603 -0.027385
v 0.021516 0.101936 -0.024063
v 0.022479 0.105878 -0.023202
v 0.018703 0.093095 -0.026314
v 0.020265 0.097779 -0.025184
v 0.008242 0.093595 0.031386
v 0.020447 0.068910 0.025212
v 0.031788 0.102890 -0.006422
v 0.029931 0.077713 -0.012468
v 0.034519 0.100290 0.002911
v 0.033699 0.075417 -0.003181
v 0.023836 0.079993 -0.021985
v 0.028256 0.105171 -0.015885
v 0.021366 0.080563 -0.024389
v 0.018253 0.081133 -0.026803
v 0.014014 0.081703 -0.029289
v 0.029488 0.104601 -0.013513
v 0.030469 0.104030 -0.011144
v 0.031204 0.103460 -0.008780
v 0.032086 0.099695 0.004665
v 0.031611 0.099319 0.007373
v 0.031974 0.076003 -0.005385
v 0.031515 0.076573 -0.007735
v 0.030832 0.077143 -0.010104
v 0.032191 0.102320 -0.004053
v 0.032371 0.101750 -0.001705
v 0.033762 0.101123 0.000834
v 0.032381 0.074291 0.001678
v 0.034447 0.074887 -0.000860
v 0.028844 0.078283 -0.014841
v 0.027527 0.078853 -0.017223
v 0.025854 0.079423 -0.019592
v 0.022835 0.106881 -0.023064
v 0.025007 0.106311 -0.020660
v 0.026783 0.105741 -0.018268
v 0.022642 0.095765 0.023242
v 0.019863 0.095195 0.025675
v 0.016171 0.094625 0.028208
v 0.033704 0.099973 0.003924
v 0.031860 0.099508 0.006007
v 0.031220 0.099069 0.008729
v 0.030413 0.098575 0.011285
v 0.028918 0.071157 0.014711
v 0.029991 0.071727 0.012328
v 0.030871 0.072297 0.009974
v 0.031553 0.072867 0.007606
v 0.033024 0.075526 -0.003422
v 0.031773 0.076287 -0.006570
v 0.029422 0.098045 0.013677
v 0.028177 0.097475 0.016032
v 0.026687 0.096905 0.018408
v 0.024872 0.096335 0.020817
v 0.023944 0.069447 0.021866
v 0.025934 0.070017 0.019482
v 0.027591 0.070587 0.017111
v 0.032442 0.101439 -0.000416
v 0.034529 0.100711 0.001852
v 0.032001 0.073437 0.005232
v 0.032315 0.074007 0.002868
v 0.033453 0.074647 0.000129
v 0.034539 0.075158 -0.002049
v 0.013571 0.084687 0.029471
v 0.015857 0.080004 0.028281
v 0.017751 0.075513 0.027162
v 0.019123 0.071548 0.026190
v 0.008455 0.092697 0.031329
v 0.011070 0.088844 0.030549
v 0.015431 0.084659 -0.028515
v 0.017272 0.088623 -0.027495
v 0.021609 0.101955 -0.024161
v 0.022578 0.105895 -0.023294
v 0.018785 0.093115 -0.026421
v 0.020356 0.097798 -0.025283
v 0.014495 0.089223 0.029063
v 0.012841 0.093171 0.029773
v 0.021509 0.069032 0.024490
v 0.012515 0.094114 0.029919
v 0.015232 0.081562 -0.028685
v 0.023506 0.106735 -0.022464
v 0.016537 0.084517 -0.027927
v 0.018250 0.088481 -0.026900
v 0.022334 0.101810 -0.023578
v 0.023263 0.105750 -0.022695
v 0.019674 0.092972 -0.025829
v 0.021160 0.097654 -0.024689
v 0.015112 0.081524 -0.028489
v 0.023331 0.106707 -0.022313
v 0.023434 0.106724 -0.022401
v 0.015182 0.081546 -0.028604
v 0.015254 0.084887 0.028710
v 0.017331 0.080204 0.027504
v 0.019068 0.075714 0.026382
v 0.020345 0.071749 0.025414
v 0.012420 0.094154 0.029677
v 0.021349 0.069063 0.024324
v 0.021442 0.069045 0.024421
v 0.012476 0.094130 0.029798
vn 0.7548 -0.0047 -0.6559
vn 0.6812 -0.0046 -0.7321
vn 0.7106 0.0005 -0.7036
vn 0.7787 -0.0009 -0.6274
vn 0.5848 -0.0026 -0.8112
vn 0.6354 0.0023 -0.7722
vn 0.5977 -0.0010 -0.8017
vn 0.5424 -0.0056 -0.8401
vn 0.6616 -0.0330 -0.7491
vn 0.5740 -0.0282 -0.8184
vn 0.7219 -0.0071 -0.6920
vn 0.7589 -0.0023 -0.6513
vn 0.7411 0.0053 -0.6713
vn 0.7021 0.0023 -0.7121
vn 0.9632 -0.0155 0.2683
vn 0.9862 0.0059 0.1653
vn 0.9870 0.0023 0.1606
vn 0.9913 -0.0017 0.1317
vn 0.9816 -0.0017 0.1911
vn 0.9853 -0.0321 0.1677
vn 0.9934 -0.0359 0.1085
vn 0.9410 -0.0801 0.3289
vn -0.7742 -0.4169 0.4762
vn -0.7889 -0.4617 0.4056
vn -0.7891 -0.4612 0.4058
vn -0.7744 -0.4164 0.4763
vn -0.0161 -0.9802 -0.1974
vn -0.0187 -0.9794 -0.2013
vn -0.0163 -0.9802 -0.1971
vn 0.8199 -0.0930 0.5649
vn 0.7534 -0.1012 0.6497
vn 0.8596 -0.0614 0.5073
vn 0.8019 -0.0812 0.5919
vn 0.7972 -0.0246 -0.6032
vn 0.7374 -0.0305 -0.6748
vn 0.8136 -0.0002 -0.5814
vn 0.8341 -0.0027 -0.5516
vn 0.8774 -0.0003 -0.4797
vn 0.8602 0.0044 -0.5100
vn 0.9855 -0.0158 -0.1692
vn 0.7465 0.0651 -0.6622
vn 0.8197 0.0869 -0.5661
vn 1.0000 -0.0028 0.0069
vn 0.9315 0.0611 -0.3587
vn 0.9475 -0.0458 0.3164
vn 0.7857 -0.1381 0.6029
vn 0.8719 -0.1197 0.4748
vn 0.9129 0.0030 -0.4081
vn 0.9012 0.0006 -0.4335
vn 0.9014 0.0406 -0.4310
vn 0.7597 0.0909 -0.6438
vn 0.7688 0.0516 -0.6374
vn 0.9168 0.0017 -0.3993
vn 0.8478 -0.0254 -0.5297
vn 0.9899 0.0004 0.1421
vn 0.9384 -0.0295 0.3443
vn 0.9341 -0.0034 -0.3569
vn 0.9251 -0.0343 -0.3781
vn 0.8922 -0.0352 -0.4503
vn 0.9762 -0.0001 0.2169
vn 0.7967 0.0034 -0.6044
vn 0.8479 0.0007 -0.5301
vn 0.8273 -0.0024 -0.5618
vn 0.7713 -0.0021 -0.6364
vn 0.9935 0.0205 -0.1121
vn 0.8217 -0.0885 0.5631
vn 0.7401 -0.0946 0.6658
vn 0.9495 -0.0015 0.3138
vn 0.9597 0.0002 0.2810
vn 0.9747 -0.0011 0.2237
vn 0.9669 -0.0001 0.2550
vn 0.7932 -0.0025 0.6089
vn 0.8178 0.0011 0.5754
vn 0.8650 -0.0019 0.5018
vn 0.8458 0.0008 0.5334
vn 0.9116 -0.0033 0.4111
vn 0.8998 0.0008 0.4363
vn 0.8593 -0.0023 0.5115
vn 0.8766 0.0010 0.4813
vn 0.8891 -0.0252 0.4570
vn 0.9204 -0.0337 0.3896
vn 0.9433 0.0002 -0.3320
vn 0.9662 0.0025 0.2577
vn 0.9719 -0.0280 0.2336
vn 0.9429 0.0006 0.3331
vn 0.9330 0.0033 0.3598
vn 0.9857 0.0007 0.1685
vn 0.9815 -0.0000 0.1917
vn 0.8400 0.0020 0.5425
vn 0.7862 -0.0002 0.6180
vn 0.8121 0.0004 0.5836
vn 0.8039 0.0024 -0.5948
vn 0.8537 0.0017 -0.5208
vn 0.8947 -0.0010 -0.4467
vn 0.9944 0.0017 -0.1053
vn 0.9904 0.0017 -0.1380
vn 0.9805 0.0021 -0.1967
vn 0.9867 -0.0000 -0.1623
vn 0.9901 -0.0017 -0.1406
vn 0.9963 -0.0010 -0.0863
vn 0.7723 0.1006 -0.6272
vn 0.7963 0.0966 -0.5972
vn 0.9472 0.0418 -0.3179
vn 0.9294 0.0550 -0.3648
vn 0.9722 -0.0006 -0.2342
vn 0.9637 -0.0005 -0.2669
vn 0.9760 0.0015 -0.2180
vn 0.9108 0.0637 -0.4078
vn 0.7577 0.1014 -0.6446
vn 0.7870 0.1035 -0.6081
vn 0.7586 0.1049 -0.6431
vn 0.8649 0.0639 -0.4978
vn 0.8252 0.0877 -0.5579
vn 0.8897 0.0036 0.4565
vn 0.9044 -0.0002 0.4266
vn 0.9362 0.0023 0.3515
vn 0.9225 0.0004 0.3860
vn 0.8934 0.0695 -0.4438
vn 0.9737 -0.0367 0.2248
vn 0.9970 -0.0134 0.0766
vn 0.8361 0.0896 -0.5412
vn 0.9215 0.0535 -0.3847
vn 0.8790 0.0031 0.4769
vn 0.8346 0.0065 0.5509
vn 0.9782 0.0958 -0.1841
vn 0.9902 0.0904 -0.1068
vn 0.9954 0.0854 -0.0423
vn 0.9503 0.0024 -0.3113
vn 0.9402 -0.0005 -0.3406
vn 0.8882 0.1619 -0.4300
vn 0.7497 0.1861 -0.6351
vn 0.9550 -0.0478 0.2926
vn 0.9420 0.1218 -0.3126
vn 0.9348 0.0165 0.3548
vn 0.9132 -0.0028 0.4075
vn 0.7792 0.0021 0.6267
vn 0.9780 -0.0004 0.2088
vn 0.9619 0.0021 0.2732
vn 0.7316 -0.0028 0.6817
vn 0.6599 0.0023 0.7514
vn 0.6934 0.0019 0.7205
vn 0.7598 0.0029 0.6502
vn 0.8946 0.0877 0.4382
vn 0.8557 0.0889 0.5097
vn 0.9486 -0.0350 0.3144
vn 0.9874 0.0007 0.1583
vn 0.9790 0.0025 0.2040
vn 0.7532 -0.0897 0.6516
vn 0.7595 -0.0884 0.6445
vn 0.9443 0.0005 0.3291
vn 0.8111 0.0976 0.5767
vn 0.7542 0.1040 0.6484
vn 0.7137 -0.0022 0.7004
vn 0.6834 0.1084 0.7219
vn 0.9304 0.0945 0.3541
vn 0.6730 -0.0230 0.7393
vn 0.6499 0.0040 0.7600
vn 0.5364 -0.0362 0.8432
vn 0.5542 -0.0728 0.8292
vn 0.6667 -0.1143 0.7365
vn 0.7291 -0.1110 0.6754
vn 0.6325 -0.1102 0.7667
vn 0.7597 -0.0789 0.6454
vn 0.9865 0.0019 0.1638
vn 0.6352 0.0044 0.7724
vn 0.5192 -0.0006 0.8547
vn 0.5484 -0.0045 0.8362
vn 0.9812 0.0015 0.1929
vn 0.9484 0.0924 0.3033
vn 0.4480 0.0042 0.8940
vn 0.3796 0.0017 0.9252
vn 0.4192 -0.0204 0.9076
vn 0.5089 -0.0061 0.8608
vn 0.5986 -0.0320 0.8004
vn 0.7486 0.0147 0.6628
vn 0.9802 0.0886 0.1773
vn 0.9674 0.0881 0.2374
vn 0.6272 -0.0016 -0.7789
vn 0.5571 0.0187 -0.8302
vn 0.5930 0.0216 -0.8049
vn 0.6651 -0.0010 -0.7468
vn 0.8110 0.0015 -0.5850
vn 0.5902 -0.0066 0.8072
vn 0.5973 0.1136 0.7939
vn 0.4812 0.1035 0.8705
vn 0.3556 0.0109 0.9346
vn 0.4113 0.0103 0.9114
vn 0.3679 0.1194 0.9222
vn 0.3119 0.1417 0.9395
vn 0.9670 -0.0302 -0.2530
vn 0.9492 -0.0284 -0.3133
vn 0.9573 0.0009 -0.2893
vn 0.9729 0.0028 -0.2313
vn 0.8586 0.0050 -0.5126
vn 0.6480 0.0135 -0.7615
vn 0.1369 0.7267 -0.6732
vn 0.7447 0.0777 -0.6629
vn 0.7427 0.0001 -0.6696
vn 0.6739 0.0010 -0.7388
vn 0.9239 0.0001 -0.3827
vn 0.9328 -0.0029 -0.3604
vn 0.9563 0.0018 -0.2924
vn 0.9091 0.0022 -0.4165
vn 0.8725 0.0004 -0.4886
vn 0.8909 -0.0024 -0.4542
vn 0.7085 0.0013 -0.7057
vn 0.6284 0.0248 -0.7775
vn 0.7803 0.0835 -0.6198
vn 0.8302 0.0880 -0.5505
vn 0.8722 0.0970 -0.4794
vn 0.9001 0.0002 -0.4358
vn 0.9276 -0.0006 -0.3736
vn 0.9571 -0.0002 0.2897
vn -0.8059 -0.5617 0.1871
vn -0.8374 -0.5251 0.1518
vn -0.8899 -0.3949 0.2283
vn -0.7950 -0.5614 0.2296
vn 0.9094 0.0976 -0.4043
vn 0.9421 0.0895 -0.3231
vn 0.9631 0.0920 -0.2528
vn -0.4124 -0.8921 0.1847
vn -0.0139 -0.9849 -0.1727
vn 0.9665 -0.0017 -0.2568
vn 0.9790 0.0001 -0.2036
vn 0.9702 0.0097 -0.2421
vn 0.9804 -0.0020 -0.1971
vn -0.7372 -0.4496 0.5044
vn -0.7350 -0.4535 0.5040
vn -0.4402 -0.8725 0.2121
vn 0.9692 0.0019 0.2464
vn 0.9469 -0.0003 0.3217
vn 0.9186 -0.0004 0.3951
vn 0.8841 0.0026 0.4673
vn 0.9819 -0.0326 -0.1864
vn 0.8331 0.0049 0.5531
vn 0.8460 -0.0279 0.5324
vn 0.7762 0.0020 0.6305
vn 0.7522 0.0034 0.6589
vn 0.6720 0.0053 0.7406
vn 0.7049 0.0037 0.7093
vn 0.9534 0.0023 -0.3016
vn 0.9742 -0.0000 -0.2256
vn 0.9853 -0.0015 -0.1708
vn 0.9579 0.0287 -0.2857
vn 0.6133 0.0048 0.7898
vn 0.5060 -0.0262 0.8622
vn 0.6306 -0.0013 0.7761
vn 0.7226 -0.0011 0.6912
vn 0.7909 -0.0375 0.6108
vn 0.5172 0.0150 -0.8557
vn -0.8022 -0.5160 0.3004
vn -0.7956 -0.5132 0.3220
vn 0.7260 -0.0299 0.6870
vn -0.0202 0.9798 0.1987
vn -0.0233 0.9783 0.2057
vn -0.0204 0.9798 0.1990
vn -0.0321 0.9804 0.1945
vn -0.0288 0.9792 0.2008
vn 0.5645 0.0003 0.8254
vn 0.4634 -0.0233 0.8858
vn -0.0212 -0.9781 -0.2070
vn -0.0213 -0.9770 -0.2120
vn -0.0213 -0.9770 -0.2124
vn -0.0212 -0.9782 -0.2067
vn 0.0229 0.9772 0.2111
vn -0.4209 0.8559 -0.3003
vn -0.4396 0.8376 -0.3243
vn 0.0229 0.9772 0.2112
vn 0.0172 0.9739 0.2261
vn 0.0193 0.9747 0.2227
vn 0.0194 0.9747 0.2228
vn 0.0172 0.9739 0.2262
vn 0.0152 0.9733 0.2289
vn 0.0152 0.9733 0.2290
vn 0.0125 0.9728 0.2314
vn 0.0092 0.9725 0.2326
vn 0.0091 0.9725 0.2327
vn -0.0404 0.9628 0.2670
vn -0.0112 0.9469 0.3215
vn -0.0125 0.9461 0.3235
vn -0.0409 0.9627 0.2676
vn -0.0100 0.9792 0.2027
vn -0.0097 0.9793 0.2023
vn 0.0175 0.9899 0.1406
vn 0.0172 0.9898 0.1412
vn 0.0051 0.9871 0.1602
vn 0.0051 0.9871 0.1601
vn -0.0002 0.9826 0.1856
vn -0.0058 0.9796 0.2009
vn 0.0165 -0.9736 -0.2275
vn 0.0183 -0.9746 -0.2232
vn 0.0165 -0.9736 -0.2276
vn 0.0138 -0.9730 -0.2303
vn 0.0109 -0.9728 -0.2312
vn 0.0109 -0.9728 -0.2313
vn -0.0382 -0.9684 -0.2464
vn -0.0319 -0.9696 -0.2427
vn -0.0329 -0.9693 -0.2436
vn -0.0379 -0.9685 -0.2462
vn -0.0141 -0.9732 -0.2297
vn -0.0141 -0.9732 -0.2295
vn -0.0112 -0.9723 -0.2335
vn -0.0112 -0.9723 -0.2334
vn -0.0115 -0.9724 -0.2331
vn -0.0136 -0.9731 -0.2298
vn -0.0136 -0.9731 -0.2299
vn -0.0164 -0.9737 -0.2275
vn -0.0164 -0.9736 -0.2275
vn -0.0145 0.9756 0.2190
vn -0.0199 0.9745 0.2233
vn -0.0200 0.9745 0.2234
vn -0.0216 0.9758 0.2175
vn -0.0217 0.9758 0.2176
vn -0.0228 0.9771 0.2114
vn -0.0228 0.9771 0.2115
vn -0.0546 0.9820 0.1806
vn -0.0440 0.9774 0.2067
vn 0.0212 -0.9758 -0.2178
vn 0.0015 -0.9814 -0.1919
vn 0.0027 -0.9811 -0.1934
vn 0.0211 -0.9758 -0.2178
vn 0.0199 -0.9752 -0.2206
vn 0.0064 0.9722 0.2342
vn 0.0056 0.9720 0.2348
vn 0.0087 0.9722 0.2341
vn 0.0086 0.9722 0.2340
vn 0.0421 0.9588 0.2809
vn 0.0429 0.9584 0.2821
vn 0.0425 0.9365 0.3481
vn 0.0419 0.9346 0.3532
vn 0.0077 -0.9725 -0.2327
vn 0.0077 -0.9725 -0.2328
vn 0.0055 -0.9725 -0.2327
vn 0.0056 -0.9725 -0.2327
vn 0.0042 -0.9739 -0.2267
vn 0.0041 -0.9740 -0.2267
vn 0.0053 -0.9742 -0.2255
vn 0.0052 -0.9742 -0.2256
vn 0.0033 -0.9742 -0.2257
vn 0.0033 -0.9742 -0.2259
vn -0.0023 -0.9752 -0.2212
vn -0.0023 -0.9752 -0.2213
vn -0.0184 -0.9743 -0.2243
vn -0.0184 -0.9743 -0.2244
vn -0.0197 -0.9750 -0.2215
vn -0.0197 -0.9749 -0.2216
vn -0.0207 -0.9758 -0.2176
vn -0.0207 -0.9758 -0.2177
vn 0.5168 -0.0297 -0.8556
vn -0.7291 -0.4514 -0.5145
vn 0.4551 -0.0110 -0.8904
vn 0.0213 0.9756 0.2184
vn 0.0222 0.9765 0.2142
vn 0.0222 0.9766 0.2140
vn 0.0215 0.9756 0.2185
vn -0.7589 0.3820 -0.5274
vn -0.7772 0.4239 -0.4650
vn -0.7774 0.4234 -0.4652
vn -0.7590 0.3815 -0.5277
vn -0.7842 0.4731 -0.4014
vn -0.7844 0.4726 -0.4016
vn -0.6844 -0.5281 -0.5028
vn -0.2681 0.9393 0.2139
vn -0.6862 0.6398 0.3462
vn -0.6905 0.3163 -0.6505
vn -0.7059 0.3455 -0.6183
vn -0.7060 0.3451 -0.6184
vn -0.6830 0.3197 -0.6567
vn -0.7292 0.3790 -0.5698
vn -0.7293 0.3785 -0.5700
vn 0.4781 0.0114 -0.8782
vn -0.0118 -0.9846 -0.1744
vt 0.606969 0.103586
vt 0.592445 0.104023
vt 0.595253 0.086136
vt 0.609201 0.085813
vt 0.566925 0.087565
vt 0.579870 0.086753
vt 0.576062 0.104842
vt 0.561909 0.105901
vt 0.590466 0.117334
vt 0.573409 0.118292
vt 0.579731 0.009529
vt 0.590061 0.009231
vt 0.588291 0.026811
vt 0.577717 0.027152
vt 0.726912 0.105548
vt 0.727985 0.088616
vt 0.733158 0.088692
vt 0.732144 0.105753
vt 0.742776 0.106192
vt 0.742127 0.119196
vt 0.731618 0.118735
vt 0.726482 0.118536
vt 0.683796 0.126525
vt 0.696582 0.126525
vt 0.696582 0.124532
vt 0.683796 0.124532
vt 0.876331 0.045609
vt 0.876331 0.051949
vt 0.877953 0.051949
vt 0.877953 0.045612
vt 0.713385 0.105396
vt 0.715307 0.089020
vt 0.722774 0.088732
vt 0.719764 0.105423
vt 0.619116 0.116546
vt 0.605457 0.116802
vt 0.620290 0.103398
vt 0.621994 0.085726
vt 0.634036 0.085795
vt 0.632788 0.103381
vt 0.706717 0.118289
vt 0.700322 0.118312
vt 0.702540 0.105252
vt 0.707546 0.105323
vt 0.704122 0.089519
vt 0.708919 0.089299
vt 0.718437 0.118415
vt 0.712234 0.118364
vt 0.645701 0.085944
vt 0.644678 0.103488
vt 0.688602 0.105034
vt 0.697602 0.105233
vt 0.697234 0.118216
vt 0.687693 0.117878
vt 0.631808 0.116491
vt 0.729298 0.069231
vt 0.724380 0.069894
vt 0.655993 0.103722
vt 0.655217 0.116787
vt 0.643752 0.116584
vt 0.743802 0.088846
vt 0.601772 0.026562
vt 0.614274 0.026510
vt 0.612731 0.044991
vt 0.599786 0.045126
vt 0.705570 0.071948
vt 0.711356 0.071341
vt 0.718080 0.070554
vt 0.747400 0.030356
vt 0.746140 0.048294
vt 0.735509 0.048453
vt 0.736334 0.030925
vt 0.794737 0.030995
vt 0.792634 0.049497
vt 0.780290 0.049310
vt 0.782014 0.030875
vt 0.775620 0.107454
vt 0.776946 0.089930
vt 0.788757 0.090206
vt 0.787183 0.107772
vt 0.786132 0.120840
vt 0.774662 0.120504
vt 0.657015 0.086192
vt 0.753480 0.106650
vt 0.752762 0.119662
vt 0.764433 0.107071
vt 0.765536 0.089583
vt 0.730276 0.048752
vt 0.730646 0.031287
vt 0.790606 0.070287
vt 0.803419 0.070381
vt 0.801139 0.090377
vt 0.610910 0.065835
vt 0.623512 0.065779
vt 0.635424 0.065863
vt 0.680680 0.027950
vt 0.680449 0.047383
vt 0.669617 0.046055
vt 0.670267 0.027519
vt 0.670874 0.010117
vt 0.681301 0.010438
vt 0.694302 0.029093
vt 0.694496 0.048990
vt 0.686038 0.048191
vt 0.686426 0.028500
vt 0.659658 0.027207
vt 0.658862 0.045584
vt 0.660262 0.009827
vt 0.686858 0.010677
vt 0.694322 0.010945
vt 0.699376 0.071646
vt 0.698447 0.089487
vt 0.691515 0.089459
vt 0.693655 0.071540
vt 0.769940 0.030630
vt 0.768523 0.049013
vt 0.757129 0.048643
vt 0.758442 0.030309
vt 0.700532 0.030329
vt 0.706335 0.031657
vt 0.705754 0.050913
vt 0.700003 0.049895
vt 0.700166 0.011875
vt 0.771437 0.013180
vt 0.783687 0.013398
vt 0.660413 0.005486
vt 0.671019 0.005774
vt 0.681414 0.006100
vt 0.648771 0.026946
vt 0.647957 0.045312
vt 0.686957 0.006256
vt 0.694734 0.006417
vt 0.705839 0.012847
vt 0.700540 0.007261
vt 0.705617 0.008126
vt 0.759792 0.012852
vt 0.796793 0.013449
vt 0.730802 0.013101
vt 0.736936 0.012950
vt 0.808380 0.030940
vt 0.823435 0.030618
vt 0.820315 0.049308
vt 0.805865 0.049518
vt 0.760133 0.008488
vt 0.771831 0.008815
vt 0.763611 0.120097
vt 0.725313 0.031898
vt 0.725181 0.049570
vt 0.720523 0.050352
vt 0.720193 0.032517
vt 0.748504 0.012746
vt 0.784120 0.009026
vt 0.797301 0.009064
vt 0.811011 0.013289
vt 0.811655 0.008878
vt 0.748777 0.008272
vt 0.839946 0.119999
vt 0.844073 0.107396
vt 0.850056 0.107220
vt 0.845190 0.119617
vt 0.712144 0.032142
vt 0.712149 0.050713
vt 0.711924 0.013315
vt 0.719444 0.013677
vt 0.725003 0.013391
vt 0.826850 0.012820
vt 0.845386 0.011841
vt 0.840730 0.029874
vt 0.734422 0.069116
vt 0.737074 0.008261
vt 0.859425 0.028409
vt 0.875197 0.027219
vt 0.866962 0.046852
vt 0.859295 0.047334
vt 0.711577 0.008517
vt 0.719195 0.008801
vt 0.724886 0.008557
vt 0.730908 0.008293
vt 0.570596 0.067203
vt 0.565991 0.067448
vt 0.570160 0.046148
vt 0.574466 0.045962
vt 0.603173 0.009059
vt 0.836551 0.048763
vt 0.827686 0.008374
vt 0.846648 0.007312
vt 0.883631 0.008824
vt 0.863973 0.010346
vt 0.864729 0.006098
vt 0.883851 0.004873
vt 0.677199 0.117437
vt 0.666344 0.117075
vt 0.667013 0.104035
vt 0.677842 0.104550
vt 0.615497 0.009042
vt 0.575801 0.009642
vt 0.576404 0.005216
vt 0.580291 0.005111
vt 0.597430 0.066069
vt 0.582697 0.066559
vt 0.637650 0.026728
vt 0.638576 0.009304
vt 0.649518 0.009550
vt 0.636655 0.045117
vt 0.624952 0.045002
vt 0.626207 0.026571
vt 0.585783 0.045474
vt 0.573694 0.027282
vt 0.590506 0.004836
vt 0.603524 0.004683
vt 0.615792 0.004677
vt 0.627282 0.009127
vt 0.646828 0.066053
vt 0.754542 0.089170
vt 0.722617 0.126525
vt 0.734337 0.126525
vt 0.734337 0.124532
vt 0.722617 0.124532
vt 0.627524 0.004773
vt 0.638803 0.004951
vt 0.649704 0.005205
vt 0.875179 0.196516
vt 0.876331 0.196516
vt 0.876331 0.192707
vt 0.875179 0.192709
vt 0.668030 0.087126
vt 0.678996 0.088481
vt 0.684601 0.088952
vt 0.683287 0.104790
vt 0.663898 0.126525
vt 0.672487 0.126525
vt 0.672487 0.124532
vt 0.663898 0.124532
vt 0.744883 0.069083
vt 0.755798 0.069346
vt 0.766937 0.069735
vt 0.778474 0.070066
vt 0.682474 0.117659
vt 0.799367 0.107979
vt 0.798154 0.121077
vt 0.812307 0.108043
vt 0.814402 0.090385
vt 0.828921 0.090160
vt 0.826283 0.107918
vt 0.657942 0.066387
vt 0.669051 0.067670
vt 0.680060 0.069596
vt 0.685804 0.070491
vt 0.847707 0.089454
vt 0.854026 0.089216
vt 0.832468 0.069933
vt 0.817206 0.070294
vt 0.810807 0.121191
vt 0.562000 0.087873
vt 0.710368 0.126525
vt 0.710368 0.124532
vt 0.824357 0.121144
vt 0.928002 0.032756
vt 0.928002 0.041541
vt 0.929419 0.041541
vt 0.929419 0.032756
vt 0.928002 0.022838
vt 0.929419 0.022838
vt 0.852904 0.068921
vt 0.859767 0.068585
vt 0.876331 0.059530
vt 0.876331 0.066431
vt 0.877953 0.066431
vt 0.877953 0.059530
vt 0.928002 0.185680
vt 0.928002 0.188572
vt 0.929419 0.188572
vt 0.929419 0.185676
vt 0.928002 0.152978
vt 0.928002 0.160706
vt 0.929419 0.160706
vt 0.929419 0.152978
vt 0.928002 0.145665
vt 0.929419 0.145665
vt 0.928002 0.138657
vt 0.929419 0.138657
vt 0.928002 0.131856
vt 0.929419 0.131856
vt 0.928002 0.099972
vt 0.928002 0.103524
vt 0.929419 0.103524
vt 0.929419 0.099972
vt 0.928002 0.095785
vt 0.929419 0.095785
vt 0.928002 0.092117
vt 0.929419 0.092117
vt 0.928002 0.088207
vt 0.929419 0.088207
vt 0.928002 0.084784
vt 0.929419 0.084784
vt 0.928002 0.078043
vt 0.929419 0.078043
vt 0.876331 0.152745
vt 0.876331 0.159052
vt 0.877953 0.159052
vt 0.877953 0.152745
vt 0.876331 0.146753
vt 0.877953 0.146753
vt 0.876331 0.140974
vt 0.877953 0.140974
vt 0.876331 0.111623
vt 0.876331 0.114107
vt 0.877953 0.114107
vt 0.877953 0.111623
vt 0.876331 0.107954
vt 0.877953 0.107954
vt 0.876331 0.104383
vt 0.877953 0.104383
vt 0.876331 0.101535
vt 0.877953 0.101535
vt 0.876331 0.096050
vt 0.877953 0.096050
vt 0.876331 0.090484
vt 0.877953 0.090484
vt 0.928002 0.071299
vt 0.929419 0.071299
vt 0.928002 0.064368
vt 0.929419 0.064368
vt 0.928002 0.057182
vt 0.929419 0.057182
vt 0.928002 0.049616
vt 0.929419 0.049616
vt 0.928686 0.013958
vt 0.930096 0.013989
vt 0.876331 0.173110
vt 0.876331 0.181378
vt 0.877953 0.181378
vt 0.877953 0.173110
vt 0.876331 0.165785
vt 0.877953 0.165785
vt 0.928002 0.125180
vt 0.929419 0.125180
vt 0.928002 0.118603
vt 0.929419 0.118603
vt 0.928002 0.115186
vt 0.929419 0.115186
vt 0.928002 0.110903
vt 0.929419 0.110903
vt 0.928002 0.106502
vt 0.929419 0.106502
vt 0.876331 0.135352
vt 0.877953 0.135352
vt 0.876331 0.129731
vt 0.877953 0.129731
vt 0.876331 0.126877
vt 0.877953 0.126877
vt 0.876331 0.123617
vt 0.877953 0.123617
vt 0.876331 0.120559
vt 0.877953 0.120559
vt 0.876331 0.117068
vt 0.877953 0.117068
vt 0.876331 0.084815
vt 0.877953 0.084815
vt 0.876331 0.078971
vt 0.877953 0.078971
vt 0.876331 0.072873
vt 0.877953 0.072873
vt 0.875179 0.045608
vt 0.876331 0.043197
vt 0.875179 0.043197
vt 0.928002 0.168982
vt 0.928002 0.178076
vt 0.929419 0.178076
vt 0.929419 0.168982
vt 0.867476 0.107668
vt 0.867476 0.119870
vt 0.869503 0.119870
vt 0.869503 0.107668
vt 0.867476 0.130662
vt 0.869503 0.130662
vt 0.867476 0.138859
vt 0.869503 0.138859
vt 0.737226 0.126525
vt 0.737226 0.124532
vt 0.867476 0.071637
vt 0.867476 0.082822
vt 0.869503 0.082822
vt 0.869503 0.071637
vt 0.867476 0.094512
vt 0.869503 0.094512
vt 0.683796 0.127942
vt 0.672487 0.127942
vt 0.663898 0.127942
vt 0.734337 0.127942
vt 0.722617 0.127942
vt 0.867476 0.068881
vt 0.869503 0.068881
vt 0.710368 0.127942
vt 0.696582 0.127942
vt 0.866036 0.107668
vt 0.866036 0.094512
vt 0.866036 0.068881
vt 0.866036 0.071637
vt 0.866036 0.082822
vt 0.737226 0.127942
vt 0.866036 0.138859
vt 0.866036 0.130662
vt 0.866036 0.119870
vt 0.926996 0.160706
vt 0.926996 0.168982
vt 0.926996 0.178076
vt 0.875179 0.066431
vt 0.875179 0.072873
vt 0.875179 0.078971
vt 0.875179 0.084815
vt 0.875179 0.090484
vt 0.875179 0.114107
vt 0.875179 0.117068
vt 0.875179 0.120559
vt 0.875179 0.123617
vt 0.875179 0.126877
vt 0.875179 0.129731
vt 0.875179 0.135352
vt 0.875179 0.140974
vt 0.926996 0.103524
vt 0.926996 0.106502
vt 0.926996 0.110903
vt 0.926996 0.115186
vt 0.926996 0.118603
vt 0.926996 0.125180
vt 0.926996 0.131856
vt 0.875179 0.159052
vt 0.875179 0.165785
vt 0.875179 0.173110
vt 0.875179 0.181378
vt 0.926996 0.041541
vt 0.926996 0.049617
vt 0.926996 0.057182
vt 0.926996 0.064368
vt 0.926996 0.071299
vt 0.926996 0.078043
vt 0.875179 0.096050
vt 0.875179 0.101535
vt 0.875179 0.104383
vt 0.875179 0.107954
vt 0.875179 0.111623
vt 0.875179 0.146753
vt 0.875179 0.152745
vt 0.926996 0.084784
vt 0.926996 0.088207
vt 0.926996 0.092117
vt 0.926996 0.095785
vt 0.926996 0.099972
vt 0.926996 0.138657
vt 0.926996 0.145665
vt 0.926996 0.152978
vt 0.926996 0.185681
vt 0.875179 0.051949
vt 0.875179 0.059530
vt 0.877953 0.196516
vt 0.877953 0.192702
vt 0.926996 0.022839
vt 0.926996 0.032756
vt 0.558087 0.119587
vt 0.552257 0.120080
vt 0.556524 0.106303
vt 0.927694 0.013929
vt 0.928002 0.004682
vt 0.926996 0.004682
vt 0.926996 0.188572
vt 0.877953 0.043197
vt 0.929419 0.004682
s 1
usemtl lubricant_spray
f 256/285/61 265/286/62 270/287/63 255/288/64
f 552/289/65 269/290/66 266/291/67 551/292/68
f 266/291/67 265/286/62 193/293/69 194/294/70
f 554/295/71 295/296/72 292/297/73 553/298/74
f 271/299/75 274/300/76 336/301/77 331/302/78
f 331/302/78 338/303/79 237/304/80 238/305/81
f 238/305/81 207/306/82 271/299/75 331/302/78
f 535/307/83 534/308/84 466/309/85 467/310/86
f 560/311/87 486/312/88 418/313/88 557/314/89
f 272/315/90 273/316/91 335/317/92 332/318/93
f 211/319/94 191/320/95 256/285/61 277/321/96
f 277/321/96 278/322/97 279/323/98 276/324/99
f 240/325/100 190/326/101 259/327/102 333/328/103
f 259/327/102 260/329/104 334/330/105 333/328/103
f 207/306/82 239/331/106 332/318/93 271/299/75
f 240/325/100 333/328/103 272/315/90 208/332/107
f 332/318/93 335/317/92 274/300/76 271/299/75
f 276/324/99 279/323/98 280/333/108 275/334/109
f 239/331/106 208/332/107 272/315/90 332/318/93
f 333/328/103 334/330/105 273/316/91 272/315/90
f 303/335/110 376/336/111 226/337/112 201/338/113
f 210/339/114 211/319/94 277/321/96 276/324/99
f 310/340/115 274/300/76 335/317/92 377/341/116
f 275/334/109 263/342/117 188/343/118 209/344/119
f 331/302/78 336/301/77 337/345/120 338/303/79
f 291/346/121 254/347/122 246/348/123 330/349/124
f 241/350/125 384/351/126 334/330/105 260/329/104
f 384/351/126 309/352/127 273/316/91 334/330/105
f 358/353/128 382/354/129 381/355/130 351/356/131
f 377/341/116 335/317/92 273/316/91 309/352/127
f 350/357/132 396/358/133 395/359/134 343/360/135
f 365/361/136 370/362/137 371/363/138 372/364/139
f 255/288/64 278/322/97 277/321/96 256/285/61
f 222/365/140 223/366/141 365/361/136 372/364/139
f 263/342/117 275/334/109 280/333/108 264/367/142
f 209/344/119 210/339/114 276/324/99 275/334/109
f 237/304/80 338/303/79 367/368/143 225/369/144
f 366/370/145 369/371/146 370/362/137 365/361/136
f 351/356/131 381/355/130 312/372/147 287/373/148
f 397/374/149 390/375/150 406/376/151 371/363/138
f 245/377/152 313/378/153 278/322/97 255/288/64
f 314/379/154 279/323/98 278/322/97 313/378/153
f 282/380/155 323/381/156 322/382/157 283/383/158
f 283/383/158 284/384/159 285/385/160 282/380/155
f 281/386/161 324/387/162 400/388/163 339/389/164
f 262/390/165 283/383/158 322/382/157 247/391/166
f 261/392/167 284/384/159 283/383/158 262/390/165
f 339/389/164 340/393/168 286/394/169 281/386/161
f 402/395/170 375/396/171 308/397/172 321/398/173
f 339/389/164 400/388/163 323/381/156 282/380/155
f 344/399/174 394/400/175 393/401/176 345/402/177
f 342/403/178 257/404/179 242/405/180 401/406/181
f 342/403/178 281/386/161 286/394/169 341/407/182
f 344/399/174 347/408/183 348/409/184 343/360/135
f 284/384/159 261/392/167 187/410/185 204/411/186
f 285/385/160 284/384/159 204/411/186 205/412/187
f 297/413/188 262/390/165 247/391/166 318/414/189
f 340/393/168 285/385/160 205/412/187 235/415/190
f 286/394/169 340/393/168 235/415/190 206/416/191
f 257/404/179 342/403/178 341/407/182 258/417/192
f 341/407/182 286/394/169 206/416/191 236/418/193
f 258/417/192 341/407/182 236/418/193 189/419/194
f 343/360/135 395/359/134 394/400/175 344/399/174
f 345/402/177 346/420/195 347/408/183 344/399/174
f 343/360/135 348/409/184 349/421/196 350/357/132
f 287/373/148 290/422/197 356/423/198 351/356/131
f 358/353/128 345/402/177 393/401/176 382/354/129
f 361/424/199 360/425/200 388/426/201 387/427/202
f 347/408/183 346/420/195 228/428/203 229/429/204
f 224/430/205 225/369/144 367/368/143 366/370/145
f 352/431/206 380/432/207 311/433/208 288/434/209
f 357/435/210 346/420/195 345/402/177 358/353/128
f 348/409/184 347/408/183 229/429/204 230/436/211
f 349/421/196 348/409/184 230/436/211 231/437/212
f 350/357/132 361/424/199 387/427/202 396/358/133
f 362/438/213 349/421/196 231/437/212 215/439/214
f 346/420/195 357/435/210 221/440/215 228/428/203
f 547/441/216 564/442/217 250/443/218 186/444/219
f 353/445/220 379/446/221 242/405/180 257/404/179
f 257/404/179 258/417/192 354/447/222 353/445/220
f 287/373/148 312/372/147 380/432/207 352/431/206
f 288/434/209 289/448/223 355/449/224 352/431/206
f 352/431/206 355/449/224 290/422/197 287/373/148
f 360/425/200 363/450/225 364/451/226 359/452/227
f 378/453/228 336/301/77 274/300/76 310/340/115
f 353/445/220 288/434/209 311/433/208 379/446/221
f 357/435/210 356/423/198 220/454/229 221/440/215
f 545/455/230 252/456/231 243/457/232 561/458/233
f 353/445/220 354/447/222 289/448/223 288/434/209
f 351/356/131 356/423/198 357/435/210 358/353/128
f 354/447/222 258/417/192 189/419/194 218/459/234
f 289/448/223 354/447/222 218/459/234 199/460/235
f 355/449/224 289/448/223 199/460/235 219/461/236
f 290/422/197 355/449/224 219/461/236 200/462/237
f 555/463/238 325/464/239 328/465/240 556/466/241
f 356/423/198 290/422/197 200/462/237 220/454/229
f 349/421/196 362/438/213 361/424/199 350/357/132
f 361/424/199 362/438/213 363/450/225 360/425/200
f 292/297/73 295/296/72 296/467/242 291/346/121
f 359/452/227 389/468/243 388/426/201 360/425/200
f 363/450/225 362/438/213 215/439/214 216/469/244
f 364/451/226 363/450/225 216/469/244 217/470/245
f 251/471/246 546/472/247 548/473/248 185/474/249
f 202/475/250 203/476/251 305/477/252 304/478/253
f 254/347/122 291/346/121 296/467/242 253/479/254
f 554/295/71 294/480/255 212/481/256 550/482/257
f 327/483/258 270/287/63 269/290/66 326/484/259
f 298/485/260 301/486/261 302/487/262 297/413/188
f 298/485/260 317/488/263 316/489/264 299/490/265
f 291/346/121 330/349/124 329/491/266 292/297/73
f 553/298/74 556/466/241 328/465/240 293/492/267
f 296/467/242 295/296/72 213/493/268 214/494/269
f 253/479/254 296/467/242 214/494/269 192/495/270
f 299/490/265 316/489/264 246/348/123 254/347/122
f 253/479/254 300/496/271 299/490/265 254/347/122
f 299/490/265 300/496/271 301/486/261 298/485/260
f 310/340/115 377/341/116 380/432/207 312/372/147
f 315/497/272 280/333/108 279/323/98 314/379/154
f 367/368/143 338/303/79 337/345/120 368/498/273
f 297/413/188 318/414/189 317/488/263 298/485/260
f 262/390/165 297/413/188 302/487/262 261/392/167
f 538/499/274 537/500/275 469/501/276 470/502/277
f 300/496/271 253/479/254 192/495/270 196/503/278
f 301/486/261 300/496/271 196/503/278 197/504/279
f 302/487/262 301/486/261 197/504/279 198/505/280
f 261/392/167 302/487/262 198/505/280 187/410/185
f 186/506/219 478/507/281 567/508/282 547/509/216
f 305/477/252 306/510/283 307/511/284 304/478/253
f 223/366/141 224/430/205 366/370/145 365/361/136
f 367/368/143 368/498/273 369/371/146 366/370/145
f 304/478/253 307/511/284 374/512/285 373/513/286
f 478/514/281 536/515/287 468/516/288 410/517/289
f 402/395/170 241/350/125 260/329/104 375/396/171
f 383/518/290 398/519/291 368/498/273 337/345/120
f 391/520/292 369/371/146 368/498/273 398/519/291
f 309/352/127 384/351/126 379/446/221 311/433/208
f 392/521/293 370/362/137 369/371/146 391/520/292
f 397/374/149 371/363/138 370/362/137 392/521/293
f 546/472/247 251/471/246 252/456/231 545/455/230
f 201/338/113 227/522/294 373/513/286 303/335/110
f 203/476/251 188/343/118 263/342/117 305/477/252
f 263/342/117 264/367/142 306/510/283 305/477/252
f 373/513/286 374/512/285 308/397/172 303/335/110
f 376/336/111 303/335/110 308/397/172 375/396/171
f 227/522/294 202/475/250 304/478/253 373/513/286
f 226/337/112 376/336/111 259/327/102 190/326/101
f 222/365/140 372/364/139 405/523/295 234/524/296
f 404/525/297 407/526/298 408/527/299 403/528/300
f 270/287/63 327/483/258 245/377/152 255/288/64
f 247/391/166 248/529/301 315/497/272 318/414/189
f 248/529/301 319/530/302 306/510/283 264/367/142
f 320/531/303 307/511/284 306/510/283 319/530/302
f 259/327/102 376/336/111 375/396/171 260/329/104
f 399/532/304 374/512/285 307/511/284 320/531/303
f 321/398/173 308/397/172 374/512/285 399/532/304
f 378/453/228 310/340/115 312/372/147 381/355/130
f 377/341/116 309/352/127 311/433/208 380/432/207
f 381/355/130 382/354/129 383/518/290 378/453/228
f 563/533/305 249/534/306 250/443/218 564/442/217
f 379/446/221 384/351/126 241/350/125 242/405/180
f 398/519/291 383/518/290 382/354/129 393/401/176
f 315/497/272 314/379/154 317/488/263 318/414/189
f 386/535/307 385/536/308 388/426/201 389/468/243
f 314/379/154 313/378/153 316/489/264 317/488/263
f 407/526/298 406/376/151 390/375/150 385/536/308
f 248/529/301 264/367/142 280/333/108 315/497/272
f 233/537/309 234/524/296 405/523/295 404/525/297
f 385/536/308 390/375/150 387/427/202 388/426/201
f 408/527/299 407/526/298 385/536/308 386/535/307
f 321/398/173 399/532/304 400/388/163 324/387/162
f 391/520/292 398/519/291 393/401/176 394/400/175
f 245/377/152 246/348/123 316/489/264 313/378/153
f 387/427/202 390/375/150 397/374/149 396/358/133
f 392/521/293 391/520/292 394/400/175 395/359/134
f 241/350/125 402/395/170 401/406/181 242/405/180
f 320/531/303 319/530/302 322/382/157 323/381/156
f 395/359/134 396/358/133 397/374/149 392/521/293
f 399/532/304 320/531/303 323/381/156 400/388/163
f 401/406/181 402/395/170 321/398/173 324/387/162
f 327/483/258 326/484/259 329/491/266 330/349/124
f 247/391/166 322/382/157 319/530/302 248/529/301
f 555/463/238 552/289/65 268/538/310 325/464/239
f 245/377/152 327/483/258 330/349/124 246/348/123
f 534/308/84 533/539/311 465/540/312 466/309/85
f 405/523/295 372/364/139 371/363/138 406/376/151
f 405/523/295 406/376/151 407/526/298 404/525/297
f 536/515/287 535/307/83 467/310/86 468/516/288
f 232/541/313 233/537/309 404/525/297 403/528/300
f 508/542/314 507/543/315 439/544/315 440/545/316
f 509/546/317 508/542/314 440/545/316 441/547/318
f 563/533/305 562/548/319 244/549/320 249/534/306
f 485/550/321 483/551/322 415/552/323 417/553/324
f 486/312/88 485/550/321 417/553/324 418/313/88
f 559/554/325 504/555/326 436/556/327 558/557/328
f 488/558/329 484/559/330 416/560/331 420/561/332
f 489/562/333 488/558/329 420/561/332 421/563/334
f 490/564/335 489/562/333 421/563/334 422/565/335
f 479/566/336 490/564/335 422/565/335 411/567/337
f 510/568/338 481/569/339 413/570/340 442/571/341
f 491/572/342 510/568/338 442/571/341 423/573/343
f 511/574/344 491/572/342 423/573/343 443/575/345
f 492/576/346 511/574/344 443/575/345 424/577/347
f 512/578/348 492/576/346 424/577/347 444/579/348
f 513/580/349 512/578/348 444/579/348 445/581/349
f 515/582/350 514/583/351 446/584/351 447/585/352
f 516/586/353 515/582/350 447/585/352 448/587/353
f 517/588/354 516/586/353 448/587/353 449/589/355
f 518/590/356 482/591/357 414/592/358 450/593/359
f 493/594/360 518/590/356 450/593/359 425/595/361
f 519/596/362 493/594/360 425/595/361 451/597/363
f 494/598/364 519/596/362 451/597/363 426/599/364
f 495/600/365 494/598/364 426/599/364 427/601/366
f 480/602/367 495/600/365 427/601/366 412/603/368
f 520/604/369 513/580/349 445/581/349 452/605/369
f 521/606/370 520/604/369 452/605/369 453/607/371
f 522/608/372 521/606/370 453/607/371 454/609/373
f 523/610/374 522/608/372 454/609/373 455/611/375
f 507/543/315 523/610/374 455/611/375 439/544/315
f 568/612/376 509/546/317 441/547/318 565/613/377
f 525/614/378 524/615/379 456/616/380 457/617/381
f 526/618/382 525/614/378 457/617/381 458/619/382
f 514/583/351 526/618/382 458/619/382 446/584/351
f 496/620/383 479/566/336 411/567/337 428/621/383
f 497/622/384 496/620/383 428/621/383 429/623/384
f 527/624/385 497/622/384 429/623/384 459/625/386
f 498/626/387 527/624/385 459/625/386 430/627/388
f 528/628/389 498/626/387 430/627/388 460/629/390
f 481/569/339 528/628/389 460/629/390 413/570/340
f 529/630/391 517/588/354 449/589/355 461/631/392
f 530/632/393 529/630/391 461/631/392 462/633/394
f 499/634/395 530/632/393 462/633/394 431/635/396
f 531/636/397 499/634/395 431/635/396 463/637/398
f 500/638/399 531/636/397 463/637/398 432/639/400
f 532/640/401 500/638/399 432/639/400 464/641/402
f 482/591/357 532/640/401 464/641/402 414/592/358
f 501/642/403 480/602/367 412/603/368 433/643/404
f 502/644/405 501/642/403 433/643/404 434/645/406
f 503/646/407 502/644/405 434/645/406 435/647/408
f 483/551/322 503/646/407 435/647/408 415/552/323
f 549/648/409 560/311/87 487/649/410 195/650/411
f 506/651/412 505/652/413 437/653/414 438/654/415
f 484/559/330 506/651/412 438/654/415 416/560/331
f 533/539/311 538/499/274 470/502/277 465/540/312
f 543/655/416 540/656/417 472/657/418 475/658/419
f 540/656/417 539/659/420 471/660/421 472/657/418
f 539/659/420 487/661/410 419/662/422 471/660/421
f 537/500/275 477/663/423 409/664/424 469/501/276
f 542/665/425 541/666/426 473/667/427 474/668/428
f 544/669/429 476/670/430 473/667/427 541/666/426
f 249/671/306 535/307/83 536/515/287 250/672/218
f 250/672/218 536/515/287 478/514/281 186/673/219
f 251/674/246 537/500/275 538/499/274 252/675/231
f 544/669/429 543/655/416 475/658/419 476/670/430
f 504/676/326 542/665/425 474/668/428 436/677/327
f 243/678/232 533/539/311 534/308/84 244/679/320
f 244/679/320 534/308/84 535/307/83 249/671/306
f 325/680/239 543/655/416 544/669/429 328/681/240
f 212/682/256 294/683/255 542/665/425 504/676/326
f 293/684/267 328/681/240 544/669/429 541/666/426
f 293/684/267 541/666/426 542/665/425 294/683/255
f 251/674/246 185/685/249 477/663/423 537/500/275
f 195/686/411 487/661/410 539/659/420 267/687/431
f 267/687/431 539/659/420 540/656/417 268/688/310
f 268/688/310 540/656/417 543/655/416 325/680/239
f 252/675/231 538/499/274 533/539/311 243/678/232
f 192/689/270 214/690/269 506/651/412 484/559/330
f 214/690/269 213/691/268 505/652/413 506/651/412
f 191/692/95 211/693/94 503/646/407 483/551/322
f 211/693/94 210/694/114 502/644/405 503/646/407
f 210/694/114 209/695/119 501/642/403 502/644/405
f 209/695/119 188/696/118 480/602/367 501/642/403
f 190/697/101 240/698/100 532/640/401 482/591/357
f 240/698/100 208/699/107 500/638/399 532/640/401
f 208/699/107 239/700/106 531/636/397 500/638/399
f 239/700/106 207/701/82 499/634/395 531/636/397
f 207/701/82 238/702/81 530/632/393 499/634/395
f 238/702/81 237/703/80 529/630/391 530/632/393
f 237/703/80 225/704/144 517/588/354 529/630/391
f 189/705/194 236/706/193 528/628/389 481/569/339
f 236/706/193 206/707/191 498/626/387 528/628/389
f 206/707/191 235/708/190 527/624/385 498/626/387
f 235/708/190 205/709/187 497/622/384 527/624/385
f 205/709/187 204/710/186 496/620/383 497/622/384
f 204/710/186 187/711/185 479/566/336 496/620/383
f 222/712/140 234/713/296 526/618/382 514/583/351
f 234/713/296 233/714/309 525/614/378 526/618/382
f 233/714/309 232/715/313 524/615/379 525/614/378
f 215/716/214 231/717/212 523/610/374 507/543/315
f 231/717/212 230/718/211 522/608/372 523/610/374
f 230/718/211 229/719/204 521/606/370 522/608/372
f 229/719/204 228/720/203 520/604/369 521/606/370
f 228/720/203 221/721/215 513/580/349 520/604/369
f 188/696/118 203/722/251 495/600/365 480/602/367
f 203/722/251 202/723/250 494/598/364 495/600/365
f 202/723/250 227/724/294 519/596/362 494/598/364
f 227/724/294 201/725/113 493/594/360 519/596/362
f 201/725/113 226/726/112 518/590/356 493/594/360
f 226/726/112 190/697/101 482/591/357 518/590/356
f 225/704/144 224/727/205 516/586/353 517/588/354
f 224/727/205 223/728/141 515/582/350 516/586/353
f 223/728/141 222/712/140 514/583/351 515/582/350
f 221/721/215 220/729/229 512/578/348 513/580/349
f 220/729/229 200/730/237 492/576/346 512/578/348
f 200/730/237 219/731/236 511/574/344 492/576/346
f 219/731/236 199/732/235 491/572/342 511/574/344
f 199/732/235 218/733/234 510/568/338 491/572/342
f 218/733/234 189/705/194 481/569/339 510/568/338
f 187/711/185 198/734/280 490/564/335 479/566/336
f 198/734/280 197/735/279 489/562/333 490/564/335
f 197/735/279 196/736/278 488/558/329 489/562/333
f 196/736/278 192/689/270 484/559/330 488/558/329
f 550/737/257 559/554/325 505/652/413 213/691/268
f 194/738/70 193/739/69 485/550/321 486/312/88
f 193/739/69 191/692/95 483/551/322 485/550/321
f 567/508/282 478/507/281 410/740/289 566/741/432
f 217/742/245 216/743/244 508/542/314 509/546/317
f 216/743/244 215/716/214 507/543/315 508/542/314
f 342/403/178 401/406/181 324/387/162 281/386/161
f 282/380/155 285/385/160 340/393/168 339/389/164
f 383/518/290 337/345/120 336/301/77 378/453/228
f 266/291/67 269/290/66 270/287/63 265/286/62
f 191/320/95 193/293/69 265/286/62 256/285/61
f 549/744/409 195/745/411 267/746/431 551/292/68
f 548/747/248 568/612/376 477/748/423 185/749/249
f 524/615/379 567/508/282 566/741/432 456/616/380
f 217/742/245 509/546/317 568/612/376 548/747/248
f 244/549/320 562/548/319 561/458/233 243/457/232
f 562/548/319 386/535/307 389/468/243 561/458/233
f 547/509/216 567/508/282 524/615/379 232/715/313
f 194/294/70 549/744/409 551/292/68 266/291/67
f 212/750/256 504/555/326 559/554/325 550/737/257
f 194/738/70 486/312/88 560/311/87 549/648/409
f 505/652/413 559/554/325 558/557/328 437/653/414
f 326/484/259 269/290/66 552/289/65 555/463/238
f 292/297/73 329/491/266 556/466/241 553/298/74
f 295/296/72 554/295/71 550/482/257 213/493/268
f 326/484/259 555/463/238 556/466/241 329/491/266
f 487/649/410 560/311/87 557/314/89 419/751/422
f 294/480/255 554/295/71 553/298/74 293/492/267
f 268/538/310 552/289/65 551/292/68 267/746/431
f 546/472/247 364/451/226 217/470/245 548/473/248
f 477/748/423 568/612/376 565/613/377 409/752/424
f 408/527/299 386/535/307 562/548/319 563/533/305
f 408/527/299 563/533/305 564/442/217 403/528/300
f 364/451/226 546/472/247 545/455/230 359/452/227
f 359/452/227 545/455/230 561/458/233 389/468/243
f 232/541/313 403/528/300 564/442/217 547/441/216
o lubricant_spray_tin
v 0.000000 0.003688 -0.030971
v 0.006892 0.003688 -0.030195
v 0.013438 0.003688 -0.027904
v 0.019310 0.003688 -0.024214
v 0.024215 0.003688 -0.019310
v 0.027904 0.003688 -0.013438
v 0.030195 0.003688 -0.006892
v 0.030971 0.003688 0.000000
v 0.030195 0.003688 0.006892
v 0.027904 0.003688 0.013438
v 0.024215 0.003688 0.019310
v 0.019310 0.003688 0.024214
v 0.013438 0.003688 0.027904
v 0.006892 0.003688 0.030195
v 0.000000 0.003688 0.030971
v -0.006892 0.003688 0.030195
v -0.013438 0.003688 0.027904
v -0.019310 0.003688 0.024214
v -0.024214 0.003688 0.019310
v -0.027904 0.003688 0.013438
v -0.030195 0.003688 0.006892
v -0.030971 0.003688 -0.000000
v -0.030195 0.003688 -0.006892
v -0.027904 0.003688 -0.013438
v -0.024214 0.003688 -0.019310
v -0.019310 0.003688 -0.024214
v -0.013438 0.003688 -0.027904
v -0.006892 0.003688 -0.030195
v 0.000000 0.008442 -0.032295
v 0.000000 0.004719 -0.031584
v 0.000000 0.006328 -0.032087
v 0.007028 0.004719 -0.030792
v 0.007187 0.008442 -0.031486
v 0.007140 0.006328 -0.031283
v 0.013704 0.004719 -0.028456
v 0.014013 0.008442 -0.029097
v 0.013922 0.006328 -0.028910
v 0.019693 0.004719 -0.024693
v 0.020136 0.008442 -0.025250
v 0.020006 0.006328 -0.025087
v 0.024694 0.004719 -0.019692
v 0.025250 0.008442 -0.020136
v 0.025087 0.006328 -0.020006
v 0.028456 0.004719 -0.013704
v 0.029097 0.008442 -0.014012
v 0.028910 0.006328 -0.013922
v 0.030792 0.004719 -0.007028
v 0.031486 0.008442 -0.007186
v 0.031283 0.006328 -0.007140
v 0.031584 0.004719 0.000000
v 0.032296 0.008442 0.000000
v 0.032087 0.006328 0.000000
v 0.030792 0.004719 0.007028
v 0.031486 0.008442 0.007186
v 0.031283 0.006328 0.007140
v 0.028456 0.004719 0.013704
v 0.029097 0.008442 0.014012
v 0.028910 0.006328 0.013922
v 0.024694 0.004719 0.019692
v 0.025250 0.008442 0.020136
v 0.025087 0.006328 0.020006
v 0.019693 0.004719 0.024693
v 0.020136 0.008442 0.025250
v 0.020006 0.006328 0.025087
v 0.013704 0.004719 0.028456
v 0.014013 0.008442 0.029097
v 0.013922 0.006328 0.028910
v 0.007028 0.004719 0.030792
v 0.007187 0.008442 0.031486
v 0.007140 0.006328 0.031283
v 0.000000 0.004719 0.031584
v 0.000000 0.008442 0.032295
v 0.000000 0.006328 0.032087
v -0.007028 0.004719 0.030792
v -0.007186 0.008442 0.031486
v -0.007140 0.006328 0.031283
v -0.013704 0.004719 0.028456
v -0.014012 0.008442 0.029097
v -0.013922 0.006328 0.028910
v -0.019692 0.004719 0.024693
v -0.020136 0.008442 0.025250
v -0.020006 0.006328 0.025087
v -0.024693 0.004719 0.019692
v -0.025249 0.008442 0.020136
v -0.025087 0.006328 0.020006
v -0.028456 0.004719 0.013704
v -0.029097 0.008442 0.014012
v -0.028909 0.006328 0.013922
v -0.030792 0.004719 0.007028
v -0.031486 0.008442 0.007186
v -0.031282 0.006328 0.007140
v -0.031584 0.004719 -0.000000
v -0.032295 0.008442 -0.000000
v -0.032087 0.006328 -0.000000
v -0.030792 0.004719 -0.007028
v -0.031486 0.008442 -0.007186
v -0.031282 0.006328 -0.007140
v -0.028456 0.004719 -0.013704
v -0.029097 0.008442 -0.014012
v -0.028909 0.006328 -0.013922
v -0.024693 0.004719 -0.019692
v -0.025249 0.008442 -0.020136
v -0.025087 0.006328 -0.020006
v -0.019692 0.004719 -0.024693
v -0.020136 0.008442 -0.025250
v -0.020006 0.006328 -0.025087
v -0.013704 0.004719 -0.028456
v -0.014012 0.008442 -0.029097
v -0.013922 0.006328 -0.028910
v -0.007028 0.004719 -0.030792
v -0.007186 0.008442 -0.031486
v -0.007140 0.006328 -0.031283
v 0.000000 0.000627 -0.030583
v 0.000000 0.000769 -0.032295
v 0.000000 0.000225 -0.032111
v 0.007187 0.000769 -0.031486
v 0.006805 0.000627 -0.029816
v 0.007146 0.000225 -0.031306
v 0.014013 0.000769 -0.029097
v 0.013269 0.000627 -0.027554
v 0.013933 0.000225 -0.028931
v 0.020136 0.000769 -0.025250
v 0.019068 0.000627 -0.023910
v 0.020021 0.000225 -0.025106
v 0.025250 0.000769 -0.020136
v 0.023911 0.000627 -0.019068
v 0.025106 0.000225 -0.020021
v 0.029097 0.000769 -0.014012
v 0.027554 0.000627 -0.013269
v 0.028931 0.000225 -0.013933
v 0.031486 0.000769 -0.007186
v 0.029816 0.000627 -0.006805
v 0.031306 0.000225 -0.007145
v 0.032296 0.000769 0.000000
v 0.030583 0.000627 0.000000
v 0.032111 0.000225 0.000000
v 0.031486 0.000769 0.007186
v 0.029816 0.000627 0.006805
v 0.031306 0.000225 0.007145
v 0.029097 0.000769 0.014012
v 0.027554 0.000627 0.013269
v 0.028931 0.000225 0.013933
v 0.025250 0.000769 0.020136
v 0.023911 0.000627 0.019068
v 0.025106 0.000225 0.020021
v 0.020136 0.000769 0.025250
v 0.019068 0.000627 0.023910
v 0.020021 0.000225 0.025106
v 0.014013 0.000769 0.029097
v 0.013269 0.000627 0.027554
v 0.013933 0.000225 0.028931
v 0.007187 0.000769 0.031486
v 0.006805 0.000627 0.029816
v 0.007146 0.000225 0.031306
v 0.000000 0.000769 0.032295
v 0.000000 0.000627 0.030583
v 0.000000 0.000225 0.032111
v -0.007186 0.000769 0.031486
v -0.006805 0.000627 0.029816
v -0.007145 0.000225 0.031306
v -0.014012 0.000769 0.029097
v -0.013269 0.000627 0.027554
v -0.013932 0.000225 0.028931
v -0.020136 0.000769 0.025250
v -0.019068 0.000627 0.023910
v -0.020021 0.000225 0.025106
v -0.025249 0.000769 0.020136
v -0.023910 0.000627 0.019068
v -0.025105 0.000225 0.020021
v -0.029097 0.000769 0.014012
v -0.027554 0.000627 0.013269
v -0.028931 0.000225 0.013933
v -0.031486 0.000769 0.007186
v -0.029816 0.000627 0.006805
v -0.031306 0.000225 0.007145
v -0.032295 0.000769 -0.000000
v -0.030582 0.000627 -0.000000
v -0.032111 0.000225 -0.000000
v -0.031486 0.000769 -0.007186
v -0.029816 0.000627 -0.006805
v -0.031306 0.000225 -0.007145
v -0.029097 0.000769 -0.014012
v -0.027554 0.000627 -0.013269
v -0.028931 0.000225 -0.013933
v -0.025249 0.000769 -0.020136
v -0.023910 0.000627 -0.019068
v -0.025105 0.000225 -0.020021
v -0.020136 0.000769 -0.025250
v -0.019068 0.000627 -0.023910
v -0.020021 0.000225 -0.025106
v -0.014012 0.000769 -0.029097
v -0.013269 0.000627 -0.027554
v -0.013932 0.000225 -0.028931
v -0.007186 0.000769 -0.031486
v -0.006805 0.000627 -0.029816
v -0.007145 0.000225 -0.031306
v 0.000000 0.003718 -0.031667
v 0.000000 0.002975 -0.032295
v 0.000000 0.003511 -0.032111
v 0.007187 0.002975 -0.031486
v 0.007047 0.003718 -0.030873
v 0.007146 0.003511 -0.031306
v 0.014013 0.002975 -0.029097
v 0.013740 0.003718 -0.028531
v 0.013933 0.003511 -0.028931
v 0.020136 0.002975 -0.025250
v 0.019744 0.003718 -0.024758
v 0.020021 0.003511 -0.025106
v 0.025250 0.002975 -0.020136
v 0.024758 0.003718 -0.019744
v 0.025106 0.003511 -0.020021
v 0.029097 0.002975 -0.014012
v 0.028531 0.003718 -0.013740
v 0.028932 0.003511 -0.013933
v 0.031486 0.002975 -0.007186
v 0.030873 0.003718 -0.007047
v 0.031306 0.003511 -0.007145
v 0.032296 0.002975 0.000000
v 0.031667 0.003718 0.000000
v 0.032112 0.003511 0.000000
v 0.031486 0.002975 0.007186
v 0.030873 0.003718 0.007047
v 0.031306 0.003511 0.007145
v 0.029097 0.002975 0.014012
v 0.028531 0.003718 0.013740
v 0.028932 0.003511 0.013933
v 0.025250 0.002975 0.020136
v 0.024758 0.003718 0.019744
v 0.025106 0.003511 0.020021
v 0.020136 0.002975 0.025250
v 0.019744 0.003718 0.024758
v 0.020021 0.003511 0.025106
v 0.014013 0.002975 0.029097
v 0.013740 0.003718 0.028531
v 0.013933 0.003511 0.028931
v 0.007187 0.002975 0.031486
v 0.007047 0.003718 0.030873
v 0.007146 0.003511 0.031306
v 0.000000 0.002975 0.032295
v 0.000000 0.003718 0.031667
v 0.000000 0.003511 0.032111
v -0.007186 0.002975 0.031486
v -0.007046 0.003718 0.030873
v -0.007145 0.003511 0.031306
v -0.014012 0.002975 0.029097
v -0.013740 0.003718 0.028531
v -0.013932 0.003511 0.028931
v -0.020136 0.002975 0.025250
v -0.019744 0.003718 0.024758
v -0.020021 0.003511 0.025106
v -0.025249 0.002975 0.020136
v -0.024758 0.003718 0.019744
v -0.025106 0.003511 0.020021
v -0.029097 0.002975 0.014012
v -0.028531 0.003718 0.013740
v -0.028931 0.003511 0.013933
v -0.031486 0.002975 0.007186
v -0.030873 0.003718 0.007047
v -0.031306 0.003511 0.007145
v -0.032295 0.002975 -0.000000
v -0.031667 0.003718 -0.000000
v -0.032111 0.003511 -0.000000
v -0.031486 0.002975 -0.007186
v -0.030873 0.003718 -0.007047
v -0.031306 0.003511 -0.007145
v -0.029097 0.002975 -0.014012
v -0.028531 0.003718 -0.013740
v -0.028931 0.003511 -0.013933
v -0.025249 0.002975 -0.020136
v -0.024758 0.003718 -0.019744
v -0.025106 0.003511 -0.020021
v -0.020136 0.002975 -0.025250
v -0.019744 0.003718 -0.024758
v -0.020021 0.003511 -0.025106
v -0.014012 0.002975 -0.029097
v -0.013740 0.003718 -0.028531
v -0.013932 0.003511 -0.028931
v -0.007186 0.002975 -0.031486
v -0.007046 0.003718 -0.030873
v -0.007145 0.003511 -0.031306
v 0.007047 0.000000 -0.030873
v 0.000000 0.000000 -0.031667
v 0.013740 0.000000 -0.028531
v 0.019744 0.000000 -0.024758
v 0.024758 0.000000 -0.019744
v 0.028531 0.000000 -0.013740
v 0.030873 0.000000 -0.007046
v 0.031667 0.000000 0.000000
v 0.030873 0.000000 0.007046
v 0.028531 0.000000 0.013740
v 0.024758 0.000000 0.019744
v 0.019744 0.000000 0.024758
v 0.013740 0.000000 0.028531
v 0.007047 0.000000 0.030873
v 0.000000 0.000000 0.031667
v -0.007046 0.000000 0.030873
v -0.013739 0.000000 0.028531
v -0.019744 0.000000 0.024758
v -0.024758 0.000000 0.019744
v -0.028530 0.000000 0.013740
v -0.030872 0.000000 0.007046
v -0.031666 0.000000 -0.000000
v -0.030872 0.000000 -0.007046
v -0.028530 0.000000 -0.013740
v -0.024758 0.000000 -0.019744
v -0.019744 0.000000 -0.024758
v -0.013739 0.000000 -0.028531
v -0.007046 0.000000 -0.030873
v 0.006881 0.000000 -0.030147
v 0.000000 0.000000 -0.030923
v 0.013417 0.000000 -0.027860
v 0.019280 0.000000 -0.024176
v 0.024176 0.000000 -0.019280
v 0.027861 0.000000 -0.013417
v 0.030148 0.000000 -0.006881
v 0.030923 0.000000 0.000000
v 0.030148 0.000000 0.006881
v 0.027861 0.000000 0.013417
v 0.024176 0.000000 0.019280
v 0.019280 0.000000 0.024176
v 0.013417 0.000000 0.027860
v 0.006881 0.000000 0.030147
v 0.000000 0.000000 0.030923
v -0.006881 0.000000 0.030147
v -0.013417 0.000000 0.027860
v -0.019280 0.000000 0.024176
v -0.024176 0.000000 0.019280
v -0.027860 0.000000 0.013417
v -0.030147 0.000000 0.006881
v -0.030922 0.000000 -0.000000
v -0.030147 0.000000 -0.006881
v -0.027860 0.000000 -0.013417
v -0.024176 0.000000 -0.019280
v -0.019280 0.000000 -0.024176
v -0.013417 0.000000 -0.027860
v -0.006881 0.000000 -0.030147
v 0.006805 0.003608 -0.029816
v 0.000000 0.003608 -0.030583
v 0.013269 0.003608 -0.027554
v 0.019068 0.003608 -0.023910
v 0.023911 0.003608 -0.019068
v 0.027554 0.003608 -0.013269
v 0.029816 0.003608 -0.006805
v 0.030583 0.003608 0.000000
v 0.029816 0.003608 0.006805
v 0.027554 0.003608 0.013269
v 0.023911 0.003608 0.019068
v 0.019068 0.003608 0.023910
v 0.013269 0.003608 0.027554
v 0.006805 0.003608 0.029816
v 0.000000 0.003608 0.030583
v -0.006805 0.003608 0.029816
v -0.013269 0.003608 0.027554
v -0.019068 0.003608 0.023910
v -0.023910 0.003608 0.019068
v -0.027554 0.003608 0.013269
v -0.029816 0.003608 0.006805
v -0.030582 0.003608 -0.000000
v -0.029816 0.003608 -0.006805
v -0.027554 0.003608 -0.013269
v -0.023910 0.003608 -0.019068
v -0.019068 0.003608 -0.023910
v -0.013269 0.003608 -0.027554
v -0.006805 0.003608 -0.029816
v 0.001372 0.013677 -0.006009
v 0.000000 0.013677 -0.006164
v 0.002675 0.013677 -0.005553
v 0.003843 0.013677 -0.004819
v 0.004819 0.013677 -0.003843
v 0.005554 0.013677 -0.002674
v 0.006009 0.013677 -0.001372
v 0.006164 0.013677 0.000000
v 0.006009 0.013677 0.001372
v 0.005554 0.013677 0.002674
v 0.004819 0.013677 0.003843
v 0.003843 0.013677 0.004819
v 0.002675 0.013677 0.005553
v 0.001372 0.013677 0.006009
v 0.000000 0.013677 0.006164
v -0.001371 0.013677 0.006009
v -0.002674 0.013677 0.005553
v -0.003843 0.013677 0.004819
v -0.004819 0.013677 0.003843
v -0.005553 0.013677 0.002674
v -0.006009 0.013677 0.001372
v -0.006164 0.013677 -0.000000
v -0.006009 0.013677 -0.001372
v -0.005553 0.013677 -0.002674
v -0.004819 0.013677 -0.003843
v -0.003843 0.013677 -0.004819
v -0.002674 0.013677 -0.005553
v -0.001371 0.013677 -0.006009
v 0.003537 0.011435 -0.015498
v 0.000000 0.011435 -0.015896
v 0.006897 0.011435 -0.014322
v 0.009911 0.011435 -0.012428
v 0.012429 0.011435 -0.009911
v 0.014322 0.011435 -0.006897
v 0.015498 0.011435 -0.003537
v 0.015897 0.011435 0.000000
v 0.015498 0.011435 0.003537
v 0.014322 0.011435 0.006897
v 0.012429 0.011435 0.009911
v 0.009911 0.011435 0.012428
v 0.006897 0.011435 0.014322
v 0.003537 0.011435 0.015498
v 0.000000 0.011435 0.015896
v -0.003537 0.011435 0.015498
v -0.006897 0.011435 0.014322
v -0.009911 0.011435 0.012428
v -0.012428 0.011435 0.009911
v -0.014322 0.011435 0.006897
v -0.015498 0.011435 0.003537
v -0.015896 0.011435 -0.000000
v -0.015498 0.011435 -0.003537
v -0.014322 0.011435 -0.006897
v -0.012428 0.011435 -0.009911
v -0.009911 0.011435 -0.012428
v -0.006897 0.011435 -0.014322
v -0.003537 0.011435 -0.015498
v 0.005478 0.007522 0.024001
v 0.010682 0.007522 0.022180
v -0.005478 0.007522 -0.024001
v -0.010681 0.007522 -0.022180
v 0.000000 0.007522 0.024618
v 0.005478 0.007522 -0.024001
v 0.000000 0.007522 -0.024618
v -0.005478 0.007522 0.024001
v 0.010682 0.007522 -0.022180
v -0.010681 0.007522 0.022180
v 0.015349 0.007522 -0.019247
v -0.015349 0.007522 0.019247
v 0.019247 0.007522 -0.015349
v -0.019247 0.007522 0.015349
v 0.022180 0.007522 -0.010681
v -0.022180 0.007522 0.010681
v 0.024001 0.007522 -0.005478
v -0.024001 0.007522 0.005478
v 0.024618 0.007522 0.000000
v -0.024618 0.007522 -0.000000
v 0.024001 0.007522 0.005478
v -0.024001 0.007522 -0.005478
v 0.022180 0.007522 0.010681
v -0.022180 0.007522 -0.010681
v 0.019247 0.007522 0.015349
v -0.019247 0.007522 -0.015349
v 0.015349 0.007522 0.019247
v -0.015349 0.007522 -0.019247
v 0.000000 0.014125 0.000000
v 0.006688 0.142202 -0.029303
v 0.000000 0.142202 -0.030056
v 0.013041 0.142202 -0.027080
v 0.018740 0.142202 -0.023499
v 0.023499 0.142202 -0.018740
v 0.027080 0.142202 -0.013041
v 0.029303 0.142202 -0.006688
v 0.030057 0.142202 0.000000
v 0.029303 0.142202 0.006688
v 0.027080 0.142202 0.013041
v 0.023499 0.142202 0.018740
v 0.018740 0.142202 0.023499
v 0.013041 0.142202 0.027080
v 0.006688 0.142202 0.029303
v 0.000000 0.142202 0.030056
v -0.006688 0.142202 0.029303
v -0.013041 0.142202 0.027080
v -0.018740 0.142202 0.023499
v -0.023499 0.142202 0.018740
v -0.027080 0.142202 0.013041
v -0.029303 0.142202 0.006688
v -0.030056 0.142202 -0.000000
v -0.029303 0.142202 -0.006688
v -0.027080 0.142202 -0.013041
v -0.023499 0.142202 -0.018740
v -0.018740 0.142202 -0.023499
v -0.013041 0.142202 -0.027080
v -0.006688 0.142202 -0.029303
v 0.006576 0.141814 -0.028809
v 0.000000 0.141814 -0.029550
v 0.012822 0.141814 -0.026624
v 0.018424 0.141814 -0.023103
v 0.023103 0.141814 -0.018424
v 0.026624 0.141814 -0.012821
v 0.028810 0.141814 -0.006576
v 0.029550 0.141814 0.000000
v 0.028810 0.141814 0.006576
v 0.026624 0.141814 0.012821
v 0.023103 0.141814 0.018424
v 0.018424 0.141814 0.023103
v 0.012822 0.141814 0.026624
v 0.006576 0.141814 0.028809
v 0.000000 0.141814 0.029550
v -0.006575 0.141814 0.028809
v -0.012821 0.141814 0.026624
v -0.018424 0.141814 0.023103
v -0.023103 0.141814 0.018424
v -0.026624 0.141814 0.012821
v -0.028809 0.141814 0.006576
v -0.029550 0.141814 -0.000000
v -0.028809 0.141814 -0.006576
v -0.026624 0.141814 -0.012821
v -0.023103 0.141814 -0.018424
v -0.018424 0.141814 -0.023103
v -0.012821 0.141814 -0.026624
v -0.006575 0.141814 -0.028809
v 0.006317 0.141814 -0.027676
v 0.000000 0.141814 -0.028388
v 0.012317 0.141814 -0.025576
v 0.017700 0.141814 -0.022194
v 0.022195 0.141814 -0.017699
v 0.025577 0.141814 -0.012317
v 0.027676 0.141814 -0.006317
v 0.028388 0.141814 0.000000
v 0.027676 0.141814 0.006317
v 0.025577 0.141814 0.012317
v 0.022195 0.141814 0.017699
v 0.017700 0.141814 0.022194
v 0.012317 0.141814 0.025576
v 0.006317 0.141814 0.027676
v 0.000000 0.141814 0.028388
v -0.006317 0.141814 0.027676
v -0.012317 0.141814 0.025576
v -0.017699 0.141814 0.022194
v -0.022194 0.141814 0.017699
v -0.025576 0.141814 0.012317
v -0.027676 0.141814 0.006317
v -0.028388 0.141814 -0.000000
v -0.027676 0.141814 -0.006317
v -0.025576 0.141814 -0.012317
v -0.022194 0.141814 -0.017699
v -0.017699 0.141814 -0.022194
v -0.012317 0.141814 -0.025576
v -0.006317 0.141814 -0.027676
v -0.006460 0.141240 0.028306
v 0.000000 0.141240 0.029033
v 0.012597 0.141240 -0.026158
v 0.006461 0.141240 -0.028306
v -0.012597 0.141240 0.026158
v 0.018102 0.141240 -0.022699
v -0.018102 0.141240 0.022699
v 0.022699 0.141240 -0.018102
v -0.022699 0.141240 0.018102
v 0.026158 0.141240 -0.012597
v -0.026158 0.141240 0.012597
v 0.028306 0.141240 -0.006461
v -0.028305 0.141240 0.006461
v 0.029034 0.141240 0.000000
v -0.029033 0.141240 -0.000000
v 0.028306 0.141240 0.006461
v -0.028305 0.141240 -0.006461
v 0.026158 0.141240 0.012597
v -0.026158 0.141240 -0.012597
v 0.022699 0.141240 0.018102
v -0.022699 0.141240 -0.018102
v 0.018102 0.141240 0.022699
v -0.018102 0.141240 -0.022699
v 0.012597 0.141240 0.026158
v -0.012597 0.141240 -0.026158
v 0.006461 0.141240 0.028306
v -0.006460 0.141240 -0.028306
v 0.000000 0.141240 -0.029033
v 0.002152 0.150402 -0.009428
v 0.000000 0.150402 -0.009671
v 0.004196 0.150402 -0.008713
v 0.006030 0.150402 -0.007561
v 0.007561 0.150402 -0.006030
v 0.008713 0.150402 -0.004196
v 0.009428 0.150402 -0.002152
v 0.009671 0.150402 0.000000
v 0.009428 0.150402 0.002152
v 0.008713 0.150402 0.004196
v 0.007561 0.150402 0.006030
v 0.006030 0.150402 0.007561
v 0.004196 0.150402 0.008713
v 0.002152 0.150402 0.009428
v 0.000000 0.150402 0.009671
v -0.002152 0.150402 0.009428
v -0.004196 0.150402 0.008713
v -0.006030 0.150402 0.007561
v -0.007561 0.150402 0.006030
v -0.008713 0.150402 0.004196
v -0.009428 0.150402 0.002152
v -0.009671 0.150402 -0.000000
v -0.009428 0.150402 -0.002152
v -0.008713 0.150402 -0.004196
v -0.007561 0.150402 -0.006030
v -0.006030 0.150402 -0.007561
v -0.004196 0.150402 -0.008713
v -0.002152 0.150402 -0.009428
v 0.014684 0.148827 -0.003351
v 0.023700 0.144542 -0.005409
v 0.019296 0.146981 -0.004404
v -0.013569 0.148827 0.006535
v -0.021902 0.144542 0.010548
v -0.017832 0.146981 0.008588
v 0.013570 0.148827 -0.006535
v 0.021902 0.144542 -0.010548
v 0.017832 0.146981 -0.008588
v -0.011775 0.148827 0.009390
v -0.019006 0.144542 0.015157
v -0.015474 0.146981 0.012340
v 0.011775 0.148827 -0.009390
v 0.019006 0.144542 -0.015157
v 0.015474 0.146981 -0.012340
v -0.009390 0.148827 0.011775
v -0.015157 0.144542 0.019006
v -0.012340 0.146981 0.015474
v 0.009391 0.148827 -0.011775
v 0.015157 0.144542 -0.019006
v 0.012340 0.146981 -0.015474
v -0.006535 0.148827 0.013570
v -0.010547 0.144542 0.021902
v -0.008587 0.146981 0.017832
v 0.006535 0.148827 -0.013570
v 0.010548 0.144542 -0.021902
v 0.008588 0.146981 -0.017832
v -0.003351 0.148827 0.014683
v -0.005409 0.144542 0.023700
v -0.004404 0.146981 0.019296
v 0.000000 0.148827 -0.015061
v 0.000000 0.144542 -0.024310
v 0.000000 0.146981 -0.019792
v 0.005410 0.144542 -0.023700
v 0.003352 0.148827 -0.014684
v 0.004404 0.146981 -0.019296
v 0.000000 0.148827 0.015061
v 0.000000 0.144542 0.024310
v 0.000000 0.146981 0.019792
v -0.003351 0.148827 -0.014684
v -0.005409 0.144542 -0.023700
v -0.004404 0.146981 -0.019296
v 0.005410 0.144542 0.023700
v 0.003352 0.148827 0.014684
v 0.004404 0.146981 0.019296
v -0.010547 0.144542 -0.021902
v -0.006535 0.148827 -0.013570
v -0.008587 0.146981 -0.017832
v 0.006535 0.148827 0.013570
v 0.010548 0.144542 0.021902
v 0.008588 0.146981 0.017832
v -0.009390 0.148827 -0.011775
v -0.015157 0.144542 -0.019006
v -0.012340 0.146981 -0.015474
v 0.009391 0.148827 0.011775
v 0.015157 0.144542 0.019006
v 0.012340 0.146981 0.015474
v -0.011775 0.148827 -0.009390
v -0.019006 0.144542 -0.015157
v -0.015474 0.146981 -0.012340
v 0.011775 0.148827 0.009390
v 0.019006 0.144542 0.015157
v 0.015474 0.146981 0.012340
v -0.013569 0.148827 -0.006535
v -0.021902 0.144542 -0.010548
v -0.017832 0.146981 -0.008588
v 0.013570 0.148827 0.006535
v 0.021902 0.144542 0.010548
v 0.017832 0.146981 0.008588
v -0.014683 0.148827 -0.003351
v -0.023700 0.144542 -0.005409
v -0.019296 0.146981 -0.004404
v 0.015061 0.148827 0.000000
v 0.024310 0.144542 0.000000
v 0.019792 0.146981 0.000000
v 0.014684 0.148827 0.003351
v 0.023700 0.144542 0.005409
v 0.019296 0.146981 0.004404
v -0.014683 0.148827 0.003351
v -0.023700 0.144542 0.005409
v -0.019296 0.146981 0.004404
v -0.015061 0.148827 -0.000000
v -0.024309 0.144542 -0.000000
v -0.019792 0.146981 -0.000000
v 0.006989 0.142690 -0.030621
v 0.006894 0.142202 -0.030206
v 0.006961 0.142345 -0.030498
v 0.000000 0.142202 -0.030983
v 0.000000 0.142690 -0.031409
v 0.000000 0.142345 -0.031283
v 0.013628 0.142690 -0.028298
v 0.013443 0.142202 -0.027915
v 0.013573 0.142345 -0.028185
v 0.019583 0.142690 -0.024556
v 0.019318 0.142202 -0.024223
v 0.019505 0.142345 -0.024458
v 0.024556 0.142690 -0.019583
v 0.024223 0.142202 -0.019317
v 0.024458 0.142345 -0.019504
v 0.028298 0.142690 -0.013628
v 0.027915 0.142202 -0.013443
v 0.028185 0.142345 -0.013573
v 0.030621 0.142690 -0.006989
v 0.030206 0.142202 -0.006894
v 0.030499 0.142345 -0.006961
v 0.031409 0.142690 0.000000
v 0.030983 0.142202 0.000000
v 0.031283 0.142345 0.000000
v 0.030621 0.142690 0.006989
v 0.030206 0.142202 0.006894
v 0.030499 0.142345 0.006961
v 0.028298 0.142690 0.013628
v 0.027915 0.142202 0.013443
v 0.028185 0.142345 0.013573
v 0.024556 0.142690 0.019583
v 0.024223 0.142202 0.019317
v 0.024458 0.142345 0.019504
v 0.019583 0.142690 0.024556
v 0.019318 0.142202 0.024223
v 0.019505 0.142345 0.024458
v 0.013628 0.142690 0.028298
v 0.013443 0.142202 0.027915
v 0.013573 0.142345 0.028185
v 0.006989 0.142690 0.030621
v 0.006894 0.142202 0.030206
v 0.006961 0.142345 0.030498
v 0.000000 0.142690 0.031409
v 0.000000 0.142202 0.030983
v 0.000000 0.142345 0.031283
v -0.006989 0.142690 0.030621
v -0.006894 0.142202 0.030206
v -0.006961 0.142345 0.030498
v -0.013627 0.142690 0.028298
v -0.013443 0.142202 0.027915
v -0.013573 0.142345 0.028185
v -0.019583 0.142690 0.024556
v -0.019317 0.142202 0.024223
v -0.019504 0.142345 0.024458
v -0.024556 0.142690 0.019583
v -0.024223 0.142202 0.019317
v -0.024458 0.142345 0.019504
v -0.028298 0.142690 0.013628
v -0.027914 0.142202 0.013443
v -0.028185 0.142345 0.013573
v -0.030621 0.142690 0.006989
v -0.030206 0.142202 0.006894
v -0.030498 0.142345 0.006961
v -0.031408 0.142690 -0.000000
v -0.030983 0.142202 -0.000000
v -0.031283 0.142345 -0.000000
v -0.030621 0.142690 -0.006989
v -0.030206 0.142202 -0.006894
v -0.030498 0.142345 -0.006961
v -0.028298 0.142690 -0.013628
v -0.027914 0.142202 -0.013443
v -0.028185 0.142345 -0.013573
v -0.024556 0.142690 -0.019583
v -0.024223 0.142202 -0.019317
v -0.024458 0.142345 -0.019504
v -0.019583 0.142690 -0.024556
v -0.019317 0.142202 -0.024223
v -0.019504 0.142345 -0.024458
v -0.013627 0.142690 -0.028298
v -0.013443 0.142202 -0.027915
v -0.013573 0.142345 -0.028185
v -0.006989 0.142690 -0.030621
v -0.006894 0.142202 -0.030206
v -0.006961 0.142345 -0.030498
v 0.006894 0.145736 -0.030206
v 0.006989 0.145248 -0.030621
v 0.006961 0.145593 -0.030498
v 0.000000 0.145248 -0.031409
v 0.000000 0.145736 -0.030983
v 0.000000 0.145593 -0.031283
v 0.013443 0.145736 -0.027915
v 0.013628 0.145248 -0.028298
v 0.013573 0.145593 -0.028185
v 0.019318 0.145736 -0.024223
v 0.019583 0.145248 -0.024556
v 0.019505 0.145593 -0.024458
v 0.024223 0.145736 -0.019317
v 0.024556 0.145248 -0.019583
v 0.024458 0.145593 -0.019504
v 0.027915 0.145736 -0.013443
v 0.028298 0.145248 -0.013628
v 0.028185 0.145593 -0.013573
v 0.030206 0.145736 -0.006894
v 0.030621 0.145248 -0.006989
v 0.030499 0.145593 -0.006961
v 0.030983 0.145736 0.000000
v 0.031409 0.145248 0.000000
v 0.031283 0.145593 0.000000
v 0.030206 0.145736 0.006894
v 0.030621 0.145248 0.006989
v 0.030499 0.145593 0.006961
v 0.027915 0.145736 0.013443
v 0.028298 0.145248 0.013628
v 0.028185 0.145593 0.013573
v 0.024223 0.145736 0.019317
v 0.024556 0.145248 0.019583
v 0.024458 0.145593 0.019504
v 0.019318 0.145736 0.024223
v 0.019583 0.145248 0.024556
v 0.019505 0.145593 0.024458
v 0.013443 0.145736 0.027915
v 0.013628 0.145248 0.028298
v 0.013573 0.145593 0.028185
v 0.006894 0.145736 0.030206
v 0.006989 0.145248 0.030621
v 0.006961 0.145593 0.030498
v 0.000000 0.145736 0.030983
v 0.000000 0.145248 0.031409
v 0.000000 0.145593 0.031283
v -0.006894 0.145736 0.030206
v -0.006989 0.145248 0.030621
v -0.006961 0.145593 0.030498
v -0.013443 0.145736 0.027915
v -0.013627 0.145248 0.028298
v -0.013573 0.145593 0.028185
v -0.019317 0.145736 0.024223
v -0.019583 0.145248 0.024556
v -0.019504 0.145593 0.024458
v -0.024223 0.145736 0.019317
v -0.024556 0.145248 0.019583
v -0.024458 0.145593 0.019504
v -0.027914 0.145736 0.013443
v -0.028298 0.145248 0.013628
v -0.028185 0.145593 0.013573
v -0.030206 0.145736 0.006894
v -0.030621 0.145248 0.006989
v -0.030498 0.145593 0.006961
v -0.030983 0.145736 -0.000000
v -0.031408 0.145248 -0.000000
v -0.031283 0.145593 -0.000000
v -0.030206 0.145736 -0.006894
v -0.030621 0.145248 -0.006989
v -0.030498 0.145593 -0.006961
v -0.027914 0.145736 -0.013443
v -0.028298 0.145248 -0.013628
v -0.028185 0.145593 -0.013573
v -0.024223 0.145736 -0.019317
v -0.024556 0.145248 -0.019583
v -0.024458 0.145593 -0.019504
v -0.019317 0.145736 -0.024223
v -0.019583 0.145248 -0.024556
v -0.019504 0.145593 -0.024458
v -0.013443 0.145736 -0.027915
v -0.013627 0.145248 -0.028298
v -0.013573 0.145593 -0.028185
v -0.006894 0.145736 -0.030206
v -0.006989 0.145248 -0.030621
v -0.006961 0.145593 -0.030498
v 0.006638 0.145254 -0.029082
v 0.006747 0.145736 -0.029559
v 0.006676 0.145595 -0.029248
v 0.000000 0.145736 -0.030319
v 0.000000 0.145254 -0.029830
v 0.000000 0.145595 -0.030000
v 0.012943 0.145254 -0.026876
v 0.013155 0.145736 -0.027317
v 0.013017 0.145595 -0.027029
v 0.018599 0.145254 -0.023322
v 0.018904 0.145736 -0.023705
v 0.018705 0.145595 -0.023455
v 0.023322 0.145254 -0.018599
v 0.023705 0.145736 -0.018904
v 0.023455 0.145595 -0.018705
v 0.026876 0.145254 -0.012943
v 0.027317 0.145736 -0.013155
v 0.027030 0.145595 -0.013017
v 0.029082 0.145254 -0.006638
v 0.029559 0.145736 -0.006747
v 0.029248 0.145595 -0.006676
v 0.029830 0.145254 0.000000
v 0.030319 0.145736 0.000000
v 0.030001 0.145595 0.000000
v 0.029082 0.145254 0.006638
v 0.029559 0.145736 0.006747
v 0.029248 0.145595 0.006676
v 0.026876 0.145254 0.012943
v 0.027317 0.145736 0.013155
v 0.027030 0.145595 0.013017
v 0.023322 0.145254 0.018599
v 0.023705 0.145736 0.018904
v 0.023455 0.145595 0.018705
v 0.018599 0.145254 0.023322
v 0.018904 0.145736 0.023705
v 0.018705 0.145595 0.023455
v 0.012943 0.145254 0.026876
v 0.013155 0.145736 0.027317
v 0.013017 0.145595 0.027029
v 0.006638 0.145254 0.029082
v 0.006747 0.145736 0.029559
v 0.006676 0.145595 0.029248
v 0.000000 0.145254 0.029830
v 0.000000 0.145736 0.030319
v 0.000000 0.145595 0.030000
v -0.006638 0.145254 0.029082
v -0.006746 0.145736 0.029559
v -0.006676 0.145595 0.029248
v -0.012942 0.145254 0.026876
v -0.013155 0.145736 0.027317
v -0.013017 0.145595 0.027029
v -0.018598 0.145254 0.023322
v -0.018904 0.145736 0.023705
v -0.018705 0.145595 0.023455
v -0.023322 0.145254 0.018599
v -0.023704 0.145736 0.018904
v -0.023455 0.145595 0.018705
v -0.026876 0.145254 0.012943
v -0.027317 0.145736 0.013155
v -0.027029 0.145595 0.013017
v -0.029082 0.145254 0.006638
v -0.029559 0.145736 0.006747
v -0.029248 0.145595 0.006676
v -0.029830 0.145254 -0.000000
v -0.030319 0.145736 -0.000000
v -0.030000 0.145595 -0.000000
v -0.029082 0.145254 -0.006638
v -0.029559 0.145736 -0.006747
v -0.029248 0.145595 -0.006676
v -0.026876 0.145254 -0.012943
v -0.027317 0.145736 -0.013155
v -0.027029 0.145595 -0.013017
v -0.023322 0.145254 -0.018599
v -0.023704 0.145736 -0.018904
v -0.023455 0.145595 -0.018705
v -0.018598 0.145254 -0.023322
v -0.018904 0.145736 -0.023705
v -0.018705 0.145595 -0.023455
v -0.012942 0.145254 -0.026876
v -0.013155 0.145736 -0.027317
v -0.013017 0.145595 -0.027029
v -0.006638 0.145254 -0.029082
v -0.006746 0.145736 -0.029559
v -0.006676 0.145595 -0.029248
v -0.007186 0.135047 -0.031486
v -0.007053 0.138409 -0.030903
v -0.007156 0.136753 -0.031355
v 0.000000 0.138409 -0.031697
v 0.000000 0.135047 -0.032295
v 0.000000 0.136753 -0.032161
v 0.007054 0.138409 -0.030903
v 0.007187 0.135047 -0.031486
v 0.007157 0.136753 -0.031355
v 0.013753 0.138409 -0.028558
v 0.014013 0.135047 -0.029097
v 0.013954 0.136753 -0.028976
v 0.019763 0.138409 -0.024782
v 0.020136 0.135047 -0.025250
v 0.020052 0.136753 -0.025145
v 0.024782 0.138409 -0.019763
v 0.025250 0.135047 -0.020136
v 0.025145 0.136753 -0.020052
v 0.028559 0.138409 -0.013753
v 0.029097 0.135047 -0.014012
v 0.028977 0.136753 -0.013954
v 0.030903 0.138409 -0.007053
v 0.031486 0.135047 -0.007186
v 0.031355 0.136753 -0.007157
v 0.031698 0.138409 0.000000
v 0.032296 0.135047 0.000000
v 0.032161 0.136753 0.000000
v 0.030903 0.138409 0.007053
v 0.031486 0.135047 0.007186
v 0.031355 0.136753 0.007157
v 0.028559 0.138409 0.013753
v 0.029097 0.135047 0.014012
v 0.028977 0.136753 0.013954
v 0.024782 0.138409 0.019763
v 0.025250 0.135047 0.020136
v 0.025145 0.136753 0.020052
v 0.019763 0.138409 0.024782
v 0.020136 0.135047 0.025250
v 0.020052 0.136753 0.025145
v 0.013753 0.138409 0.028558
v 0.014013 0.135047 0.029097
v 0.013954 0.136753 0.028976
v 0.007054 0.138409 0.030903
v 0.007187 0.135047 0.031486
v 0.007157 0.136753 0.031355
v 0.000000 0.138409 0.031697
v 0.000000 0.135047 0.032295
v 0.000000 0.136753 0.032161
v -0.007053 0.138409 0.030903
v -0.007186 0.135047 0.031486
v -0.007156 0.136753 0.031355
v -0.013753 0.138409 0.028558
v -0.014012 0.135047 0.029097
v -0.013954 0.136753 0.028976
v -0.019763 0.138409 0.024782
v -0.020136 0.135047 0.025250
v -0.020052 0.136753 0.025145
v -0.024782 0.138409 0.019763
v -0.025249 0.135047 0.020136
v -0.025145 0.136753 0.020052
v -0.028558 0.138409 0.013753
v -0.029097 0.135047 0.014012
v -0.028976 0.136753 0.013954
v -0.030903 0.138409 0.007053
v -0.031486 0.135047 0.007186
v -0.031355 0.136753 0.007157
v -0.031697 0.138409 -0.000000
v -0.032295 0.135047 -0.000000
v -0.032161 0.136753 -0.000000
v -0.030903 0.138409 -0.007053
v -0.031486 0.135047 -0.007186
v -0.031355 0.136753 -0.007157
v -0.028558 0.138409 -0.013753
v -0.029097 0.135047 -0.014012
v -0.028976 0.136753 -0.013954
v -0.024782 0.138409 -0.019763
v -0.025249 0.135047 -0.020136
v -0.025145 0.136753 -0.020052
v -0.019763 0.138409 -0.024782
v -0.020136 0.135047 -0.025250
v -0.020052 0.136753 -0.025145
v -0.013753 0.138409 -0.028558
v -0.014012 0.135047 -0.029097
v -0.013954 0.136753 -0.028976
v -0.006780 0.140041 -0.029707
v -0.006689 0.141437 -0.029309
v -0.013044 0.141437 -0.027086
v -0.013221 0.140041 -0.027454
v 0.000000 0.141437 -0.030063
v 0.000000 0.140041 -0.030471
v 0.006781 0.140041 -0.029707
v 0.006690 0.141437 -0.029309
v 0.013221 0.140041 -0.027454
v 0.013044 0.141437 -0.027086
v 0.018999 0.140041 -0.023823
v 0.018744 0.141437 -0.023504
v 0.023824 0.140041 -0.018999
v 0.023504 0.141437 -0.018744
v 0.027454 0.140041 -0.013221
v 0.027086 0.141437 -0.013044
v 0.029708 0.140041 -0.006781
v 0.029309 0.141437 -0.006690
v 0.030472 0.140041 0.000000
v 0.030063 0.141437 0.000000
v 0.029708 0.140041 0.006781
v 0.029309 0.141437 0.006690
v 0.027454 0.140041 0.013221
v 0.027086 0.141437 0.013044
v 0.023824 0.140041 0.018999
v 0.023504 0.141437 0.018744
v 0.018999 0.140041 0.023823
v 0.018744 0.141437 0.023504
v 0.013221 0.140041 0.027454
v 0.013044 0.141437 0.027086
v 0.006781 0.140041 0.029707
v 0.006690 0.141437 0.029309
v 0.000000 0.140041 0.030471
v 0.000000 0.141437 0.030063
v -0.006780 0.140041 0.029707
v -0.006689 0.141437 0.029309
v -0.013221 0.140041 0.027454
v -0.013044 0.141437 0.027086
v -0.018998 0.140041 0.023823
v -0.018744 0.141437 0.023504
v -0.023823 0.140041 0.018999
v -0.023504 0.141437 0.018744
v -0.027454 0.140041 0.013221
v -0.027086 0.141437 0.013044
v -0.029707 0.140041 0.006781
v -0.029309 0.141437 0.006690
v -0.030471 0.140041 -0.000000
v -0.030063 0.141437 -0.000000
v -0.029707 0.140041 -0.006781
v -0.029309 0.141437 -0.006690
v -0.027454 0.140041 -0.013221
v -0.027086 0.141437 -0.013044
v -0.023823 0.140041 -0.018999
v -0.023504 0.141437 -0.018744
v -0.018998 0.140041 -0.023823
v -0.018744 0.141437 -0.023504
v 0.012842 0.004255 0.026666
v -0.012841 0.004255 -0.026666
v 0.000000 0.004255 -0.029597
v 0.006586 0.004255 0.028855
v -0.006586 0.004255 -0.028855
v 0.000000 0.004255 0.029597
v 0.006586 0.004255 -0.028855
v -0.006586 0.004255 0.028855
v 0.012842 0.004255 -0.026666
v -0.012841 0.004255 0.026666
v 0.018454 0.004255 -0.023140
v -0.018453 0.004255 0.023140
v 0.023140 0.004255 -0.018453
v -0.023140 0.004255 0.018453
v 0.026666 0.004255 -0.012842
v -0.026666 0.004255 0.012842
v 0.028855 0.004255 -0.006586
v -0.028855 0.004255 0.006586
v 0.029597 0.004255 0.000000
v -0.029597 0.004255 -0.000000
v 0.028855 0.004255 0.006586
v -0.028855 0.004255 -0.006586
v 0.026666 0.004255 0.012842
v -0.026666 0.004255 -0.012842
v 0.023140 0.004255 0.018453
v -0.023140 0.004255 -0.018453
v 0.018454 0.004255 0.023140
v -0.018453 0.004255 -0.023140
v 0.013269 0.002502 -0.027554
v 0.006805 0.002502 -0.029816
v -0.013269 0.002502 0.027554
v -0.006805 0.002502 0.029816
v 0.019068 0.002502 -0.023910
v -0.019068 0.002502 0.023910
v 0.023911 0.002502 -0.019068
v -0.023910 0.002502 0.019068
v 0.027554 0.002502 -0.013269
v -0.027554 0.002502 0.013269
v 0.029816 0.002502 -0.006805
v -0.029816 0.002502 0.006805
v 0.030583 0.002502 0.000000
v -0.030582 0.002502 -0.000000
v 0.029816 0.002502 0.006805
v -0.029816 0.002502 -0.006805
v 0.027554 0.002502 0.013269
v -0.027554 0.002502 -0.013269
v 0.023911 0.002502 0.019068
v -0.023910 0.002502 -0.019068
v 0.019068 0.002502 0.023910
v -0.019068 0.002502 -0.023910
v 0.013269 0.002502 0.027554
v -0.013269 0.002502 -0.027554
v 0.006805 0.002502 0.029816
v -0.006805 0.002502 -0.029816
v 0.000000 0.002502 0.030583
v 0.000000 0.002502 -0.030583
v -0.014012 0.033763 -0.029097
v -0.014012 0.059084 -0.029097
v -0.014012 0.084405 -0.029097
v -0.014012 0.109726 -0.029097
v -0.007186 0.109726 -0.031486
v -0.007186 0.084405 -0.031486
v -0.007186 0.059084 -0.031486
v -0.007186 0.033763 -0.031486
v 0.000000 0.109726 -0.032295
v 0.000000 0.084405 -0.032295
v 0.000000 0.059084 -0.032295
v 0.000000 0.033763 -0.032295
v 0.007187 0.109726 -0.031486
v 0.007187 0.084405 -0.031486
v 0.007187 0.059084 -0.031486
v 0.007187 0.033763 -0.031486
v 0.014013 0.109726 -0.029097
v 0.014013 0.084405 -0.029097
v 0.014013 0.059084 -0.029097
v 0.014013 0.033763 -0.029097
v 0.020136 0.109726 -0.025250
v 0.020136 0.084405 -0.025250
v 0.020136 0.059084 -0.025250
v 0.020136 0.033763 -0.025250
v 0.025250 0.109726 -0.020136
v 0.025250 0.084405 -0.020136
v 0.025250 0.059084 -0.020136
v 0.025250 0.033763 -0.020136
v 0.029097 0.109726 -0.014012
v 0.029097 0.084405 -0.014012
v 0.029097 0.059084 -0.014012
v 0.029097 0.033763 -0.014012
v 0.031486 0.109726 -0.007186
v 0.031486 0.084405 -0.007186
v 0.031486 0.059084 -0.007186
v 0.031486 0.033763 -0.007186
v 0.032296 0.109726 0.000000
v 0.032296 0.084405 0.000000
v 0.032296 0.059084 0.000000
v 0.032296 0.033763 0.000000
v 0.031486 0.109726 0.007186
v 0.031486 0.084405 0.007186
v 0.031486 0.059084 0.007186
v 0.031486 0.033763 0.007186
v 0.029097 0.109726 0.014012
v 0.029097 0.084405 0.014012
v 0.029097 0.059084 0.014012
v 0.029097 0.033763 0.014012
v 0.025250 0.109726 0.020136
v 0.025250 0.084405 0.020136
v 0.025250 0.059084 0.020136
v 0.025250 0.033763 0.020136
v 0.020136 0.109726 0.025250
v 0.020136 0.084405 0.025250
v 0.020136 0.059084 0.025250
v 0.020136 0.033763 0.025250
v 0.014013 0.109726 0.029097
v 0.014013 0.084405 0.029097
v 0.014013 0.059084 0.029097
v 0.014013 0.033763 0.029097
v 0.007187 0.109726 0.031486
v 0.007187 0.084405 0.031486
v 0.007187 0.059084 0.031486
v 0.007187 0.033763 0.031486
v 0.000000 0.109726 0.032295
v 0.000000 0.084405 0.032295
v 0.000000 0.059084 0.032295
v 0.000000 0.033763 0.032295
v -0.007186 0.109726 0.031486
v -0.007186 0.084405 0.031486
v -0.007186 0.059084 0.031486
v -0.007186 0.033763 0.031486
v -0.014012 0.109726 0.029097
v -0.014012 0.084405 0.029097
v -0.014012 0.059084 0.029097
v -0.014012 0.033763 0.029097
v -0.020136 0.109726 0.025250
v -0.020136 0.084405 0.025250
v -0.020136 0.059084 0.025250
v -0.020136 0.033763 0.025250
v -0.025249 0.109726 0.020136
v -0.025249 0.084405 0.020136
v -0.025249 0.059084 0.020136
v -0.025249 0.033763 0.020136
v -0.029097 0.109726 0.014012
v -0.029097 0.084405 0.014012
v -0.029097 0.059084 0.014012
v -0.029097 0.033763 0.014012
v -0.031486 0.109726 0.007186
v -0.031486 0.084405 0.007186
v -0.031486 0.059084 0.007186
v -0.031486 0.033763 0.007186
v -0.032295 0.109726 -0.000000
v -0.032295 0.084405 -0.000000
v -0.032295 0.059084 -0.000000
v -0.032295 0.033763 -0.000000
v -0.031486 0.109726 -0.007186
v -0.031486 0.084405 -0.007186
v -0.031486 0.059084 -0.007186
v -0.031486 0.033763 -0.007186
v -0.029097 0.109726 -0.014012
v -0.029097 0.084405 -0.014012
v -0.029097 0.059084 -0.014012
v -0.029097 0.033763 -0.014012
v -0.025249 0.109726 -0.020136
v -0.025249 0.084405 -0.020136
v -0.025249 0.059084 -0.020136
v -0.025249 0.033763 -0.020136
v -0.020136 0.109726 -0.025250
v -0.020136 0.084405 -0.025250
v -0.020136 0.059084 -0.025250
v -0.020136 0.033763 -0.025250
v 0.000000 0.149667 -0.014196
v 0.000000 0.162133 0.015865
v 0.000000 0.157295 0.015865
v -0.001600 0.157894 0.015865
v 0.000000 0.149667 0.014196
v -0.002346 0.159087 0.015865
v -0.006159 0.149667 0.012790
v -0.002346 0.160342 0.015865
v -0.008851 0.149667 0.011099
v -0.011099 0.149667 0.008851
v -0.012790 0.149667 0.006159
v -0.001600 0.161535 0.015865
v -0.013840 0.149667 0.003159
v -0.014196 0.149667 -0.000000
v -0.013840 0.149667 -0.003159
v -0.012790 0.149667 -0.006159
v -0.011099 0.149667 -0.008851
v -0.008851 0.149667 -0.011099
v -0.006159 0.149667 -0.012790
v -0.003159 0.149667 -0.013840
v 0.000000 0.157482 -0.014196
v -0.006159 0.157482 0.012790
v -0.008851 0.157482 0.011099
v -0.011099 0.157482 0.008851
v -0.012790 0.157482 0.006159
v -0.013840 0.157482 0.003159
v -0.014196 0.157482 -0.000000
v -0.013840 0.157482 -0.003159
v -0.012790 0.157482 -0.006159
v -0.011099 0.157482 -0.008851
v -0.008851 0.157482 -0.011099
v -0.006159 0.157482 -0.012790
v -0.003159 0.157482 -0.013840
v 0.000000 0.164875 0.012139
v -0.005267 0.164875 0.010937
v -0.007568 0.164875 0.009490
v -0.009490 0.164875 0.007568
v -0.010936 0.164875 0.005267
v -0.011834 0.164875 0.002701
v -0.012139 0.164875 -0.000000
v -0.011834 0.164875 -0.002701
v -0.010066 0.164534 -0.006656
v -0.009318 0.163629 -0.007736
v -0.009656 0.164268 -0.007293
v -0.001640 0.157478 0.014102
v -0.001569 0.149667 0.014105
v 0.000000 0.156946 0.014196
v 0.000000 0.162482 0.012139
v -0.010967 0.158841 -0.005282
v -0.002709 0.158841 -0.011868
v -0.007590 0.158841 0.009517
v -0.012173 0.158841 -0.000000
v 0.000000 0.158841 -0.012173
v -0.005282 0.158841 0.010967
v -0.009517 0.158841 -0.007590
v -0.009517 0.158841 0.007590
v -0.011868 0.158841 -0.002709
v -0.011868 0.158841 0.002709
v -0.005282 0.158841 -0.010967
v -0.010967 0.158841 0.005282
v -0.007590 0.158841 -0.009517
v -0.002631 0.164875 0.011842
v -0.002961 0.149667 0.013862
v -0.002961 0.157481 0.013862
v -0.001324 0.164875 0.012068
v -0.002633 0.158859 0.011842
v -0.002633 0.160570 0.011842
v -0.001638 0.161954 0.012032
v 0.000000 0.161822 0.015865
v 0.000000 0.157607 0.015865
v -0.001394 0.158129 0.015865
v -0.002044 0.159168 0.015865
v -0.002044 0.160261 0.015865
v -0.001394 0.161300 0.015865
v 0.000000 0.161822 0.020257
v 0.000000 0.157607 0.020257
v -0.001394 0.158129 0.020257
v -0.002044 0.159168 0.020257
v -0.002044 0.160261 0.020257
v -0.001394 0.161300 0.020257
v -0.002044 0.160261 0.016090
v -0.002044 0.159168 0.016090
v -0.001394 0.158129 0.016090
v 0.000000 0.157607 0.016090
v 0.000000 0.161822 0.016090
v -0.001394 0.161300 0.016090
v 0.000000 0.162127 0.015568
v -0.001582 0.161543 0.015568
v -0.002340 0.160351 0.015568
v -0.002340 0.159064 0.015568
v 0.000000 0.162102 0.014144
v 0.000000 0.157321 0.015093
v -0.001331 0.157722 0.015067
v -0.002318 0.158979 0.014033
v -0.002318 0.160386 0.014033
v -0.001517 0.161572 0.014105
v -0.002044 0.159168 0.020023
v 0.000000 0.157607 0.020023
v -0.001394 0.161300 0.020023
v -0.002044 0.160261 0.020023
v -0.001394 0.158129 0.020023
v 0.000000 0.161822 0.020023
v 0.000000 0.162077 0.012791
v 0.000000 0.157341 0.014486
v -0.001121 0.157587 0.014440
v -0.002296 0.158895 0.012592
v -0.002296 0.160421 0.012592
v -0.001453 0.161602 0.012722
v 0.000000 0.164881 0.010728
v -0.004658 0.164280 0.009664
v -0.006689 0.164280 0.008387
v -0.008387 0.164280 0.006689
v -0.009666 0.164280 0.004655
v -0.010459 0.164280 0.002387
v -0.010728 0.164280 -0.000000
v -0.010459 0.164280 -0.002387
v -0.009668 0.164277 -0.004652
v -0.008897 0.164275 -0.005866
v -0.008431 0.163516 -0.006622
v -0.008401 0.164562 -0.006595
v -0.002274 0.164277 0.010477
v -0.001160 0.164281 0.010666
v 0.000000 0.158841 -0.010691
v -0.002392 0.158841 -0.010421
v 0.000000 0.160909 0.017465
v 0.000000 0.158520 0.017465
v -0.000824 0.158828 0.017465
v -0.001191 0.159415 0.017465
v -0.001191 0.160014 0.017465
v -0.000824 0.160601 0.017465
v -0.007169 0.158841 -0.007888
v -0.000945 0.160790 0.020257
v -0.001386 0.160085 0.020257
v -0.001386 0.159344 0.020257
v -0.000945 0.158639 0.020257
v 0.000000 0.158286 0.020257
v 0.000000 0.161143 0.020257
v 0.000000 0.158286 0.017465
v -0.000945 0.158639 0.017465
v -0.001386 0.159344 0.017465
v -0.001386 0.160085 0.017465
v -0.000945 0.160790 0.017465
v 0.000000 0.161143 0.017465
v 0.000000 0.161143 0.017911
v -0.000945 0.158639 0.017911
v -0.001386 0.159344 0.017911
v 0.000000 0.158286 0.017911
v -0.001386 0.160085 0.017911
v -0.000945 0.160790 0.017911
v 0.000000 0.161143 0.020069
v -0.001386 0.159344 0.020069
v 0.000000 0.158286 0.020069
v -0.000945 0.160790 0.020069
v -0.000945 0.158639 0.020069
v -0.001386 0.160085 0.020069
v -0.001044 0.160902 0.020257
v 0.000000 0.161293 0.020257
v 0.000000 0.158136 0.020257
v -0.001044 0.158526 0.020257
v -0.001531 0.159305 0.020257
v -0.001531 0.160124 0.020257
v 0.000000 0.161685 0.020257
v -0.001303 0.158232 0.020257
v -0.001911 0.160226 0.020257
v -0.001303 0.161197 0.020257
v 0.000000 0.157744 0.020257
v -0.001911 0.159203 0.020257
v -0.004663 0.158841 -0.009627
v -0.006701 0.158841 -0.008346
v -0.001162 0.158841 0.010653
v -0.009666 0.158841 -0.004654
v -0.009666 0.158841 0.004655
v -0.010459 0.158841 -0.002387
v -0.008387 0.158841 0.006689
v -0.010728 0.158841 -0.000000
v -0.006689 0.158841 0.008388
v -0.010459 0.158841 0.002387
v -0.004660 0.158841 0.009663
v -0.002276 0.158841 0.010477
v 0.000000 0.158841 0.010728
v -0.008417 0.158841 -0.006666
v -0.006689 0.164875 0.008387
v -0.008387 0.164875 0.006689
v -0.010728 0.164875 -0.000000
v -0.010459 0.164875 -0.002387
v -0.009666 0.164875 0.004655
v -0.009667 0.164873 -0.004652
v -0.002274 0.164873 0.010477
v -0.004658 0.164875 0.009664
v -0.010459 0.164875 0.002387
v -0.008849 0.164870 -0.005938
v -0.008119 0.163820 -0.006946
v -0.008618 0.164061 -0.006345
v -0.001162 0.164876 0.010666
v 0.000000 0.164286 0.010727
v 0.000000 0.164505 0.012139
v -0.005267 0.164505 0.010937
v -0.011834 0.164505 0.002701
v -0.007568 0.164505 0.009490
v -0.012139 0.164505 -0.000000
v -0.009490 0.164505 0.007568
v -0.011834 0.164505 -0.002701
v -0.010936 0.164505 0.005267
v -0.002631 0.164505 0.011842
v -0.001351 0.164505 0.012065
v -0.011861 0.159165 -0.002707
v -0.009512 0.159165 0.007586
v -0.012166 0.159165 -0.000000
v -0.010962 0.159165 0.005279
v -0.007586 0.159165 0.009512
v -0.011861 0.159165 0.002707
v -0.005279 0.159165 0.010962
v -0.009519 0.159165 -0.007580
v -0.006998 0.159164 -0.008061
v -0.008417 0.159164 -0.006666
v -0.007236 0.159164 -0.007827
v -0.010936 0.164875 -0.005267
v -0.010040 0.164875 -0.006693
v -0.009147 0.163832 -0.007912
v -0.009551 0.164570 -0.007413
v -0.010936 0.164505 -0.005267
v -0.007790 0.159165 -0.009313
v -0.010962 0.159165 -0.005279
v -0.008067 0.159165 -0.009035
v -0.011235 0.158641 -0.005410
v -0.002775 0.158641 -0.012157
v -0.007775 0.158641 0.009749
v -0.012470 0.158641 -0.000000
v 0.000000 0.158641 -0.012470
v -0.005410 0.158641 0.011235
v -0.009749 0.158641 -0.007775
v -0.009749 0.158641 0.007775
v -0.012157 0.158641 -0.002775
v -0.012157 0.158641 0.002775
v -0.005410 0.158641 -0.011235
v -0.011235 0.158641 0.005410
v -0.007775 0.158641 -0.009749
v -0.002681 0.158657 0.012138
v 0.000000 0.157136 0.014196
v -0.002470 0.160501 0.011873
v -0.001545 0.161788 0.012047
v -0.002470 0.158859 0.011873
v -0.001345 0.157498 0.014121
v 0.000000 0.162286 0.012142
v -0.012790 0.157257 0.006159
v -0.012790 0.157257 -0.006159
v -0.008851 0.157257 -0.011099
v -0.003159 0.157257 -0.013840
v 0.000000 0.157257 -0.014196
v -0.014196 0.157257 -0.000000
v -0.006159 0.157257 0.012790
v -0.008851 0.157257 0.011099
v -0.013840 0.157257 0.003159
v -0.013840 0.157257 -0.003159
v -0.011099 0.157257 -0.008851
v -0.006159 0.157257 -0.012790
v -0.011099 0.157257 0.008851
v -0.002961 0.157257 0.013862
v -0.001638 0.157254 0.014102
v 0.000000 0.156737 0.014196
v -0.001543 0.157858 0.015568
v -0.012527 0.157678 -0.006033
v -0.003094 0.157678 -0.013555
v -0.008669 0.157678 0.010870
v -0.013904 0.157678 -0.000000
v 0.000000 0.157678 -0.013904
v -0.006033 0.157678 0.012527
v -0.010870 0.157678 -0.008669
v -0.010870 0.157678 0.008669
v -0.013555 0.157678 -0.003094
v -0.013555 0.157678 0.003094
v -0.006033 0.157678 -0.012527
v -0.012527 0.157678 0.006033
v -0.008669 0.157678 -0.010870
v -0.002914 0.157680 0.013571
v 0.000000 0.157301 0.015568
v -0.002633 0.159203 0.011842
v -0.001739 0.157616 0.013876
v -0.002566 0.158766 0.011994
v 0.000000 0.162087 0.012262
v 0.000000 0.157328 0.014248
v -0.001062 0.157530 0.014195
v -0.002305 0.158865 0.012029
v -0.002305 0.160431 0.012029
v -0.001452 0.161618 0.012181
v 0.001600 0.157894 0.015865
v 0.002346 0.159087 0.015865
v 0.006160 0.149667 0.012790
v 0.002346 0.160342 0.015865
v 0.008851 0.149667 0.011099
v 0.011099 0.149667 0.008851
v 0.012790 0.149667 0.006159
v 0.001600 0.161535 0.015865
v 0.013840 0.149667 0.003159
v 0.014196 0.149667 -0.000000
v 0.013840 0.149667 -0.003159
v 0.012790 0.149667 -0.006159
v 0.011099 0.149667 -0.008851
v 0.008851 0.149667 -0.011099
v 0.006160 0.149667 -0.012790
v 0.003159 0.149667 -0.013840
v 0.006160 0.157482 0.012790
v 0.008851 0.157482 0.011099
v 0.011099 0.157482 0.008851
v 0.012790 0.157482 0.006159
v 0.013840 0.157482 0.003159
v 0.014196 0.157482 -0.000000
v 0.013840 0.157482 -0.003159
v 0.012790 0.157482 -0.006159
v 0.011099 0.157482 -0.008851
v 0.008851 0.157482 -0.011099
v 0.006160 0.157482 -0.012790
v 0.003159 0.157482 -0.013840
v 0.005267 0.164875 0.010937
v 0.007569 0.164875 0.009490
v 0.009491 0.164875 0.007568
v 0.010937 0.164875 0.005267
v 0.011835 0.164875 0.002701
v 0.012139 0.164875 -0.000000
v 0.011835 0.164875 -0.002701
v 0.010067 0.164534 -0.006656
v 0.009318 0.163629 -0.007736
v 0.009657 0.164268 -0.007293
v 0.001640 0.157478 0.014102
v 0.001569 0.149667 0.014105
v 0.010968 0.158841 -0.005282
v 0.002709 0.158841 -0.011868
v 0.007590 0.158841 0.009517
v 0.012173 0.158841 -0.000000
v 0.005282 0.158841 0.010967
v 0.009517 0.158841 -0.007590
v 0.009517 0.158841 0.007590
v 0.011868 0.158841 -0.002709
v 0.011868 0.158841 0.002709
v 0.005282 0.158841 -0.010967
v 0.010968 0.158841 0.005282
v 0.007590 0.158841 -0.009517
v 0.002631 0.164875 0.011842
v 0.002962 0.149667 0.013862
v 0.002962 0.157481 0.013862
v 0.001324 0.164875 0.012068
v 0.002633 0.158859 0.011842
v 0.002633 0.160570 0.011842
v 0.001638 0.161954 0.012032
v 0.001394 0.158129 0.015865
v 0.002044 0.159168 0.015865
v 0.002044 0.160261 0.015865
v 0.001394 0.161300 0.015865
v 0.001394 0.158129 0.020257
v 0.002044 0.159168 0.020257
v 0.002044 0.160261 0.020257
v 0.001394 0.161300 0.020257
v 0.002044 0.160261 0.016090
v 0.002044 0.159168 0.016090
v 0.001394 0.158129 0.016090
v 0.001394 0.161300 0.016090
v 0.001583 0.161543 0.015568
v 0.002341 0.160351 0.015568
v 0.002341 0.159064 0.015568
v 0.001332 0.157722 0.015067
v 0.002318 0.158979 0.014033
v 0.002318 0.160386 0.014033
v 0.001518 0.161572 0.014105
v 0.002044 0.159168 0.020023
v 0.001394 0.161300 0.020023
v 0.002044 0.160261 0.020023
v 0.001394 0.158129 0.020023
v 0.001121 0.157587 0.014440
v 0.002296 0.158895 0.012592
v 0.002296 0.160421 0.012592
v 0.001453 0.161602 0.012722
v 0.004659 0.164280 0.009664
v 0.006689 0.164280 0.008387
v 0.008388 0.164280 0.006689
v 0.009666 0.164280 0.004655
v 0.010459 0.164280 0.002387
v 0.010728 0.164280 -0.000000
v 0.010459 0.164280 -0.002387
v 0.009668 0.164277 -0.004652
v 0.008898 0.164275 -0.005866
v 0.008431 0.163516 -0.006622
v 0.008402 0.164562 -0.006595
v 0.002274 0.164277 0.010477
v 0.001160 0.164281 0.010666
v 0.002392 0.158841 -0.010421
v 0.000824 0.158828 0.017465
v 0.001191 0.159415 0.017465
v 0.001191 0.160014 0.017465
v 0.000824 0.160601 0.017465
v 0.007169 0.158841 -0.007888
v 0.000945 0.160790 0.020257
v 0.001386 0.160085 0.020257
v 0.001386 0.159344 0.020257
v 0.000945 0.158639 0.020257
v 0.000945 0.158639 0.017465
v 0.001386 0.159344 0.017465
v 0.001386 0.160085 0.017465
v 0.000945 0.160790 0.017465
v 0.000945 0.158639 0.017911
v 0.001386 0.159344 0.017911
v 0.001386 0.160085 0.017911
v 0.000945 0.160790 0.017911
v 0.001386 0.159344 0.020069
v 0.000945 0.160790 0.020069
v 0.000945 0.158639 0.020069
v 0.001386 0.160085 0.020069
v 0.001045 0.160902 0.020257
v 0.001045 0.158526 0.020257
v 0.001532 0.159305 0.020257
v 0.001532 0.160124 0.020257
v 0.001304 0.158232 0.020257
v 0.001911 0.160226 0.020257
v 0.001304 0.161197 0.020257
v 0.001911 0.159203 0.020257
v 0.004664 0.158841 -0.009627
v 0.006701 0.158841 -0.008346
v 0.001162 0.158841 0.010653
v 0.009666 0.158841 -0.004654
v 0.009666 0.158841 0.004655
v 0.010459 0.158841 -0.002387
v 0.008388 0.158841 0.006689
v 0.010728 0.158841 -0.000000
v 0.006689 0.158841 0.008388
v 0.010459 0.158841 0.002387
v 0.004660 0.158841 0.009663
v 0.002276 0.158841 0.010477
v 0.008417 0.158841 -0.006666
v 0.006689 0.164875 0.008387
v 0.008388 0.164875 0.006689
v 0.010728 0.164875 -0.000000
v 0.010459 0.164875 -0.002387
v 0.009666 0.164875 0.004655
v 0.009667 0.164873 -0.004652
v 0.002274 0.164873 0.010477
v 0.004659 0.164875 0.009664
v 0.010459 0.164875 0.002387
v 0.008849 0.164870 -0.005938
v 0.008119 0.163820 -0.006946
v 0.008619 0.164061 -0.006345
v 0.001162 0.164876 0.010666
v 0.005267 0.164505 0.010937
v 0.011835 0.164505 0.002701
v 0.007569 0.164505 0.009490
v 0.012139 0.164505 -0.000000
v 0.009491 0.164505 0.007568
v 0.011835 0.164505 -0.002701
v 0.010937 0.164505 0.005267
v 0.002631 0.164505 0.011842
v 0.001351 0.164505 0.012065
v 0.011862 0.159165 -0.002707
v 0.009512 0.159165 0.007586
v 0.012167 0.159165 -0.000000
v 0.010962 0.159165 0.005279
v 0.007586 0.159165 0.009512
v 0.011862 0.159165 0.002707
v 0.005279 0.159165 0.010962
v 0.009519 0.159165 -0.007580
v 0.006998 0.159164 -0.008061
v 0.008417 0.159164 -0.006666
v 0.007236 0.159164 -0.007827
v 0.010937 0.164875 -0.005267
v 0.010041 0.164875 -0.006693
v 0.009147 0.163832 -0.007912
v 0.009551 0.164570 -0.007413
v 0.010937 0.164505 -0.005267
v 0.007790 0.159165 -0.009313
v 0.010962 0.159165 -0.005279
v 0.008068 0.159165 -0.009035
v 0.011235 0.158641 -0.005410
v 0.002775 0.158641 -0.012157
v 0.007775 0.158641 0.009749
v 0.012470 0.158641 -0.000000
v 0.005411 0.158641 0.011235
v 0.009749 0.158641 -0.007775
v 0.009749 0.158641 0.007775
v 0.012157 0.158641 -0.002775
v 0.012157 0.158641 0.002775
v 0.005411 0.158641 -0.011235
v 0.011235 0.158641 0.005410
v 0.007775 0.158641 -0.009749
v 0.002681 0.158657 0.012138
v 0.002470 0.160501 0.011873
v 0.001545 0.161788 0.012047
v 0.002470 0.158859 0.011873
v 0.001345 0.157498 0.014121
v 0.012790 0.157257 0.006159
v 0.012790 0.157257 -0.006159
v 0.008851 0.157257 -0.011099
v 0.003159 0.157257 -0.013840
v 0.014196 0.157257 -0.000000
v 0.006160 0.157257 0.012790
v 0.008851 0.157257 0.011099
v 0.013840 0.157257 0.003159
v 0.013840 0.157257 -0.003159
v 0.011099 0.157257 -0.008851
v 0.006160 0.157257 -0.012790
v 0.011099 0.157257 0.008851
v 0.002962 0.157257 0.013862
v 0.001638 0.157254 0.014102
v 0.001544 0.157858 0.015568
v 0.012527 0.157678 -0.006033
v 0.003094 0.157678 -0.013555
v 0.008669 0.157678 0.010870
v 0.013904 0.157678 -0.000000
v 0.006033 0.157678 0.012527
v 0.010871 0.157678 -0.008669
v 0.010871 0.157678 0.008669
v 0.013555 0.157678 -0.003094
v 0.013555 0.157678 0.003094
v 0.006033 0.157678 -0.012527
v 0.012527 0.157678 0.006033
v 0.008669 0.157678 -0.010870
v 0.002914 0.157680 0.013571
v 0.002633 0.159203 0.011842
v 0.001740 0.157616 0.013876
v 0.002566 0.158766 0.011994
v 0.001063 0.157530 0.014195
v 0.002306 0.158865 0.012029
v 0.002306 0.160431 0.012029
v 0.001452 0.161618 0.012181
v -0.002259 0.155596 -0.009839
v 0.000000 0.155596 -0.010093
v -0.006753 0.155596 -0.007464
v -0.004404 0.155596 -0.009088
v -0.006331 0.155596 -0.007877
v -0.001096 0.155596 0.010062
v -0.009127 0.155596 -0.004397
v -0.009127 0.155596 0.004395
v -0.009876 0.155596 -0.002254
v -0.007920 0.155596 0.006316
v -0.010130 0.155596 -0.000000
v -0.006316 0.155596 0.007920
v -0.009876 0.155596 0.002254
v -0.004403 0.155596 0.009123
v -0.002132 0.155596 0.009899
v 0.000000 0.155596 0.010133
v -0.007950 0.155596 -0.006292
v 0.002259 0.155596 -0.009839
v 0.006754 0.155596 -0.007464
v 0.004404 0.155596 -0.009088
v 0.006331 0.155596 -0.007877
v 0.001097 0.155596 0.010062
v 0.009127 0.155596 -0.004397
v 0.009127 0.155596 0.004395
v 0.009877 0.155596 -0.002254
v 0.007921 0.155596 0.006316
v 0.010131 0.155596 -0.000000
v 0.006316 0.155596 0.007920
v 0.009877 0.155596 0.002254
v 0.004403 0.155596 0.009123
v 0.002133 0.155596 0.009899
v 0.007950 0.155596 -0.006292
v 0.008417 0.155596 -0.006666
v 0.007169 0.155596 -0.007888
v 0.006701 0.155596 -0.008346
v 0.004664 0.155596 -0.009627
v 0.002392 0.155596 -0.010421
v 0.000000 0.155596 -0.010691
v -0.007169 0.155596 -0.007888
v -0.006701 0.155596 -0.008346
v -0.009666 0.155596 -0.004654
v -0.008417 0.155596 -0.006666
v -0.004660 0.155596 0.009663
v -0.002276 0.155596 0.010477
v -0.006689 0.155596 0.008388
v -0.008387 0.155596 0.006689
v 0.009666 0.155596 -0.004654
v -0.009666 0.155596 0.004655
v 0.004660 0.155596 0.009663
v 0.002276 0.155596 0.010477
v -0.010459 0.155596 0.002387
v 0.006689 0.155596 0.008388
v -0.010728 0.155596 -0.000000
v 0.008388 0.155596 0.006689
v -0.010459 0.155596 -0.002387
v 0.009666 0.155596 0.004655
v 0.010459 0.155596 0.002387
v -0.001162 0.155596 0.010653
v 0.000000 0.155596 0.010728
v 0.010728 0.155596 -0.000000
v 0.010459 0.155596 -0.002387
v -0.004663 0.155596 -0.009627
v 0.001162 0.155596 0.010653
v -0.002392 0.155596 -0.010421
v 0.006689 0.156083 0.008388
v 0.000000 0.156083 -0.010691
v 0.002392 0.156083 -0.010421
v 0.008388 0.156083 0.006689
v -0.007169 0.156083 -0.007888
v -0.006701 0.156083 -0.008346
v 0.010459 0.156083 0.002387
v 0.009666 0.156083 0.004655
v 0.006701 0.156083 -0.008346
v 0.004664 0.156083 -0.009627
v -0.002276 0.156083 0.010477
v -0.001162 0.156083 0.010653
v 0.004660 0.156083 0.009663
v -0.002392 0.156083 -0.010421
v 0.000000 0.156083 0.010728
v 0.002276 0.156083 0.010477
v -0.004663 0.156083 -0.009627
v -0.009666 0.156083 -0.004654
v -0.010459 0.156083 -0.002387
v 0.009666 0.156083 -0.004654
v 0.008417 0.156083 -0.006666
v -0.010728 0.156083 -0.000000
v 0.007169 0.156083 -0.007888
v -0.008417 0.156083 -0.006666
v -0.010459 0.156083 0.002387
v -0.009666 0.156083 0.004655
v 0.001162 0.156083 0.010653
v -0.008387 0.156083 0.006689
v -0.006689 0.156083 0.008388
v 0.010459 0.156083 -0.002387
v -0.004660 0.156083 0.009663
v 0.010728 0.156083 -0.000000
v 0.000000 0.155596 -0.000000
v 0.000000 0.164880 0.011030
v -0.004788 0.164875 0.009936
v -0.006877 0.164875 0.008623
v -0.008623 0.164875 0.006877
v -0.009937 0.164875 0.004786
v -0.010753 0.164875 0.002454
v -0.011030 0.164875 -0.000000
v -0.010753 0.164875 -0.002454
v -0.009938 0.164873 -0.004784
v -0.009104 0.164871 -0.006099
v -0.008339 0.163823 -0.007153
v -0.008647 0.164564 -0.006770
v -0.002350 0.164873 0.010769
v -0.001197 0.164876 0.010966
v -0.004795 0.158841 -0.009913
v -0.006891 0.158841 -0.008597
v 0.000000 0.158841 -0.011008
v -0.002459 0.158841 -0.010731
v -0.007167 0.159164 -0.008329
v 0.004789 0.164875 0.009936
v 0.006877 0.164875 0.008623
v 0.008624 0.164875 0.006877
v 0.009938 0.164875 0.004786
v 0.010754 0.164875 0.002454
v 0.011030 0.164875 -0.000000
v 0.010754 0.164875 -0.002454
v 0.009939 0.164873 -0.004784
v 0.009104 0.164871 -0.006099
v 0.008339 0.163823 -0.007153
v 0.008648 0.164564 -0.006770
v 0.002351 0.164873 0.010769
v 0.001197 0.164876 0.010966
v 0.004796 0.158841 -0.009913
v 0.006891 0.158841 -0.008597
v 0.002460 0.158841 -0.010731
v 0.007168 0.159164 -0.008329
v -0.005157 0.158841 -0.010697
v 0.000000 0.158841 -0.011874
v 0.005157 0.158841 -0.010697
v 0.000000 0.164877 0.011854
v -0.005144 0.164875 0.010680
v -0.007391 0.164875 0.009268
v -0.009268 0.164875 0.007391
v -0.010680 0.164875 0.005143
v -0.011557 0.164875 0.002638
v -0.011854 0.164875 -0.000000
v -0.011557 0.164875 -0.002638
v -0.010680 0.164875 -0.005143
v -0.009800 0.164874 -0.006540
v -0.008939 0.163829 -0.007717
v -0.009319 0.164568 -0.007247
v -0.002559 0.164875 0.011567
v -0.001291 0.164875 0.011785
v -0.007410 0.158841 -0.009281
v -0.002645 0.158841 -0.011576
v -0.007630 0.159165 -0.009061
v 0.005144 0.164875 0.010680
v 0.007391 0.164875 0.009268
v 0.009268 0.164875 0.007391
v 0.010680 0.164875 0.005143
v 0.011557 0.164875 0.002638
v 0.011854 0.164875 -0.000000
v 0.011557 0.164875 -0.002638
v 0.010680 0.164875 -0.005143
v 0.009800 0.164874 -0.006540
v 0.008940 0.163829 -0.007717
v 0.009319 0.164568 -0.007247
v 0.002559 0.164875 0.011567
v 0.001292 0.164875 0.011785
v 0.007411 0.158841 -0.009281
v 0.002645 0.158841 -0.011576
v 0.007630 0.159165 -0.009061
v 0.002392 0.158524 -0.010421
v -0.006701 0.158524 -0.008346
v 0.006701 0.158524 -0.008346
v -0.004663 0.158524 -0.009627
v 0.007169 0.158524 -0.007888
v 0.000000 0.158524 -0.010691
v -0.007169 0.158524 -0.007888
v 0.004664 0.158524 -0.009627
v -0.002392 0.158524 -0.010421
v 0.008417 0.158524 -0.006666
v -0.008417 0.158524 -0.006666
v 0.000000 0.149667 -0.011896
v 0.000000 0.149667 0.011896
v -0.005161 0.149667 0.010718
v -0.007417 0.149667 0.009301
v -0.009301 0.149667 0.007417
v -0.010718 0.149667 0.005162
v -0.011598 0.149667 0.002647
v -0.011896 0.149667 -0.000000
v -0.011598 0.149667 -0.002647
v -0.010718 0.149667 -0.005162
v -0.009301 0.149667 -0.007417
v -0.007417 0.149667 -0.009301
v -0.005161 0.149667 -0.010718
v -0.002647 0.149667 -0.011598
v -0.001314 0.149667 0.011821
v -0.002482 0.149667 0.011617
v 0.005162 0.149667 0.010718
v 0.007417 0.149667 0.009301
v 0.009301 0.149667 0.007417
v 0.010718 0.149667 0.005162
v 0.011598 0.149667 0.002647
v 0.011896 0.149667 -0.000000
v 0.011598 0.149667 -0.002647
v 0.010718 0.149667 -0.005162
v 0.009301 0.149667 -0.007417
v 0.007417 0.149667 -0.009301
v 0.005162 0.149667 -0.010718
v 0.002647 0.149667 -0.011598
v 0.001315 0.149667 0.011821
v 0.002482 0.149667 0.011617
v 0.002796 0.149667 0.013085
v 0.001481 0.149667 0.013315
v -0.005814 0.149667 0.012073
v -0.008355 0.149667 0.010476
v -0.001481 0.149667 0.013315
v -0.002795 0.149667 0.013085
v -0.012073 0.149667 0.005814
v -0.013064 0.149667 0.002982
v 0.008355 0.149667 0.010476
v 0.005814 0.149667 0.012073
v 0.000000 0.149667 0.013400
v -0.012073 0.149667 -0.005814
v -0.010476 0.149667 -0.008355
v 0.013064 0.149667 0.002982
v 0.012073 0.149667 0.005814
v 0.010477 0.149667 0.008355
v -0.008355 0.149667 -0.010476
v -0.005814 0.149667 -0.012073
v -0.010476 0.149667 0.008355
v 0.010477 0.149667 -0.008355
v 0.012073 0.149667 -0.005814
v -0.013400 0.149667 -0.000000
v -0.013064 0.149667 -0.002982
v 0.005814 0.149667 -0.012073
v 0.008355 0.149667 -0.010476
v -0.002982 0.149667 -0.013064
v 0.000000 0.149667 -0.013400
v 0.013400 0.149667 -0.000000
v 0.013064 0.149667 -0.002982
v 0.002982 0.149667 -0.013064
v -0.002961 0.150552 0.013862
v -0.012790 0.150552 0.006159
v -0.012790 0.150552 -0.006159
v -0.008851 0.150552 -0.011099
v -0.003159 0.150552 -0.013840
v 0.000000 0.150552 -0.014196
v -0.014196 0.150552 -0.000000
v -0.006159 0.150552 0.012790
v -0.008851 0.150552 0.011099
v -0.013840 0.150552 0.003159
v -0.013840 0.150552 -0.003159
v -0.011099 0.150552 -0.008851
v -0.006159 0.150552 -0.012790
v -0.011099 0.150552 0.008851
v -0.001577 0.150552 0.014105
v 0.000000 0.150552 0.014196
v 0.002962 0.150552 0.013862
v 0.012790 0.150552 0.006159
v 0.012790 0.150552 -0.006159
v 0.008851 0.150552 -0.011099
v 0.003159 0.150552 -0.013840
v 0.014196 0.150552 -0.000000
v 0.006160 0.150552 0.012790
v 0.008851 0.150552 0.011099
v 0.013840 0.150552 0.003159
v 0.013840 0.150552 -0.003159
v 0.011099 0.150552 -0.008851
v 0.006160 0.150552 -0.012790
v 0.011099 0.150552 0.008851
v 0.001577 0.150552 0.014105
v 0.000000 0.160014 0.017465
v 0.000000 0.159415 0.017465
v 0.005683 0.154848 -0.007804
v 0.007823 0.154848 -0.005665
v 0.009196 0.154848 -0.002969
v 0.009669 0.154848 0.000019
v 0.005803 0.162190 0.000019
v 0.009196 0.154848 0.003006
v 0.005519 0.162190 0.001812
v 0.007823 0.154848 0.005702
v 0.004695 0.162190 0.003430
v 0.005683 0.154848 0.007841
v 0.003411 0.162190 0.004713
v 0.002988 0.154848 0.009214
v 0.001793 0.162190 0.005538
v 0.000000 0.154848 0.009688
v 0.000000 0.162190 0.005822
v -0.002988 0.154848 0.009214
v -0.001793 0.162190 0.005538
v -0.005683 0.154848 0.007841
v -0.003411 0.162190 0.004713
v -0.007822 0.154848 0.005702
v -0.004694 0.162190 0.003430
v -0.009195 0.154848 0.003006
v -0.005519 0.162190 0.001812
v -0.009669 0.154848 0.000019
v -0.005803 0.162190 0.000019
v -0.009195 0.154848 -0.002969
v -0.007822 0.154848 -0.005665
v -0.005683 0.154848 -0.007804
v 0.005683 0.162190 -0.007804
v 0.007714 0.162074 -0.005586
v 0.009070 0.162071 -0.002928
v 0.009538 0.162071 0.000019
v 0.009071 0.162071 0.002966
v 0.007716 0.162071 0.005625
v 0.005606 0.162071 0.007735
v 0.002947 0.162071 0.009089
v 0.000000 0.162071 0.009556
v -0.002947 0.162071 0.009089
v -0.005606 0.162071 0.007735
v -0.007716 0.162071 0.005625
v -0.009070 0.162071 0.002966
v -0.009537 0.162071 0.000019
v -0.009070 0.162071 -0.002928
v -0.007714 0.162074 -0.005586
v -0.005683 0.162190 -0.007804
v -0.005739 0.162190 -0.004151
v -0.005774 0.162190 -0.001858
v 0.005774 0.162190 -0.001858
v 0.005739 0.162190 -0.004151
v 0.000000 0.154848 -0.010386
v 0.002988 0.154848 -0.009913
v 0.002988 0.162628 -0.009913
v 0.000000 0.162628 -0.010386
v 0.005527 0.154848 -0.008494
v 0.005529 0.162622 -0.008491
v -0.005529 0.162622 -0.008491
v -0.005527 0.154848 -0.008494
v -0.002988 0.154848 -0.009913
v -0.002988 0.162628 -0.009913
v 0.001951 0.162190 0.006022
v 0.003710 0.162190 0.005125
v 0.005536 0.163320 -0.008313
v 0.006225 0.162190 -0.002004
v 0.005107 0.162190 0.003729
v 0.006138 0.162190 -0.004440
v 0.004863 0.163635 0.001599
v 0.005121 0.163635 -0.000030
v 0.004137 0.163635 0.003024
v 0.003006 0.163635 0.004155
v 0.001580 0.163635 0.004881
v 0.000000 0.163635 0.005132
v -0.001580 0.163635 0.004881
v -0.003005 0.163635 0.004155
v -0.004136 0.163635 0.003024
v -0.004863 0.163635 0.001599
v -0.005121 0.163635 -0.000030
v -0.005093 0.163635 -0.001847
v -0.005058 0.163635 -0.004141
v 0.005058 0.163635 -0.004141
v 0.005093 0.163635 -0.001847
v 0.002988 0.163361 -0.009729
v 0.000000 0.163361 -0.010202
v -0.002988 0.163361 -0.009729
v -0.005536 0.163320 -0.008313
v 0.002988 0.163635 -0.009177
v 0.000000 0.163635 -0.009650
v 0.005542 0.163572 -0.007793
v -0.002988 0.163635 -0.009177
v -0.005541 0.163572 -0.007793
v 0.005378 0.163576 0.001557
v 0.005626 0.163574 -0.000023
v 0.004575 0.163576 0.003156
v 0.003324 0.163576 0.004425
v 0.001748 0.163576 0.005240
v 0.000000 0.163576 0.005521
v -0.001747 0.163576 0.005240
v -0.003324 0.163576 0.004425
v -0.004575 0.163576 0.003156
v -0.005378 0.163576 0.001557
v -0.005625 0.163574 -0.000023
v -0.005629 0.163573 -0.001857
v -0.005595 0.163573 -0.004150
v 0.005595 0.163573 -0.004150
v 0.005630 0.163573 -0.001857
v -0.004962 0.154848 -0.008907
v -0.004962 0.162628 -0.008907
v -0.004962 0.163635 -0.008171
v -0.004962 0.163361 -0.008723
v 0.006003 0.162190 0.001969
v 0.004971 0.154848 -0.008903
v 0.004971 0.162628 -0.008903
v 0.004971 0.163635 -0.008167
v 0.004971 0.163361 -0.008718
v 0.006312 0.162190 0.000019
v 0.000000 0.162190 0.006331
v -0.001950 0.162190 0.006022
v -0.003710 0.162190 0.005125
v -0.005106 0.162190 0.003729
v -0.006003 0.162190 0.001969
v -0.006312 0.162190 0.000019
v -0.006225 0.162190 -0.002004
v -0.006116 0.162190 -0.004425
v 0.000000 0.163635 -0.004141
v 0.000000 0.163635 -0.001847
v 0.000000 0.163635 -0.000030
v 0.006019 0.154848 -0.007468
v 0.005966 0.162116 -0.007416
v -0.006040 0.154848 -0.007446
v -0.005988 0.162116 -0.007393
v 0.005683 0.161538 -0.007804
v 0.007823 0.161538 -0.005665
v 0.009196 0.161538 -0.002969
v 0.009669 0.161538 0.000019
v 0.009196 0.161538 0.003006
v 0.007823 0.161538 0.005702
v 0.005683 0.161538 0.007841
v 0.002988 0.161538 0.009214
v 0.000000 0.161538 0.009688
v -0.002988 0.161538 0.009214
v -0.005683 0.161538 0.007841
v -0.007822 0.161538 0.005702
v -0.009195 0.161538 0.003006
v -0.009669 0.161538 0.000019
v -0.009195 0.161538 -0.002969
v -0.007822 0.161538 -0.005665
v -0.005683 0.161538 -0.007804
v 0.000000 0.161538 -0.010386
v 0.002988 0.161538 -0.009913
v 0.005527 0.161538 -0.008494
v -0.005527 0.161538 -0.008494
v -0.002988 0.161538 -0.009913
v -0.004962 0.161538 -0.008907
v 0.004971 0.161538 -0.008903
v 0.006019 0.161538 -0.007468
v -0.006040 0.161538 -0.007446
v 0.007553 0.162190 -0.005469
v 0.008721 0.162190 -0.002815
v 0.009133 0.162190 0.000019
v 0.008686 0.162190 0.002841
v 0.007389 0.162190 0.005387
v 0.005368 0.162190 0.007407
v 0.002822 0.162190 0.008704
v 0.000000 0.162190 0.009151
v -0.002822 0.162190 0.008704
v -0.005368 0.162190 0.007407
v -0.007388 0.162190 0.005387
v -0.008685 0.162190 0.002841
v -0.009132 0.162190 0.000019
v -0.008721 0.162190 -0.002815
v -0.007549 0.162190 -0.005467
v -0.005689 0.162190 -0.007402
v 0.005690 0.162190 -0.007402
v -0.005546 0.163573 -0.007401
v 0.005546 0.163573 -0.007401
v 0.004981 0.163635 -0.007724
v -0.004973 0.163635 -0.007727
v 0.002659 0.163635 -0.008623
v -0.002659 0.163635 -0.008623
v -0.006049 0.162190 -0.007114
v 0.006032 0.162190 -0.007135
v 0.000000 0.163635 -0.009010
v 0.003411 0.162336 0.004713
v -0.005803 0.162336 0.000019
v -0.005519 0.162336 0.001812
v 0.004695 0.162336 0.003430
v 0.005519 0.162336 0.001812
v -0.005683 0.162336 -0.007804
v -0.005774 0.162336 -0.001858
v -0.005739 0.162336 -0.004151
v 0.001793 0.162336 0.005538
v 0.005683 0.162336 -0.007804
v 0.000000 0.162336 0.005822
v -0.001793 0.162336 0.005538
v 0.005739 0.162336 -0.004151
v -0.003411 0.162336 0.004713
v 0.005774 0.162336 -0.001858
v -0.004694 0.162336 0.003430
v 0.005803 0.162336 0.000019
v 0.005690 0.162336 -0.007402
v -0.005689 0.162336 -0.007402
v 0.005683 0.162190 -0.007902
v 0.005683 0.154848 -0.007902
v 0.005683 0.161538 -0.007902
v -0.005683 0.154848 -0.007911
v -0.005683 0.162190 -0.007911
v -0.005683 0.161538 -0.007911
v -0.005683 0.162326 -0.007907
v 0.005683 0.162339 -0.007917
v 0.005727 0.162116 -0.007655
v -0.005785 0.154848 -0.007701
v -0.005847 0.162190 -0.004229
v -0.005903 0.162190 -0.001899
v -0.005948 0.162190 0.000019
v -0.005657 0.162190 0.001857
v 0.005853 0.162190 -0.004234
v 0.005903 0.162190 -0.001899
v -0.004812 0.162190 0.003515
v -0.003496 0.162190 0.004831
v 0.005658 0.162190 0.001857
v 0.005949 0.162190 0.000019
v -0.001838 0.162190 0.005676
v 0.000000 0.162190 0.005967
v 0.001838 0.162190 0.005676
v 0.003497 0.162190 0.004831
v 0.004813 0.162190 0.003515
v 0.005779 0.154848 -0.007708
v -0.005732 0.162116 -0.007649
v 0.005779 0.161538 -0.007708
v -0.005785 0.161538 -0.007701
v 0.005787 0.162190 -0.007326
v -0.005792 0.162190 -0.007319
vn -0.0000 -0.1607 -0.9870
vn -0.0000 0.1628 -0.9867
vn 0.2196 0.1628 -0.9619
vn 0.2196 -0.1607 -0.9623
vn 0.6154 -0.1607 -0.7717
vn 0.6152 0.1628 -0.7714
vn 0.7714 0.1628 -0.6152
vn 0.7717 -0.1607 -0.6154
vn 0.8890 0.1628 -0.4281
vn 0.8893 -0.1607 -0.4282
vn 0.9619 0.1628 -0.2196
vn 0.9623 -0.1607 -0.2196
vn 0.9867 0.1628 -0.0000
vn 0.9870 -0.1607 -0.0000
vn 0.9619 0.1628 0.2196
vn 0.9623 -0.1607 0.2196
vn 0.8890 0.1628 0.4281
vn 0.8893 -0.1607 0.4282
vn 0.7714 0.1628 0.6152
vn 0.7717 -0.1607 0.6154
vn 0.6152 0.1628 0.7714
vn 0.6154 -0.1607 0.7717
vn 0.4281 0.1628 0.8890
vn 0.4282 -0.1607 0.8893
vn 0.2196 0.1628 0.9619
vn 0.2196 -0.1607 0.9623
vn -0.0000 0.1628 0.9867
vn -0.0000 -0.1607 0.9870
vn -0.2196 0.1628 0.9619
vn -0.2196 -0.1607 0.9623
vn -0.4281 0.1628 0.8890
vn -0.4282 -0.1607 0.8893
vn -0.6152 0.1628 0.7714
vn -0.6154 -0.1607 0.7717
vn -0.7714 0.1628 0.6152
vn -0.7717 -0.1607 0.6154
vn -0.8890 0.1628 0.4281
vn -0.8893 -0.1607 0.4282
vn -0.9619 0.1628 0.2196
vn -0.9623 -0.1607 0.2196
vn -0.9867 0.1628 -0.0000
vn -0.9870 -0.1607 -0.0000
vn -0.9619 0.1628 -0.2196
vn -0.9623 -0.1607 -0.2196
vn -0.8890 0.1628 -0.4281
vn -0.8893 -0.1607 -0.4282
vn -0.7714 0.1628 -0.6152
vn -0.7717 -0.1607 -0.6154
vn -0.6152 0.1628 -0.7714
vn -0.6154 -0.1607 -0.7717
vn -0.4281 0.1628 -0.8890
vn -0.4282 -0.1607 -0.8893
vn -0.2196 0.1628 -0.9619
vn -0.2196 -0.1607 -0.9623
vn -0.0000 0.9991 0.0427
vn -0.0095 0.9991 0.0416
vn 0.0469 0.9775 -0.2056
vn -0.0000 0.9775 -0.2109
vn 0.4281 0.1628 -0.8890
vn 0.4282 -0.1607 -0.8893
vn -0.3968 -0.4045 -0.8240
vn -0.2035 -0.4045 -0.8916
vn -0.1913 -0.5111 -0.8380
vn -0.3729 -0.5111 -0.7744
vn -0.5702 -0.4045 -0.7150
vn -0.5359 -0.5111 -0.6720
vn -0.7150 -0.4045 -0.5702
vn -0.6720 -0.5111 -0.5359
vn -0.8240 -0.4045 -0.3968
vn -0.7744 -0.5111 -0.3729
vn -0.8916 -0.4045 -0.2035
vn -0.8380 -0.5111 -0.1913
vn -0.9146 -0.4045 -0.0000
vn -0.8595 -0.5111 -0.0000
vn -0.8916 -0.4045 0.2035
vn -0.8380 -0.5111 0.1913
vn -0.8240 -0.4044 0.3968
vn -0.7744 -0.5111 0.3729
vn -0.7150 -0.4044 0.5702
vn -0.6720 -0.5111 0.5359
vn -0.5702 -0.4045 0.7150
vn -0.5359 -0.5111 0.6720
vn -0.3968 -0.4045 0.8240
vn -0.3729 -0.5111 0.7744
vn -0.2035 -0.4045 0.8916
vn -0.1913 -0.5111 0.8380
vn -0.0000 -0.4045 0.9146
vn -0.0000 -0.5111 0.8595
vn 0.2035 -0.4045 0.8916
vn 0.1913 -0.5111 0.8380
vn 0.3968 -0.4045 0.8240
vn 0.3729 -0.5111 0.7744
vn 0.5702 -0.4045 0.7150
vn 0.5359 -0.5111 0.6720
vn 0.7150 -0.4045 0.5702
vn 0.6720 -0.5111 0.5359
vn 0.8240 -0.4045 0.3968
vn 0.7744 -0.5111 0.3729
vn 0.8916 -0.4045 0.2035
vn 0.8380 -0.5111 0.1913
vn 0.9146 -0.4045 -0.0000
vn 0.8595 -0.5111 -0.0000
vn 0.8916 -0.4045 -0.2035
vn 0.8380 -0.5111 -0.1913
vn 0.8240 -0.4045 -0.3968
vn 0.7744 -0.5111 -0.3729
vn 0.7150 -0.4045 -0.5702
vn 0.6720 -0.5111 -0.5359
vn 0.5702 -0.4045 -0.7150
vn 0.5359 -0.5111 -0.6720
vn 0.3968 -0.4045 -0.8240
vn 0.3729 -0.5111 -0.7744
vn 0.2035 -0.4045 -0.8916
vn 0.1913 -0.5111 -0.8380
vn -0.0000 -0.4045 -0.9146
vn -0.0000 -0.5111 -0.8595
vn -0.0185 0.9991 0.0384
vn 0.0915 0.9775 -0.1900
vn 0.0185 0.9991 0.0384
vn 0.0095 0.9991 0.0416
vn -0.0469 0.9775 -0.2056
vn -0.0915 0.9775 -0.1900
vn 0.0266 0.9991 0.0334
vn -0.1315 0.9775 -0.1649
vn 0.0334 0.9991 0.0266
vn -0.1649 0.9775 -0.1315
vn 0.0384 0.9991 0.0185
vn -0.1900 0.9775 -0.0915
vn 0.0416 0.9991 0.0095
vn -0.2056 0.9775 -0.0469
vn 0.0427 0.9991 -0.0000
vn -0.2109 0.9775 -0.0000
vn 0.0416 0.9991 -0.0095
vn -0.2056 0.9775 0.0469
vn 0.0384 0.9991 -0.0185
vn -0.1900 0.9775 0.0915
vn 0.0334 0.9991 -0.0266
vn -0.1649 0.9775 0.1315
vn 0.0266 0.9991 -0.0334
vn -0.1315 0.9775 0.1649
vn 0.0185 0.9991 -0.0384
vn -0.0915 0.9775 0.1900
vn 0.0095 0.9991 -0.0416
vn -0.0469 0.9775 0.2056
vn -0.0000 0.9991 -0.0427
vn -0.0000 0.9775 0.2109
vn -0.0095 0.9991 -0.0416
vn 0.0469 0.9775 0.2056
vn -0.0185 0.9991 -0.0384
vn 0.0915 0.9775 0.1900
vn -0.0266 0.9991 -0.0334
vn 0.1315 0.9775 0.1649
vn -0.0334 0.9991 -0.0266
vn 0.1649 0.9775 0.1315
vn -0.0384 0.9991 -0.0185
vn 0.1900 0.9775 0.0915
vn -0.0416 0.9991 -0.0095
vn 0.2056 0.9775 0.0469
vn -0.0427 0.9991 -0.0000
vn 0.2109 0.9775 -0.0000
vn -0.0416 0.9991 0.0095
vn 0.2056 0.9775 -0.0469
vn -0.0384 0.9991 0.0185
vn 0.1900 0.9775 -0.0915
vn -0.0334 0.9991 0.0266
vn 0.1649 0.9775 -0.1315
vn -0.0266 0.9991 0.0334
vn 0.1315 0.9775 -0.1649
vn -0.2223 -0.0489 -0.9738
vn -0.0000 -0.0489 -0.9988
vn -0.0000 -0.1978 -0.9802
vn -0.2181 -0.1979 -0.9557
vn -0.4334 -0.0489 -0.8999
vn -0.4253 -0.1979 -0.8832
vn -0.6227 -0.0489 -0.7809
vn -0.6112 -0.1979 -0.7664
vn -0.7809 -0.0489 -0.6227
vn -0.7664 -0.1979 -0.6112
vn -0.8999 -0.0489 -0.4334
vn -0.8832 -0.1979 -0.4253
vn -0.9738 -0.0489 -0.2223
vn -0.9557 -0.1979 -0.2181
vn -0.9988 -0.0489 -0.0000
vn -0.9802 -0.1978 -0.0000
vn -0.9738 -0.0489 0.2223
vn -0.9557 -0.1979 0.2181
vn -0.8999 -0.0489 0.4334
vn -0.8832 -0.1979 0.4253
vn -0.7809 -0.0489 0.6227
vn -0.7664 -0.1979 0.6112
vn -0.6227 -0.0489 0.7809
vn -0.6112 -0.1979 0.7664
vn -0.4334 -0.0489 0.8999
vn -0.4253 -0.1979 0.8832
vn -0.2223 -0.0489 0.9738
vn -0.2181 -0.1979 0.9557
vn -0.0000 -0.0489 0.9988
vn -0.0000 -0.1978 0.9802
vn 0.2223 -0.0489 0.9738
vn 0.2181 -0.1979 0.9557
vn 0.4334 -0.0489 0.8999
vn 0.4253 -0.1979 0.8832
vn 0.6227 -0.0489 0.7809
vn 0.6112 -0.1979 0.7664
vn 0.7809 -0.0489 0.6227
vn 0.7664 -0.1979 0.6112
vn 0.8999 -0.0489 0.4334
vn 0.8832 -0.1979 0.4253
vn 0.9738 -0.0489 0.2223
vn 0.9557 -0.1979 0.2181
vn 0.9988 -0.0489 -0.0000
vn 0.9802 -0.1978 -0.0000
vn 0.9738 -0.0489 -0.2223
vn 0.9557 -0.1979 -0.2181
vn 0.8999 -0.0489 -0.4334
vn 0.8832 -0.1979 -0.4253
vn 0.7809 -0.0489 -0.6227
vn 0.7664 -0.1979 -0.6112
vn 0.6227 -0.0489 -0.7809
vn 0.6112 -0.1979 -0.7664
vn 0.4334 -0.0489 -0.8999
vn 0.4253 -0.1979 -0.8832
vn 0.2223 -0.0489 -0.9738
vn 0.2181 -0.1979 -0.9557
vn 0.1706 -0.6419 -0.7475
vn -0.0000 -0.6419 -0.7668
vn 0.0552 -0.9688 -0.2417
vn -0.0000 -0.9688 -0.2479
vn 0.3327 -0.6419 -0.6908
vn 0.1076 -0.9688 -0.2234
vn 0.4781 -0.6419 -0.5995
vn 0.1546 -0.9688 -0.1938
vn 0.5995 -0.6419 -0.4781
vn 0.1938 -0.9688 -0.1546
vn 0.6908 -0.6419 -0.3327
vn 0.2234 -0.9688 -0.1076
vn 0.7475 -0.6419 -0.1706
vn 0.2417 -0.9688 -0.0552
vn 0.7668 -0.6419 -0.0000
vn 0.2479 -0.9688 -0.0000
vn 0.7475 -0.6419 0.1706
vn 0.2417 -0.9688 0.0552
vn 0.6908 -0.6419 0.3327
vn 0.2234 -0.9688 0.1076
vn 0.5995 -0.6419 0.4781
vn 0.1938 -0.9688 0.1546
vn 0.4781 -0.6419 0.5995
vn 0.1546 -0.9688 0.1938
vn 0.3327 -0.6419 0.6908
vn 0.1076 -0.9688 0.2234
vn 0.1706 -0.6419 0.7475
vn 0.0552 -0.9688 0.2417
vn -0.0000 -0.6419 0.7668
vn -0.0000 -0.9688 0.2479
vn -0.1706 -0.6419 0.7475
vn -0.0552 -0.9688 0.2417
vn -0.3327 -0.6419 0.6908
vn -0.1076 -0.9688 0.2234
vn -0.4781 -0.6419 0.5995
vn -0.1546 -0.9688 0.1938
vn -0.5995 -0.6419 0.4781
vn -0.1938 -0.9688 0.1546
vn -0.6908 -0.6419 0.3327
vn -0.2234 -0.9688 0.1076
vn -0.7475 -0.6419 0.1706
vn -0.2417 -0.9688 0.0552
vn -0.7668 -0.6419 -0.0000
vn -0.2479 -0.9688 -0.0000
vn -0.7475 -0.6419 -0.1706
vn -0.2417 -0.9688 -0.0552
vn -0.6908 -0.6419 -0.3327
vn -0.2234 -0.9688 -0.1076
vn -0.5995 -0.6419 -0.4781
vn -0.1938 -0.9688 -0.1546
vn -0.4781 -0.6419 -0.5995
vn -0.1546 -0.9688 -0.1938
vn -0.3327 -0.6419 -0.6908
vn -0.1076 -0.9688 -0.2234
vn -0.1706 -0.6419 -0.7475
vn -0.0552 -0.9688 -0.2417
vn -0.1680 0.6558 -0.7360
vn -0.0000 0.6558 -0.7549
vn -0.3275 0.6558 -0.6801
vn -0.4707 0.6558 -0.5902
vn -0.5902 0.6558 -0.4707
vn -0.6801 0.6558 -0.3275
vn -0.7360 0.6558 -0.1680
vn -0.7549 0.6558 -0.0000
vn -0.7360 0.6558 0.1680
vn -0.6801 0.6558 0.3275
vn -0.5902 0.6558 0.4707
vn -0.4707 0.6558 0.5902
vn -0.3275 0.6558 0.6801
vn -0.1680 0.6558 0.7360
vn -0.0000 0.6558 0.7549
vn 0.1680 0.6558 0.7360
vn 0.3275 0.6558 0.6801
vn 0.4707 0.6558 0.5902
vn 0.5902 0.6558 0.4707
vn 0.6801 0.6558 0.3275
vn 0.7360 0.6558 0.1680
vn 0.7549 0.6558 -0.0000
vn 0.7360 0.6558 -0.1680
vn 0.6801 0.6558 -0.3275
vn 0.5902 0.6558 -0.4707
vn 0.4707 0.6558 -0.5902
vn 0.3275 0.6558 -0.6801
vn 0.1680 0.6558 -0.7360
vn -0.2225 -0.0000 0.9749
vn -0.4339 -0.0000 0.9010
vn -0.3849 -0.4615 0.7993
vn -0.1974 -0.4615 0.8649
vn -0.1076 -0.8752 0.4716
vn -0.0000 -0.8752 0.4837
vn -0.2099 -0.8752 0.4358
vn -0.3016 -0.8752 0.3782
vn -0.3782 -0.8752 0.3016
vn -0.4358 -0.8752 0.2099
vn -0.4716 -0.8752 0.1076
vn -0.4837 -0.8752 -0.0000
vn -0.4716 -0.8752 -0.1076
vn -0.4358 -0.8752 -0.2099
vn -0.3782 -0.8752 -0.3016
vn -0.3016 -0.8752 -0.3782
vn -0.2099 -0.8752 -0.4358
vn -0.1076 -0.8752 -0.4716
vn -0.0000 -0.8752 -0.4837
vn 0.1076 -0.8752 -0.4716
vn 0.2099 -0.8752 -0.4358
vn 0.3016 -0.8752 -0.3782
vn 0.3782 -0.8752 -0.3016
vn 0.4358 -0.8752 -0.2099
vn 0.4716 -0.8752 -0.1076
vn 0.4837 -0.8752 -0.0000
vn 0.4716 -0.8752 0.1076
vn 0.4358 -0.8752 0.2099
vn 0.3782 -0.8752 0.3016
vn 0.3016 -0.8752 0.3782
vn 0.2099 -0.8752 0.4358
vn 0.1076 -0.8752 0.4716
vn -0.2155 -0.2500 0.9440
vn -0.0000 -0.2500 0.9682
vn -0.4201 -0.2500 0.8723
vn -0.6037 -0.2500 0.7570
vn -0.7570 -0.2500 0.6037
vn -0.8723 -0.2500 0.4201
vn -0.9440 -0.2500 0.2155
vn -0.9682 -0.2500 -0.0000
vn -0.9440 -0.2500 -0.2155
vn -0.8723 -0.2500 -0.4201
vn -0.7570 -0.2500 -0.6037
vn -0.6037 -0.2500 -0.7570
vn -0.4201 -0.2500 -0.8723
vn -0.2155 -0.2500 -0.9440
vn -0.0000 -0.2500 -0.9682
vn 0.2155 -0.2500 -0.9440
vn 0.4201 -0.2500 -0.8723
vn 0.6037 -0.2500 -0.7570
vn 0.7570 -0.2500 -0.6037
vn 0.8723 -0.2500 -0.4201
vn 0.9440 -0.2500 -0.2155
vn 0.9682 -0.2500 -0.0000
vn 0.9440 -0.2500 0.2155
vn 0.8723 -0.2500 0.4201
vn 0.7570 -0.2500 0.6037
vn 0.6037 -0.2500 0.7570
vn 0.4201 -0.2500 0.8723
vn 0.2155 -0.2500 0.9440
vn -0.2104 -0.8746 -0.4368
vn -0.1079 -0.8746 -0.4727
vn -0.0722 -0.9458 -0.3165
vn -0.1409 -0.9458 -0.2925
vn 0.2225 -0.0000 -0.9749
vn 0.4339 -0.0000 -0.9010
vn 0.3849 -0.4615 -0.7993
vn 0.1974 -0.4615 -0.8649
vn -0.6235 -0.0000 0.7818
vn -0.5531 -0.4615 0.6936
vn 0.6235 -0.0000 -0.7818
vn 0.5531 -0.4615 -0.6936
vn -0.7818 -0.0000 0.6235
vn -0.6936 -0.4615 0.5531
vn 0.7818 -0.0000 -0.6235
vn 0.6936 -0.4615 -0.5531
vn -0.9010 -0.0000 0.4339
vn -0.7993 -0.4615 0.3849
vn 0.9010 -0.0000 -0.4339
vn 0.7993 -0.4615 -0.3849
vn -0.9749 -0.0000 0.2225
vn -0.8649 -0.4615 0.1974
vn 0.9749 -0.0000 -0.2225
vn 0.8649 -0.4615 -0.1974
vn -1.0000 -0.0000 -0.0000
vn -0.8872 -0.4615 -0.0000
vn 1.0000 -0.0000 -0.0000
vn 0.8872 -0.4615 -0.0000
vn -0.9749 -0.0000 -0.2225
vn -0.8649 -0.4615 -0.1974
vn 0.9749 -0.0000 0.2225
vn 0.8649 -0.4615 0.1974
vn -0.9010 -0.0000 -0.4339
vn -0.7993 -0.4615 -0.3849
vn 0.9010 -0.0000 0.4339
vn 0.7993 -0.4615 0.3849
vn -0.7818 -0.0000 -0.6235
vn -0.6936 -0.4615 -0.5531
vn 0.7818 -0.0000 0.6235
vn 0.6936 -0.4615 0.5531
vn -0.6235 -0.0000 -0.7818
vn -0.5531 -0.4615 -0.6936
vn 0.6235 -0.0000 0.7818
vn 0.5531 -0.4615 0.6936
vn -0.4339 -0.0000 -0.9010
vn -0.3849 -0.4615 -0.7993
vn 0.4339 -0.0000 0.9010
vn 0.3849 -0.4615 0.7993
vn -0.2225 -0.0000 -0.9749
vn -0.1974 -0.4615 -0.8649
vn 0.2225 -0.0000 0.9749
vn 0.1974 -0.4615 0.8649
vn -0.0000 -0.0000 -1.0000
vn -0.0000 -0.4615 -0.8872
vn -0.0000 -0.0000 1.0000
vn -0.0000 -0.4615 0.8872
vn -0.0962 -0.9880 -0.1206
vn -0.0669 -0.9880 -0.1390
vn -0.0000 -1.0000 -0.0000
vn 0.2104 -0.8746 0.4368
vn 0.1079 -0.8746 0.4727
vn 0.0722 -0.9458 0.3165
vn 0.1409 -0.9458 0.2925
vn -0.0000 -0.8746 -0.4848
vn -0.0000 -0.9458 -0.3247
vn -0.0000 -0.8746 0.4848
vn -0.1079 -0.8746 0.4727
vn -0.0722 -0.9458 0.3165
vn -0.0000 -0.9458 0.3247
vn 0.1079 -0.8746 -0.4727
vn 0.0722 -0.9458 -0.3165
vn -0.2104 -0.8746 0.4368
vn -0.1409 -0.9458 0.2925
vn 0.2104 -0.8746 -0.4368
vn 0.1409 -0.9458 -0.2925
vn -0.3023 -0.8746 0.3791
vn -0.2024 -0.9458 0.2538
vn 0.3023 -0.8746 -0.3791
vn 0.2024 -0.9458 -0.2538
vn -0.3791 -0.8746 0.3023
vn -0.2538 -0.9458 0.2024
vn 0.3791 -0.8746 -0.3023
vn 0.2538 -0.9458 -0.2024
vn -0.4368 -0.8746 0.2104
vn -0.2925 -0.9458 0.1409
vn 0.4368 -0.8746 -0.2104
vn 0.2925 -0.9458 -0.1409
vn -0.4727 -0.8746 0.1079
vn -0.3165 -0.9458 0.0722
vn 0.4727 -0.8746 -0.1079
vn 0.3165 -0.9458 -0.0722
vn -0.4848 -0.8746 -0.0000
vn -0.3247 -0.9458 -0.0000
vn 0.4848 -0.8746 -0.0000
vn 0.3247 -0.9458 -0.0000
vn -0.4727 -0.8746 -0.1079
vn -0.3165 -0.9458 -0.0722
vn 0.4727 -0.8746 0.1079
vn 0.3165 -0.9458 0.0722
vn -0.4368 -0.8746 -0.2104
vn -0.2925 -0.9458 -0.1409
vn 0.4368 -0.8746 0.2104
vn 0.2925 -0.9458 0.1409
vn -0.3791 -0.8746 -0.3023
vn -0.2538 -0.9458 -0.2024
vn 0.3791 -0.8746 0.3023
vn 0.2538 -0.9458 0.2024
vn -0.3023 -0.8746 -0.3791
vn -0.2024 -0.9458 -0.2538
vn 0.3023 -0.8746 0.3791
vn 0.2024 -0.9458 0.2538
vn -0.0343 -0.9880 0.1504
vn -0.0000 -0.9880 0.1543
vn -0.0669 -0.9880 0.1390
vn -0.0962 -0.9880 0.1206
vn -0.1206 -0.9880 0.0962
vn -0.1390 -0.9880 0.0669
vn -0.1504 -0.9880 0.0343
vn -0.1543 -0.9880 -0.0000
vn -0.1504 -0.9880 -0.0343
vn -0.1390 -0.9880 -0.0669
vn -0.1206 -0.9880 -0.0962
vn -0.0343 -0.9880 -0.1504
vn -0.0000 -0.9880 -0.1543
vn 0.0343 -0.9880 -0.1504
vn 0.0669 -0.9880 -0.1390
vn 0.0962 -0.9880 -0.1206
vn 0.1206 -0.9880 -0.0962
vn 0.1390 -0.9880 -0.0669
vn 0.1504 -0.9880 -0.0343
vn 0.1543 -0.9880 -0.0000
vn 0.1504 -0.9880 0.0343
vn 0.1390 -0.9880 0.0669
vn 0.1206 -0.9880 0.0962
vn 0.0962 -0.9880 0.1206
vn 0.0669 -0.9880 0.1390
vn 0.0343 -0.9880 0.1504
vn 0.3420 -0.8361 0.4289
vn 0.2380 -0.8361 0.4943
vn -0.3420 -0.8361 -0.4289
vn -0.2380 -0.8361 -0.4943
vn 0.4289 -0.8361 0.3420
vn -0.4289 -0.8361 -0.3420
vn 0.4943 -0.8361 0.2380
vn -0.4943 -0.8361 -0.2380
vn 0.5348 -0.8361 0.1221
vn -0.5348 -0.8361 -0.1221
vn 0.5486 -0.8361 -0.0000
vn -0.5486 -0.8361 -0.0000
vn 0.5348 -0.8361 -0.1221
vn -0.5348 -0.8361 0.1221
vn 0.4943 -0.8361 -0.2380
vn -0.4943 -0.8361 0.2380
vn 0.4289 -0.8361 -0.3420
vn -0.4289 -0.8361 0.3420
vn 0.3420 -0.8361 -0.4289
vn -0.3420 -0.8361 0.4289
vn 0.2380 -0.8361 -0.4943
vn -0.2380 -0.8361 0.4943
vn 0.1221 -0.8361 -0.5348
vn -0.1221 -0.8361 0.5348
vn -0.0000 -0.8361 -0.5486
vn 0.1221 -0.8361 0.5348
vn -0.0000 -0.8361 0.5486
vn -0.1221 -0.8361 -0.5348
vn 0.7702 -0.1719 -0.6142
vn 0.6142 -0.1719 -0.7702
vn 0.6142 0.1719 -0.7702
vn 0.7702 0.1719 -0.6142
vn -0.4291 0.1474 -0.8911
vn -0.6167 0.1474 -0.7733
vn -0.6235 0.0084 -0.7818
vn -0.4339 0.0084 -0.9009
vn 0.3901 0.4377 -0.8101
vn 0.2001 0.4377 -0.8766
vn 0.1984 0.4532 -0.8691
vn 0.3868 0.4532 -0.8032
vn 0.5606 0.4377 -0.7030
vn 0.5558 0.4532 -0.6970
vn 0.7030 0.4377 -0.5606
vn 0.6970 0.4532 -0.5558
vn 0.8101 0.4377 -0.3901
vn 0.8032 0.4532 -0.3868
vn 0.8766 0.4377 -0.2001
vn 0.8691 0.4532 -0.1984
vn 0.8991 0.4377 -0.0000
vn 0.8914 0.4532 -0.0000
vn 0.8766 0.4377 0.2001
vn 0.8691 0.4532 0.1984
vn 0.8101 0.4377 0.3901
vn 0.8032 0.4532 0.3868
vn 0.6970 0.4532 0.5558
vn 0.7030 0.4377 0.5606
vn 0.5606 0.4377 0.7030
vn 0.5558 0.4532 0.6970
vn 0.3901 0.4377 0.8101
vn 0.3868 0.4532 0.8032
vn 0.2001 0.4377 0.8766
vn 0.1984 0.4532 0.8691
vn -0.0000 0.4377 0.8991
vn -0.0000 0.4532 0.8914
vn -0.2001 0.4377 0.8766
vn -0.1984 0.4532 0.8691
vn -0.3901 0.4377 0.8101
vn -0.3868 0.4532 0.8032
vn -0.5606 0.4377 0.7030
vn -0.5558 0.4532 0.6970
vn -0.7030 0.4377 0.5606
vn -0.6970 0.4532 0.5558
vn -0.8101 0.4377 0.3901
vn -0.8032 0.4532 0.3868
vn -0.8766 0.4377 0.2001
vn -0.8691 0.4532 0.1984
vn -0.8991 0.4377 -0.0000
vn -0.8914 0.4532 -0.0000
vn -0.8766 0.4377 -0.2001
vn -0.8691 0.4532 -0.1984
vn -0.8101 0.4377 -0.3901
vn -0.8032 0.4532 -0.3868
vn -0.6970 0.4532 -0.5558
vn -0.7030 0.4377 -0.5606
vn -0.7818 0.0084 -0.6235
vn -0.7733 0.1474 -0.6167
vn -0.8911 0.1474 -0.4291
vn -0.9009 0.0084 -0.4339
vn -0.3901 0.4377 -0.8101
vn -0.5606 0.4377 -0.7030
vn -0.5558 0.4532 -0.6970
vn -0.3868 0.4532 -0.8032
vn -0.2224 0.0391 -0.9742
vn -0.0000 0.0391 -0.9992
vn -0.7812 0.0391 -0.6230
vn -0.6230 0.0391 -0.7812
vn 0.7812 0.0391 0.6230
vn 0.6230 0.0391 0.7812
vn -0.9003 0.0391 -0.4336
vn 0.9003 0.0391 0.4336
vn -0.9742 0.0391 -0.2224
vn 0.9742 0.0391 0.2224
vn -0.9992 0.0391 -0.0000
vn 0.9992 0.0391 -0.0000
vn -0.9742 0.0391 0.2224
vn 0.9742 0.0391 -0.2224
vn -0.9003 0.0391 0.4336
vn 0.9003 0.0391 -0.4336
vn -0.7812 0.0391 0.6230
vn 0.7812 0.0391 -0.6230
vn -0.6230 0.0391 0.7812
vn 0.6230 0.0391 -0.7812
vn -0.4336 0.0391 0.9003
vn 0.4336 0.0391 -0.9003
vn -0.2224 0.0391 0.9742
vn 0.2224 0.0391 -0.9742
vn -0.0000 0.0391 0.9992
vn -0.2201 0.1474 -0.9643
vn -0.2225 0.0084 -0.9749
vn 0.2224 0.0391 0.9742
vn 0.4336 0.0391 0.9003
vn -0.4336 0.0391 -0.9003
vn -0.7702 -0.1719 0.6142
vn -0.6142 -0.1719 0.7702
vn -0.6142 0.1719 0.7702
vn -0.7702 0.1719 0.6142
vn 0.8876 -0.1719 -0.4274
vn 0.8876 0.1719 -0.4274
vn -0.8876 -0.1719 0.4274
vn -0.8876 0.1718 0.4274
vn 0.9604 -0.1719 -0.2192
vn 0.9604 0.1719 -0.2192
vn -0.9604 -0.1719 0.2192
vn -0.9604 0.1718 0.2192
vn 0.9851 -0.1719 -0.0000
vn 0.9851 0.1719 -0.0000
vn -0.9851 -0.1719 -0.0000
vn -0.9851 0.1718 -0.0000
vn 0.9604 -0.1719 0.2192
vn 0.9604 0.1719 0.2192
vn -0.9604 -0.1718 -0.2192
vn -0.9604 0.1718 -0.2192
vn 0.8876 -0.1719 0.4274
vn 0.8876 0.1719 0.4274
vn -0.8876 -0.1719 -0.4274
vn -0.8876 0.1719 -0.4274
vn 0.7702 -0.1719 0.6142
vn 0.7702 0.1719 0.6142
vn -0.7702 -0.1719 -0.6142
vn -0.7702 0.1719 -0.6142
vn 0.6142 -0.1719 0.7702
vn 0.6142 0.1719 0.7702
vn -0.6142 -0.1719 -0.7702
vn -0.6142 0.1719 -0.7702
vn 0.4274 -0.1719 0.8876
vn 0.4274 0.1719 0.8876
vn -0.4274 -0.1719 -0.8876
vn -0.4274 0.1719 -0.8876
vn 0.2192 -0.1719 0.9604
vn 0.2192 0.1718 0.9604
vn -0.2192 -0.1719 -0.9604
vn -0.2192 0.1718 -0.9604
vn -0.0000 -0.1718 0.9851
vn -0.0000 0.1718 0.9851
vn 0.0524 0.9719 -0.2295
vn -0.0000 0.9719 -0.2354
vn -0.0000 0.9812 0.1929
vn -0.0429 0.9812 0.1881
vn -0.2192 -0.1719 0.9604
vn -0.2192 0.1718 0.9604
vn 0.4274 -0.1719 -0.8876
vn 0.2192 -0.1718 -0.9604
vn 0.2192 0.1718 -0.9604
vn 0.4274 0.1719 -0.8876
vn -0.4274 -0.1719 0.8876
vn -0.4274 0.1719 0.8876
vn -0.0000 -0.9719 -0.2354
vn 0.0524 -0.9719 -0.2295
vn -0.2121 -0.9719 -0.1021
vn -0.1840 -0.9719 -0.1467
vn 0.1840 -0.9719 0.1467
vn 0.1467 -0.9719 0.1840
vn -0.1467 -0.9719 -0.1840
vn 0.1021 -0.9719 0.2121
vn -0.1021 -0.9719 -0.2121
vn 0.0524 -0.9719 0.2295
vn -0.0524 -0.9719 -0.2295
vn -0.0000 -0.9719 0.2354
vn 0.1021 -0.9719 -0.2121
vn -0.0524 -0.9719 0.2295
vn -0.0000 -0.1718 -0.9851
vn -0.0000 0.1718 -0.9851
vn -0.1021 -0.9719 0.2121
vn 0.1467 -0.9719 -0.1840
vn -0.1468 -0.9719 0.1840
vn 0.1840 -0.9719 -0.1467
vn -0.1840 -0.9719 0.1467
vn 0.2121 -0.9719 -0.1021
vn -0.2121 -0.9719 0.1021
vn 0.2295 -0.9719 -0.0524
vn -0.2295 -0.9719 0.0524
vn 0.2354 -0.9719 -0.0000
vn -0.2354 -0.9719 -0.0000
vn 0.2295 -0.9719 0.0524
vn -0.2295 -0.9719 -0.0524
vn 0.2121 -0.9719 0.1021
vn -0.2354 0.9719 -0.0000
vn -0.2295 0.9719 0.0524
vn 0.1881 0.9812 -0.0429
vn 0.1929 0.9812 -0.0000
vn 0.2295 0.9719 0.0524
vn 0.2354 0.9719 -0.0000
vn -0.1929 0.9812 -0.0000
vn -0.1881 0.9812 -0.0429
vn -0.2295 0.9719 -0.0524
vn 0.1881 0.9812 0.0429
vn 0.2121 0.9719 0.1021
vn -0.1738 0.9812 -0.0837
vn -0.2121 0.9719 -0.1021
vn 0.1738 0.9812 0.0837
vn 0.1840 0.9719 0.1468
vn -0.1508 0.9812 -0.1203
vn -0.1840 0.9719 -0.1468
vn 0.1508 0.9812 0.1203
vn 0.1468 0.9719 0.1840
vn -0.1203 0.9812 -0.1508
vn -0.1468 0.9719 -0.1840
vn 0.1203 0.9812 0.1508
vn 0.1021 0.9719 0.2121
vn -0.0837 0.9812 -0.1738
vn -0.1021 0.9719 -0.2121
vn 0.0837 0.9812 0.1738
vn 0.0524 0.9719 0.2295
vn -0.0429 0.9812 -0.1881
vn -0.0524 0.9719 -0.2295
vn 0.0429 0.9812 0.1881
vn -0.0000 0.9719 0.2354
vn -0.0000 0.9812 -0.1929
vn -0.2141 0.2727 0.9380
vn -0.0000 0.2727 0.9621
vn -0.0000 0.3879 0.9217
vn -0.2051 0.3879 0.8986
vn -0.0524 0.9719 0.2295
vn 0.0429 0.9812 -0.1881
vn 0.1021 0.9719 -0.2121
vn -0.0837 0.9812 0.1738
vn 0.1468 0.9719 -0.1840
vn -0.1203 0.9812 0.1508
vn -0.1021 0.9719 0.2121
vn 0.0837 0.9812 -0.1738
vn -0.1468 0.9719 0.1840
vn 0.1203 0.9812 -0.1508
vn 0.1840 0.9719 -0.1468
vn -0.1508 0.9812 0.1203
vn -0.1840 0.9719 0.1468
vn 0.1508 0.9812 -0.1203
vn 0.2121 0.9719 -0.1021
vn -0.1738 0.9812 0.0837
vn -0.2121 0.9719 0.1021
vn 0.1738 0.9812 -0.0837
vn 0.2295 0.9719 -0.0524
vn -0.1881 0.9812 0.0429
vn -0.8668 0.2727 0.4174
vn -0.7522 0.2727 0.5999
vn -0.7206 0.3879 0.5747
vn -0.8304 0.3879 0.3999
vn 0.8668 0.2727 -0.4174
vn 0.7522 0.2727 -0.5999
vn 0.7206 0.3879 -0.5747
vn 0.8304 0.3879 -0.3999
vn -0.9380 0.2727 0.2141
vn -0.8986 0.3879 0.2051
vn 0.9380 0.2727 -0.2141
vn 0.8986 0.3879 -0.2051
vn -0.9621 0.2727 -0.0000
vn -0.9217 0.3879 -0.0000
vn 0.9621 0.2727 -0.0000
vn 0.9217 0.3879 -0.0000
vn -0.9380 0.2727 -0.2141
vn -0.8986 0.3879 -0.2051
vn 0.9380 0.2727 0.2141
vn 0.8986 0.3879 0.2051
vn -0.8668 0.2727 -0.4174
vn -0.8304 0.3879 -0.3999
vn 0.8668 0.2727 0.4174
vn 0.8304 0.3879 0.3999
vn -0.7522 0.2727 -0.5999
vn -0.7206 0.3879 -0.5747
vn 0.7522 0.2727 0.5999
vn 0.7206 0.3879 0.5747
vn -0.5999 0.2727 -0.7522
vn -0.5747 0.3879 -0.7206
vn 0.5998 0.2727 0.7522
vn 0.5747 0.3879 0.7206
vn -0.4174 0.2727 -0.8668
vn -0.3999 0.3879 -0.8304
vn 0.4174 0.2727 0.8668
vn 0.3999 0.3879 0.8304
vn -0.2141 0.2727 -0.9380
vn -0.2051 0.3879 -0.8986
vn 0.2141 0.2727 0.9380
vn 0.2051 0.3879 0.8986
vn -0.0000 0.2727 -0.9621
vn -0.0000 0.3879 -0.9217
vn 0.2141 0.2727 -0.9380
vn 0.2051 0.3879 -0.8986
vn -0.4174 0.2727 0.8668
vn -0.3999 0.3879 0.8304
vn -0.5999 0.2727 0.7522
vn -0.5747 0.3879 0.7206
vn 0.4174 0.2727 -0.8668
vn 0.3999 0.3879 -0.8304
vn 0.5999 0.2727 -0.7522
vn 0.5747 0.3879 -0.7206
vn 0.0234 0.9944 -0.1027
vn -0.0000 0.9944 -0.1053
vn -0.0000 0.7889 0.6146
vn -0.1368 0.7889 0.5991
vn -0.0457 0.9944 0.0949
vn -0.0234 0.9944 0.1027
vn 0.1368 0.7889 -0.5991
vn 0.2666 0.7889 -0.5537
vn 0.0457 0.9944 -0.0949
vn -0.2666 0.7889 0.5537
vn -0.0657 0.9944 0.0824
vn 0.3832 0.7889 -0.4805
vn 0.0657 0.9944 -0.0824
vn -0.3832 0.7889 0.4805
vn -0.0824 0.9944 0.0657
vn 0.4805 0.7889 -0.3832
vn 0.0824 0.9944 -0.0657
vn -0.4805 0.7889 0.3832
vn -0.0949 0.9944 0.0457
vn 0.5537 0.7889 -0.2666
vn 0.0949 0.9944 -0.0457
vn -0.5537 0.7889 0.2666
vn -0.1027 0.9944 0.0234
vn 0.5991 0.7889 -0.1368
vn 0.1027 0.9944 -0.0234
vn -0.5991 0.7889 0.1368
vn -0.1053 0.9944 -0.0000
vn 0.6146 0.7889 -0.0000
vn 0.1053 0.9944 -0.0000
vn -0.6146 0.7889 -0.0000
vn -0.1027 0.9944 -0.0234
vn 0.5991 0.7889 0.1367
vn 0.1027 0.9944 0.0234
vn -0.5991 0.7889 -0.1368
vn -0.0949 0.9944 -0.0457
vn 0.5537 0.7889 0.2666
vn 0.0949 0.9944 0.0457
vn -0.5537 0.7889 -0.2666
vn -0.0824 0.9944 -0.0657
vn 0.4805 0.7889 0.3832
vn 0.0824 0.9944 0.0657
vn -0.4805 0.7889 -0.3832
vn -0.0657 0.9944 -0.0824
vn 0.3832 0.7889 0.4805
vn 0.0657 0.9944 0.0824
vn -0.3832 0.7889 -0.4805
vn -0.0457 0.9944 -0.0949
vn 0.2666 0.7889 0.5537
vn 0.0457 0.9944 0.0949
vn -0.2666 0.7889 -0.5537
vn -0.0234 0.9944 -0.1027
vn 0.1368 0.7889 0.5991
vn 0.0234 0.9944 0.1027
vn -0.1368 0.7889 -0.5991
vn -0.0000 0.9944 0.1053
vn -0.0000 0.7889 -0.6146
vn 0.2250 0.8550 0.4672
vn 0.1154 0.8550 0.5056
vn -0.2250 0.8550 -0.4672
vn -0.1154 0.8550 -0.5056
vn -0.0000 0.8550 -0.5186
vn 0.1154 0.8550 -0.5056
vn -0.0000 0.8550 0.5186
vn -0.1154 0.8550 0.5056
vn 0.2250 0.8550 -0.4672
vn -0.2250 0.8550 0.4672
vn 0.3233 0.8550 -0.4055
vn -0.3233 0.8550 0.4055
vn 0.4055 0.8550 -0.3233
vn -0.4055 0.8550 0.3233
vn -0.4672 0.8550 0.2250
vn -0.5056 0.8550 0.1154
vn 0.5056 0.8550 -0.1154
vn 0.5186 0.8550 -0.0000
vn 0.4672 0.8550 -0.2250
vn -0.5186 0.8550 -0.0000
vn 0.5056 0.8550 0.1154
vn -0.5056 0.8550 -0.1154
vn 0.4672 0.8550 0.2250
vn -0.4672 0.8550 -0.2250
vn 0.4055 0.8550 0.3233
vn -0.4055 0.8550 -0.3233
vn 0.3233 0.8550 0.4055
vn -0.3233 0.8550 -0.4055
vn -0.3170 0.9457 -0.0723
vn -0.2734 0.9599 -0.0624
vn -0.2527 0.9599 -0.1217
vn -0.2929 0.9457 -0.1411
vn 0.1411 0.9457 -0.2929
vn 0.1217 0.9599 -0.2527
vn 0.1749 0.9599 -0.2193
vn 0.2027 0.9457 -0.2542
vn 0.2929 0.9457 0.1411
vn 0.2527 0.9599 0.1217
vn 0.2193 0.9599 0.1749
vn 0.2542 0.9457 0.2027
vn -0.1411 0.9457 0.2929
vn -0.1217 0.9599 0.2527
vn -0.1749 0.9599 0.2193
vn -0.2027 0.9457 0.2542
vn -0.2193 0.9599 -0.1749
vn -0.2542 0.9457 -0.2027
vn 0.2193 0.9599 -0.1749
vn 0.2542 0.9457 -0.2027
vn 0.1749 0.9599 0.2193
vn 0.2027 0.9457 0.2542
vn -0.2193 0.9599 0.1749
vn -0.2542 0.9457 0.2027
vn -0.1749 0.9599 -0.2193
vn -0.2027 0.9457 -0.2542
vn 0.2527 0.9599 -0.1217
vn 0.2929 0.9457 -0.1411
vn 0.1217 0.9599 0.2527
vn 0.1411 0.9457 0.2929
vn -0.2527 0.9599 0.1217
vn -0.2929 0.9457 0.1411
vn -0.1217 0.9599 -0.2527
vn -0.1411 0.9457 -0.2929
vn 0.2734 0.9599 -0.0624
vn 0.3170 0.9457 -0.0723
vn 0.0624 0.9599 0.2734
vn 0.0723 0.9457 0.3170
vn -0.2734 0.9599 0.0624
vn -0.3170 0.9457 0.0723
vn -0.0624 0.9599 -0.2735
vn -0.0723 0.9457 -0.3170
vn 0.2805 0.9599 -0.0000
vn 0.3251 0.9457 -0.0000
vn -0.0000 0.9599 0.2805
vn -0.0000 0.9457 0.3251
vn -0.2805 0.9599 -0.0000
vn -0.3251 0.9457 -0.0000
vn -0.0000 0.9457 -0.3251
vn -0.0000 0.9599 -0.2805
vn 0.0624 0.9599 -0.2734
vn 0.0723 0.9457 -0.3170
vn 0.2734 0.9599 0.0624
vn 0.3170 0.9457 0.0723
vn -0.0624 0.9599 0.2735
vn -0.0723 0.9457 0.3170
vn -0.0943 0.9058 -0.4131
vn -0.1838 0.9058 -0.3818
vn -0.0000 0.9058 0.4237
vn 0.0943 0.9058 0.4131
vn -0.0000 0.9058 -0.4237
vn -0.0943 0.9058 0.4131
vn 0.1838 0.9058 -0.3818
vn 0.0943 0.9058 -0.4131
vn -0.1838 0.9058 0.3818
vn 0.2642 0.9058 -0.3313
vn -0.2642 0.9058 0.3313
vn 0.3313 0.9058 -0.2642
vn -0.3313 0.9058 0.2642
vn 0.3818 0.9058 -0.1838
vn -0.3818 0.9058 0.1838
vn 0.4131 0.9058 -0.0943
vn -0.4131 0.9058 0.0943
vn 0.4237 0.9058 -0.0000
vn -0.4237 0.9058 -0.0000
vn 0.4131 0.9058 0.0943
vn -0.4131 0.9058 -0.0943
vn 0.3818 0.9058 0.1838
vn -0.3818 0.9058 -0.1838
vn 0.3313 0.9058 0.2642
vn -0.3313 0.9058 -0.2642
vn 0.2642 0.9058 0.3313
vn -0.2642 0.9058 -0.3313
vn 0.1838 0.9058 0.3818
vn -0.0000 -0.6596 -0.7516
vn 0.1673 -0.6596 -0.7328
vn 0.3261 -0.6596 -0.6772
vn 0.4686 -0.6596 -0.5876
vn 0.5876 -0.6596 -0.4686
vn 0.6772 -0.6596 -0.3261
vn 0.7328 -0.6596 -0.1673
vn 0.7516 -0.6596 -0.0000
vn 0.7328 -0.6596 0.1673
vn 0.6772 -0.6596 0.3261
vn 0.5876 -0.6596 0.4686
vn 0.4686 -0.6596 0.5876
vn 0.3261 -0.6596 0.6772
vn 0.1673 -0.6596 0.7328
vn -0.0000 -0.6596 0.7516
vn -0.1673 -0.6596 0.7328
vn -0.3261 -0.6596 0.6772
vn -0.4686 -0.6596 0.5876
vn -0.5876 -0.6596 0.4686
vn -0.6772 -0.6596 0.3261
vn -0.7328 -0.6596 0.1673
vn -0.7516 -0.6596 -0.0000
vn -0.7328 -0.6596 -0.1673
vn -0.6772 -0.6596 -0.3261
vn -0.5877 -0.6596 -0.4686
vn -0.4686 -0.6596 -0.5876
vn -0.3261 -0.6596 -0.6772
vn -0.1673 -0.6596 -0.7328
vn -0.0000 0.6596 -0.7516
vn 0.1673 0.6596 -0.7328
vn 0.3261 0.6596 -0.6772
vn 0.4686 0.6596 -0.5877
vn 0.5877 0.6596 -0.4686
vn 0.6772 0.6596 -0.3261
vn 0.7328 0.6596 -0.1673
vn 0.7516 0.6596 -0.0000
vn 0.7328 0.6596 0.1673
vn 0.6772 0.6596 0.3261
vn 0.5877 0.6596 0.4686
vn 0.4686 0.6596 0.5877
vn 0.3261 0.6596 0.6772
vn 0.1673 0.6596 0.7328
vn -0.0000 0.6596 0.7516
vn -0.1673 0.6596 0.7328
vn -0.3261 0.6596 0.6772
vn -0.4686 0.6596 0.5877
vn -0.5877 0.6596 0.4686
vn -0.6772 0.6596 0.3261
vn -0.7328 0.6596 0.1673
vn -0.7516 0.6596 -0.0000
vn -0.7328 0.6596 -0.1673
vn -0.6772 0.6596 -0.3261
vn -0.5877 0.6596 -0.4686
vn -0.4686 0.6596 -0.5877
vn -0.3261 0.6596 -0.6772
vn -0.1673 0.6596 -0.7328
vn -0.0000 0.7356 0.6774
vn -0.1507 0.7356 0.6604
vn -0.2939 0.7356 0.6103
vn -0.4224 0.7356 0.5296
vn -0.5296 0.7356 0.4223
vn -0.6103 0.7356 0.2939
vn -0.6604 0.7356 0.1507
vn -0.6774 0.7356 -0.0000
vn -0.6604 0.7356 -0.1507
vn -0.6103 0.7356 -0.2939
vn -0.5296 0.7356 -0.4223
vn -0.4224 0.7356 -0.5296
vn -0.2939 0.7356 -0.6103
vn -0.1507 0.7356 -0.6604
vn -0.0000 0.7356 -0.6774
vn 0.1507 0.7356 -0.6604
vn 0.2939 0.7356 -0.6103
vn 0.4223 0.7356 -0.5296
vn 0.5296 0.7356 -0.4223
vn 0.6103 0.7356 -0.2939
vn 0.6604 0.7356 -0.1507
vn 0.6774 0.7356 -0.0000
vn 0.6604 0.7356 0.1507
vn 0.6103 0.7356 0.2939
vn 0.5296 0.7356 0.4224
vn 0.4223 0.7356 0.5296
vn 0.2939 0.7356 0.6103
vn 0.1507 0.7356 0.6604
vn -0.2001 0.4377 -0.8766
vn -0.0000 0.4377 -0.8991
vn -0.0000 0.1737 -0.9848
vn -0.2191 0.1737 -0.9601
vn 0.2191 0.1737 -0.9601
vn 0.4273 0.1737 -0.8873
vn 0.6140 0.1737 -0.7699
vn 0.7699 0.1737 -0.6140
vn 0.8873 0.1737 -0.4273
vn 0.9601 0.1737 -0.2191
vn 0.9848 0.1737 -0.0000
vn 0.9601 0.1737 0.2191
vn 0.8873 0.1737 0.4273
vn 0.7699 0.1737 0.6140
vn 0.6140 0.1737 0.7699
vn 0.4273 0.1737 0.8873
vn 0.2191 0.1737 0.9601
vn -0.0000 0.1737 0.9848
vn -0.2191 0.1737 0.9601
vn -0.4273 0.1737 0.8873
vn -0.6140 0.1737 0.7699
vn -0.7699 0.1737 0.6140
vn -0.8873 0.1737 0.4273
vn -0.9601 0.1737 0.2191
vn -0.9848 0.1737 -0.0000
vn -0.9601 0.1737 -0.2191
vn -0.8873 0.1737 -0.4273
vn -0.7699 0.1737 -0.6140
vn -0.6140 0.1737 -0.7699
vn -0.4273 0.1737 -0.8873
vn -0.0000 0.4532 -0.8914
vn -0.1984 0.4532 -0.8691
vn -0.9643 0.1474 -0.2201
vn -0.9749 0.0084 -0.2225
vn -0.9891 0.1474 -0.0000
vn -1.0000 0.0084 -0.0000
vn -0.9643 0.1474 0.2201
vn -0.9749 0.0084 0.2225
vn -0.8911 0.1474 0.4291
vn -0.9009 0.0084 0.4339
vn -0.7733 0.1474 0.6167
vn -0.7818 0.0084 0.6235
vn -0.6167 0.1474 0.7733
vn -0.6235 0.0084 0.7818
vn -0.4291 0.1474 0.8911
vn -0.4339 0.0084 0.9009
vn -0.2201 0.1474 0.9643
vn -0.2225 0.0084 0.9749
vn -0.0000 0.1474 0.9891
vn -0.0000 0.0084 1.0000
vn 0.2201 0.1474 0.9643
vn 0.2225 0.0084 0.9749
vn 0.4291 0.1474 0.8911
vn 0.4339 0.0084 0.9009
vn 0.6167 0.1474 0.7733
vn 0.6235 0.0084 0.7818
vn 0.7733 0.1474 0.6167
vn 0.7818 0.0084 0.6235
vn 0.8911 0.1474 0.4291
vn 0.9009 0.0084 0.4339
vn 0.9643 0.1474 0.2201
vn 0.9749 0.0084 0.2225
vn 0.9891 0.1474 -0.0000
vn 1.0000 0.0084 -0.0000
vn 0.9643 0.1474 -0.2201
vn 0.9749 0.0084 -0.2225
vn 0.8911 0.1474 -0.4291
vn 0.9009 0.0084 -0.4339
vn 0.7733 0.1474 -0.6167
vn 0.7818 0.0084 -0.6235
vn 0.6167 0.1474 -0.7733
vn 0.6235 0.0084 -0.7818
vn 0.4291 0.1474 -0.8911
vn 0.4339 0.0084 -0.9009
vn 0.2201 0.1474 -0.9643
vn 0.2225 0.0084 -0.9749
vn -0.0000 0.1474 -0.9891
vn -0.0000 0.0084 -1.0000
vn -0.8895 0.4569 -0.0000
vn -0.8672 0.4569 -0.1979
vn -0.8014 0.4569 -0.3860
vn -0.6955 0.4569 -0.5546
vn -0.5546 0.4569 -0.6955
vn -0.3860 0.4569 -0.8014
vn -0.1979 0.4569 -0.8672
vn -0.0000 0.4569 -0.8895
vn -0.2398 0.8295 0.5044
vn -0.1395 0.8290 0.5416
vn -0.2229 0.4783 0.8495
vn -0.3722 0.4927 0.7866
vn -0.4280 -0.0000 0.9038
vn -0.3810 0.4558 0.8044
vn -0.5546 0.4569 0.6955
vn -0.6955 0.4569 0.5546
vn -0.8014 0.4569 0.3860
vn -0.8672 0.4569 0.1979
vn -0.0000 1.0000 -0.0075
vn -0.6234 0.7818 -0.0116
vn -0.4937 0.5927 0.6364
vn -0.0000 0.7736 0.6337
vn -0.9749 0.0125 0.2225
vn -0.9999 0.0125 -0.0000
vn -0.8698 0.4933 -0.0000
vn -0.8480 0.4934 0.1936
vn -0.9749 0.0125 -0.2225
vn -0.8480 0.4933 -0.1936
vn -0.9009 0.0116 -0.4340
vn -0.7842 0.4925 -0.3775
vn -0.9009 0.0035 -0.4339
vn -0.8411 0.0123 -0.5408
vn -0.8037 0.0223 -0.5946
vn -0.7855 0.0107 -0.6187
vn -0.7818 0.0125 0.6234
vn -0.9009 0.0125 0.4338
vn -0.7837 0.4934 0.3774
vn -0.6801 0.4934 0.5423
vn 0.1103 0.0005 -0.9939
vn 0.2417 0.0002 -0.9703
vn 0.2444 0.0007 -0.9697
vn 0.1102 0.0012 -0.9939
vn -0.6234 0.0125 0.7818
vn -0.5423 0.4934 0.6801
vn -0.2499 0.0021 0.9683
vn -0.1799 0.6903 0.7008
vn -0.3153 0.6824 0.6595
vn -0.4304 0.0021 0.9026
vn -0.4360 0.8300 -0.3477
vn -0.6806 0.4909 -0.5438
vn -0.1441 0.8816 -0.4495
vn -0.3477 0.8300 -0.4360
vn -0.5025 0.8300 -0.2420
vn -0.5437 0.8300 -0.1241
vn -0.5577 0.8300 -0.0000
vn -0.5437 0.8300 0.1241
vn -0.5025 0.8300 0.2420
vn -0.4360 0.8300 0.3477
vn -0.3477 0.8300 0.4360
vn -0.1241 0.8300 -0.5437
vn -0.0691 0.9506 -0.3025
vn -0.0000 0.9506 -0.3103
vn -0.0000 0.8300 -0.5577
vn -0.2420 0.8300 -0.5025
vn -0.1346 0.9506 -0.2796
vn -1.0000 0.0026 -0.0000
vn -0.9749 0.0026 -0.2225
vn -0.9749 0.0026 0.2225
vn -0.9010 0.0026 0.4339
vn -0.7818 0.0026 0.6235
vn -0.6235 0.0026 0.7818
vn -0.4276 0.0092 0.9039
vn -0.7126 0.0089 -0.7015
vn -0.7308 0.0141 -0.6824
vn -0.0546 0.4020 -0.9140
vn -0.0795 0.3931 -0.9161
vn -0.0000 -0.0027 1.0000
vn -0.0000 0.6937 0.7203
vn -0.0793 0.6939 0.7157
vn -0.1156 -0.0001 0.9933
vn -0.1159 -0.0003 0.9933
vn -0.0826 -0.6945 0.7148
vn -0.0000 -0.6944 0.7196
vn -0.0000 -0.0001 1.0000
vn -0.3132 -0.6814 0.6615
vn -0.1778 -0.6907 0.7009
vn -0.2467 -0.0003 0.9691
vn -0.8028 0.2476 0.5424
vn -0.9363 -0.3512 0.0080
vn -0.9528 0.3037 0.0027
vn -0.8509 0.2372 0.4687
vn -0.5937 0.8046 0.0062
vn -0.5551 0.6636 0.5014
vn -0.0000 1.0000 0.0086
vn -0.0000 0.8497 0.5273
vn -0.5573 -0.8302 0.0127
vn -0.0000 -0.9989 0.0471
vn -0.0000 -0.9995 0.0316
vn -0.6243 -0.7812 -0.0043
vn -0.9541 -0.2984 -0.0254
vn -0.5087 -0.5795 0.6367
vn -0.7417 -0.2066 0.6381
vn -0.3543 0.4311 0.8298
vn -0.1970 0.3907 0.8992
vn -0.4855 -0.6183 0.6180
vn -0.3800 0.0660 0.9226
vn -0.2517 0.0003 0.9678
vn -0.2520 0.0024 0.9677
vn -0.5146 -0.8565 0.0394
vn -0.9591 0.2826 -0.0167
vn -0.7377 0.2082 0.6423
vn -0.2461 0.1878 0.9509
vn -0.1351 0.0065 0.9908
vn -0.0000 0.2435 0.9699
vn -0.0000 0.0102 0.9999
vn -0.6077 -0.1744 0.7748
vn -0.6077 0.1744 0.7748
vn -0.3903 -0.4778 0.7870
vn -0.0000 -0.7646 0.6445
vn -0.0000 -0.6065 0.7951
vn -0.3903 0.4778 0.7870
vn -0.0000 0.6065 0.7951
vn -0.9612 0.2759 -0.0000
vn -0.9612 -0.2759 -0.0000
vn -0.7305 -0.2097 0.6500
vn -0.7305 0.2097 0.6500
vn -0.6326 -0.7745 -0.0000
vn -0.0000 -0.7716 0.6361
vn -0.4853 -0.5941 0.6415
vn -0.0000 1.0000 -0.0000
vn -0.6326 0.7745 -0.0000
vn -0.4853 0.5942 0.6415
vn -0.0000 0.7716 0.6361
vn -0.0000 1.0000 -0.0063
vn -0.6101 0.7922 -0.0096
vn -0.9415 -0.3366 -0.0183
vn -0.9561 0.2926 -0.0142
vn -0.0000 -0.9966 0.0824
vn -0.0000 -0.7719 0.6357
vn 0.6558 0.5644 -0.5014
vn 0.6340 0.4587 -0.6226
vn 0.9537 0.3007 -0.0064
vn 0.9144 0.3331 0.2301
vn 0.9011 -0.0013 0.4336
vn 0.9022 -0.0002 0.4313
vn 0.7841 -0.0003 0.6207
vn 0.8093 -0.0245 0.5868
vn 0.8436 -0.0128 0.5368
vn 0.7083 0.0036 0.7059
vn 0.7295 -0.0109 0.6839
vn -0.0000 0.0005 -1.0000
vn -0.0000 0.0012 -1.0000
vn 0.9749 -0.0000 0.2224
vn 0.9750 -0.0003 0.2223
vn 0.6236 -0.0000 -0.7818
vn 0.4306 -0.0000 -0.9026
vn 0.4305 0.0001 -0.9026
vn 0.9022 -0.0000 0.4314
vn 0.4241 0.7331 -0.5317
vn 0.5317 0.7332 -0.4240
vn 0.0006 1.0000 -0.0002
vn 0.6800 0.7332 -0.0000
vn 0.6634 0.7329 0.1509
vn 0.6127 0.7332 -0.2951
vn 0.0022 1.0000 0.0001
vn 0.6130 0.7325 0.2960
vn 0.0005 1.0000 -0.0004
vn -0.0004 1.0000 -0.0009
vn 0.1687 0.7252 -0.6676
vn 0.2926 0.7341 -0.6128
vn 0.6630 0.7332 -0.1513
vn 0.1029 0.9838 -0.1467
vn 0.6411 0.7255 0.2502
vn 0.3798 0.7880 -0.4846
vn 0.8166 0.5771 -0.0080
vn -0.0024 1.0000 0.0005
vn 0.0741 0.7208 -0.6891
vn -0.0000 1.0000 0.0021
vn -0.0000 0.7214 -0.6925
vn 0.9612 -0.2759 -0.0000
vn 0.9612 0.2759 -0.0000
vn 0.7305 0.2097 0.6500
vn 0.7305 -0.2097 0.6500
vn 0.6326 0.7745 -0.0000
vn 0.4853 0.5942 0.6415
vn 0.6326 -0.7745 -0.0000
vn 0.4853 -0.5942 0.6415
vn 0.6077 -0.1744 0.7748
vn 0.3903 -0.4778 0.7870
vn 0.3903 0.4778 0.7870
vn 0.6077 0.1744 0.7748
vn -0.0000 0.6064 0.7951
vn 0.1513 0.7332 0.6630
vn -0.0000 0.7332 0.6800
vn 0.2914 0.9351 -0.2019
vn 0.6565 0.5922 0.4671
vn 0.2950 0.7332 0.6127
vn -0.9749 -0.0000 0.2224
vn -0.9022 -0.0002 0.4313
vn -0.9022 -0.0000 0.4314
vn 0.7804 0.0012 0.6253
vn -0.4555 0.6828 0.5712
vn -0.5712 0.6828 0.4555
vn -0.6583 0.6828 0.3170
vn -0.7123 0.6828 0.1626
vn -0.7306 0.6828 -0.0000
vn -0.7122 0.6829 -0.1625
vn -0.6573 0.6841 -0.3162
vn 0.6999 0.0045 0.7142
vn -0.2632 0.6341 -0.7271
vn -0.4915 0.7345 -0.4678
vn -0.2392 0.8295 0.5046
vn -0.1388 0.8290 0.5418
vn -0.1197 0.4557 0.8821
vn -0.0000 -0.0034 1.0000
vn -0.0000 -0.1569 0.9876
vn -0.2195 0.4609 0.8599
vn -0.2482 -0.0003 0.9687
vn -0.1173 -0.0003 0.9931
vn -0.0984 0.8293 0.5501
vn -0.0963 0.8299 0.5496
vn 0.8672 0.4569 -0.1979
vn 0.8895 0.4569 -0.0000
vn 0.8014 0.4569 -0.3860
vn 0.6955 0.4569 -0.5546
vn 0.5546 0.4569 -0.6955
vn 0.3860 0.4569 -0.8014
vn 0.1979 0.4569 -0.8672
vn 0.2398 0.8295 0.5044
vn 0.3722 0.4927 0.7866
vn 0.2229 0.4783 0.8495
vn 0.1395 0.8290 0.5416
vn 0.4280 -0.0000 0.9038
vn 0.5546 0.4569 0.6955
vn 0.3810 0.4558 0.8044
vn 0.6955 0.4569 0.5546
vn 0.8014 0.4569 0.3860
vn 0.8672 0.4569 0.1979
vn 0.4937 0.5927 0.6364
vn 0.6234 0.7818 -0.0116
vn 0.9749 0.0125 0.2225
vn 0.8480 0.4933 0.1936
vn 0.8698 0.4933 -0.0000
vn 0.9999 0.0125 -0.0000
vn 0.8480 0.4933 -0.1936
vn 0.9749 0.0125 -0.2225
vn 0.7842 0.4925 -0.3775
vn 0.9009 0.0116 -0.4340
vn -0.9750 -0.0003 0.2223
vn -0.9011 -0.0013 0.4336
vn 0.7855 0.0107 -0.6187
vn 0.8037 0.0223 -0.5946
vn 0.8411 0.0123 -0.5408
vn 0.9009 0.0035 -0.4339
vn 0.7818 0.0125 0.6234
vn 0.6801 0.4934 0.5423
vn 0.7837 0.4934 0.3774
vn 0.9009 0.0125 0.4338
vn -0.2444 0.0007 -0.9697
vn -0.2417 0.0002 -0.9703
vn -0.1103 0.0005 -0.9939
vn -0.1102 0.0012 -0.9939
vn 0.6234 0.0125 0.7818
vn 0.5423 0.4933 0.6801
vn 0.2499 0.0021 0.9683
vn 0.4304 0.0021 0.9026
vn 0.3153 0.6824 0.6595
vn 0.1799 0.6903 0.7008
vn 0.4360 0.8300 -0.3477
vn 0.3477 0.8300 -0.4360
vn 0.1441 0.8816 -0.4495
vn 0.6806 0.4909 -0.5438
vn 0.5025 0.8300 -0.2420
vn 0.5437 0.8300 -0.1241
vn 0.5577 0.8300 -0.0000
vn 0.5437 0.8300 0.1241
vn 0.5025 0.8300 0.2420
vn 0.4360 0.8300 0.3477
vn 0.3477 0.8300 0.4360
vn 0.1241 0.8300 -0.5437
vn 0.0691 0.9506 -0.3025
vn 0.2420 0.8300 -0.5025
vn 0.1346 0.9506 -0.2796
vn 0.9749 0.0026 -0.2225
vn 1.0000 0.0026 -0.0000
vn 0.9749 0.0026 0.2225
vn 0.9010 0.0026 0.4339
vn 0.7818 0.0026 0.6235
vn 0.6235 0.0026 0.7818
vn 0.4276 0.0092 0.9039
vn 0.7126 0.0089 -0.7015
vn 0.0795 0.3931 -0.9161
vn 0.0546 0.4020 -0.9140
vn 0.7308 0.0141 -0.6824
vn 0.1156 -0.0001 0.9933
vn 0.0793 0.6939 0.7157
vn 0.1159 -0.0003 0.9933
vn 0.0826 -0.6945 0.7148
vn 0.2467 -0.0003 0.9691
vn 0.1778 -0.6907 0.7009
vn 0.3132 -0.6814 0.6615
vn 0.8028 0.2476 0.5424
vn 0.8509 0.2372 0.4687
vn 0.9527 0.3037 0.0027
vn 0.9363 -0.3512 0.0080
vn 0.5551 0.6636 0.5014
vn 0.5937 0.8046 0.0062
vn 0.5573 -0.8302 0.0127
vn 0.6243 -0.7812 -0.0043
vn 0.9541 -0.2984 -0.0254
vn 0.7417 -0.2066 0.6381
vn 0.5087 -0.5795 0.6367
vn 0.3543 0.4311 0.8298
vn 0.4855 -0.6183 0.6180
vn 0.1970 0.3907 0.8992
vn 0.2520 0.0024 0.9677
vn 0.2517 0.0003 0.9678
vn 0.3800 0.0660 0.9226
vn 0.5146 -0.8565 0.0394
vn 0.9591 0.2826 -0.0167
vn 0.7377 0.2082 0.6423
vn 0.1351 0.0065 0.9908
vn 0.2461 0.1878 0.9509
vn 0.4853 -0.5941 0.6415
vn 0.6101 0.7922 -0.0096
vn 0.9415 -0.3366 -0.0183
vn 0.9561 0.2926 -0.0142
vn -0.6558 0.5644 -0.5014
vn -0.9144 0.3331 0.2301
vn -0.9537 0.3007 -0.0064
vn -0.6340 0.4587 -0.6226
vn -0.8436 -0.0128 0.5368
vn -0.8093 -0.0245 0.5868
vn -0.7841 -0.0003 0.6207
vn -0.7083 0.0036 0.7059
vn -0.7295 -0.0109 0.6839
vn -0.6236 -0.0000 -0.7818
vn -0.4306 -0.0000 -0.9026
vn -0.4305 0.0001 -0.9026
vn -0.5317 0.7332 -0.4240
vn -0.4241 0.7331 -0.5317
vn -0.0006 1.0000 -0.0002
vn -0.6634 0.7329 0.1509
vn -0.6800 0.7332 -0.0000
vn -0.6127 0.7332 -0.2951
vn -0.0021 1.0000 0.0001
vn -0.6130 0.7325 0.2960
vn -0.0005 1.0000 -0.0004
vn -0.2926 0.7341 -0.6128
vn -0.1687 0.7252 -0.6676
vn 0.0004 1.0000 -0.0009
vn -0.6630 0.7332 -0.1513
vn -0.1029 0.9838 -0.1467
vn -0.6411 0.7256 0.2502
vn -0.8166 0.5771 -0.0080
vn -0.3798 0.7880 -0.4846
vn -0.0741 0.7208 -0.6891
vn 0.0024 1.0000 0.0005
vn -0.4853 -0.5942 0.6415
vn -0.1513 0.7332 0.6630
vn -0.2950 0.7332 0.6127
vn -0.6565 0.5922 0.4671
vn -0.2914 0.9351 -0.2019
vn -0.7804 0.0012 0.6253
vn 0.4555 0.6828 0.5712
vn 0.5712 0.6828 0.4555
vn 0.6583 0.6828 0.3170
vn 0.7123 0.6828 0.1626
vn 0.7306 0.6828 -0.0000
vn 0.7122 0.6829 -0.1625
vn 0.6573 0.6841 -0.3162
vn -0.6999 0.0045 0.7142
vn 0.2632 0.6341 -0.7271
vn 0.4915 0.7345 -0.4678
vn 0.2392 0.8295 0.5046
vn 0.1388 0.8290 0.5418
vn 0.1197 0.4557 0.8821
vn 0.1173 -0.0003 0.9931
vn 0.2482 -0.0003 0.9687
vn 0.2195 0.4609 0.8599
vn 0.0984 0.8293 0.5501
vn 0.0963 0.8299 0.5496
vn 0.6996 -0.0000 0.7146
vn 0.7802 -0.0000 0.6255
vn 0.5713 0.6811 0.4580
vn 0.4947 0.7071 0.5053
vn -0.6996 -0.0000 0.7146
vn -0.6193 -0.0000 0.7851
vn -0.4519 0.6839 0.5728
vn -0.4947 0.7071 0.5053
vn -0.7802 -0.0000 0.6255
vn -0.5713 0.6811 0.4580
vn -0.6587 0.6833 0.3150
vn 0.3170 0.6828 0.6583
vn 0.1626 0.6828 0.7123
vn 0.6587 0.6833 0.3150
vn 0.6193 -0.0000 0.7851
vn 0.4519 0.6839 0.5728
vn -0.2404 -0.0000 -0.9707
vn -0.4306 -0.0000 -0.9025
vn -0.3150 0.6819 -0.6601
vn -0.1744 0.6882 -0.7042
vn -0.7123 0.6828 -0.1626
vn 0.1103 -0.0000 -0.9939
vn -0.0000 0.6929 -0.7211
vn 0.0791 0.6969 -0.7128
vn 0.4306 -0.0000 -0.9025
vn 0.2404 -0.0000 -0.9707
vn 0.1744 0.6882 -0.7042
vn 0.3150 0.6819 -0.6601
vn -0.0000 0.6828 0.7306
vn -0.6236 -0.0000 -0.7817
vn -0.4556 0.6828 -0.5712
vn 0.6236 -0.0000 -0.7817
vn 0.4556 0.6828 -0.5712
vn -0.1626 0.6828 0.7123
vn -0.3170 0.6828 0.6583
vn 0.5712 0.6828 -0.4555
vn -0.1103 -0.0000 -0.9939
vn -0.0791 0.6969 -0.7128
vn -0.5712 0.6828 -0.4555
vn 0.6583 0.6828 -0.3170
vn -0.6583 0.6828 -0.3170
vn 0.7123 0.6828 -0.1626
vn -0.3193 0.9214 -0.2214
vn -0.6667 0.5453 -0.5080
vn 0.0010 1.0000 0.0006
vn -0.0000 1.0000 0.0022
vn -0.0000 1.0000 -0.0009
vn -0.3603 0.8119 -0.4594
vn -0.0993 0.9850 -0.1413
vn -0.0003 1.0000 -0.0004
vn -0.6192 0.5001 -0.6053
vn -0.0019 1.0000 0.0006
vn -0.0005 1.0000 -0.0000
vn 0.3193 0.9214 -0.2214
vn 0.6667 0.5453 -0.5080
vn -0.0010 1.0000 0.0006
vn 0.3603 0.8119 -0.4594
vn 0.0993 0.9850 -0.1413
vn 0.0003 1.0000 -0.0004
vn 0.6192 0.5001 -0.6053
vn 0.0019 1.0000 0.0006
vn 0.0005 1.0000 -0.0000
vn -0.5712 -0.6828 -0.4555
vn -0.4555 -0.6828 -0.5712
vn -0.3170 -0.6828 -0.6583
vn -0.1626 -0.6828 -0.7123
vn 0.4555 -0.6828 -0.5712
vn 0.5712 -0.6828 -0.4555
vn 0.1626 -0.6828 -0.7123
vn 0.3170 -0.6828 -0.6583
vn -0.0000 -0.6828 -0.7306
vn -0.7123 -0.6828 -0.1626
vn -0.6583 -0.6828 -0.3170
vn -0.5712 -0.6828 0.4555
vn -0.6583 -0.6828 0.3170
vn 0.6583 -0.6828 -0.3170
vn 0.7123 -0.6828 -0.1626
vn 0.6583 -0.6828 0.3170
vn 0.5712 -0.6828 0.4555
vn -0.7123 -0.6828 0.1626
vn -0.7306 -0.6828 -0.0000
vn 0.7306 -0.6828 -0.0000
vn 0.7123 -0.6828 0.1626
vn -0.4555 -0.6828 0.5712
vn 0.4555 -0.6828 0.5712
vn 0.7072 0.0780 -0.7027
vn 0.5557 0.6133 -0.5613
vn 0.6528 0.5980 -0.4650
vn 0.8060 0.1061 -0.5823
vn 0.7255 0.6465 -0.2361
vn 0.9442 0.1199 -0.3068
vn 0.7468 0.6650 -0.0000
vn 0.9928 0.1194 -0.0000
vn 0.7085 0.6671 0.2302
vn 0.9443 0.1193 0.3068
vn 0.6027 0.6671 0.4379
vn 0.8032 0.1193 0.5836
vn 0.4379 0.6671 0.6027
vn 0.5836 0.1193 0.8032
vn 0.2302 0.6671 0.7085
vn 0.3068 0.1193 0.9443
vn -0.0000 0.6671 0.7450
vn -0.0000 0.1193 0.9929
vn -0.2302 0.6671 0.7085
vn -0.3068 0.1193 0.9443
vn -0.4379 0.6671 0.6027
vn -0.5836 0.1193 0.8032
vn -0.6027 0.6671 0.4379
vn -0.8032 0.1193 0.5836
vn -0.7085 0.6671 0.2302
vn -0.9443 0.1193 0.3068
vn -0.7468 0.6650 -0.0000
vn -0.9928 0.1194 -0.0000
vn -0.7251 0.6469 -0.2360
vn -0.9442 0.1199 -0.3068
vn -0.6518 0.6000 -0.4639
vn -0.8060 0.1060 -0.5823
vn -0.7517 0.0470 -0.6578
vn -0.7539 0.4895 -0.4382
vn -0.9910 0.0782 -0.1084
vn -0.9478 0.0155 -0.3186
vn 0.9917 -0.0002 -0.1285
vn 0.9917 -0.0000 -0.1286
vn 0.8268 -0.0000 -0.5625
vn 0.8268 -0.0001 -0.5624
vn 0.1598 0.9871 0.0001
vn 0.1493 0.9876 0.0485
vn 0.1270 0.9876 0.0923
vn 0.0923 0.9876 0.1270
vn 0.0485 0.9876 0.1493
vn -0.0000 0.9876 0.1570
vn -0.0485 0.9876 0.1493
vn -0.0923 0.9876 0.1270
vn -0.1270 0.9876 0.0923
vn -0.1493 0.9876 0.0485
vn -0.1598 0.9871 0.0001
vn -0.9979 0.0599 -0.0226
vn -0.9914 0.0541 -0.1193
vn -0.1769 0.9826 -0.0573
vn -0.5564 0.6137 -0.5602
vn -0.7072 0.0780 -0.7027
vn 0.7544 0.0469 -0.6547
vn 0.7653 0.4762 -0.4332
vn -0.1993 0.9703 -0.1371
vn 0.2016 0.9696 -0.1390
vn 0.1774 0.9825 -0.0574
vn -0.0000 0.1215 -0.9926
vn 0.3036 0.1161 -0.9457
vn 0.3090 -0.0000 -0.9511
vn 0.5251 0.0001 -0.8511
vn 0.5197 0.1051 -0.8479
vn 0.8157 0.0710 -0.5741
vn -0.5241 0.0001 -0.8516
vn -0.5188 0.1052 -0.8484
vn -0.3036 0.1161 -0.9457
vn -0.3090 -0.0000 -0.9511
vn -0.9915 -0.0001 -0.1304
vn -0.9918 0.0066 -0.1279
vn -0.8159 0.0727 -0.5736
vn -0.8251 -0.0001 -0.5649
vn -0.0000 0.6078 -0.7941
vn 0.2465 0.5966 -0.7638
vn 0.5824 0.1114 0.8052
vn 0.8025 0.1013 0.5880
vn 0.5826 0.7030 0.4080
vn 0.4227 0.7076 0.5663
vn -0.9950 0.0684 0.0731
vn -0.9456 0.0843 0.3141
vn -0.6890 0.6940 0.2088
vn -0.7128 0.6994 0.0522
vn 0.9456 0.0843 0.3141
vn 0.6890 0.6940 0.2088
vn -0.0892 0.9648 -0.2473
vn -0.0000 0.9683 -0.2499
vn -0.2465 0.5966 -0.7638
vn 0.1824 0.9574 -0.2237
vn 0.6957 0.7094 -0.1134
vn 0.7684 0.4518 -0.4532
vn 0.4322 0.5812 -0.6895
vn -0.1814 0.9576 -0.2237
vn -0.4313 0.5815 -0.6898
vn 0.0892 0.9648 -0.2473
vn -0.9982 0.0580 -0.0152
vn -0.9980 0.0614 -0.0131
vn -0.7067 0.7075 -0.0079
vn -0.7063 0.7078 -0.0109
vn -0.7677 0.4523 -0.4540
vn 0.3061 0.1165 0.9448
vn 0.2223 0.7096 0.6686
vn 0.9916 0.0765 -0.1043
vn 0.9924 0.0051 -0.1227
vn 0.9903 0.0557 -0.1276
vn -0.9982 0.0576 -0.0147
vn -0.7052 0.7089 -0.0106
vn -0.0000 0.1179 0.9930
vn -0.0000 0.7101 0.7041
vn -0.3061 0.1165 0.9448
vn -0.2223 0.7096 0.6686
vn 0.9982 0.0576 -0.0147
vn 0.9981 0.0580 -0.0208
vn 0.7055 0.7086 -0.0105
vn -0.5824 0.1114 0.8052
vn -0.4227 0.7076 0.5663
vn 0.9980 0.0614 -0.0131
vn 0.9982 0.0580 -0.0152
vn 0.7065 0.7077 -0.0109
vn 0.7067 0.7075 -0.0079
vn -0.8025 0.1013 0.5880
vn -0.5826 0.7030 0.4080
vn 0.9950 0.0684 0.0731
vn 0.7128 0.6994 0.0522
vn -0.0555 0.9985 -0.0013
vn -0.6952 0.7097 -0.1143
vn -0.0596 0.9971 0.0464
vn -0.0457 0.9968 0.0659
vn 0.0620 0.9981 0.0046
vn 0.0648 0.9976 0.0240
vn 0.0596 0.9971 0.0464
vn 0.0457 0.9968 0.0659
vn 0.0247 0.9966 0.0789
vn -0.0000 0.9965 0.0835
vn -0.0247 0.9966 0.0789
vn -0.0648 0.9976 0.0240
vn -0.0620 0.9981 0.0046
vn -0.0582 0.9983 -0.0008
vn -0.0572 0.9984 -0.0010
vn 0.0573 0.9984 -0.0010
vn 0.0582 0.9983 -0.0008
vn 0.0561 0.9984 -0.0013
vn -0.1707 0.9773 -0.1251
vn -0.1811 0.9687 -0.1699
vn 0.1743 0.9766 -0.1260
vn 0.8639 0.4992 -0.0671
vn 0.7070 0.7071 -0.0108
vn 0.5249 -0.0000 -0.8511
vn -0.8251 -0.0000 -0.5650
vn -0.5240 -0.0000 -0.8517
vn -0.9914 -0.0000 -0.1306
vn 0.7071 -0.0000 -0.7071
vn -0.8090 -0.0000 -0.5878
vn -0.7071 -0.0000 -0.7071
vn -0.9239 -0.0000 -0.3827
vn -0.9511 -0.0000 -0.3090
vn -0.9511 -0.0000 0.3090
vn -0.8090 -0.0000 0.5878
vn -0.5878 -0.0000 0.8090
vn -0.3090 -0.0000 0.9511
vn 0.3090 -0.0000 0.9511
vn 0.5878 -0.0000 0.8090
vn 0.8090 -0.0000 0.5878
vn 0.9511 -0.0000 0.3090
vn 0.9511 -0.0000 -0.3090
vn 0.8090 -0.0000 -0.5878
vn 0.1840 0.9676 -0.1732
vn -0.8576 0.5099 -0.0671
vn -0.6354 0.7441 0.2065
vn -0.5405 0.7441 0.3927
vn 0.6849 0.7270 0.0486
vn 0.6354 0.7441 0.2065
vn -0.3927 0.7441 0.5405
vn -0.2065 0.7441 0.6354
vn -0.0000 0.7441 0.6681
vn -0.7070 0.7071 -0.0108
vn -0.6849 0.7270 0.0486
vn 0.2065 0.7441 0.6354
vn 0.3927 0.7441 0.5405
vn 0.5405 0.7441 0.3927
vn 0.9491 0.0154 -0.3145
vn 0.9239 -0.0000 -0.3827
vt 0.013285 0.947036
vt 0.013339 0.937998
vt 0.046553 0.938280
vt 0.046481 0.947109
vt 0.112099 0.947368
vt 0.112157 0.938514
vt 0.144962 0.938615
vt 0.144907 0.947470
vt 0.177770 0.938706
vt 0.177718 0.947562
vt 0.210582 0.938787
vt 0.210532 0.947644
vt 0.243397 0.938859
vt 0.243350 0.947716
vt 0.276216 0.938920
vt 0.276171 0.947778
vt 0.309038 0.938971
vt 0.308996 0.947831
vt 0.341863 0.939013
vt 0.341824 0.947873
vt 0.374692 0.939044
vt 0.374656 0.947905
vt 0.407524 0.939066
vt 0.407491 0.947928
vt 0.440359 0.939077
vt 0.440329 0.947940
vt 0.473198 0.939078
vt 0.473170 0.947943
vt 0.506041 0.939070
vt 0.506015 0.947936
vt 0.538887 0.939052
vt 0.538864 0.947918
vt 0.571736 0.939024
vt 0.571716 0.947891
vt 0.604589 0.938986
vt 0.604571 0.947854
vt 0.637445 0.938938
vt 0.637430 0.947807
vt 0.670304 0.938880
vt 0.670292 0.947750
vt 0.703167 0.938812
vt 0.703157 0.947683
vt 0.736033 0.938734
vt 0.736026 0.947606
vt 0.768903 0.938646
vt 0.768899 0.947519
vt 0.801775 0.938549
vt 0.801774 0.947422
vt 0.834652 0.938441
vt 0.834653 0.947315
vt 0.867531 0.938324
vt 0.867536 0.947198
vt 0.900428 0.938221
vt 0.900426 0.947074
vt 0.990246 0.849518
vt 0.990246 0.819346
vt 0.993226 0.819346
vt 0.993226 0.849518
vt 0.079355 0.938403
vt 0.079296 0.947255
vt 0.933712 0.938021
vt 0.933733 0.947085
vt 0.072478 0.369386
vt 0.039696 0.368335
vt 0.039964 0.363243
vt 0.072595 0.364270
vt 0.105347 0.369823
vt 0.105394 0.364689
vt 0.138299 0.369973
vt 0.138314 0.364826
vt 0.171308 0.369993
vt 0.171310 0.364838
vt 0.204355 0.369960
vt 0.204351 0.364799
vt 0.237422 0.369908
vt 0.237417 0.364744
vt 0.270501 0.369853
vt 0.270496 0.364688
vt 0.303586 0.369803
vt 0.303582 0.364637
vt 0.336672 0.369760
vt 0.336670 0.364594
vt 0.369760 0.369726
vt 0.369759 0.364560
vt 0.402847 0.369703
vt 0.402848 0.364537
vt 0.435934 0.369689
vt 0.435936 0.364523
vt 0.469020 0.369685
vt 0.469024 0.364519
vt 0.502105 0.369691
vt 0.502110 0.364525
vt 0.535190 0.369707
vt 0.535196 0.364541
vt 0.568273 0.369733
vt 0.568282 0.364567
vt 0.601357 0.369768
vt 0.601366 0.364603
vt 0.634438 0.369812
vt 0.634448 0.364647
vt 0.667517 0.369862
vt 0.667528 0.364698
vt 0.700592 0.369916
vt 0.700604 0.364753
vt 0.733659 0.369965
vt 0.733669 0.364804
vt 0.766713 0.369992
vt 0.766716 0.364834
vt 0.799744 0.369960
vt 0.799732 0.364808
vt 0.832741 0.369793
vt 0.832697 0.364649
vt 0.865699 0.369337
vt 0.865585 0.364202
vt 0.898642 0.368302
vt 0.898382 0.363161
vt 0.931907 0.366000
vt 0.931219 0.360833
vt 0.990246 0.789173
vt 0.993226 0.789173
vt 0.990245 0.065028
vt 0.990245 0.034855
vt 0.993226 0.034855
vt 0.993226 0.065028
vt 0.990245 0.095201
vt 0.993226 0.095201
vt 0.990245 0.125374
vt 0.993226 0.125374
vt 0.990245 0.155546
vt 0.993226 0.155546
vt 0.990245 0.185719
vt 0.993226 0.185719
vt 0.990245 0.215891
vt 0.993226 0.215891
vt 0.990245 0.246064
vt 0.993226 0.246064
vt 0.990245 0.276237
vt 0.993226 0.276237
vt 0.990245 0.306409
vt 0.993226 0.306409
vt 0.990245 0.336582
vt 0.993226 0.336582
vt 0.990245 0.366755
vt 0.993226 0.366755
vt 0.990245 0.396928
vt 0.993226 0.396928
vt 0.990246 0.427100
vt 0.993226 0.427100
vt 0.990246 0.457273
vt 0.993226 0.457273
vt 0.990246 0.487446
vt 0.993226 0.487446
vt 0.990246 0.517618
vt 0.993226 0.517618
vt 0.990246 0.547791
vt 0.993226 0.547791
vt 0.990246 0.577964
vt 0.993226 0.577964
vt 0.990246 0.608137
vt 0.993226 0.608137
vt 0.990246 0.638309
vt 0.993226 0.638309
vt 0.990246 0.668482
vt 0.993226 0.668482
vt 0.990246 0.698655
vt 0.993226 0.698655
vt 0.990246 0.728827
vt 0.993226 0.728827
vt 0.990246 0.759000
vt 0.993226 0.759000
vt 0.990245 0.004683
vt 0.993226 0.004683
vt 0.006680 0.365926
vt 0.007381 0.360833
vt 0.038953 0.383896
vt 0.005213 0.381847
vt 0.005904 0.372994
vt 0.039353 0.375275
vt 0.072153 0.384907
vt 0.072331 0.376331
vt 0.105227 0.385353
vt 0.105293 0.376780
vt 0.138276 0.385521
vt 0.138288 0.376942
vt 0.171329 0.385557
vt 0.171317 0.376972
vt 0.204394 0.385534
vt 0.204372 0.376944
vt 0.237467 0.385488
vt 0.237441 0.376895
vt 0.270545 0.385437
vt 0.270520 0.376842
vt 0.303627 0.385388
vt 0.303603 0.376792
vt 0.336710 0.385346
vt 0.336688 0.376750
vt 0.369793 0.385312
vt 0.369774 0.376716
vt 0.402876 0.385288
vt 0.402859 0.376692
vt 0.435958 0.385274
vt 0.435944 0.376678
vt 0.469040 0.385270
vt 0.469028 0.376674
vt 0.502120 0.385276
vt 0.502111 0.376680
vt 0.535200 0.385292
vt 0.535193 0.376696
vt 0.568279 0.385317
vt 0.568274 0.376722
vt 0.601358 0.385352
vt 0.601356 0.376757
vt 0.634435 0.385395
vt 0.634435 0.376800
vt 0.667512 0.385444
vt 0.667513 0.376850
vt 0.700588 0.385496
vt 0.700589 0.376903
vt 0.733662 0.385542
vt 0.733659 0.376950
vt 0.766735 0.385563
vt 0.766721 0.376974
vt 0.799813 0.385525
vt 0.799773 0.376937
vt 0.832910 0.385355
vt 0.832816 0.376764
vt 0.866073 0.384911
vt 0.865867 0.376306
vt 0.899414 0.383916
vt 0.898996 0.375278
vt 0.933244 0.381983
vt 0.932634 0.373117
vt 0.046475 0.949456
vt 0.013377 0.949414
vt 0.004736 0.974169
vt 0.035486 0.974169
vt 0.035477 0.976281
vt 0.004726 0.976281
vt 0.079287 0.949592
vt 0.066236 0.974169
vt 0.066228 0.976281
vt 0.112092 0.949705
vt 0.096987 0.974169
vt 0.096978 0.976281
vt 0.144900 0.949807
vt 0.127737 0.974169
vt 0.127729 0.976281
vt 0.177711 0.949900
vt 0.158487 0.974169
vt 0.158480 0.976281
vt 0.210527 0.949982
vt 0.189237 0.974169
vt 0.189231 0.976281
vt 0.243345 0.950054
vt 0.219987 0.974169
vt 0.219982 0.976281
vt 0.276167 0.950116
vt 0.250737 0.974169
vt 0.250732 0.976281
vt 0.308993 0.950169
vt 0.281487 0.974169
vt 0.281483 0.976281
vt 0.341821 0.950212
vt 0.312237 0.974169
vt 0.312234 0.976281
vt 0.374654 0.950244
vt 0.342988 0.974169
vt 0.342985 0.976281
vt 0.407489 0.950267
vt 0.373738 0.974168
vt 0.373736 0.976281
vt 0.440328 0.950280
vt 0.404488 0.974168
vt 0.404486 0.976281
vt 0.473171 0.950283
vt 0.435238 0.974168
vt 0.435237 0.976281
vt 0.506016 0.950276
vt 0.465988 0.974169
vt 0.465988 0.976281
vt 0.538866 0.950259
vt 0.496738 0.974168
vt 0.496739 0.976281
vt 0.571718 0.950232
vt 0.527488 0.974168
vt 0.527490 0.976281
vt 0.604574 0.950195
vt 0.558238 0.974168
vt 0.558240 0.976281
vt 0.637434 0.950148
vt 0.588988 0.974168
vt 0.588991 0.976281
vt 0.670296 0.950091
vt 0.619739 0.974168
vt 0.619742 0.976281
vt 0.703163 0.950024
vt 0.650489 0.974168
vt 0.650493 0.976281
vt 0.736032 0.949948
vt 0.681239 0.974168
vt 0.681244 0.976281
vt 0.768905 0.949861
vt 0.711989 0.974168
vt 0.711995 0.976281
vt 0.801781 0.949764
vt 0.742739 0.974168
vt 0.742746 0.976281
vt 0.834661 0.949658
vt 0.773489 0.974168
vt 0.773497 0.976281
vt 0.867544 0.949541
vt 0.804240 0.974168
vt 0.804247 0.976281
vt 0.900430 0.949414
vt 0.834990 0.974168
vt 0.834998 0.976281
vt 0.933636 0.949442
vt 0.865740 0.974168
vt 0.865749 0.976281
vt 0.900416 0.935897
vt 0.933601 0.935668
vt 0.995323 0.004683
vt 0.995323 0.034855
vt 0.867523 0.936011
vt 0.995323 0.065028
vt 0.834644 0.936128
vt 0.995323 0.095201
vt 0.801768 0.936236
vt 0.995323 0.125374
vt 0.768896 0.936334
vt 0.995323 0.155546
vt 0.736027 0.936422
vt 0.995323 0.185719
vt 0.703162 0.936501
vt 0.995323 0.215891
vt 0.670300 0.936568
vt 0.995323 0.246064
vt 0.637441 0.936627
vt 0.995323 0.276237
vt 0.604586 0.936675
vt 0.995323 0.306409
vt 0.571734 0.936713
vt 0.995323 0.336582
vt 0.538885 0.936742
vt 0.995323 0.366755
vt 0.506040 0.936760
vt 0.995323 0.396928
vt 0.473198 0.936769
vt 0.995323 0.427100
vt 0.440360 0.936767
vt 0.995323 0.457273
vt 0.407525 0.936756
vt 0.995323 0.487446
vt 0.374694 0.936735
vt 0.995323 0.517618
vt 0.341865 0.936703
vt 0.995323 0.547791
vt 0.309041 0.936662
vt 0.995323 0.577964
vt 0.276219 0.936611
vt 0.995323 0.608137
vt 0.243401 0.936550
vt 0.995323 0.638309
vt 0.210587 0.936479
vt 0.995323 0.668482
vt 0.177776 0.936398
vt 0.995323 0.698655
vt 0.144968 0.936307
vt 0.995323 0.728827
vt 0.112164 0.936207
vt 0.995323 0.759000
vt 0.079363 0.936096
vt 0.995323 0.789173
vt 0.046567 0.935976
vt 0.995323 0.819346
vt 0.013455 0.935678
vt 0.995323 0.849518
vt 0.966320 0.036052
vt 0.966320 0.067424
vt 0.961881 0.067424
vt 0.961881 0.036052
vt 0.035461 0.979511
vt 0.004710 0.979511
vt 0.066213 0.979511
vt 0.096965 0.979511
vt 0.127717 0.979511
vt 0.158469 0.979511
vt 0.189221 0.979511
vt 0.219973 0.979511
vt 0.250725 0.979511
vt 0.281476 0.979511
vt 0.312229 0.979511
vt 0.342980 0.979511
vt 0.373732 0.979511
vt 0.404484 0.979511
vt 0.435236 0.979511
vt 0.465988 0.979511
vt 0.496740 0.979511
vt 0.527492 0.979511
vt 0.558244 0.979511
vt 0.588996 0.979511
vt 0.619748 0.979511
vt 0.650500 0.979511
vt 0.681252 0.979511
vt 0.712004 0.979511
vt 0.742755 0.979511
vt 0.773508 0.979511
vt 0.804260 0.979511
vt 0.835011 0.979511
vt 0.865763 0.979511
vt 0.035449 0.982317
vt 0.004696 0.982317
vt 0.066202 0.982317
vt 0.096954 0.982317
vt 0.127707 0.982317
vt 0.158460 0.982317
vt 0.189213 0.982317
vt 0.219966 0.982317
vt 0.250718 0.982317
vt 0.281471 0.982317
vt 0.312224 0.982317
vt 0.342977 0.982317
vt 0.373729 0.982317
vt 0.404482 0.982317
vt 0.435235 0.982317
vt 0.465988 0.982317
vt 0.496741 0.982317
vt 0.527494 0.982317
vt 0.558246 0.982317
vt 0.588999 0.982317
vt 0.619752 0.982317
vt 0.650505 0.982317
vt 0.681258 0.982317
vt 0.712011 0.982316
vt 0.742764 0.982316
vt 0.773517 0.982316
vt 0.804270 0.982316
vt 0.835022 0.982316
vt 0.865775 0.982316
vt 0.218337 0.066019
vt 0.233363 0.084886
vt 0.199343 0.106347
vt 0.189945 0.094513
vt 0.966321 0.475258
vt 0.966321 0.506630
vt 0.961882 0.506630
vt 0.961882 0.475258
vt 0.966320 0.098796
vt 0.961881 0.098796
vt 0.966321 0.538002
vt 0.961882 0.538002
vt 0.966321 0.130167
vt 0.961881 0.130167
vt 0.966321 0.569374
vt 0.961882 0.569374
vt 0.966321 0.161539
vt 0.961882 0.161539
vt 0.966321 0.600746
vt 0.961882 0.600746
vt 0.966321 0.192911
vt 0.961882 0.192911
vt 0.966321 0.632118
vt 0.961882 0.632118
vt 0.966321 0.224282
vt 0.961882 0.224283
vt 0.966321 0.663490
vt 0.961882 0.663490
vt 0.966321 0.255654
vt 0.961882 0.255654
vt 0.966321 0.694862
vt 0.961882 0.694862
vt 0.966321 0.287026
vt 0.961882 0.287026
vt 0.966321 0.726235
vt 0.961882 0.726235
vt 0.966321 0.318398
vt 0.961882 0.318398
vt 0.966321 0.757607
vt 0.961882 0.757607
vt 0.966321 0.349770
vt 0.961882 0.349770
vt 0.966321 0.788979
vt 0.961882 0.788979
vt 0.966321 0.381142
vt 0.961882 0.381142
vt 0.966321 0.820352
vt 0.961881 0.820352
vt 0.966321 0.412514
vt 0.961882 0.412514
vt 0.966321 0.851724
vt 0.961881 0.851724
vt 0.966321 0.443886
vt 0.961882 0.443886
vt 0.966320 0.004680
vt 0.961881 0.004680
vt 0.966320 0.883096
vt 0.961881 0.883096
vt 0.155927 0.120329
vt 0.160434 0.123946
vt 0.142128 0.142135
vt 0.065918 0.218251
vt 0.050892 0.199385
vt 0.084912 0.177923
vt 0.094310 0.189757
vt 0.243815 0.106623
vt 0.205872 0.119976
vt 0.040440 0.177647
vt 0.035087 0.154129
vt 0.075050 0.149554
vt 0.078383 0.164294
vt 0.249168 0.130141
vt 0.209205 0.134716
vt 0.035102 0.130010
vt 0.075081 0.134442
vt 0.249153 0.154260
vt 0.209174 0.149829
vt 0.040484 0.106499
vt 0.078474 0.119715
vt 0.243772 0.177772
vt 0.205781 0.164555
vt 0.050962 0.084774
vt 0.085059 0.106113
vt 0.233293 0.199496
vt 0.199196 0.178157
vt 0.066012 0.065926
vt 0.094505 0.094317
vt 0.218244 0.218344
vt 0.189750 0.189953
vt 0.084878 0.050899
vt 0.106340 0.084919
vt 0.199377 0.233371
vt 0.177915 0.199351
vt 0.106615 0.040448
vt 0.119969 0.078390
vt 0.177640 0.243823
vt 0.164287 0.205880
vt 0.130133 0.035095
vt 0.134709 0.075058
vt 0.154122 0.249175
vt 0.149546 0.209212
vt 0.154253 0.035110
vt 0.149821 0.075089
vt 0.130003 0.249160
vt 0.134434 0.209181
vt 0.177764 0.040491
vt 0.164547 0.078482
vt 0.106491 0.243779
vt 0.119708 0.205789
vt 0.199489 0.050969
vt 0.178149 0.085066
vt 0.084767 0.233301
vt 0.106106 0.199204
vt 0.116475 0.144942
vt 0.117742 0.150580
vt 0.116493 0.139163
vt 0.117797 0.133534
vt 0.120321 0.128335
vt 0.123939 0.123829
vt 0.128468 0.120240
vt 0.133683 0.117750
vt 0.139321 0.116482
vt 0.145099 0.116501
vt 0.150729 0.117805
vt 0.164022 0.128476
vt 0.166513 0.133690
vt 0.167781 0.139328
vt 0.167762 0.145107
vt 0.166458 0.150736
vt 0.163934 0.155935
vt 0.160317 0.160441
vt 0.155787 0.164030
vt 0.150573 0.166520
vt 0.144935 0.167788
vt 0.139156 0.167769
vt 0.133526 0.166466
vt 0.128328 0.163942
vt 0.123821 0.160324
vt 0.120233 0.155794
vt 0.071267 0.254905
vt 0.047950 0.236310
vt 0.212988 0.029365
vt 0.236305 0.047960
vt 0.098137 0.267846
vt 0.186118 0.016425
vt 0.127214 0.274483
vt 0.157042 0.009788
vt 0.157037 0.274483
vt 0.127218 0.009787
vt 0.186114 0.267847
vt 0.098141 0.016423
vt 0.212985 0.254907
vt 0.071271 0.029363
vt 0.236302 0.236313
vt 0.047953 0.047958
vt 0.254898 0.212995
vt 0.029358 0.071275
vt 0.267838 0.186125
vt 0.016417 0.098145
vt 0.274475 0.157049
vt 0.009780 0.127221
vt 0.274476 0.127225
vt 0.009780 0.157045
vt 0.267840 0.098149
vt 0.029356 0.212992
vt 0.016416 0.186121
vt 0.254900 0.071278
vt 0.772379 0.956526
vt 0.804349 0.956523
vt 0.804391 0.966811
vt 0.772421 0.966814
vt 0.074793 0.921475
vt 0.107383 0.920448
vt 0.107463 0.923678
vt 0.074928 0.924698
vt 0.863452 0.906290
vt 0.896289 0.908010
vt 0.895648 0.916805
vt 0.863063 0.915116
vt 0.830682 0.905273
vt 0.830443 0.914109
vt 0.797905 0.904670
vt 0.797756 0.913521
vt 0.765095 0.904309
vt 0.764996 0.913175
vt 0.732245 0.904087
vt 0.732175 0.912967
vt 0.699355 0.903943
vt 0.699300 0.912837
vt 0.666424 0.903839
vt 0.666376 0.912752
vt 0.633461 0.903713
vt 0.633439 0.912747
vt 0.600531 0.912501
vt 0.600552 0.903750
vt 0.567699 0.903643
vt 0.567667 0.912515
vt 0.534830 0.903613
vt 0.534802 0.912499
vt 0.501938 0.903606
vt 0.501915 0.912497
vt 0.469034 0.903614
vt 0.469014 0.912508
vt 0.436121 0.903635
vt 0.436104 0.912531
vt 0.403203 0.903668
vt 0.403190 0.912566
vt 0.370282 0.903714
vt 0.370272 0.912612
vt 0.337359 0.903773
vt 0.337353 0.912672
vt 0.304436 0.903849
vt 0.304435 0.912747
vt 0.271510 0.903945
vt 0.271516 0.912843
vt 0.238581 0.904070
vt 0.238597 0.912969
vt 0.205645 0.904235
vt 0.205676 0.913143
vt 0.172707 0.904432
vt 0.172787 0.913448
vt 0.139971 0.913635
vt 0.139847 0.904907
vt 0.140081 0.923067
vt 0.140040 0.919809
vt 0.172822 0.919625
vt 0.172846 0.922860
vt 0.074201 0.906465
vt 0.107046 0.905457
vt 0.107245 0.914298
vt 0.074549 0.915328
vt 0.040015 0.792024
vt 0.040280 0.894056
vt 0.006410 0.896638
vt 0.006171 0.793680
vt 0.139348 0.789880
vt 0.139616 0.890970
vt 0.106692 0.891532
vt 0.106399 0.790296
vt 0.600715 0.788915
vt 0.600554 0.889805
vt 0.567701 0.889727
vt 0.567817 0.788845
vt 0.172305 0.789511
vt 0.172548 0.890499
vt 0.633659 0.788897
vt 0.633464 0.889773
vt 0.205313 0.789328
vt 0.205542 0.890277
vt 0.666660 0.788992
vt 0.666447 0.889879
vt 0.238294 0.789192
vt 0.238501 0.890117
vt 0.699629 0.789099
vt 0.699390 0.890000
vt 0.271265 0.789084
vt 0.271445 0.889996
vt 0.732576 0.789235
vt 0.732305 0.890158
vt 0.304230 0.788999
vt 0.304381 0.889902
vt 0.765507 0.789427
vt 0.765200 0.890393
vt 0.337192 0.788931
vt 0.337312 0.889827
vt 0.798434 0.789715
vt 0.798089 0.890763
vt 0.370152 0.788877
vt 0.370241 0.889769
vt 0.831383 0.790160
vt 0.831001 0.891362
vt 0.403109 0.788837
vt 0.403167 0.889724
vt 0.864413 0.790859
vt 0.863998 0.892346
vt 0.436064 0.788809
vt 0.436090 0.889692
vt 0.931470 0.793702
vt 0.931027 0.896632
vt 0.897215 0.893980
vt 0.897655 0.791967
vt 0.469015 0.788793
vt 0.469009 0.889673
vt 0.042256 0.923221
vt 0.042477 0.926426
vt 0.501960 0.788791
vt 0.501920 0.889670
vt 0.534896 0.788806
vt 0.534820 0.889685
vt 0.073623 0.892482
vt 0.073329 0.790967
vt 0.324799 0.956579
vt 0.356769 0.956576
vt 0.356811 0.966864
vt 0.324842 0.966868
vt 0.740408 0.956530
vt 0.740451 0.966818
vt 0.292829 0.956583
vt 0.292872 0.966871
vt 0.708439 0.956534
vt 0.708481 0.966822
vt 0.260859 0.956587
vt 0.260902 0.966875
vt 0.676468 0.956538
vt 0.676511 0.966826
vt 0.228890 0.956591
vt 0.228932 0.966879
vt 0.644498 0.956541
vt 0.644541 0.966829
vt 0.196920 0.956595
vt 0.196963 0.966883
vt 0.612528 0.956545
vt 0.612571 0.966833
vt 0.164950 0.956599
vt 0.164993 0.966886
vt 0.580558 0.956549
vt 0.580601 0.966837
vt 0.132981 0.956602
vt 0.133023 0.966890
vt 0.548588 0.956553
vt 0.548631 0.966841
vt 0.101011 0.956606
vt 0.101054 0.966894
vt 0.516618 0.956556
vt 0.516661 0.966844
vt 0.069040 0.956612
vt 0.069086 0.966896
vt 0.484648 0.956561
vt 0.484691 0.966848
vt 0.037062 0.956612
vt 0.037098 0.966870
vt 0.452678 0.956564
vt 0.452721 0.966852
vt 0.983505 0.803402
vt 0.983505 0.832985
vt 0.980663 0.832985
vt 0.980663 0.803402
vt 0.420708 0.956568
vt 0.420751 0.966856
vt 0.836317 0.956521
vt 0.868306 0.956547
vt 0.868342 0.966805
vt 0.836363 0.966805
vt 0.388739 0.956572
vt 0.388781 0.966860
vt 0.034208 0.994497
vt 0.004682 0.994497
vt 0.004682 0.990536
vt 0.034208 0.990536
vt 0.713310 0.994497
vt 0.683784 0.994497
vt 0.683784 0.990536
vt 0.713310 0.990536
vt 0.329470 0.994497
vt 0.299944 0.994497
vt 0.299944 0.990536
vt 0.329470 0.990536
vt 0.742837 0.994497
vt 0.742837 0.990536
vt 0.358996 0.994497
vt 0.358996 0.990536
vt 0.772363 0.994497
vt 0.772363 0.990536
vt 0.388522 0.994497
vt 0.388522 0.990536
vt 0.801889 0.994497
vt 0.801889 0.990536
vt 0.418049 0.994497
vt 0.418049 0.990536
vt 0.063734 0.994497
vt 0.063734 0.990536
vt 0.831415 0.994497
vt 0.831415 0.990536
vt 0.447575 0.994497
vt 0.447575 0.990536
vt 0.004714 0.956430
vt 0.004676 0.966963
vt 0.477101 0.994497
vt 0.477101 0.990536
vt 0.093260 0.994497
vt 0.093260 0.990536
vt 0.506627 0.994497
vt 0.506627 0.990536
vt 0.122787 0.994497
vt 0.122787 0.990536
vt 0.536153 0.994497
vt 0.536153 0.990536
vt 0.152313 0.994497
vt 0.152313 0.990536
vt 0.565679 0.994497
vt 0.565679 0.990536
vt 0.181839 0.994497
vt 0.181839 0.990536
vt 0.595205 0.994497
vt 0.595206 0.990536
vt 0.211365 0.994497
vt 0.211365 0.990536
vt 0.624732 0.994497
vt 0.624732 0.990536
vt 0.240891 0.994497
vt 0.240891 0.990536
vt 0.654258 0.994497
vt 0.654258 0.990536
vt 0.270418 0.994497
vt 0.270418 0.990536
vt 0.983505 0.211756
vt 0.983505 0.241339
vt 0.980663 0.241339
vt 0.980663 0.211756
vt 0.983505 0.596326
vt 0.983505 0.625908
vt 0.980663 0.625908
vt 0.980663 0.596326
vt 0.983505 0.182174
vt 0.980663 0.182174
vt 0.983505 0.566744
vt 0.980663 0.566744
vt 0.983505 0.152591
vt 0.980663 0.152591
vt 0.983505 0.537162
vt 0.980663 0.537162
vt 0.983505 0.123009
vt 0.980663 0.123009
vt 0.983505 0.507580
vt 0.980663 0.507580
vt 0.983505 0.093427
vt 0.980663 0.093427
vt 0.983505 0.477997
vt 0.980663 0.477997
vt 0.983505 0.063845
vt 0.980663 0.063845
vt 0.983505 0.448415
vt 0.980663 0.448415
vt 0.983505 0.034262
vt 0.980663 0.034262
vt 0.983505 0.418833
vt 0.980663 0.418833
vt 0.954961 0.819385
vt 0.954961 0.849559
vt 0.941196 0.849559
vt 0.941196 0.819385
vt 0.983505 0.389250
vt 0.980663 0.389250
vt 0.983505 0.773820
vt 0.980663 0.773820
vt 0.983505 0.744238
vt 0.980663 0.744238
vt 0.983505 0.359668
vt 0.980663 0.359668
vt 0.983505 0.004680
vt 0.980663 0.004680
vt 0.983505 0.330086
vt 0.980663 0.330086
vt 0.983505 0.714656
vt 0.980663 0.714656
vt 0.983505 0.300503
vt 0.980663 0.300503
vt 0.983505 0.685073
vt 0.980663 0.685073
vt 0.983505 0.270921
vt 0.980663 0.270921
vt 0.983505 0.655491
vt 0.980663 0.655491
vt 0.954961 0.698688
vt 0.954961 0.728862
vt 0.941196 0.728862
vt 0.941196 0.698688
vt 0.954961 0.276250
vt 0.954961 0.306424
vt 0.941196 0.306424
vt 0.941196 0.276250
vt 0.954961 0.668514
vt 0.941196 0.668514
vt 0.954961 0.246076
vt 0.941196 0.246076
vt 0.954961 0.638340
vt 0.941196 0.638340
vt 0.954961 0.215901
vt 0.941196 0.215901
vt 0.954961 0.608166
vt 0.941196 0.608166
vt 0.954961 0.185727
vt 0.941196 0.185727
vt 0.954961 0.577992
vt 0.941196 0.577992
vt 0.954961 0.155553
vt 0.941196 0.155553
vt 0.954961 0.547817
vt 0.941196 0.547817
vt 0.954961 0.125379
vt 0.941196 0.125379
vt 0.954961 0.517643
vt 0.941196 0.517643
vt 0.954961 0.095205
vt 0.941196 0.095205
vt 0.954961 0.487469
vt 0.941196 0.487469
vt 0.954961 0.065031
vt 0.941196 0.065031
vt 0.954961 0.457295
vt 0.941196 0.457295
vt 0.954961 0.034857
vt 0.941196 0.034857
vt 0.954961 0.427121
vt 0.941196 0.427121
vt 0.954961 0.396946
vt 0.941196 0.396947
vt 0.954961 0.789210
vt 0.941196 0.789211
vt 0.954961 0.759036
vt 0.941196 0.759036
vt 0.954961 0.366772
vt 0.941196 0.366772
vt 0.954961 0.004683
vt 0.941196 0.004683
vt 0.954961 0.336598
vt 0.941196 0.336598
vt 0.284919 0.149120
vt 0.285115 0.119677
vt 0.288794 0.120113
vt 0.288607 0.148726
vt 0.539445 0.090945
vt 0.546210 0.119552
vt 0.542533 0.119998
vt 0.535964 0.092195
vt 0.291290 0.177905
vt 0.294803 0.176697
vt 0.526510 0.064590
vt 0.523398 0.066579
vt 0.303930 0.204582
vt 0.307090 0.202619
vt 0.508076 0.041795
vt 0.505485 0.044422
vt 0.322228 0.227802
vt 0.324874 0.225180
vt 0.485086 0.023682
vt 0.483145 0.026810
vt 0.345287 0.246378
vt 0.347282 0.243226
vt 0.458714 0.011120
vt 0.457513 0.014595
vt 0.371960 0.259343
vt 0.373201 0.255819
vt 0.430245 0.004682
vt 0.429840 0.008336
vt 0.400889 0.266001
vt 0.401308 0.262286
vt 0.401044 0.004679
vt 0.401455 0.008333
vt 0.430583 0.266001
vt 0.430157 0.262285
vt 0.372551 0.011122
vt 0.373760 0.014598
vt 0.459537 0.259331
vt 0.458287 0.255807
vt 0.346161 0.023710
vt 0.348111 0.026837
vt 0.486221 0.246320
vt 0.484214 0.243171
vt 0.323177 0.041853
vt 0.325774 0.044474
vt 0.509256 0.227704
vt 0.506602 0.225089
vt 0.304758 0.064674
vt 0.307876 0.066656
vt 0.527517 0.204458
vt 0.524352 0.202505
vt 0.291848 0.091052
vt 0.295333 0.092293
vt 0.540114 0.177769
vt 0.536599 0.176572
vt 0.546444 0.148985
vt 0.542755 0.148601
vt 0.937917 0.034857
vt 0.937917 0.004683
vt 0.937917 0.849559
vt 0.937917 0.819385
vt 0.937917 0.457295
vt 0.937917 0.427121
vt 0.937917 0.065031
vt 0.937917 0.487469
vt 0.937917 0.095205
vt 0.937917 0.517643
vt 0.937917 0.125379
vt 0.937917 0.547817
vt 0.937917 0.155553
vt 0.937917 0.577992
vt 0.937917 0.185727
vt 0.937917 0.608166
vt 0.937917 0.215902
vt 0.937917 0.638340
vt 0.937917 0.246076
vt 0.937917 0.668514
vt 0.937917 0.276250
vt 0.937917 0.698688
vt 0.937917 0.306424
vt 0.937917 0.728862
vt 0.937917 0.336598
vt 0.937917 0.759036
vt 0.937917 0.366772
vt 0.937917 0.789211
vt 0.937917 0.396947
vt 0.325533 0.077950
vt 0.315082 0.099392
vt 0.506393 0.191455
vt 0.516657 0.169813
vt 0.521835 0.146454
vt 0.521684 0.122555
vt 0.309652 0.122647
vt 0.309531 0.146552
vt 0.516229 0.099313
vt 0.314741 0.169910
vt 0.505758 0.077887
vt 0.325036 0.191543
vt 0.490810 0.059336
vt 0.339915 0.210357
vt 0.358643 0.225392
vt 0.380292 0.235879
vt 0.450685 0.034281
vt 0.427479 0.029065
vt 0.472144 0.044569
vt 0.403755 0.241249
vt 0.403719 0.029083
vt 0.427811 0.241224
vt 0.380560 0.034348
vt 0.451217 0.235786
vt 0.359124 0.044608
vt 0.472832 0.225333
vt 0.340467 0.059383
vt 0.491540 0.210285
vt 0.422851 0.198313
vt 0.420246 0.175056
vt 0.429069 0.173039
vt 0.436810 0.195123
vt 0.475797 0.113759
vt 0.453798 0.121549
vt 0.449860 0.113407
vt 0.469573 0.100930
vt 0.394645 0.074758
vt 0.402317 0.096798
vt 0.394172 0.100718
vt 0.381801 0.080946
vt 0.355460 0.155906
vt 0.377539 0.148236
vt 0.381470 0.156391
vt 0.361642 0.168793
vt 0.437221 0.169110
vt 0.449704 0.188897
vt 0.444213 0.106343
vt 0.460661 0.089809
vt 0.387104 0.106351
vt 0.370650 0.089824
vt 0.387121 0.163466
vt 0.370545 0.179981
vt 0.444294 0.163463
vt 0.460875 0.179957
vt 0.437139 0.100709
vt 0.449508 0.080947
vt 0.381465 0.113414
vt 0.361746 0.100956
vt 0.394202 0.169114
vt 0.381723 0.188900
vt 0.449930 0.156383
vt 0.469764 0.168757
vt 0.428993 0.096784
vt 0.436673 0.074784
vt 0.377540 0.121557
vt 0.355536 0.113794
vt 0.402363 0.173043
vt 0.394606 0.195092
vt 0.453845 0.148227
vt 0.475928 0.155864
vt 0.420173 0.094782
vt 0.422792 0.071620
vt 0.375525 0.130371
vt 0.352334 0.127697
vt 0.411192 0.175057
vt 0.408540 0.198302
vt 0.479063 0.141931
vt 0.455844 0.139406
vt 0.455827 0.130362
vt 0.479016 0.127657
vt 0.411132 0.094786
vt 0.408549 0.071611
vt 0.375524 0.139415
vt 0.352306 0.141973
vt 0.496094 0.162796
vt 0.487891 0.180019
vt 0.331186 0.125219
vt 0.335484 0.106680
vt 0.500248 0.144195
vt 0.331120 0.144265
vt 0.495839 0.106623
vt 0.500158 0.125153
vt 0.335299 0.162865
vt 0.487518 0.089529
vt 0.343526 0.180080
vt 0.475619 0.074720
vt 0.355395 0.195037
vt 0.460744 0.062924
vt 0.370316 0.206970
vt 0.443632 0.054720
vt 0.387535 0.215254
vt 0.425131 0.050521
vt 0.406162 0.219551
vt 0.406161 0.050517
vt 0.425289 0.219554
vt 0.387649 0.054701
vt 0.443928 0.215272
vt 0.370542 0.062935
vt 0.461138 0.206945
vt 0.355675 0.074750
vt 0.476043 0.194990
vt 0.343789 0.089574
vt 0.004682 0.989145
vt 0.034208 0.989145
vt 0.868303 0.955037
vt 0.900657 0.954923
vt 0.900728 0.956454
vt 0.063734 0.989145
vt 0.836318 0.955021
vt 0.093260 0.989145
vt 0.804349 0.955023
vt 0.122787 0.989145
vt 0.772379 0.955026
vt 0.152313 0.989145
vt 0.740408 0.955030
vt 0.181839 0.989145
vt 0.708438 0.955034
vt 0.211365 0.989145
vt 0.676469 0.955037
vt 0.240891 0.989145
vt 0.644498 0.955041
vt 0.270418 0.989145
vt 0.612528 0.955045
vt 0.299944 0.989145
vt 0.580558 0.955049
vt 0.329470 0.989145
vt 0.548588 0.955053
vt 0.358996 0.989145
vt 0.516618 0.955056
vt 0.388522 0.989145
vt 0.484648 0.955060
vt 0.418049 0.989145
vt 0.452678 0.955064
vt 0.447575 0.989145
vt 0.420708 0.955068
vt 0.477101 0.989145
vt 0.388739 0.955072
vt 0.506627 0.989145
vt 0.356769 0.955076
vt 0.536153 0.989145
vt 0.324799 0.955080
vt 0.565679 0.989145
vt 0.292829 0.955083
vt 0.595205 0.989145
vt 0.260859 0.955087
vt 0.624732 0.989145
vt 0.228890 0.955091
vt 0.654258 0.989145
vt 0.196920 0.955095
vt 0.683784 0.989145
vt 0.164950 0.955098
vt 0.713310 0.989145
vt 0.132981 0.955102
vt 0.742837 0.989145
vt 0.101011 0.955107
vt 0.772363 0.989145
vt 0.069040 0.955112
vt 0.801889 0.989145
vt 0.037066 0.955114
vt 0.831415 0.989145
vt 0.004787 0.954923
vt 0.900691 0.966987
vt 0.900617 0.968494
vt 0.868338 0.968303
vt 0.984898 0.803402
vt 0.984898 0.832985
vt 0.836363 0.968305
vt 0.984898 0.773820
vt 0.804392 0.968311
vt 0.984898 0.744238
vt 0.772421 0.968315
vt 0.984898 0.714656
vt 0.740451 0.968318
vt 0.984898 0.685073
vt 0.708481 0.968322
vt 0.984898 0.655491
vt 0.676511 0.968326
vt 0.984898 0.625909
vt 0.644541 0.968330
vt 0.984898 0.596326
vt 0.612571 0.968333
vt 0.984898 0.566744
vt 0.580601 0.968337
vt 0.984898 0.537162
vt 0.548631 0.968341
vt 0.984898 0.507580
vt 0.516661 0.968345
vt 0.984898 0.477997
vt 0.484691 0.968348
vt 0.984898 0.448415
vt 0.452721 0.968352
vt 0.984898 0.418833
vt 0.420751 0.968356
vt 0.984898 0.389250
vt 0.388781 0.968360
vt 0.984898 0.359668
vt 0.356811 0.968364
vt 0.984898 0.330086
vt 0.324842 0.968368
vt 0.984898 0.300503
vt 0.292872 0.968371
vt 0.984898 0.270921
vt 0.260902 0.968375
vt 0.984898 0.241339
vt 0.228933 0.968379
vt 0.984898 0.211756
vt 0.196963 0.968383
vt 0.984898 0.182174
vt 0.164993 0.968387
vt 0.984898 0.152591
vt 0.133023 0.968390
vt 0.984898 0.123009
vt 0.101054 0.968394
vt 0.984898 0.093427
vt 0.069085 0.968396
vt 0.984898 0.063845
vt 0.037101 0.968379
vt 0.984898 0.034262
vt 0.004747 0.968494
vt 0.984898 0.004680
vt 0.979198 0.832985
vt 0.979198 0.803402
vt 0.956527 0.819385
vt 0.956527 0.849559
vt 0.979198 0.773820
vt 0.956527 0.789210
vt 0.979198 0.744238
vt 0.956527 0.759036
vt 0.979198 0.714656
vt 0.956527 0.728862
vt 0.979198 0.685073
vt 0.956527 0.698688
vt 0.979198 0.655491
vt 0.956527 0.668514
vt 0.979198 0.625909
vt 0.956527 0.638340
vt 0.979198 0.596326
vt 0.956527 0.608166
vt 0.979198 0.566744
vt 0.956527 0.577992
vt 0.979198 0.537162
vt 0.956527 0.547817
vt 0.979198 0.507580
vt 0.956527 0.517643
vt 0.979198 0.477997
vt 0.956527 0.487469
vt 0.979198 0.448415
vt 0.956527 0.457295
vt 0.979198 0.418833
vt 0.956527 0.427121
vt 0.979198 0.389250
vt 0.956527 0.396946
vt 0.979198 0.359668
vt 0.956527 0.366772
vt 0.979198 0.330086
vt 0.956527 0.336598
vt 0.979198 0.300503
vt 0.956527 0.306424
vt 0.979198 0.270921
vt 0.956527 0.276250
vt 0.979198 0.241339
vt 0.956527 0.246076
vt 0.979198 0.211756
vt 0.956527 0.215902
vt 0.979198 0.182174
vt 0.956527 0.185727
vt 0.979198 0.152591
vt 0.956527 0.155553
vt 0.979198 0.123009
vt 0.956527 0.125379
vt 0.979198 0.093427
vt 0.956527 0.095205
vt 0.979198 0.063845
vt 0.956527 0.065031
vt 0.979198 0.034262
vt 0.956527 0.034857
vt 0.979198 0.004680
vt 0.956527 0.004683
vt 0.041226 0.908095
vt 0.007862 0.911037
vt 0.007018 0.903775
vt 0.040736 0.901010
vt 0.929473 0.911020
vt 0.896765 0.900930
vt 0.930369 0.903770
vt 0.863730 0.899237
vt 0.830842 0.898230
vt 0.797997 0.897626
vt 0.765146 0.897258
vt 0.732273 0.897028
vt 0.699370 0.896876
vt 0.666433 0.896763
vt 0.633462 0.896649
vt 0.600553 0.896678
vt 0.567698 0.896590
vt 0.534822 0.896554
vt 0.501927 0.896542
vt 0.469019 0.896548
vt 0.436103 0.896568
vt 0.403183 0.896600
vt 0.370260 0.896646
vt 0.337334 0.896705
vt 0.304406 0.896779
vt 0.271475 0.896875
vt 0.238539 0.896998
vt 0.205591 0.897161
vt 0.172625 0.897375
vt 0.139730 0.897844
vt 0.106863 0.898409
vt 0.073902 0.899392
vt 0.009293 0.919868
vt 0.041843 0.917063
vt 0.928012 0.919776
vt 0.205699 0.919343
vt 0.205719 0.922601
vt 0.238610 0.919169
vt 0.238623 0.922429
vt 0.271522 0.919043
vt 0.271531 0.922303
vt 0.304436 0.918947
vt 0.304443 0.922208
vt 0.337351 0.918872
vt 0.337356 0.922132
vt 0.370267 0.918812
vt 0.370271 0.922073
vt 0.403182 0.918765
vt 0.403184 0.922026
vt 0.436094 0.918730
vt 0.436096 0.921990
vt 0.469002 0.918706
vt 0.469002 0.921965
vt 0.501901 0.918692
vt 0.501900 0.921951
vt 0.534785 0.918691
vt 0.534783 0.921948
vt 0.567646 0.918703
vt 0.567643 0.921957
vt 0.600499 0.918701
vt 0.600488 0.921976
vt 0.633405 0.918940
vt 0.633393 0.922185
vt 0.666348 0.918958
vt 0.666341 0.922220
vt 0.699266 0.919032
vt 0.699255 0.922290
vt 0.732129 0.919151
vt 0.732112 0.922404
vt 0.764931 0.919347
vt 0.764903 0.922592
vt 0.797655 0.919678
vt 0.797609 0.922914
vt 0.830280 0.920249
vt 0.830202 0.923473
vt 0.862791 0.921241
vt 0.862657 0.924453
vt 0.895195 0.922941
vt 0.894965 0.926149
vt 0.927252 0.925816
vt 0.926964 0.929002
vt 0.010305 0.929144
vt 0.010031 0.925941
vt 0.239936 0.044327
vt 0.259248 0.068543
vt 0.044319 0.239944
vt 0.025007 0.215727
vt 0.272687 0.096450
vt 0.011568 0.187820
vt 0.004675 0.157622
vt 0.279580 0.126648
vt 0.004675 0.126648
vt 0.279580 0.157622
vt 0.011568 0.096450
vt 0.272687 0.187820
vt 0.025007 0.068543
vt 0.259248 0.215727
vt 0.044319 0.044327
vt 0.239936 0.239943
vt 0.068536 0.025015
vt 0.215720 0.259256
vt 0.096443 0.011575
vt 0.187813 0.272695
vt 0.126640 0.004683
vt 0.157615 0.279587
vt 0.157615 0.004683
vt 0.126640 0.279587
vt 0.187812 0.011575
vt 0.096443 0.272695
vt 0.215719 0.025014
vt 0.068536 0.259256
vt 0.973845 0.443886
vt 0.973845 0.475258
vt 0.973845 0.851724
vt 0.973845 0.883096
vt 0.973844 0.004680
vt 0.973844 0.036052
vt 0.973845 0.412514
vt 0.973845 0.820352
vt 0.973845 0.381142
vt 0.973845 0.788979
vt 0.973845 0.349770
vt 0.973845 0.757607
vt 0.973845 0.318398
vt 0.973845 0.726235
vt 0.973845 0.287026
vt 0.973845 0.694862
vt 0.973845 0.255654
vt 0.973845 0.663490
vt 0.973845 0.224283
vt 0.973845 0.632118
vt 0.973845 0.192911
vt 0.973845 0.600746
vt 0.973845 0.161539
vt 0.973845 0.569374
vt 0.973845 0.130167
vt 0.973845 0.538002
vt 0.973845 0.098796
vt 0.973845 0.506630
vt 0.973844 0.067424
vt 0.072447 0.486422
vt 0.039219 0.485928
vt 0.072741 0.587937
vt 0.039484 0.587960
vt 0.073035 0.689452
vt 0.039749 0.689992
vt 0.568163 0.486199
vt 0.535124 0.486170
vt 0.568048 0.587081
vt 0.535048 0.587049
vt 0.567932 0.687963
vt 0.534972 0.687927
vt 0.105520 0.486589
vt 0.105813 0.587825
vt 0.106106 0.689061
vt 0.502080 0.486155
vt 0.502040 0.587033
vt 0.502000 0.687912
vt 0.469033 0.486151
vt 0.469027 0.587031
vt 0.469021 0.687912
vt 0.435985 0.486158
vt 0.436011 0.587041
vt 0.436038 0.687925
vt 0.898974 0.485929
vt 0.865658 0.486398
vt 0.898534 0.587942
vt 0.865243 0.587885
vt 0.898095 0.689954
vt 0.864828 0.689372
vt 0.932801 0.484913
vt 0.932357 0.587843
vt 0.931914 0.690772
vt 0.402934 0.486176
vt 0.402993 0.587063
vt 0.403051 0.687950
vt 0.832528 0.486557
vt 0.832146 0.587758
vt 0.831764 0.688959
vt 0.369883 0.486204
vt 0.369972 0.587095
vt 0.370062 0.687986
vt 0.799468 0.486573
vt 0.799123 0.587620
vt 0.798779 0.688668
vt 0.336831 0.486242
vt 0.336951 0.587138
vt 0.337071 0.688035
vt 0.766428 0.486529
vt 0.766121 0.587495
vt 0.765814 0.688461
vt 0.303778 0.486291
vt 0.303929 0.587193
vt 0.304079 0.688096
vt 0.733391 0.486465
vt 0.733119 0.587388
vt 0.732848 0.688312
vt 0.270725 0.486349
vt 0.270905 0.587260
vt 0.271085 0.688172
vt 0.700348 0.486397
vt 0.700109 0.587298
vt 0.699869 0.688198
vt 0.237674 0.486414
vt 0.237881 0.587340
vt 0.238087 0.688266
vt 0.667299 0.486331
vt 0.667086 0.587218
vt 0.666873 0.688105
vt 0.204623 0.486483
vt 0.204853 0.587431
vt 0.205083 0.688380
vt 0.634241 0.486270
vt 0.634047 0.587146
vt 0.633853 0.688022
vt 0.171573 0.486546
vt 0.171817 0.587534
vt 0.172061 0.688523
vt 0.601197 0.486242
vt 0.601036 0.587133
vt 0.600875 0.688024
vt 0.138544 0.486611
vt 0.138812 0.587701
vt 0.139080 0.688790
vt 0.005453 0.484805
vt 0.005692 0.587763
vt 0.005931 0.690722
vt 0.862060 0.184217
vt 0.862060 0.185165
vt 0.848634 0.185165
vt 0.848634 0.184217
vt 0.835207 0.185165
vt 0.835207 0.184217
vt 0.821781 0.185165
vt 0.821781 0.184217
vt 0.808355 0.185165
vt 0.808355 0.184217
vt 0.794929 0.185165
vt 0.794929 0.184217
vt 0.781502 0.185165
vt 0.781502 0.184217
vt 0.768076 0.185165
vt 0.768076 0.184217
vt 0.337829 0.342370
vt 0.329222 0.351196
vt 0.328258 0.349979
vt 0.336620 0.341427
vt 0.682424 0.275060
vt 0.682424 0.276007
vt 0.668997 0.276006
vt 0.668997 0.275059
vt 0.655571 0.276005
vt 0.655571 0.275058
vt 0.642145 0.276004
vt 0.642145 0.275057
vt 0.628719 0.276003
vt 0.628719 0.275056
vt 0.615292 0.276002
vt 0.615292 0.275055
vt 0.519318 0.014613
vt 0.512864 0.014335
vt 0.512893 0.013204
vt 0.519318 0.013487
vt 0.547568 0.354907
vt 0.559254 0.354811
vt 0.559266 0.356201
vt 0.547578 0.356297
vt 0.570940 0.354697
vt 0.570954 0.356087
vt 0.582626 0.354563
vt 0.582643 0.355953
vt 0.735165 0.208360
vt 0.745312 0.208360
vt 0.745312 0.231334
vt 0.735165 0.231334
vt 0.582352 0.331667
vt 0.589374 0.331458
vt 0.592632 0.332559
vt 0.594274 0.354405
vt 0.524196 0.355045
vt 0.535882 0.354985
vt 0.535890 0.356375
vt 0.524201 0.356436
vt 0.576959 0.232812
vt 0.576960 0.237575
vt 0.553998 0.237571
vt 0.553982 0.232801
vt 0.512509 0.355088
vt 0.512513 0.356478
vt 0.488849 0.332222
vt 0.488847 0.330635
vt 0.500792 0.330623
vt 0.500794 0.332210
vt 0.330696 0.255363
vt 0.329657 0.256491
vt 0.320363 0.249405
vt 0.321175 0.248104
vt 0.338709 0.264258
vt 0.337480 0.265174
vt 0.344938 0.274483
vt 0.343560 0.275156
vt 0.349167 0.285684
vt 0.347688 0.286090
vt 0.351250 0.297474
vt 0.349722 0.297599
vt 0.351115 0.309445
vt 0.349590 0.309286
vt 0.348767 0.321186
vt 0.347298 0.320747
vt 0.344287 0.332288
vt 0.342924 0.331585
vt 0.298965 0.239435
vt 0.298682 0.240942
vt 0.287044 0.239857
vt 0.287044 0.238324
vt 0.310474 0.242733
vt 0.309917 0.244161
vt 0.559053 0.331909
vt 0.570703 0.331796
vt 0.547401 0.332004
vt 0.535750 0.332082
vt 0.524098 0.332142
vt 0.512446 0.332184
vt 0.500825 0.355112
vt 0.603089 0.354264
vt 0.595059 0.335261
vt 0.596096 0.334375
vt 0.604772 0.354238
vt 0.477484 0.332226
vt 0.477484 0.330639
vt 0.483164 0.330638
vt 0.483281 0.332225
vt 0.702608 0.246740
vt 0.702643 0.243003
vt 0.709280 0.243003
vt 0.709280 0.246740
vt 0.682426 0.246738
vt 0.682426 0.243002
vt 0.696672 0.243003
vt 0.696671 0.246740
vt 0.499166 0.026945
vt 0.499501 0.024834
vt 0.505938 0.025845
vt 0.505616 0.028196
vt 0.512353 0.026127
vt 0.512174 0.028507
vt 0.519318 0.026158
vt 0.519318 0.028597
vt 0.495039 0.012119
vt 0.490146 0.008321
vt 0.491250 0.006738
vt 0.497030 0.010525
vt 0.502571 0.012671
vt 0.497827 0.009548
vt 0.502988 0.011570
vt 0.500826 0.356502
vt 0.499104 0.027855
vt 0.491534 0.017320
vt 0.491345 0.015579
vt 0.488159 0.356419
vt 0.488158 0.349383
vt 0.488868 0.349088
vt 0.488868 0.354946
vt 0.492290 0.014536
vt 0.507497 0.013669
vt 0.507647 0.012539
vt 0.484118 0.343873
vt 0.484521 0.343160
vt 0.477484 0.341738
vt 0.477484 0.340896
vt 0.555840 0.040486
vt 0.550801 0.038597
vt 0.551581 0.037505
vt 0.555970 0.039150
vt 0.547136 0.033805
vt 0.548388 0.033331
vt 0.547141 0.026481
vt 0.548392 0.026950
vt 0.566564 0.033763
vt 0.561752 0.039285
vt 0.561120 0.038104
vt 0.565312 0.033293
vt 0.292213 0.039745
vt 0.292213 0.035822
vt 0.293052 0.035822
vt 0.293052 0.039745
vt 0.292213 0.031423
vt 0.292213 0.026082
vt 0.293052 0.026082
vt 0.293052 0.031423
vt 0.292213 0.049485
vt 0.292213 0.044144
vt 0.293052 0.044144
vt 0.293052 0.049485
vt 0.277291 0.044144
vt 0.277291 0.039745
vt 0.278096 0.039745
vt 0.278096 0.044144
vt 0.277291 0.035822
vt 0.277291 0.031423
vt 0.278096 0.031423
vt 0.278096 0.035822
vt 0.277291 0.049485
vt 0.278096 0.049485
vt 0.277291 0.026082
vt 0.278096 0.026082
vt 0.519318 0.020238
vt 0.512607 0.020171
vt 0.500803 0.018772
vt 0.506662 0.019795
vt 0.491919 0.005704
vt 0.488513 0.010047
vt 0.487826 0.010588
vt 0.606019 0.355608
vt 0.594333 0.355795
vt 0.262922 0.346880
vt 0.249049 0.330786
vt 0.250047 0.329958
vt 0.263882 0.345916
vt 0.633873 0.196756
vt 0.633862 0.219717
vt 0.623862 0.218351
vt 0.625461 0.197672
vt 0.627798 0.196763
vt 0.616869 0.218345
vt 0.624051 0.199973
vt 0.576959 0.227894
vt 0.553961 0.227894
vt 0.654154 0.219718
vt 0.644007 0.219717
vt 0.644008 0.196744
vt 0.654154 0.196744
vt 0.674447 0.219718
vt 0.664300 0.219718
vt 0.664300 0.196744
vt 0.674447 0.196744
vt 0.684593 0.219718
vt 0.684593 0.196744
vt 0.576963 0.258338
vt 0.576965 0.268485
vt 0.553991 0.268488
vt 0.553989 0.258342
vt 0.576961 0.248217
vt 0.553988 0.248213
vt 0.644007 0.231367
vt 0.633861 0.231366
vt 0.246677 0.269074
vt 0.254162 0.261589
vt 0.254968 0.262601
vt 0.247689 0.269881
vt 0.237550 0.309065
vt 0.236365 0.298547
vt 0.237659 0.298547
vt 0.238811 0.308777
vt 0.241046 0.278037
vt 0.242211 0.278598
vt 0.241043 0.319049
vt 0.242207 0.318485
vt 0.263112 0.255963
vt 0.273561 0.252392
vt 0.273888 0.253644
vt 0.263671 0.257130
vt 0.237550 0.288028
vt 0.238811 0.288316
vt 0.244621 0.324687
vt 0.245713 0.323994
vt 0.246716 0.327762
vt 0.247771 0.327012
vt 0.615458 0.218345
vt 0.622156 0.198680
vt 0.278506 0.251549
vt 0.278655 0.252834
vt 0.283635 0.251276
vt 0.283635 0.252570
vt 0.031388 0.014740
vt 0.034566 0.014740
vt 0.034566 0.016651
vt 0.031388 0.016651
vt 0.038129 0.014740
vt 0.042456 0.014740
vt 0.042456 0.016651
vt 0.038129 0.016651
vt 0.023497 0.014740
vt 0.027824 0.014740
vt 0.027824 0.016651
vt 0.023497 0.016651
vt 0.305151 0.028522
vt 0.307545 0.025396
vt 0.307920 0.025921
vt 0.305753 0.028751
vt 0.310834 0.024165
vt 0.314692 0.024950
vt 0.314388 0.025518
vt 0.310896 0.024807
vt 0.305151 0.033303
vt 0.305754 0.033077
vt 0.317831 0.028556
vt 0.317229 0.028782
vt 0.074649 0.015211
vt 0.077494 0.012734
vt 0.078264 0.013308
vt 0.075001 0.016150
vt 0.078085 0.009823
vt 0.078975 0.009816
vt 0.077185 0.007419
vt 0.074826 0.005613
vt 0.075030 0.004674
vt 0.077860 0.006840
vt 0.071055 0.005615
vt 0.070703 0.004676
vt 0.027824 0.005487
vt 0.031388 0.005487
vt 0.034566 0.005487
vt 0.038129 0.005487
vt 0.023497 0.005487
vt 0.042456 0.005487
vt 0.031388 0.004680
vt 0.034566 0.004680
vt 0.038129 0.004680
vt 0.042456 0.004680
vt 0.023497 0.004680
vt 0.027824 0.004680
vt 0.306566 0.024023
vt 0.310670 0.022486
vt 0.315486 0.023467
vt 0.319404 0.027967
vt 0.303579 0.033891
vt 0.303578 0.027925
vt 0.303029 0.027716
vt 0.306224 0.023544
vt 0.310614 0.021901
vt 0.315764 0.022949
vt 0.303030 0.034097
vt 0.319953 0.027762
vt 0.016985 0.038420
vt 0.015797 0.048965
vt 0.014470 0.048674
vt 0.015626 0.038419
vt 0.012292 0.058982
vt 0.006646 0.067967
vt 0.005572 0.067152
vt 0.011062 0.058414
vt 0.725019 0.208360
vt 0.714874 0.208360
vt 0.714873 0.196711
vt 0.725019 0.196711
vt 0.623861 0.219716
vt 0.551476 0.268489
vt 0.551475 0.258342
vt 0.644007 0.194229
vt 0.654154 0.194229
vt 0.674446 0.194229
vt 0.684593 0.194229
vt 0.633872 0.194241
vt 0.551473 0.248212
vt 0.551483 0.237573
vt 0.664300 0.194229
vt 0.627434 0.194247
vt 0.624072 0.195546
vt 0.551468 0.232808
vt 0.551446 0.227894
vt 0.072402 0.009211
vt 0.512442 0.330597
vt 0.524092 0.330554
vt 0.535741 0.330495
vt 0.547390 0.330417
vt 0.559039 0.330322
vt 0.570687 0.330210
vt 0.582333 0.330080
vt 0.616484 0.219713
vt 0.613718 0.219712
vt 0.264197 0.348619
vt 0.265207 0.347726
vt 0.593295 0.331254
vt 0.589548 0.329992
vt 0.325099 0.241821
vt 0.313169 0.235832
vt 0.300335 0.232155
vt 0.287043 0.230916
vt 0.343668 0.346928
vt 0.350869 0.335687
vt 0.355864 0.323307
vt 0.358483 0.310217
vt 0.358633 0.296868
vt 0.356310 0.283723
vt 0.351595 0.271234
vt 0.344650 0.259833
vt 0.335715 0.249915
vt 0.333877 0.357076
vt 0.702342 0.275995
vt 0.709280 0.273749
vt 0.709280 0.274550
vt 0.703591 0.276077
vt 0.696669 0.276007
vt 0.696669 0.275059
vt 0.702350 0.275048
vt 0.709280 0.272866
vt 0.628721 0.246734
vt 0.615295 0.246733
vt 0.642147 0.246735
vt 0.655573 0.246736
vt 0.669000 0.246737
vt 0.781502 0.155896
vt 0.768076 0.155896
vt 0.794929 0.155896
vt 0.808355 0.155896
vt 0.821781 0.155896
vt 0.835207 0.155896
vt 0.848634 0.155896
vt 0.862060 0.155896
vt 0.344857 0.347856
vt 0.334825 0.358272
vt 0.336737 0.248805
vt 0.325898 0.240542
vt 0.345860 0.258932
vt 0.352950 0.270572
vt 0.357765 0.283323
vt 0.360136 0.296745
vt 0.359983 0.310374
vt 0.357309 0.323739
vt 0.352209 0.336379
vt 0.300614 0.230672
vt 0.287043 0.229408
vt 0.313717 0.234427
vt 0.328400 0.350780
vt 0.330159 0.360726
vt 0.329289 0.362589
vt 0.327712 0.350432
vt 0.488868 0.356419
vt 0.330371 0.361922
vt 0.505525 0.029128
vt 0.519318 0.029636
vt 0.512188 0.029487
vt 0.487091 0.010886
vt 0.674092 0.184217
vt 0.687518 0.184217
vt 0.687518 0.185165
vt 0.674092 0.185165
vt 0.700944 0.184217
vt 0.700944 0.185165
vt 0.714370 0.184217
vt 0.714370 0.185165
vt 0.727796 0.184217
vt 0.727796 0.185165
vt 0.741223 0.184217
vt 0.741223 0.185165
vt 0.754649 0.184217
vt 0.754649 0.185165
vt 0.236284 0.342381
vt 0.237492 0.341437
vt 0.245856 0.349987
vt 0.244893 0.351204
vt 0.736137 0.275060
vt 0.749563 0.275059
vt 0.749563 0.276006
vt 0.736137 0.276007
vt 0.762989 0.275058
vt 0.762989 0.276005
vt 0.776416 0.275057
vt 0.776416 0.276004
vt 0.789842 0.275056
vt 0.789842 0.276003
vt 0.803268 0.275055
vt 0.803268 0.276002
vt 0.525742 0.013204
vt 0.525772 0.014335
vt 0.407399 0.354907
vt 0.407389 0.356297
vt 0.395701 0.356201
vt 0.395713 0.354811
vt 0.384013 0.356087
vt 0.384027 0.354697
vt 0.372324 0.355953
vt 0.372342 0.354563
vt 0.725020 0.231334
vt 0.714884 0.231322
vt 0.360693 0.354405
vt 0.362335 0.332559
vt 0.365593 0.331458
vt 0.372615 0.331667
vt 0.430771 0.355045
vt 0.430765 0.356436
vt 0.419077 0.356375
vt 0.419085 0.354985
vt 0.553998 0.218216
vt 0.576960 0.218212
vt 0.576959 0.222975
vt 0.553982 0.222986
vt 0.442457 0.355088
vt 0.442454 0.356478
vt 0.466118 0.332222
vt 0.454173 0.332210
vt 0.454175 0.330623
vt 0.466120 0.330635
vt 0.243396 0.255373
vt 0.252916 0.248112
vt 0.253728 0.249412
vt 0.244435 0.256500
vt 0.235385 0.264270
vt 0.236615 0.265186
vt 0.229159 0.274496
vt 0.230537 0.275168
vt 0.224932 0.285698
vt 0.226411 0.286103
vt 0.222852 0.297488
vt 0.224380 0.297613
vt 0.222990 0.309460
vt 0.224515 0.309300
vt 0.225341 0.321199
vt 0.226810 0.320760
vt 0.229824 0.332301
vt 0.231186 0.331597
vt 0.275123 0.239437
vt 0.275407 0.240944
vt 0.263615 0.242738
vt 0.264172 0.244166
vt 0.384264 0.331797
vt 0.395914 0.331909
vt 0.407566 0.332004
vt 0.419217 0.332082
vt 0.430869 0.332142
vt 0.442521 0.332184
vt 0.454142 0.355112
vt 0.351878 0.354264
vt 0.350195 0.354238
vt 0.358870 0.334375
vt 0.359908 0.335261
vt 0.471686 0.332225
vt 0.471803 0.330638
vt 0.715952 0.246740
vt 0.715917 0.243003
vt 0.736135 0.246738
vt 0.721889 0.246740
vt 0.721889 0.243003
vt 0.736134 0.243002
vt 0.539469 0.026945
vt 0.533019 0.028196
vt 0.532697 0.025845
vt 0.539134 0.024834
vt 0.526462 0.028507
vt 0.526282 0.026127
vt 0.543597 0.012119
vt 0.541606 0.010525
vt 0.547385 0.006738
vt 0.548489 0.008321
vt 0.536065 0.012670
vt 0.535648 0.011570
vt 0.540808 0.009548
vt 0.454141 0.356502
vt 0.539531 0.027855
vt 0.547290 0.015579
vt 0.547101 0.017320
vt 0.466808 0.356419
vt 0.466099 0.354946
vt 0.466100 0.349088
vt 0.466809 0.349383
vt 0.546345 0.014536
vt 0.531138 0.013669
vt 0.530988 0.012539
vt 0.470447 0.343160
vt 0.470849 0.343873
vt 0.562903 0.021647
vt 0.562123 0.022739
vt 0.557734 0.021093
vt 0.557865 0.019757
vt 0.552584 0.022139
vt 0.551952 0.020958
vt 0.565316 0.026913
vt 0.566568 0.026438
vt 0.292213 0.059224
vt 0.293052 0.059224
vt 0.293052 0.063148
vt 0.292213 0.063148
vt 0.292213 0.067547
vt 0.293052 0.067546
vt 0.293052 0.072887
vt 0.292213 0.072887
vt 0.293052 0.054825
vt 0.292213 0.054825
vt 0.277291 0.054825
vt 0.278096 0.054825
vt 0.278096 0.059224
vt 0.277291 0.059224
vt 0.277291 0.063148
vt 0.278096 0.063147
vt 0.278096 0.067546
vt 0.277291 0.067546
vt 0.278096 0.072887
vt 0.277291 0.072887
vt 0.526028 0.020171
vt 0.537832 0.018772
vt 0.531974 0.019795
vt 0.546716 0.005704
vt 0.550122 0.010047
vt 0.550809 0.010588
vt 0.360634 0.355795
vt 0.348948 0.355608
vt 0.304352 0.346880
vt 0.303392 0.345916
vt 0.317227 0.329958
vt 0.318225 0.330786
vt 0.708810 0.231311
vt 0.706472 0.230402
vt 0.704874 0.209726
vt 0.697882 0.209731
vt 0.705063 0.228102
vt 0.755459 0.208360
vt 0.755459 0.231334
vt 0.765605 0.208360
vt 0.765605 0.231334
vt 0.576965 0.187302
vt 0.576963 0.197449
vt 0.553989 0.197445
vt 0.553991 0.187299
vt 0.576961 0.207570
vt 0.553988 0.207574
vt 0.654153 0.231367
vt 0.320593 0.269073
vt 0.319582 0.269879
vt 0.312302 0.262599
vt 0.313108 0.261588
vt 0.329723 0.309063
vt 0.328462 0.308776
vt 0.329614 0.298545
vt 0.330907 0.298545
vt 0.326225 0.278035
vt 0.325060 0.278596
vt 0.326231 0.319047
vt 0.325066 0.318484
vt 0.304157 0.255962
vt 0.303599 0.257129
vt 0.293382 0.253643
vt 0.293709 0.252392
vt 0.329722 0.288026
vt 0.328461 0.288314
vt 0.322653 0.324686
vt 0.321561 0.323993
vt 0.319502 0.327011
vt 0.320558 0.327761
vt 0.703168 0.229395
vt 0.696470 0.209732
vt 0.288615 0.252834
vt 0.288763 0.251549
vt 0.053525 0.014740
vt 0.053525 0.016651
vt 0.050347 0.016651
vt 0.050346 0.014740
vt 0.046783 0.014740
vt 0.046783 0.016651
vt 0.061415 0.014740
vt 0.061415 0.016651
vt 0.057088 0.016651
vt 0.057088 0.014740
vt 0.308290 0.036909
vt 0.308594 0.036341
vt 0.312086 0.037052
vt 0.312149 0.037695
vt 0.315438 0.036463
vt 0.315063 0.035938
vt 0.317229 0.033109
vt 0.317832 0.033337
vt 0.070675 0.016152
vt 0.070878 0.015212
vt 0.067845 0.013986
vt 0.068520 0.013407
vt 0.067619 0.011003
vt 0.066730 0.011009
vt 0.067440 0.007517
vt 0.068211 0.008092
vt 0.057088 0.005487
vt 0.053525 0.005487
vt 0.050346 0.005488
vt 0.046783 0.005487
vt 0.061415 0.005487
vt 0.053525 0.004680
vt 0.050347 0.004680
vt 0.046783 0.004680
vt 0.061415 0.004680
vt 0.057088 0.004680
vt 0.312312 0.039372
vt 0.316417 0.037836
vt 0.319404 0.033934
vt 0.307496 0.038392
vt 0.307219 0.038910
vt 0.312369 0.039958
vt 0.316758 0.038315
vt 0.319954 0.034143
vt 0.014470 0.028165
vt 0.015797 0.027874
vt 0.012292 0.017857
vt 0.011062 0.018425
vt 0.005572 0.009687
vt 0.006646 0.008872
vt 0.704873 0.208360
vt 0.551475 0.197445
vt 0.551476 0.187299
vt 0.735165 0.233849
vt 0.725019 0.233849
vt 0.765605 0.233849
vt 0.755459 0.233849
vt 0.714882 0.233837
vt 0.551483 0.218214
vt 0.551473 0.207575
vt 0.745312 0.233849
vt 0.708445 0.233826
vt 0.705083 0.232528
vt 0.551468 0.222979
vt 0.442525 0.330597
vt 0.430876 0.330555
vt 0.419226 0.330495
vt 0.407577 0.330417
vt 0.395929 0.330322
vt 0.384280 0.330210
vt 0.372634 0.330080
vt 0.697497 0.208364
vt 0.694731 0.208365
vt 0.303077 0.348619
vt 0.302068 0.347727
vt 0.361672 0.331254
vt 0.365419 0.329992
vt 0.248990 0.241830
vt 0.260919 0.235838
vt 0.273751 0.232158
vt 0.230445 0.346940
vt 0.223242 0.335701
vt 0.218244 0.323322
vt 0.215623 0.310233
vt 0.215469 0.296885
vt 0.217788 0.283738
vt 0.222501 0.271248
vt 0.229443 0.259846
vt 0.238376 0.249926
vt 0.240238 0.357085
vt 0.716219 0.275995
vt 0.714969 0.276077
vt 0.716210 0.275048
vt 0.721891 0.275059
vt 0.721891 0.276007
vt 0.789840 0.246734
vt 0.803266 0.246733
vt 0.776413 0.246735
vt 0.762987 0.246736
vt 0.749561 0.246737
vt 0.754649 0.155896
vt 0.741223 0.155896
vt 0.727796 0.155896
vt 0.714370 0.155896
vt 0.700944 0.155896
vt 0.687518 0.155896
vt 0.674092 0.155896
vt 0.229256 0.347868
vt 0.239291 0.358282
vt 0.237354 0.248817
vt 0.248191 0.240551
vt 0.228233 0.258946
vt 0.221145 0.270587
vt 0.216334 0.283339
vt 0.213966 0.296762
vt 0.214123 0.310391
vt 0.216799 0.323755
vt 0.221902 0.336393
vt 0.273472 0.230676
vt 0.260370 0.234433
vt 0.245714 0.350789
vt 0.246402 0.350441
vt 0.244828 0.362598
vt 0.243957 0.360735
vt 0.466099 0.356419
vt 0.243746 0.361930
vt 0.533111 0.029128
vt 0.526448 0.029487
vt 0.551544 0.010886
vt 0.616481 0.231364
vt 0.623859 0.231365
vt 0.623859 0.233421
vt 0.616481 0.233420
vt 0.697494 0.196714
vt 0.694728 0.196714
vt 0.694728 0.194658
vt 0.697493 0.194658
vt 0.654153 0.233422
vt 0.644007 0.233422
vt 0.704871 0.196712
vt 0.704871 0.194656
vt 0.714873 0.194655
vt 0.636788 0.176405
vt 0.646953 0.176405
vt 0.646953 0.178461
vt 0.636788 0.178461
vt 0.310191 0.271635
vt 0.315381 0.278143
vt 0.283908 0.297917
vt 0.633861 0.233422
vt 0.657118 0.176405
vt 0.657118 0.178461
vt 0.588609 0.218214
vt 0.588610 0.207572
vt 0.590666 0.207572
vt 0.590665 0.218214
vt 0.745312 0.196711
vt 0.735165 0.196711
vt 0.735165 0.194655
vt 0.745312 0.194655
vt 0.588609 0.232812
vt 0.588609 0.227894
vt 0.590664 0.227894
vt 0.590664 0.232812
vt 0.588610 0.248216
vt 0.588609 0.237574
vt 0.590665 0.237573
vt 0.590666 0.248215
vt 0.626623 0.176405
vt 0.626623 0.178461
vt 0.725018 0.194655
vt 0.588612 0.197451
vt 0.590668 0.197451
vt 0.588612 0.258337
vt 0.590668 0.258336
vt 0.606292 0.176405
vt 0.616457 0.176405
vt 0.616457 0.178461
vt 0.606292 0.178461
vt 0.588613 0.268483
vt 0.590669 0.268483
vt 0.596127 0.176405
vt 0.596127 0.178461
vt 0.588609 0.222976
vt 0.590664 0.222976
vt 0.588613 0.187304
vt 0.590669 0.187305
vt 0.674447 0.231367
vt 0.684593 0.231367
vt 0.684593 0.233422
vt 0.674447 0.233422
vt 0.765605 0.196711
vt 0.755459 0.196711
vt 0.755459 0.194655
vt 0.765605 0.194655
vt 0.664300 0.231367
vt 0.664300 0.233422
vt 0.613716 0.231363
vt 0.613715 0.233419
vt 0.316341 0.315582
vt 0.319066 0.310074
vt 0.321136 0.310805
vt 0.318294 0.316549
vt 0.310173 0.324054
vt 0.315380 0.317525
vt 0.317229 0.318701
vt 0.311724 0.325605
vt 0.296139 0.332872
vt 0.303653 0.329254
vt 0.304820 0.331111
vt 0.296863 0.334942
vt 0.269564 0.331949
vt 0.271527 0.332869
vt 0.270814 0.334942
vt 0.268640 0.333923
vt 0.257628 0.324203
vt 0.264000 0.329342
vt 0.262836 0.331204
vt 0.256073 0.325750
vt 0.264528 0.266221
vt 0.257605 0.271657
vt 0.256059 0.270100
vt 0.263331 0.264390
vt 0.252436 0.278142
vt 0.250579 0.276975
vt 0.248825 0.285641
vt 0.246755 0.284917
vt 0.320844 0.302084
vt 0.323023 0.302324
vt 0.246973 0.293755
vt 0.244793 0.293510
vt 0.288101 0.260987
vt 0.279299 0.261053
vt 0.279094 0.258875
vt 0.288338 0.258805
vt 0.246972 0.302079
vt 0.244793 0.302324
vt 0.296185 0.262834
vt 0.296910 0.260764
vt 0.248824 0.310193
vt 0.246754 0.310918
vt 0.303684 0.266446
vt 0.304851 0.264589
vt 0.252436 0.317692
vt 0.250579 0.318859
vt 0.311742 0.270084
vt 0.317238 0.276976
vt 0.271629 0.262825
vt 0.267918 0.264399
vt 0.266975 0.262432
vt 0.270908 0.260764
vt 0.318992 0.285642
vt 0.321062 0.284917
vt 0.320844 0.293756
vt 0.323023 0.293511
vt 0.279669 0.334728
vt 0.279423 0.336907
vt 0.275513 0.261742
vt 0.275024 0.259616
vt 0.288008 0.334728
vt 0.288254 0.336907
vt 0.613718 0.221049
vt 0.616483 0.221049
vt 0.616457 0.166092
vt 0.626623 0.166092
vt 0.596127 0.166092
vt 0.606292 0.166092
vt 0.636788 0.166092
vt 0.704873 0.207024
vt 0.697496 0.207027
vt 0.646953 0.166092
vt 0.657118 0.166092
vt 0.623861 0.221052
vt 0.694731 0.207028
vt 0.305823 0.351071
vt 0.306968 0.349519
vt 0.019419 0.027080
vt 0.015651 0.016309
vt 0.009579 0.006647
vt 0.020697 0.038420
vt 0.289169 0.248041
vt 0.283635 0.247745
vt 0.294602 0.248975
vt 0.323448 0.329800
vt 0.325637 0.326576
vt 0.334439 0.298544
vt 0.333165 0.287240
vt 0.315310 0.258827
vt 0.305680 0.252776
vt 0.320949 0.333048
vt 0.329410 0.320585
vt 0.329407 0.276503
vt 0.333166 0.309849
vt 0.323354 0.266871
vt 0.261452 0.351071
vt 0.260307 0.349519
vt 0.019419 0.049760
vt 0.015651 0.060531
vt 0.009579 0.070193
vt 0.278100 0.248041
vt 0.272668 0.248976
vt 0.243826 0.329801
vt 0.241637 0.326577
vt 0.232834 0.298547
vt 0.234107 0.287242
vt 0.251960 0.258829
vt 0.261589 0.252778
vt 0.246326 0.333049
vt 0.237864 0.320587
vt 0.237864 0.276505
vt 0.234107 0.309851
vt 0.243916 0.266873
vt 0.259403 0.350432
vt 0.245386 0.333831
vt 0.242962 0.266111
vt 0.251199 0.257874
vt 0.232917 0.310123
vt 0.231613 0.298547
vt 0.236764 0.275975
vt 0.236765 0.321118
vt 0.261063 0.251676
vt 0.272359 0.247795
vt 0.232917 0.286971
vt 0.240605 0.327230
vt 0.242826 0.330504
vt 0.277960 0.246829
vt 0.283635 0.246524
vt 0.021980 0.038419
vt 0.020672 0.050034
vt 0.016811 0.061066
vt 0.010593 0.070962
vt 0.260505 0.351922
vt 0.307872 0.350432
vt 0.321888 0.333830
vt 0.324309 0.266109
vt 0.316071 0.257873
vt 0.334356 0.310121
vt 0.335660 0.298544
vt 0.330507 0.275973
vt 0.330509 0.321116
vt 0.306207 0.251675
vt 0.294910 0.247794
vt 0.334355 0.286968
vt 0.326669 0.327229
vt 0.324448 0.330503
vt 0.289309 0.246829
vt 0.020672 0.026805
vt 0.016811 0.015773
vt 0.010593 0.005877
vt 0.306770 0.351922
vt 0.636788 0.164756
vt 0.646953 0.164756
vt 0.657118 0.164756
vt 0.626623 0.164756
vt 0.606292 0.164756
vt 0.616457 0.164756
vt 0.596127 0.164756
vt 0.889235 0.242421
vt 0.894531 0.244587
vt 0.891726 0.250389
vt 0.887023 0.248466
vt 0.918179 0.265740
vt 0.923759 0.277332
vt 0.917673 0.279460
vt 0.912719 0.269169
vt 0.905282 0.251345
vt 0.909530 0.255178
vt 0.905041 0.259792
vt 0.901270 0.256389
vt 0.926617 0.302741
vt 0.923752 0.315284
vt 0.917667 0.313153
vt 0.920211 0.302018
vt 0.863102 0.239204
vt 0.875968 0.239207
vt 0.875245 0.245613
vt 0.863823 0.245611
vt 0.900101 0.247656
vt 0.896671 0.253114
vt 0.900084 0.344951
vt 0.888492 0.350531
vt 0.886364 0.344446
vt 0.896656 0.339492
vt 0.828907 0.255665
vt 0.838966 0.247645
vt 0.842396 0.253105
vt 0.833464 0.260224
vt 0.850559 0.242065
vt 0.852687 0.248150
vt 0.875949 0.353392
vt 0.863083 0.353390
vt 0.863806 0.346983
vt 0.875228 0.346985
vt 0.926619 0.289876
vt 0.920213 0.290596
vt 0.812432 0.302721
vt 0.812434 0.289855
vt 0.818840 0.290578
vt 0.818838 0.302000
vt 0.918168 0.326874
vt 0.910145 0.336931
vt 0.905587 0.332372
vt 0.912710 0.323443
vt 0.820872 0.326856
vt 0.815292 0.315264
vt 0.821378 0.313136
vt 0.826332 0.323427
vt 0.850541 0.350524
vt 0.838950 0.344940
vt 0.842380 0.339482
vt 0.852671 0.344440
vt 0.820883 0.265722
vt 0.826341 0.269153
vt 0.815299 0.277312
vt 0.821384 0.279443
vt 0.828892 0.336916
vt 0.833452 0.332359
vt 0.889619 0.353753
vt 0.876330 0.356783
vt 0.862700 0.356781
vt 0.849413 0.353746
vt 0.812071 0.316391
vt 0.809040 0.303102
vt 0.826478 0.339329
vt 0.817982 0.328672
vt 0.837134 0.347830
vt 0.912557 0.339345
vt 0.901900 0.347841
vt 0.930011 0.289494
vt 0.930009 0.303124
vt 0.809043 0.289473
vt 0.812078 0.276185
vt 0.837151 0.244755
vt 0.849432 0.238843
vt 0.926973 0.316411
vt 0.921057 0.328691
vt 0.817994 0.263906
vt 0.911907 0.252736
vt 0.921069 0.263925
vt 0.826494 0.253251
vt 0.876351 0.235815
vt 0.890406 0.239220
vt 0.926980 0.276206
vt 0.862721 0.235813
vt 0.901917 0.244767
vt 0.907406 0.248674
vt 0.896017 0.241515
vt 0.674092 0.152159
vt 0.687518 0.152159
vt 0.700944 0.152159
vt 0.714370 0.152159
vt 0.727796 0.152159
vt 0.741223 0.152159
vt 0.754649 0.152159
vt 0.768076 0.152159
vt 0.749561 0.243001
vt 0.762987 0.243000
vt 0.776413 0.242998
vt 0.789839 0.242998
vt 0.803265 0.242996
vt 0.862060 0.152159
vt 0.848634 0.152159
vt 0.835207 0.152159
vt 0.821781 0.152159
vt 0.808355 0.152159
vt 0.794929 0.152159
vt 0.781502 0.152159
vt 0.669000 0.243001
vt 0.655574 0.243000
vt 0.642147 0.242998
vt 0.628721 0.242998
vt 0.615295 0.242996
vt 0.073303 0.011615
vt 0.917459 0.009660
vt 0.919917 0.009914
vt 0.918609 0.020577
vt 0.916292 0.020357
vt 0.917567 0.033156
vt 0.915244 0.032985
vt 0.916725 0.045823
vt 0.914388 0.045683
vt 0.916034 0.058601
vt 0.913667 0.058482
vt 0.915441 0.071416
vt 0.913090 0.071320
vt 0.915002 0.084202
vt 0.912654 0.084135
vt 0.914727 0.096988
vt 0.912378 0.096952
vt 0.914617 0.109781
vt 0.912267 0.109775
vt 0.914673 0.122579
vt 0.912322 0.122603
vt 0.914895 0.135380
vt 0.912544 0.135435
vt 0.915284 0.148182
vt 0.912933 0.148268
vt 0.915840 0.160983
vt 0.913490 0.161100
vt 0.916566 0.173781
vt 0.914216 0.173929
vt 0.917469 0.186569
vt 0.915118 0.186752
vt 0.918580 0.199329
vt 0.916228 0.199559
vt 0.917565 0.211851
vt 0.920074 0.211595
vt 0.920446 0.212275
vt 0.917626 0.212475
vt 0.264367 0.007416
vt 0.236458 0.007239
vt 0.236465 0.004687
vt 0.264384 0.004763
vt 0.905267 0.293724
vt 0.903218 0.281665
vt 0.904935 0.281088
vt 0.907078 0.293699
vt 0.897575 0.270815
vt 0.899032 0.269739
vt 0.888879 0.262215
vt 0.889936 0.260745
vt 0.877965 0.256693
vt 0.878521 0.254969
vt 0.865883 0.254781
vt 0.865884 0.252970
vt 0.853796 0.256663
vt 0.853242 0.254938
vt 0.842865 0.262158
vt 0.841810 0.260686
vt 0.834143 0.270739
vt 0.832687 0.269660
vt 0.828464 0.281575
vt 0.826750 0.280994
vt 0.826373 0.293637
vt 0.824561 0.293607
vt 0.341044 0.010449
vt 0.340928 0.009851
vt 0.341359 0.009807
vt 0.827922 0.305814
vt 0.826337 0.306293
vt 0.919914 0.210037
vt 0.917411 0.210295
vt 0.917602 0.008229
vt 0.920064 0.008479
vt 0.832731 0.317238
vt 0.831901 0.317803
vt 0.898864 0.317277
vt 0.903686 0.305878
vt 0.905267 0.306360
vt 0.899679 0.317835
vt 0.038573 0.326213
vt 0.042683 0.326268
vt 0.043477 0.337466
vt 0.039276 0.337988
vt 0.040817 0.347109
vt 0.045409 0.346116
vt 0.046213 0.349129
vt 0.041297 0.350130
vt 0.041214 0.305543
vt 0.045700 0.306577
vt 0.043659 0.315111
vt 0.039505 0.314474
vt 0.257058 0.026571
vt 0.259930 0.026561
vt 0.261807 0.029196
vt 0.257066 0.029169
vt 0.045441 0.326291
vt 0.046329 0.337261
vt 0.255367 0.019626
vt 0.247606 0.018832
vt 0.247612 0.013292
vt 0.255377 0.014086
vt 0.308811 0.016098
vt 0.301373 0.017440
vt 0.301345 0.012101
vt 0.307968 0.010927
vt 0.239859 0.017745
vt 0.239848 0.012206
vt 0.850819 0.273260
vt 0.845117 0.278870
vt 0.843862 0.277939
vt 0.849909 0.271989
vt 0.055774 0.315132
vt 0.054724 0.326308
vt 0.052421 0.326291
vt 0.053475 0.315359
vt 0.058053 0.346050
vt 0.059113 0.348833
vt 0.056494 0.348508
vt 0.055535 0.345639
vt 0.058294 0.306718
vt 0.055790 0.307095
vt 0.055613 0.337521
vt 0.053309 0.337261
vt 0.325924 0.012768
vt 0.316504 0.014602
vt 0.315512 0.009483
vt 0.324934 0.007652
vt 0.046544 0.303585
vt 0.049802 0.304226
vt 0.048810 0.307095
vt 0.263146 0.020100
vt 0.263138 0.014555
vt 0.267331 0.007881
vt 0.267329 0.007435
vt 0.267998 0.007365
vt 0.339277 0.010172
vt 0.338287 0.005056
vt 0.270932 0.020239
vt 0.270901 0.014678
vt 0.278674 0.019995
vt 0.278630 0.014504
vt 0.200197 0.010420
vt 0.198467 0.010094
vt 0.199514 0.004747
vt 0.201202 0.005060
vt 0.046496 0.315359
vt 0.286331 0.019431
vt 0.286273 0.013999
vt 0.048555 0.345639
vt 0.224056 0.014911
vt 0.214186 0.013054
vt 0.215190 0.007694
vt 0.225060 0.009554
vt 0.293893 0.018568
vt 0.293845 0.013186
vt 0.232104 0.016416
vt 0.232948 0.011020
vt 0.260527 0.026543
vt 0.264872 0.028449
vt 0.197984 0.009987
vt 0.197070 0.005398
vt 0.865867 0.268436
vt 0.857965 0.269666
vt 0.857488 0.268178
vt 0.865869 0.266873
vt 0.060102 0.306337
vt 0.059387 0.303924
vt 0.061123 0.303628
vt 0.108285 0.307788
vt 0.113459 0.312938
vt 0.094543 0.326548
vt 0.840048 0.293848
vt 0.840105 0.302102
vt 0.838712 0.302526
vt 0.838484 0.293824
vt 0.094103 0.349703
vt 0.101553 0.348663
vt 0.101327 0.351032
vt 0.094083 0.352023
vt 0.108108 0.345445
vt 0.108695 0.347471
vt 0.113331 0.340342
vt 0.114567 0.341823
vt 0.116704 0.333866
vt 0.118358 0.334651
vt 0.117889 0.326660
vt 0.119691 0.326669
vt 0.116771 0.319444
vt 0.118432 0.318676
vt 0.114709 0.311469
vt 0.108891 0.305767
vt 0.101763 0.304510
vt 0.101558 0.302140
vt 0.094326 0.303401
vt 0.094327 0.301083
vt 0.086070 0.303665
vt 0.075771 0.304204
vt 0.075550 0.301798
vt 0.085959 0.301212
vt 0.891533 0.302135
vt 0.891616 0.293893
vt 0.893178 0.293874
vt 0.892922 0.302563
vt 0.840136 0.312122
vt 0.838959 0.312933
vt 0.075541 0.348721
vt 0.085845 0.349360
vt 0.085710 0.351815
vt 0.075294 0.351129
vt 0.841408 0.285959
vt 0.839927 0.285458
vt 0.056782 0.304226
vt 0.041749 0.302550
vt 0.049514 0.348508
vt 0.059865 0.346449
vt 0.060854 0.349145
vt 0.891497 0.312155
vt 0.892733 0.313014
vt 0.873766 0.269685
vt 0.874247 0.268199
vt 0.880902 0.273295
vt 0.881815 0.272027
vt 0.886588 0.278917
vt 0.887845 0.277990
vt 0.890277 0.286010
vt 0.891758 0.285514
vt 0.057078 0.326325
vt 0.057892 0.336539
vt 0.058032 0.316141
vt 0.076388 0.326453
vt 0.086431 0.326507
vt 0.840007 0.325352
vt 0.838935 0.324434
vt 0.891547 0.325372
vt 0.891136 0.325711
vt 0.891003 0.311812
vt 0.839110 0.325691
vt 0.010765 0.339315
vt 0.011327 0.349321
vt 0.012964 0.299507
vt 0.012646 0.302517
vt 0.228753 0.026645
vt 0.228754 0.029196
vt 0.011675 0.312163
vt 0.010765 0.325633
vt 0.011557 0.352387
vt 0.889299 0.005498
vt 0.889161 0.006932
vt 0.887496 0.202042
vt 0.888507 0.213037
vt 0.269227 0.004687
vt 0.888655 0.214597
vt 0.888714 0.215221
vt 0.886425 0.188847
vt 0.885523 0.175649
vt 0.884793 0.162446
vt 0.884234 0.149240
vt 0.883846 0.136034
vt 0.883631 0.122829
vt 0.883587 0.109628
vt 0.883715 0.096433
vt 0.884015 0.083246
vt 0.884486 0.070070
vt 0.885134 0.056905
vt 0.885960 0.043778
vt 0.886959 0.030722
vt 0.888118 0.017742
vt 0.891360 0.326838
vt 0.890914 0.327428
vt 0.840185 0.326818
vt 0.339898 0.004747
vt 0.892569 0.324525
vt 0.892371 0.325784
vt 0.339393 0.010770
vt 0.214068 0.013680
vt 0.200079 0.011046
vt 0.301473 0.018040
vt 0.293974 0.019174
vt 0.231992 0.017042
vt 0.223938 0.015537
vt 0.239762 0.018370
vt 0.286389 0.020045
vt 0.278708 0.020616
vt 0.198350 0.010721
vt 0.270937 0.020866
vt 0.316620 0.015199
vt 0.308923 0.016695
vt 0.263122 0.020728
vt 0.326040 0.013366
vt 0.255316 0.020254
vt 0.247530 0.019458
vt 0.264364 0.007883
vt 0.236457 0.007726
vt 0.228751 0.026151
vt 0.257057 0.026086
vt 0.259931 0.026086
vt 0.342238 0.005356
vt 0.272364 0.005424
vt 0.840640 0.327440
vt 0.840438 0.325719
vt 0.889355 0.004925
vt 0.917659 0.007656
vt 0.840606 0.311797
vt 0.890991 0.293901
vt 0.889685 0.286209
vt 0.886085 0.279288
vt 0.880537 0.273802
vt 0.873574 0.270280
vt 0.865867 0.269061
vt 0.858156 0.270262
vt 0.851183 0.273768
vt 0.890978 0.301964
vt 0.845620 0.279243
vt 0.842001 0.286160
vt 0.840674 0.293857
vt 0.840662 0.301933
vt 0.920426 0.007845
s 1
usemtl lubricant_spray
f 682/753/433 766/754/434 768/755/435 684/756/436
f 690/757/437 774/758/438 777/759/439 693/760/440
f 693/760/440 777/759/439 780/761/441 696/762/442
f 696/762/442 780/761/441 783/763/443 699/764/444
f 699/764/444 783/763/443 786/765/445 702/766/446
f 702/766/446 786/765/445 789/767/447 705/768/448
f 705/768/448 789/767/447 792/769/449 708/770/450
f 708/770/450 792/769/449 795/771/451 711/772/452
f 711/772/452 795/771/451 798/773/453 714/774/454
f 714/774/454 798/773/453 801/775/455 717/776/456
f 717/776/456 801/775/455 804/777/457 720/778/458
f 720/778/458 804/777/457 807/779/459 723/780/460
f 723/780/460 807/779/459 810/781/461 726/782/462
f 726/782/462 810/781/461 813/783/463 729/784/464
f 729/784/464 813/783/463 816/785/465 732/786/466
f 732/786/466 816/785/465 819/787/467 735/788/468
f 735/788/468 819/787/467 822/789/469 738/790/470
f 738/790/470 822/789/469 825/791/471 741/792/472
f 741/792/472 825/791/471 828/793/473 744/794/474
f 744/794/474 828/793/473 831/795/475 747/796/476
f 747/796/476 831/795/475 834/797/477 750/798/478
f 750/798/478 834/797/477 837/799/479 753/800/480
f 753/800/480 837/799/479 840/801/481 756/802/482
f 756/802/482 840/801/481 843/803/483 759/804/484
f 759/804/484 843/803/483 846/805/485 762/806/486
f 569/807/487 570/808/488 769/809/489 765/810/490
f 684/756/436 768/755/435 771/811/491 687/812/492
f 762/806/486 846/805/485 766/813/434 682/814/433
f 687/812/492 771/811/491 774/758/438 690/757/437
f 675/815/493 678/816/494 596/817/495 595/818/496
f 672/819/497 675/815/493 595/818/496 594/820/498
f 669/821/499 672/819/497 594/820/498 593/822/500
f 666/823/501 669/821/499 593/822/500 592/824/502
f 663/825/503 666/823/501 592/824/502 591/826/504
f 660/827/505 663/825/503 591/826/504 590/828/506
f 657/829/507 660/827/505 590/828/506 589/830/508
f 654/831/509 657/829/507 589/830/508 588/832/510
f 651/833/511 654/831/509 588/832/510 587/834/512
f 648/835/513 651/833/511 587/834/512 586/836/514
f 645/837/515 648/835/513 586/836/514 585/838/516
f 642/839/517 645/837/515 585/838/516 584/840/518
f 639/841/519 642/839/517 584/840/518 583/842/520
f 636/843/521 639/841/519 583/842/520 582/844/522
f 633/845/523 636/843/521 582/844/522 581/846/524
f 630/847/525 633/845/523 581/846/524 580/848/526
f 627/849/527 630/847/525 580/848/526 579/850/528
f 624/851/529 627/849/527 579/850/528 578/852/530
f 621/853/531 624/851/529 578/852/530 577/854/532
f 618/855/533 621/853/531 577/854/532 576/856/534
f 615/857/535 618/855/533 576/856/534 575/858/536
f 612/859/537 615/857/535 575/858/536 574/860/538
f 609/861/539 612/859/537 574/860/538 573/862/540
f 606/863/541 609/861/539 573/862/540 572/864/542
f 603/865/543 606/863/541 572/864/542 571/866/544
f 600/867/545 603/865/543 571/866/544 570/868/546
f 598/869/547 600/867/545 570/868/546 569/870/548
f 570/808/488 571/871/549 772/872/550 769/809/489
f 595/873/551 596/874/552 847/875/553 844/876/554
f 594/877/555 595/873/551 844/876/554 841/878/556
f 593/879/557 594/877/555 841/878/556 838/880/558
f 592/881/559 593/879/557 838/880/558 835/882/560
f 591/883/561 592/881/559 835/882/560 832/884/562
f 590/885/563 591/883/561 832/884/562 829/886/564
f 589/887/565 590/885/563 829/886/564 826/888/566
f 588/889/567 589/887/565 826/888/566 823/890/568
f 587/891/569 588/889/567 823/890/568 820/892/570
f 586/893/571 587/891/569 820/892/570 817/894/572
f 585/895/573 586/893/571 817/894/572 814/896/574
f 584/897/575 585/895/573 814/896/574 811/898/576
f 583/899/577 584/897/575 811/898/576 808/900/578
f 582/901/579 583/899/577 808/900/578 805/902/580
f 581/903/581 582/901/579 805/902/580 802/904/582
f 580/905/583 581/903/581 802/904/582 799/906/584
f 579/907/585 580/905/583 799/906/584 796/908/586
f 578/909/587 579/907/585 796/908/586 793/910/588
f 577/911/589 578/909/587 793/910/588 790/912/590
f 576/913/591 577/911/589 790/912/590 787/914/592
f 575/915/593 576/913/591 787/914/592 784/916/594
f 574/917/595 575/915/593 784/916/594 781/918/596
f 573/919/597 574/917/595 781/918/596 778/920/598
f 572/921/599 573/919/597 778/920/598 775/922/600
f 571/871/549 572/921/599 775/922/600 772/872/550
f 596/874/552 569/923/487 765/924/490 847/875/553
f 678/816/494 598/925/547 569/926/548 596/817/495
f 679/927/601 597/928/602 599/929/603 680/930/604
f 680/930/604 599/929/603 598/925/547 678/816/494
f 676/931/605 679/927/601 680/930/604 677/932/606
f 677/932/606 680/930/604 678/816/494 675/815/493
f 673/933/607 676/931/605 677/932/606 674/934/608
f 674/934/608 677/932/606 675/815/493 672/819/497
f 670/935/609 673/933/607 674/934/608 671/936/610
f 671/936/610 674/934/608 672/819/497 669/821/499
f 667/937/611 670/935/609 671/936/610 668/938/612
f 668/938/612 671/936/610 669/821/499 666/823/501
f 664/939/613 667/937/611 668/938/612 665/940/614
f 665/940/614 668/938/612 666/823/501 663/825/503
f 661/941/615 664/939/613 665/940/614 662/942/616
f 662/942/616 665/940/614 663/825/503 660/827/505
f 658/943/617 661/941/615 662/942/616 659/944/618
f 659/944/618 662/942/616 660/827/505 657/829/507
f 655/945/619 658/943/617 659/944/618 656/946/620
f 656/946/620 659/944/618 657/829/507 654/831/509
f 652/947/621 655/945/619 656/946/620 653/948/622
f 653/948/622 656/946/620 654/831/509 651/833/511
f 649/949/623 652/947/621 653/948/622 650/950/624
f 650/950/624 653/948/622 651/833/511 648/835/513
f 646/951/625 649/949/623 650/950/624 647/952/626
f 647/952/626 650/950/624 648/835/513 645/837/515
f 643/953/627 646/951/625 647/952/626 644/954/628
f 644/954/628 647/952/626 645/837/515 642/839/517
f 640/955/629 643/953/627 644/954/628 641/956/630
f 641/956/630 644/954/628 642/839/517 639/841/519
f 637/957/631 640/955/629 641/956/630 638/958/632
f 638/958/632 641/956/630 639/841/519 636/843/521
f 634/959/633 637/957/631 638/958/632 635/960/634
f 635/960/634 638/958/632 636/843/521 633/845/523
f 631/961/635 634/959/633 635/960/634 632/962/636
f 632/962/636 635/960/634 633/845/523 630/847/525
f 628/963/637 631/961/635 632/962/636 629/964/638
f 629/964/638 632/962/636 630/847/525 627/849/527
f 625/965/639 628/963/637 629/964/638 626/966/640
f 626/966/640 629/964/638 627/849/527 624/851/529
f 622/967/641 625/965/639 626/966/640 623/968/642
f 623/968/642 626/966/640 624/851/529 621/853/531
f 619/969/643 622/967/641 623/968/642 620/970/644
f 620/970/644 623/968/642 621/853/531 618/855/533
f 616/971/645 619/969/643 620/970/644 617/972/646
f 617/972/646 620/970/644 618/855/533 615/857/535
f 613/973/647 616/971/645 617/972/646 614/974/648
f 614/974/648 617/972/646 615/857/535 612/859/537
f 610/975/649 613/973/647 614/974/648 611/976/650
f 611/976/650 614/974/648 612/859/537 609/861/539
f 607/977/651 610/975/649 611/976/650 608/978/652
f 608/978/652 611/976/650 609/861/539 606/863/541
f 604/979/653 607/977/651 608/978/652 605/980/654
f 605/980/654 608/978/652 606/863/541 603/865/543
f 601/981/655 604/979/653 605/980/654 602/982/656
f 602/982/656 605/980/654 603/865/543 600/867/545
f 597/983/602 601/981/655 602/982/656 599/984/603
f 599/984/603 602/982/656 600/867/545 598/869/547
f 682/753/433 684/756/436 686/985/657 683/986/658
f 683/987/658 686/988/657 849/989/659 850/990/660
f 684/756/436 687/812/492 689/991/661 686/985/657
f 686/988/657 689/992/661 851/993/662 849/989/659
f 687/812/492 690/757/437 692/994/663 689/991/661
f 689/992/661 692/995/663 852/996/664 851/993/662
f 690/757/437 693/760/440 695/997/665 692/994/663
f 692/995/663 695/998/665 853/999/666 852/996/664
f 693/760/440 696/762/442 698/1000/667 695/997/665
f 695/998/665 698/1001/667 854/1002/668 853/999/666
f 696/762/442 699/764/444 701/1003/669 698/1000/667
f 698/1001/667 701/1004/669 855/1005/670 854/1002/668
f 699/764/444 702/766/446 704/1006/671 701/1003/669
f 701/1004/669 704/1007/671 856/1008/672 855/1005/670
f 702/766/446 705/768/448 707/1009/673 704/1006/671
f 704/1007/671 707/1010/673 857/1011/674 856/1008/672
f 705/768/448 708/770/450 710/1012/675 707/1009/673
f 707/1010/673 710/1013/675 858/1014/676 857/1011/674
f 708/770/450 711/772/452 713/1015/677 710/1012/675
f 710/1013/675 713/1016/677 859/1017/678 858/1014/676
f 711/772/452 714/774/454 716/1018/679 713/1015/677
f 713/1016/677 716/1019/679 860/1020/680 859/1017/678
f 714/774/454 717/776/456 719/1021/681 716/1018/679
f 716/1019/679 719/1022/681 861/1023/682 860/1020/680
f 717/776/456 720/778/458 722/1024/683 719/1021/681
f 719/1022/681 722/1025/683 862/1026/684 861/1023/682
f 720/778/458 723/780/460 725/1027/685 722/1024/683
f 722/1025/683 725/1028/685 863/1029/686 862/1026/684
f 723/780/460 726/782/462 728/1030/687 725/1027/685
f 725/1028/685 728/1031/687 864/1032/688 863/1029/686
f 726/782/462 729/784/464 731/1033/689 728/1030/687
f 728/1031/687 731/1034/689 865/1035/690 864/1032/688
f 729/784/464 732/786/466 734/1036/691 731/1033/689
f 731/1034/689 734/1037/691 866/1038/692 865/1035/690
f 732/786/466 735/788/468 737/1039/693 734/1036/691
f 734/1037/691 737/1040/693 867/1041/694 866/1038/692
f 735/788/468 738/790/470 740/1042/695 737/1039/693
f 737/1040/693 740/1043/695 868/1044/696 867/1041/694
f 738/790/470 741/792/472 743/1045/697 740/1042/695
f 740/1043/695 743/1046/697 869/1047/698 868/1044/696
f 741/792/472 744/794/474 746/1048/699 743/1045/697
f 743/1046/697 746/1049/699 870/1050/700 869/1047/698
f 744/794/474 747/796/476 749/1051/701 746/1048/699
f 746/1049/699 749/1052/701 871/1053/702 870/1050/700
f 747/796/476 750/798/478 752/1054/703 749/1051/701
f 749/1052/701 752/1055/703 872/1056/704 871/1053/702
f 750/798/478 753/800/480 755/1057/705 752/1054/703
f 752/1055/703 755/1058/705 873/1059/706 872/1056/704
f 753/800/480 756/802/482 758/1060/707 755/1057/705
f 755/1058/705 758/1061/707 874/1062/708 873/1059/706
f 756/802/482 759/804/484 761/1063/709 758/1060/707
f 758/1061/707 761/1064/709 875/1065/710 874/1062/708
f 759/804/484 762/806/486 764/1066/711 761/1063/709
f 761/1064/709 764/1067/711 876/1068/712 875/1065/710
f 762/806/486 682/814/433 683/1069/658 764/1066/711
f 764/1067/711 683/1070/658 850/1071/660 876/1068/712
f 766/813/434 846/805/485 848/1072/713 767/1073/714
f 767/1074/714 848/1075/713 847/875/553 765/924/490
f 846/805/485 843/803/483 845/1076/715 848/1072/713
f 848/1075/713 845/1077/715 844/876/554 847/875/553
f 843/803/483 840/801/481 842/1078/716 845/1076/715
f 845/1077/715 842/1079/716 841/878/556 844/876/554
f 840/801/481 837/799/479 839/1080/717 842/1078/716
f 842/1079/716 839/1081/717 838/880/558 841/878/556
f 837/799/479 834/797/477 836/1082/718 839/1080/717
f 839/1081/717 836/1083/718 835/882/560 838/880/558
f 834/797/477 831/795/475 833/1084/719 836/1082/718
f 836/1083/718 833/1085/719 832/884/562 835/882/560
f 831/795/475 828/793/473 830/1086/720 833/1084/719
f 833/1085/719 830/1087/720 829/886/564 832/884/562
f 828/793/473 825/791/471 827/1088/721 830/1086/720
f 830/1087/720 827/1089/721 826/888/566 829/886/564
f 825/791/471 822/789/469 824/1090/722 827/1088/721
f 827/1089/721 824/1091/722 823/890/568 826/888/566
f 822/789/469 819/787/467 821/1092/723 824/1090/722
f 824/1091/722 821/1093/723 820/892/570 823/890/568
f 819/787/467 816/785/465 818/1094/724 821/1092/723
f 821/1093/723 818/1095/724 817/894/572 820/892/570
f 816/785/465 813/783/463 815/1096/725 818/1094/724
f 818/1095/724 815/1097/725 814/896/574 817/894/572
f 813/783/463 810/781/461 812/1098/726 815/1096/725
f 815/1097/725 812/1099/726 811/898/576 814/896/574
f 810/781/461 807/779/459 809/1100/727 812/1098/726
f 812/1099/726 809/1101/727 808/900/578 811/898/576
f 807/779/459 804/777/457 806/1102/728 809/1100/727
f 809/1101/727 806/1103/728 805/902/580 808/900/578
f 804/777/457 801/775/455 803/1104/729 806/1102/728
f 806/1103/728 803/1105/729 802/904/582 805/902/580
f 801/775/455 798/773/453 800/1106/730 803/1104/729
f 803/1105/729 800/1107/730 799/906/584 802/904/582
f 798/773/453 795/771/451 797/1108/731 800/1106/730
f 800/1107/730 797/1109/731 796/908/586 799/906/584
f 795/771/451 792/769/449 794/1110/732 797/1108/731
f 797/1109/731 794/1111/732 793/910/588 796/908/586
f 792/769/449 789/767/447 791/1112/733 794/1110/732
f 794/1111/732 791/1113/733 790/912/590 793/910/588
f 789/767/447 786/765/445 788/1114/734 791/1112/733
f 791/1113/733 788/1115/734 787/914/592 790/912/590
f 786/765/445 783/763/443 785/1116/735 788/1114/734
f 788/1115/734 785/1117/735 784/916/594 787/914/592
f 783/763/443 780/761/441 782/1118/736 785/1116/735
f 785/1117/735 782/1119/736 781/918/596 784/916/594
f 780/761/441 777/759/439 779/1120/737 782/1118/736
f 782/1119/736 779/1121/737 778/920/598 781/918/596
f 777/759/439 774/758/438 776/1122/738 779/1120/737
f 779/1121/737 776/1123/738 775/922/600 778/920/598
f 774/758/438 771/811/491 773/1124/739 776/1122/738
f 776/1123/738 773/1125/739 772/872/550 775/922/600
f 771/811/491 768/755/435 770/1126/740 773/1124/739
f 773/1125/739 770/1127/740 769/809/489 772/872/550
f 768/755/435 766/754/434 767/1128/714 770/1126/740
f 770/1127/740 767/1129/714 765/810/490 769/809/489
f 1663/1130/741 1662/1131/742 907/1132/743 905/1133/744
f 877/1134/745 878/1135/746 850/990/660 849/989/659
f 879/1136/747 877/1134/745 849/989/659 851/993/662
f 880/1137/748 879/1136/747 851/993/662 852/996/664
f 881/1138/749 880/1137/748 852/996/664 853/999/666
f 882/1139/750 881/1138/749 853/999/666 854/1002/668
f 883/1140/751 882/1139/750 854/1002/668 855/1005/670
f 884/1141/752 883/1140/751 855/1005/670 856/1008/672
f 885/1142/753 884/1141/752 856/1008/672 857/1011/674
f 886/1143/754 885/1142/753 857/1011/674 858/1014/676
f 887/1144/755 886/1143/754 858/1014/676 859/1017/678
f 888/1145/756 887/1144/755 859/1017/678 860/1020/680
f 889/1146/757 888/1145/756 860/1020/680 861/1023/682
f 890/1147/758 889/1146/757 861/1023/682 862/1026/684
f 891/1148/759 890/1147/758 862/1026/684 863/1029/686
f 892/1149/760 891/1148/759 863/1029/686 864/1032/688
f 893/1150/761 892/1149/760 864/1032/688 865/1035/690
f 894/1151/762 893/1150/761 865/1035/690 866/1038/692
f 895/1152/763 894/1151/762 866/1038/692 867/1041/694
f 896/1153/764 895/1152/763 867/1041/694 868/1044/696
f 897/1154/765 896/1153/764 868/1044/696 869/1047/698
f 898/1155/766 897/1154/765 869/1047/698 870/1050/700
f 899/1156/767 898/1155/766 870/1050/700 871/1053/702
f 900/1157/768 899/1156/767 871/1053/702 872/1056/704
f 901/1158/769 900/1157/768 872/1056/704 873/1059/706
f 902/1159/770 901/1158/769 873/1059/706 874/1062/708
f 903/1160/771 902/1159/770 874/1062/708 875/1065/710
f 904/1161/772 903/1160/771 875/1065/710 876/1068/712
f 878/1162/746 904/1161/772 876/1068/712 850/1071/660
f 685/1163/773 681/1164/774 878/1135/746 877/1134/745
f 688/1165/775 685/1163/773 877/1134/745 879/1136/747
f 691/1166/776 688/1165/775 879/1136/747 880/1137/748
f 694/1167/777 691/1166/776 880/1137/748 881/1138/749
f 697/1168/778 694/1167/777 881/1138/749 882/1139/750
f 700/1169/779 697/1168/778 882/1139/750 883/1140/751
f 703/1170/780 700/1169/779 883/1140/751 884/1141/752
f 706/1171/781 703/1170/780 884/1141/752 885/1142/753
f 709/1172/782 706/1171/781 885/1142/753 886/1143/754
f 712/1173/783 709/1172/782 886/1143/754 887/1144/755
f 715/1174/784 712/1173/783 887/1144/755 888/1145/756
f 718/1175/785 715/1174/784 888/1145/756 889/1146/757
f 721/1176/786 718/1175/785 889/1146/757 890/1147/758
f 724/1177/787 721/1176/786 890/1147/758 891/1148/759
f 727/1178/788 724/1177/787 891/1148/759 892/1149/760
f 730/1179/789 727/1178/788 892/1149/760 893/1150/761
f 733/1180/790 730/1179/789 893/1150/761 894/1151/762
f 736/1181/791 733/1180/790 894/1151/762 895/1152/763
f 739/1182/792 736/1181/791 895/1152/763 896/1153/764
f 742/1183/793 739/1182/792 896/1153/764 897/1154/765
f 745/1184/794 742/1183/793 897/1154/765 898/1155/766
f 748/1185/795 745/1184/794 898/1155/766 899/1156/767
f 751/1186/796 748/1185/795 899/1156/767 900/1157/768
f 754/1187/797 751/1186/796 900/1157/768 901/1158/769
f 757/1188/798 754/1187/797 901/1158/769 902/1159/770
f 760/1189/799 757/1188/798 902/1159/770 903/1160/771
f 763/1190/800 760/1189/799 903/1160/771 904/1161/772
f 681/1191/774 763/1190/800 904/1161/772 878/1162/746
f 990/1192/801 989/1193/802 974/1194/803 973/1195/804
f 1665/1196/805 1664/1197/806 921/1198/807 920/1199/808
f 1662/1131/742 1666/1200/809 908/1201/810 907/1132/743
f 1664/1197/806 1667/1202/811 922/1203/812 921/1198/807
f 1666/1200/809 1668/1204/813 909/1205/814 908/1201/810
f 1667/1202/811 1669/1206/815 923/1207/816 922/1203/812
f 1668/1204/813 1670/1208/817 910/1209/818 909/1205/814
f 1669/1206/815 1671/1210/819 924/1211/820 923/1207/816
f 1670/1208/817 1672/1212/821 911/1213/822 910/1209/818
f 1671/1210/819 1673/1214/823 925/1215/824 924/1211/820
f 1672/1212/821 1674/1216/825 912/1217/826 911/1213/822
f 1673/1214/823 1675/1218/827 926/1219/828 925/1215/824
f 1674/1216/825 1676/1220/829 913/1221/830 912/1217/826
f 1675/1218/827 1677/1222/831 927/1223/832 926/1219/828
f 1676/1220/829 1678/1224/833 914/1225/834 913/1221/830
f 1677/1222/831 1679/1226/835 928/1227/836 927/1223/832
f 1678/1224/833 1680/1228/837 915/1229/838 914/1225/834
f 1679/1226/835 1681/1230/839 929/1231/840 928/1227/836
f 1680/1228/837 1682/1232/841 916/1233/842 915/1229/838
f 1681/1230/839 1683/1234/843 930/1235/844 929/1231/840
f 1682/1232/841 1684/1236/845 917/1237/846 916/1233/842
f 1683/1234/843 1685/1238/847 931/1239/848 930/1235/844
f 1684/1236/845 1686/1240/849 918/1241/850 917/1237/846
f 1685/1238/847 1687/1242/851 932/1243/852 931/1239/848
f 1686/1240/849 1688/1244/853 919/1245/854 918/1241/850
f 1689/1246/855 1663/1130/741 905/1133/744 906/1247/856
f 1687/1242/851 1689/1248/855 906/1249/856 932/1243/852
f 1688/1244/853 1665/1196/805 920/1199/808 919/1245/854
f 944/1250/857 945/1251/858 1017/1252/859
f 992/1253/860 991/1254/861 988/1255/862 987/1256/863
f 989/1193/802 993/1257/864 975/1258/865 974/1194/803
f 995/1259/866 994/1260/867 961/1261/868 962/1262/869
f 991/1254/861 995/1259/866 962/1262/869 988/1255/862
f 993/1257/864 996/1263/870 976/1264/871 975/1258/865
f 994/1260/867 997/1265/872 963/1266/873 961/1261/868
f 996/1263/870 998/1267/874 977/1268/875 976/1264/871
f 997/1265/872 999/1269/876 964/1270/877 963/1266/873
f 998/1267/874 1000/1271/878 978/1272/879 977/1268/875
f 999/1269/876 1001/1273/880 965/1274/881 964/1270/877
f 1000/1271/878 1002/1275/882 979/1276/883 978/1272/879
f 1001/1273/880 1003/1277/884 966/1278/885 965/1274/881
f 1002/1275/882 1004/1279/886 980/1280/887 979/1276/883
f 1003/1277/884 1005/1281/888 967/1282/889 966/1278/885
f 1004/1279/886 1006/1283/890 981/1284/891 980/1280/887
f 1005/1281/888 1007/1285/892 968/1286/893 967/1282/889
f 1006/1283/890 1008/1287/894 982/1288/895 981/1284/891
f 1007/1285/892 1009/1289/896 969/1290/897 968/1286/893
f 1008/1287/894 1010/1291/898 983/1292/899 982/1288/895
f 1009/1289/896 1011/1293/900 970/1294/901 969/1290/897
f 1010/1291/898 1012/1295/902 984/1296/903 983/1292/899
f 1011/1293/900 1013/1297/904 971/1298/905 970/1294/901
f 1012/1295/902 1014/1299/906 985/1300/907 984/1296/903
f 1013/1297/904 1015/1301/908 972/1302/909 971/1298/905
f 1014/1299/906 1016/1303/910 986/1304/911 985/1300/907
f 1015/1301/908 990/1192/801 973/1195/804 972/1302/909
f 1016/1303/910 992/1253/860 987/1256/863 986/1304/911
f 933/1305/912 934/1306/913 962/1262/869 961/1261/868
f 935/1307/914 933/1305/912 961/1261/868 963/1266/873
f 936/1308/915 935/1307/914 963/1266/873 964/1270/877
f 937/1309/916 936/1308/915 964/1270/877 965/1274/881
f 938/1310/917 937/1309/916 965/1274/881 966/1278/885
f 939/1311/918 938/1310/917 966/1278/885 967/1282/889
f 940/1312/919 939/1311/918 967/1282/889 968/1286/893
f 941/1313/920 940/1312/919 968/1286/893 969/1290/897
f 942/1314/921 941/1313/920 969/1290/897 970/1294/901
f 943/1315/922 942/1314/921 970/1294/901 971/1298/905
f 944/1250/857 943/1315/922 971/1298/905 972/1302/909
f 945/1251/858 944/1250/857 972/1302/909 973/1195/804
f 946/1316/923 945/1251/858 973/1195/804 974/1194/803
f 947/1317/924 946/1316/923 974/1194/803 975/1258/865
f 948/1318/925 947/1317/924 975/1258/865 976/1264/871
f 949/1319/926 948/1318/925 976/1264/871 977/1268/875
f 950/1320/927 949/1319/926 977/1268/875 978/1272/879
f 951/1321/928 950/1320/927 978/1272/879 979/1276/883
f 952/1322/929 951/1321/928 979/1276/883 980/1280/887
f 953/1323/930 952/1322/929 980/1280/887 981/1284/891
f 954/1324/931 953/1323/930 981/1284/891 982/1288/895
f 955/1325/932 954/1324/931 982/1288/895 983/1292/899
f 956/1326/933 955/1325/932 983/1292/899 984/1296/903
f 957/1327/934 956/1326/933 984/1296/903 985/1300/907
f 958/1328/935 957/1327/934 985/1300/907 986/1304/911
f 959/1329/936 958/1328/935 986/1304/911 987/1256/863
f 960/1330/937 959/1329/936 987/1256/863 988/1255/862
f 934/1306/913 960/1330/937 988/1255/862 962/1262/869
f 1661/1331/938 1635/1332/939 992/1253/860 1016/1303/910
f 1660/1333/940 1634/1334/941 990/1192/801 1015/1301/908
f 1659/1335/942 1661/1331/938 1016/1303/910 1014/1299/906
f 1658/1336/943 1660/1333/940 1015/1301/908 1013/1297/904
f 1657/1337/944 1659/1335/942 1014/1299/906 1012/1295/902
f 1656/1338/945 1658/1336/943 1013/1297/904 1011/1293/900
f 1655/1339/946 1657/1337/944 1012/1295/902 1010/1291/898
f 1654/1340/947 1656/1338/945 1011/1293/900 1009/1289/896
f 1653/1341/948 1655/1339/946 1010/1291/898 1008/1287/894
f 1652/1342/949 1654/1340/947 1009/1289/896 1007/1285/892
f 1651/1343/950 1653/1341/948 1008/1287/894 1006/1283/890
f 1650/1344/951 1652/1342/949 1007/1285/892 1005/1281/888
f 1649/1345/952 1651/1343/950 1006/1283/890 1004/1279/886
f 1648/1346/953 1650/1344/951 1005/1281/888 1003/1277/884
f 1647/1347/954 1649/1345/952 1004/1279/886 1002/1275/882
f 1646/1348/955 1648/1346/953 1003/1277/884 1001/1273/880
f 1645/1349/956 1647/1347/954 1002/1275/882 1000/1271/878
f 1644/1350/957 1646/1348/955 1001/1273/880 999/1269/876
f 1643/1351/958 1645/1349/956 1000/1271/878 998/1267/874
f 1642/1352/959 1644/1350/957 999/1269/876 997/1265/872
f 1641/1353/960 1643/1351/958 998/1267/874 996/1263/870
f 1640/1354/961 1642/1352/959 997/1265/872 994/1260/867
f 1639/1355/962 1641/1353/960 996/1263/870 993/1257/864
f 1638/1356/963 1636/1357/964 995/1259/866 991/1254/861
f 1636/1357/964 1640/1354/961 994/1260/867 995/1259/866
f 1637/1358/965 1639/1355/962 993/1257/864 989/1193/802
f 1635/1332/939 1638/1356/963 991/1254/861 992/1253/860
f 1634/1334/941 1637/1358/965 989/1193/802 990/1192/801
f 952/1322/929 953/1323/930 1017/1252/859
f 958/1328/935 959/1329/936 1017/1252/859
f 939/1311/918 940/1312/919 1017/1252/859
f 947/1317/924 1017/1252/859 946/1316/923
f 1017/1252/859 940/1312/919 941/1313/920
f 946/1316/923 1017/1252/859 945/1251/858
f 941/1313/920 942/1314/921 1017/1252/859
f 942/1314/921 943/1315/922 1017/1252/859
f 943/1315/922 944/1250/857 1017/1252/859
f 953/1323/930 954/1324/931 1017/1252/859
f 1017/1252/859 947/1317/924 948/1318/925
f 948/1318/925 949/1319/926 1017/1252/859
f 949/1319/926 950/1320/927 1017/1252/859
f 950/1320/927 951/1321/928 1017/1252/859
f 951/1321/928 952/1322/929 1017/1252/859
f 959/1329/936 960/1330/937 1017/1252/859
f 960/1330/937 934/1306/913 1017/1252/859
f 1017/1252/859 954/1324/931 955/1325/932
f 956/1326/933 1017/1252/859 955/1325/932
f 956/1326/933 957/1327/934 1017/1252/859
f 957/1327/934 958/1328/935 1017/1252/859
f 1017/1252/859 934/1306/913 933/1305/912
f 933/1305/912 935/1307/914 1017/1252/859
f 935/1307/914 936/1308/915 1017/1252/859
f 936/1308/915 937/1309/916 1017/1252/859
f 937/1309/916 938/1310/917 1017/1252/859
f 938/1310/917 939/1311/918 1017/1252/859
f 1254/1359/966 1251/1360/967 1336/1361/968 1339/1362/969
f 1580/1363/970 1633/1364/971 1043/1365/972 1044/1366/973
f 1503/1367/974 1500/1368/975 1584/1369/976 1586/1370/977
f 1506/1371/978 1503/1367/974 1586/1370/977 1588/1372/979
f 1509/1373/980 1506/1371/978 1588/1372/979 1590/1374/981
f 1512/1375/982 1509/1373/980 1590/1374/981 1592/1376/983
f 1515/1377/984 1512/1375/982 1592/1376/983 1594/1378/985
f 1518/1379/986 1515/1377/984 1594/1378/985 1596/1380/987
f 1521/1381/988 1518/1379/986 1596/1380/987 1598/1382/989
f 1524/1383/990 1521/1381/988 1598/1382/989 1600/1384/991
f 1524/1383/990 1600/1384/991 1602/1385/992 1527/1386/993
f 1530/1387/994 1527/1386/993 1602/1385/992 1604/1388/995
f 1533/1389/996 1530/1387/994 1604/1388/995 1606/1390/997
f 1536/1391/998 1533/1389/996 1606/1390/997 1608/1392/999
f 1539/1393/1000 1536/1391/998 1608/1392/999 1610/1394/1001
f 1542/1395/1002 1539/1393/1000 1610/1394/1001 1612/1396/1003
f 1545/1397/1004 1542/1395/1002 1612/1396/1003 1614/1398/1005
f 1548/1399/1006 1545/1397/1004 1614/1398/1005 1616/1400/1007
f 1551/1401/1008 1548/1399/1006 1616/1400/1007 1618/1402/1009
f 1554/1403/1010 1551/1401/1008 1618/1402/1009 1620/1404/1011
f 1557/1405/1012 1554/1403/1010 1620/1404/1011 1622/1406/1013
f 1560/1407/1014 1557/1405/1012 1622/1406/1013 1624/1408/1015
f 1563/1409/1016 1560/1407/1014 1624/1408/1015 1626/1410/1017
f 1566/1411/1018 1563/1409/1016 1626/1410/1017 1628/1412/1019
f 1630/1413/1020 1569/1414/1021 1566/1411/1018 1628/1412/1019
f 1042/1415/1022 1631/1416/1023 1629/1417/1024 1041/1418/1025
f 1575/1419/1026 1572/1420/1027 1632/1421/1028 1581/1422/1029
f 1694/1423/849 1494/1424/1030 1498/1425/1031 1698/1426/853
f 1794/1427/837 1570/1428/1032 1573/1429/1033 1798/1430/841
f 1738/1431/839 1528/1432/1034 1531/1433/1035 1742/1434/843
f 1790/1435/833 1567/1436/1036 1570/1428/1032 1794/1427/837
f 1734/1437/835 1525/1438/1037 1528/1432/1034 1738/1431/839
f 1786/1439/829 1564/1440/1038 1567/1436/1036 1790/1435/833
f 1730/1441/831 1522/1442/1039 1525/1438/1037 1734/1437/835
f 1782/1443/825 1561/1444/1040 1564/1440/1038 1786/1439/829
f 1726/1445/827 1519/1446/1041 1522/1442/1039 1730/1441/831
f 1778/1447/821 1558/1448/1042 1561/1444/1040 1782/1443/825
f 1722/1449/823 1516/1450/1043 1519/1446/1041 1726/1445/827
f 1774/1451/817 1555/1452/1044 1558/1448/1042 1778/1447/821
f 1718/1453/819 1513/1454/1045 1516/1450/1043 1722/1449/823
f 1770/1455/813 1552/1456/1046 1555/1452/1044 1774/1451/817
f 1714/1457/815 1510/1458/1047 1513/1454/1045 1718/1453/819
f 1766/1459/809 1549/1460/1048 1552/1456/1046 1770/1455/813
f 1710/1461/811 1507/1462/1049 1510/1458/1047 1714/1457/815
f 1762/1463/742 1546/1464/1050 1549/1460/1048 1766/1459/809
f 1706/1465/806 1504/1466/1051 1507/1462/1049 1710/1461/811
f 1758/1467/741 1543/1468/1052 1546/1464/1050 1762/1463/742
f 1698/1469/853 1498/1470/1031 1501/1471/1053 1702/1472/805
f 1702/1472/805 1501/1471/1053 1504/1466/1051 1706/1465/806
f 1754/1473/855 1540/1474/1054 1543/1468/1052 1758/1467/741
f 1579/1475/1055 1580/1363/970 1044/1366/973 1045/1476/1056
f 1750/1477/851 1537/1478/1057 1540/1474/1054 1754/1473/855
f 1746/1479/847 1534/1480/1058 1537/1478/1057 1750/1477/851
f 1798/1430/841 1573/1429/1033 1576/1481/1059 1693/1482/845
f 1742/1434/843 1531/1433/1035 1534/1480/1058 1746/1479/847
f 1296/1483/1060 1293/1484/1061 1378/1485/1062 1381/1486/1063
f 1257/1487/1064 1254/1359/966 1339/1362/969 1342/1488/1065
f 1299/1489/1066 1296/1483/1060 1381/1486/1063 1384/1490/1067
f 1260/1491/1068 1257/1487/1064 1342/1488/1065 1345/1492/1069
f 1302/1493/1070 1299/1489/1066 1384/1490/1067 1387/1494/1071
f 1263/1495/1072 1260/1491/1068 1345/1492/1069 1348/1496/1073
f 1305/1497/1074 1302/1493/1070 1387/1494/1071 1390/1498/1075
f 1266/1499/1076 1263/1495/1072 1348/1496/1073 1351/1500/1077
f 1308/1501/1078 1305/1497/1074 1390/1498/1075 1393/1502/1079
f 1269/1503/1080 1266/1499/1076 1351/1500/1077 1354/1504/1081
f 1311/1505/1082 1308/1501/1078 1393/1502/1079 1396/1506/1083
f 1272/1507/1084 1269/1503/1080 1354/1504/1081 1357/1508/1085
f 1314/1509/1086 1311/1505/1082 1396/1506/1083 1399/1510/1087
f 1275/1511/1088 1272/1507/1084 1357/1508/1085 1360/1512/1089
f 1317/1513/1090 1314/1509/1086 1399/1510/1087 1402/1514/1091
f 1278/1515/1092 1275/1511/1088 1360/1512/1089 1363/1516/1093
f 1320/1517/1094 1317/1513/1090 1402/1514/1091 1405/1518/1095
f 1281/1519/1096 1278/1515/1092 1363/1516/1093 1366/1520/1097
f 1323/1521/1098 1320/1517/1094 1405/1518/1095 1408/1522/1099
f 1284/1523/1100 1281/1519/1096 1366/1520/1097 1369/1524/1101
f 1326/1525/1102 1330/1526/1103 1413/1527/1104 1411/1528/1105
f 1287/1529/1106 1284/1523/1100 1369/1524/1101 1372/1530/1107
f 1248/1531/1108 1242/1532/1109 1327/1533/1110 1333/1534/1111
f 1251/1360/967 1248/1531/1108 1333/1534/1111 1336/1361/968
f 1290/1535/1112 1287/1529/1106 1372/1530/1107 1375/1536/1113
f 1018/1537/859 1019/1538/859 1245/1539/1114 1243/1540/1115
f 1293/1484/1061 1290/1535/1112 1375/1536/1113 1378/1485/1062
f 1042/1541/859 1041/1542/859 1312/1543/1116 1315/1544/1117
f 1029/1545/859 1028/1546/859 1273/1547/1118 1276/1548/1119
f 1043/1549/859 1042/1541/859 1315/1544/1117 1318/1550/1120
f 1030/1551/859 1029/1545/859 1276/1548/1119 1279/1552/1121
f 1044/1553/859 1043/1549/859 1318/1550/1120 1321/1554/1122
f 1031/1555/859 1030/1551/859 1279/1552/1121 1282/1556/1123
f 1045/1557/859 1044/1553/859 1321/1554/1122 1324/1558/1124
f 1032/1559/859 1031/1555/859 1282/1556/1123 1285/1560/1125
f 1020/1561/859 1018/1537/859 1243/1540/1115 1249/1562/1126
f 1019/1563/859 1045/1557/859 1324/1558/1124 1245/1564/1114
f 1033/1565/859 1032/1559/859 1285/1560/1125 1288/1566/1127
f 1246/1567/1128 1323/1521/1098 1408/1522/1099 1329/1568/1129
f 1034/1569/859 1033/1565/859 1288/1566/1127 1291/1570/1130
f 1021/1571/859 1020/1561/859 1249/1562/1126 1252/1572/1131
f 1035/1573/859 1034/1569/859 1291/1570/1130 1294/1574/1132
f 1022/1575/859 1021/1571/859 1252/1572/1131 1255/1576/1133
f 1036/1577/859 1035/1573/859 1294/1574/1132 1297/1578/1134
f 1023/1579/859 1022/1575/859 1255/1576/1133 1258/1580/1135
f 1037/1581/859 1036/1577/859 1297/1578/1134 1300/1582/1136
f 1024/1583/859 1023/1579/859 1258/1580/1135 1261/1584/1137
f 1038/1585/859 1037/1581/859 1300/1582/1136 1303/1586/1138
f 1025/1587/859 1024/1583/859 1261/1584/1137 1264/1588/1139
f 1039/1589/859 1038/1585/859 1303/1586/1138 1306/1590/1140
f 1026/1591/859 1025/1587/859 1264/1588/1139 1267/1592/1141
f 1040/1593/859 1039/1589/859 1306/1590/1140 1309/1594/1142
f 1027/1595/859 1026/1591/859 1267/1592/1141 1270/1596/1143
f 1041/1542/859 1040/1593/859 1309/1594/1142 1312/1543/1116
f 1028/1546/859 1027/1595/859 1270/1596/1143 1273/1547/1118
f 1389/1597/1144 1386/1598/1145 1471/1599/1146 1474/1600/1147
f 1350/1601/1148 1347/1602/1149 1432/1603/1150 1435/1604/1151
f 1392/1605/1152 1389/1597/1144 1474/1600/1147 1477/1606/1153
f 1353/1607/1154 1350/1601/1148 1435/1604/1151 1438/1608/1155
f 1395/1609/1156 1392/1605/1152 1477/1606/1153 1480/1610/1157
f 1356/1611/1158 1353/1607/1154 1438/1608/1155 1441/1612/1159
f 1398/1613/1160 1395/1609/1156 1480/1610/1157 1483/1614/1161
f 1359/1615/1162 1356/1611/1158 1441/1612/1159 1444/1616/1163
f 1401/1617/1164 1398/1613/1160 1483/1614/1161 1486/1618/1165
f 1362/1619/1166 1359/1615/1162 1444/1616/1163 1447/1620/1167
f 1404/1621/1168 1401/1617/1164 1486/1618/1165 1489/1622/1169
f 1365/1623/1170 1362/1619/1166 1447/1620/1167 1450/1624/1171
f 1407/1625/1172 1404/1621/1168 1489/1622/1169 1492/1626/1173
f 1368/1627/1174 1365/1623/1170 1450/1624/1171 1453/1628/1175
f 1410/1629/1176 1414/1630/1177 1047/1631/1178 1046/1632/1179
f 1371/1633/1180 1368/1627/1174 1453/1628/1175 1456/1634/1181
f 1332/1635/1182 1326/1525/1102 1411/1528/1105 1417/1636/1183
f 1335/1637/1184 1332/1635/1182 1417/1636/1183 1420/1638/1185
f 1374/1639/1186 1371/1633/1180 1456/1634/1181 1459/1640/1187
f 1330/1641/1103 1407/1625/1172 1492/1626/1173 1413/1642/1104
f 1377/1643/1188 1374/1639/1186 1459/1640/1187 1462/1644/1189
f 1338/1645/1190 1335/1637/1184 1420/1638/1185 1423/1646/1191
f 1380/1647/1192 1377/1643/1188 1462/1644/1189 1465/1648/1193
f 1341/1649/1194 1338/1645/1190 1423/1646/1191 1426/1650/1195
f 1383/1651/1196 1380/1647/1192 1465/1648/1193 1468/1652/1197
f 1344/1653/1198 1341/1649/1194 1426/1650/1195 1429/1654/1199
f 1386/1598/1145 1383/1651/1196 1468/1652/1197 1471/1599/1146
f 1347/1602/1149 1344/1653/1198 1429/1654/1199 1432/1603/1150
f 1425/1655/1200 1422/1656/1201 1050/1657/1202 1051/1658/1203
f 1467/1659/1204 1464/1660/1205 1064/1661/1206 1065/1662/1207
f 1428/1663/1208 1425/1655/1200 1051/1658/1203 1052/1664/1209
f 1470/1665/1210 1467/1659/1204 1065/1662/1207 1066/1666/1211
f 1431/1667/1212 1428/1663/1208 1052/1664/1209 1053/1668/1213
f 1473/1669/1214 1470/1665/1210 1066/1666/1211 1067/1670/1215
f 1434/1671/1216 1431/1667/1212 1053/1668/1213 1054/1672/1217
f 1476/1673/1218 1473/1669/1214 1067/1670/1215 1068/1674/1219
f 1437/1675/1220 1434/1671/1216 1054/1672/1217 1055/1676/1221
f 1479/1677/1222 1476/1673/1218 1068/1674/1219 1069/1678/1223
f 1440/1679/1224 1437/1675/1220 1055/1676/1221 1056/1680/1225
f 1482/1681/1226 1479/1677/1222 1069/1678/1223 1070/1682/1227
f 1443/1683/1228 1440/1679/1224 1056/1680/1225 1057/1684/1229
f 1485/1685/1230 1482/1681/1226 1070/1682/1227 1071/1686/1231
f 1446/1687/1232 1443/1683/1228 1057/1684/1229 1058/1688/1233
f 1488/1689/1234 1485/1685/1230 1071/1686/1231 1072/1690/1235
f 1449/1691/1236 1446/1687/1232 1058/1688/1233 1059/1692/1237
f 1491/1693/1238 1488/1689/1234 1072/1690/1235 1073/1694/1239
f 1452/1695/1240 1449/1691/1236 1059/1692/1237 1060/1696/1241
f 1455/1697/1242 1452/1695/1240 1060/1696/1241 1061/1698/1243
f 1416/1699/1244 1410/1629/1176 1046/1632/1179 1048/1700/1245
f 1419/1701/1246 1416/1699/1244 1048/1700/1245 1049/1702/1247
f 1458/1703/1248 1455/1697/1242 1061/1698/1243 1062/1704/1249
f 1414/1705/1177 1491/1693/1238 1073/1694/1239 1047/1706/1178
f 1461/1707/1250 1458/1703/1248 1062/1704/1249 1063/1708/1251
f 1422/1656/1201 1419/1701/1246 1049/1702/1247 1050/1657/1202
f 1464/1660/1205 1461/1707/1250 1063/1708/1251 1064/1661/1206
f 1102/1709/1252 1103/1710/1253 1088/1711/1254 1089/1712/1255
f 1104/1713/1256 1105/1714/1257 1074/1715/1258 1076/1716/1259
f 1106/1717/1260 1102/1709/1252 1089/1712/1255 1090/1718/1261
f 1107/1719/1262 1104/1713/1256 1076/1716/1259 1077/1720/1263
f 1108/1721/1264 1106/1717/1260 1090/1718/1261 1091/1722/1265
f 1109/1723/1266 1107/1719/1262 1077/1720/1263 1078/1724/1267
f 1110/1725/1268 1108/1721/1264 1091/1722/1265 1092/1726/1269
f 1111/1727/1270 1109/1723/1266 1078/1724/1267 1079/1728/1271
f 1112/1729/1272 1110/1725/1268 1092/1726/1269 1093/1730/1273
f 1113/1731/1274 1111/1727/1270 1079/1728/1271 1080/1732/1275
f 1114/1733/1276 1112/1729/1272 1093/1730/1273 1094/1734/1277
f 1115/1735/1278 1113/1731/1274 1080/1732/1275 1081/1736/1279
f 1116/1737/1280 1114/1733/1276 1094/1734/1277 1095/1738/1281
f 1117/1739/1282 1115/1735/1278 1081/1736/1279 1082/1740/1283
f 1118/1741/1284 1116/1737/1280 1095/1738/1281 1096/1742/1285
f 1119/1743/1286 1117/1739/1282 1082/1740/1283 1083/1744/1287
f 1120/1745/1288 1118/1741/1284 1096/1742/1285 1097/1746/1289
f 1121/1747/1290 1119/1743/1286 1083/1744/1287 1084/1748/1291
f 1122/1749/1292 1120/1745/1288 1097/1746/1289 1098/1750/1293
f 1123/1751/1294 1121/1747/1290 1084/1748/1291 1085/1752/1295
f 1124/1753/1296 1122/1749/1292 1098/1750/1293 1099/1754/1297
f 1125/1755/1298 1123/1751/1294 1085/1752/1295 1086/1756/1299
f 1126/1757/1300 1124/1753/1296 1099/1754/1297 1100/1758/1301
f 1127/1759/1302 1125/1755/1298 1086/1756/1299 1087/1760/1303
f 1128/1761/1304 1126/1757/1300 1100/1758/1301 1101/1762/1305
f 1103/1710/1253 1127/1759/1302 1087/1760/1303 1088/1711/1254
f 1105/1714/1257 1129/1763/1306 1075/1764/1307 1074/1715/1258
f 1129/1763/1306 1128/1761/1304 1101/1762/1305 1075/1764/1307
f 1047/1706/1178 1073/1694/1239 1128/1765/1304 1129/1766/1306
f 1046/1632/1179 1047/1631/1178 1129/1767/1306 1105/1768/1257
f 1060/1696/1241 1059/1692/1237 1127/1769/1302 1103/1770/1253
f 1073/1694/1239 1072/1690/1235 1126/1771/1300 1128/1765/1304
f 1059/1692/1237 1058/1688/1233 1125/1772/1298 1127/1769/1302
f 1072/1690/1235 1071/1686/1231 1124/1773/1296 1126/1771/1300
f 1058/1688/1233 1057/1684/1229 1123/1774/1294 1125/1772/1298
f 1071/1686/1231 1070/1682/1227 1122/1775/1292 1124/1773/1296
f 1057/1684/1229 1056/1680/1225 1121/1776/1290 1123/1774/1294
f 1070/1682/1227 1069/1678/1223 1120/1777/1288 1122/1775/1292
f 1056/1680/1225 1055/1676/1221 1119/1778/1286 1121/1776/1290
f 1069/1678/1223 1068/1674/1219 1118/1779/1284 1120/1777/1288
f 1055/1676/1221 1054/1672/1217 1117/1780/1282 1119/1778/1286
f 1068/1674/1219 1067/1670/1215 1116/1781/1280 1118/1779/1284
f 1054/1672/1217 1053/1668/1213 1115/1782/1278 1117/1780/1282
f 1067/1670/1215 1066/1666/1211 1114/1783/1276 1116/1781/1280
f 1053/1668/1213 1052/1664/1209 1113/1784/1274 1115/1782/1278
f 1066/1666/1211 1065/1662/1207 1112/1785/1272 1114/1783/1276
f 1052/1664/1209 1051/1658/1203 1111/1786/1270 1113/1784/1274
f 1065/1662/1207 1064/1661/1206 1110/1787/1268 1112/1785/1272
f 1051/1658/1203 1050/1657/1202 1109/1788/1266 1111/1786/1270
f 1064/1661/1206 1063/1708/1251 1108/1789/1264 1110/1787/1268
f 1050/1657/1202 1049/1702/1247 1107/1790/1262 1109/1788/1266
f 1063/1708/1251 1062/1704/1249 1106/1791/1260 1108/1789/1264
f 1049/1702/1247 1048/1700/1245 1104/1792/1256 1107/1790/1262
f 1062/1704/1249 1061/1698/1243 1102/1793/1252 1106/1791/1260
f 1048/1700/1245 1046/1632/1179 1105/1768/1257 1104/1792/1256
f 1061/1698/1243 1060/1696/1241 1103/1770/1253 1102/1793/1252
f 1086/1756/1299 1207/1794/1308 1200/1795/1309 1087/1760/1303
f 1100/1758/1301 1203/1796/1310 1198/1797/1311 1101/1762/1305
f 1075/1764/1307 1189/1798/1312 1191/1799/1313 1074/1715/1258
f 1101/1762/1305 1198/1797/1311 1189/1798/1312 1075/1764/1307
f 1088/1711/1254 1195/1800/1314 1186/1801/1315 1089/1712/1255
f 1087/1760/1303 1200/1795/1309 1195/1800/1314 1088/1711/1254
f 1074/1715/1258 1191/1799/1313 1183/1802/1316 1076/1716/1259
f 1089/1712/1255 1186/1801/1315 1180/1803/1317 1090/1718/1261
f 1076/1716/1259 1183/1802/1316 1177/1804/1318 1077/1720/1263
f 1090/1718/1261 1180/1803/1317 1174/1805/1319 1091/1722/1265
f 1077/1720/1263 1177/1804/1318 1171/1806/1320 1078/1724/1267
f 1091/1722/1265 1174/1805/1319 1168/1807/1321 1092/1726/1269
f 1093/1730/1273 1162/1808/1322 1237/1809/1323 1094/1734/1277
f 1080/1732/1275 1159/1810/1324 1231/1811/1325 1081/1736/1279
f 1078/1724/1267 1171/1806/1320 1165/1812/1326 1079/1728/1271
f 1092/1726/1269 1168/1807/1321 1162/1808/1322 1093/1730/1273
f 1094/1734/1277 1237/1809/1323 1240/1813/1327 1095/1738/1281
f 1081/1736/1279 1231/1811/1325 1234/1814/1328 1082/1740/1283
f 1095/1738/1281 1240/1813/1327 1228/1815/1329 1096/1742/1285
f 1082/1740/1283 1234/1814/1328 1225/1816/1330 1083/1744/1287
f 1096/1742/1285 1228/1815/1329 1222/1817/1331 1097/1746/1289
f 1083/1744/1287 1225/1816/1330 1219/1818/1332 1084/1748/1291
f 1097/1746/1289 1222/1817/1331 1216/1819/1333 1098/1750/1293
f 1084/1748/1291 1219/1818/1332 1213/1820/1334 1085/1752/1295
f 1098/1750/1293 1216/1819/1333 1210/1821/1335 1099/1754/1297
f 1085/1752/1295 1213/1820/1334 1207/1794/1308 1086/1756/1299
f 1099/1754/1297 1210/1821/1335 1203/1796/1310 1100/1758/1301
f 1227/1822/1336 1152/1823/1337 1153/1824/1338 1221/1825/1339
f 1182/1826/1340 1132/1827/1341 1133/1828/1342 1176/1829/1343
f 1224/1830/1344 1139/1831/1345 1140/1832/1346 1218/1833/1347
f 1179/1834/1348 1146/1835/1349 1147/1836/1350 1173/1837/1351
f 1221/1825/1339 1153/1824/1338 1154/1838/1352 1215/1839/1353
f 1176/1829/1343 1133/1828/1342 1134/1840/1354 1170/1841/1355
f 1218/1833/1347 1140/1832/1346 1141/1842/1356 1212/1843/1357
f 1173/1837/1351 1147/1836/1350 1148/1844/1358 1167/1845/1359
f 1215/1839/1353 1154/1838/1352 1155/1846/1360 1209/1847/1361
f 1170/1841/1355 1134/1840/1354 1135/1848/1362 1164/1849/1363
f 1212/1843/1357 1141/1842/1356 1142/1850/1364 1206/1851/1365
f 1167/1845/1359 1148/1844/1358 1149/1852/1366 1161/1853/1367
f 1209/1847/1361 1155/1846/1360 1156/1854/1368 1204/1855/1369
f 1164/1849/1363 1135/1848/1362 1136/1856/1370 1158/1857/1371
f 1206/1851/1365 1142/1850/1364 1143/1858/1372 1201/1859/1373
f 1161/1853/1367 1149/1852/1366 1150/1860/1374 1236/1861/1375
f 1204/1855/1369 1156/1854/1368 1157/1862/1376 1197/1863/1377
f 1158/1857/1371 1136/1856/1370 1137/1864/1378 1230/1865/1379
f 1201/1859/1373 1143/1858/1372 1144/1866/1380 1194/1867/1381
f 1236/1861/1375 1150/1860/1374 1151/1868/1382 1239/1869/1383
f 1188/1870/1384 1131/1871/1385 1130/1872/1386 1192/1873/1387
f 1230/1865/1379 1137/1864/1378 1138/1874/1388 1233/1875/1389
f 1194/1867/1381 1144/1866/1380 1145/1876/1390 1185/1877/1391
f 1239/1869/1383 1151/1868/1382 1152/1823/1337 1227/1822/1336
f 1192/1873/1387 1130/1872/1386 1132/1827/1341 1182/1826/1340
f 1233/1875/1389 1138/1874/1388 1139/1831/1345 1224/1830/1344
f 1185/1877/1391 1145/1876/1390 1146/1835/1349 1179/1834/1348
f 1197/1863/1377 1157/1862/1376 1131/1871/1385 1188/1870/1384
f 1204/1855/1369 1197/1863/1377 1199/1878/1392 1205/1879/1393
f 1205/1879/1393 1199/1878/1392 1198/1797/1311 1203/1796/1310
f 1201/1859/1373 1194/1867/1381 1196/1880/1394 1202/1881/1395
f 1202/1881/1395 1196/1880/1394 1195/1800/1314 1200/1795/1309
f 1197/1863/1377 1188/1870/1384 1190/1882/1396 1199/1878/1392
f 1199/1878/1392 1190/1882/1396 1189/1798/1312 1198/1797/1311
f 1194/1867/1381 1185/1877/1391 1187/1883/1397 1196/1880/1394
f 1196/1880/1394 1187/1883/1397 1186/1801/1315 1195/1800/1314
f 1192/1873/1387 1182/1826/1340 1184/1884/1398 1193/1885/1399
f 1193/1885/1399 1184/1884/1398 1183/1802/1316 1191/1799/1313
f 1185/1877/1391 1179/1834/1348 1181/1886/1400 1187/1883/1397
f 1187/1883/1397 1181/1886/1400 1180/1803/1317 1186/1801/1315
f 1182/1826/1340 1176/1829/1343 1178/1887/1401 1184/1884/1398
f 1184/1884/1398 1178/1887/1401 1177/1804/1318 1183/1802/1316
f 1179/1834/1348 1173/1837/1351 1175/1888/1402 1181/1886/1400
f 1181/1886/1400 1175/1888/1402 1174/1805/1319 1180/1803/1317
f 1176/1829/1343 1170/1841/1355 1172/1889/1403 1178/1887/1401
f 1178/1887/1401 1172/1889/1403 1171/1806/1320 1177/1804/1318
f 1173/1837/1351 1167/1845/1359 1169/1890/1404 1175/1888/1402
f 1175/1888/1402 1169/1890/1404 1168/1807/1321 1174/1805/1319
f 1170/1841/1355 1164/1849/1363 1166/1891/1405 1172/1889/1403
f 1172/1889/1403 1166/1891/1405 1165/1812/1326 1171/1806/1320
f 1167/1845/1359 1161/1853/1367 1163/1892/1406 1169/1890/1404
f 1169/1890/1404 1163/1892/1406 1162/1808/1322 1168/1807/1321
f 1164/1849/1363 1158/1857/1371 1160/1893/1407 1166/1891/1405
f 1166/1891/1405 1160/1893/1407 1159/1810/1324 1165/1812/1326
f 1161/1853/1367 1236/1861/1375 1238/1894/1408 1163/1892/1406
f 1163/1892/1406 1238/1894/1408 1237/1809/1323 1162/1808/1322
f 1158/1857/1371 1230/1865/1379 1232/1895/1409 1160/1893/1407
f 1160/1893/1407 1232/1895/1409 1231/1811/1325 1159/1810/1324
f 1236/1861/1375 1239/1869/1383 1241/1896/1410 1238/1894/1408
f 1238/1894/1408 1241/1896/1410 1240/1813/1327 1237/1809/1323
f 1230/1865/1379 1233/1875/1389 1235/1897/1411 1232/1895/1409
f 1232/1895/1409 1235/1897/1411 1234/1814/1328 1231/1811/1325
f 1239/1869/1383 1227/1822/1336 1229/1898/1412 1241/1896/1410
f 1241/1896/1410 1229/1898/1412 1228/1815/1329 1240/1813/1327
f 1233/1875/1389 1224/1830/1344 1226/1899/1413 1235/1897/1411
f 1235/1897/1411 1226/1899/1413 1225/1816/1330 1234/1814/1328
f 1227/1822/1336 1221/1825/1339 1223/1900/1414 1229/1898/1412
f 1229/1898/1412 1223/1900/1414 1222/1817/1331 1228/1815/1329
f 1224/1830/1344 1218/1833/1347 1220/1901/1415 1226/1899/1413
f 1226/1899/1413 1220/1901/1415 1219/1818/1332 1225/1816/1330
f 1221/1825/1339 1215/1839/1353 1217/1902/1416 1223/1900/1414
f 1223/1900/1414 1217/1902/1416 1216/1819/1333 1222/1817/1331
f 1218/1833/1347 1212/1843/1357 1214/1903/1417 1220/1901/1415
f 1220/1901/1415 1214/1903/1417 1213/1820/1334 1219/1818/1332
f 1215/1839/1353 1209/1847/1361 1211/1904/1418 1217/1902/1416
f 1217/1902/1416 1211/1904/1418 1210/1821/1335 1216/1819/1333
f 1212/1843/1357 1206/1851/1365 1208/1905/1419 1214/1903/1417
f 1214/1903/1417 1208/1905/1419 1207/1794/1308 1213/1820/1334
f 1209/1847/1361 1204/1855/1369 1205/1879/1393 1211/1904/1418
f 1211/1904/1418 1205/1879/1393 1203/1796/1310 1210/1821/1335
f 1206/1851/1365 1201/1859/1373 1202/1881/1395 1208/1905/1419
f 1208/1905/1419 1202/1881/1395 1200/1795/1309 1207/1794/1308
f 1188/1870/1384 1192/1873/1387 1193/1885/1399 1190/1882/1396
f 1190/1882/1396 1193/1885/1399 1191/1799/1313 1189/1798/1312
f 1079/1728/1271 1165/1812/1326 1159/1810/1324 1080/1732/1275
f 1243/1540/1115 1245/1539/1114 1247/1906/1420 1244/1907/1421
f 1244/1908/1421 1247/1909/1420 1246/1910/1128 1242/1532/1109
f 1249/1562/1126 1243/1540/1115 1244/1907/1421 1250/1911/1422
f 1250/1912/1422 1244/1908/1421 1242/1532/1109 1248/1531/1108
f 1252/1572/1131 1249/1562/1126 1250/1911/1422 1253/1913/1423
f 1253/1914/1423 1250/1912/1422 1248/1531/1108 1251/1360/967
f 1255/1576/1133 1252/1572/1131 1253/1913/1423 1256/1915/1424
f 1256/1916/1424 1253/1914/1423 1251/1360/967 1254/1359/966
f 1258/1580/1135 1255/1576/1133 1256/1915/1424 1259/1917/1425
f 1259/1918/1425 1256/1916/1424 1254/1359/966 1257/1487/1064
f 1261/1584/1137 1258/1580/1135 1259/1917/1425 1262/1919/1426
f 1262/1920/1426 1259/1918/1425 1257/1487/1064 1260/1491/1068
f 1264/1588/1139 1261/1584/1137 1262/1919/1426 1265/1921/1427
f 1265/1922/1427 1262/1920/1426 1260/1491/1068 1263/1495/1072
f 1267/1592/1141 1264/1588/1139 1265/1921/1427 1268/1923/1428
f 1268/1924/1428 1265/1922/1427 1263/1495/1072 1266/1499/1076
f 1270/1596/1143 1267/1592/1141 1268/1923/1428 1271/1925/1429
f 1271/1926/1429 1268/1924/1428 1266/1499/1076 1269/1503/1080
f 1273/1547/1118 1270/1596/1143 1271/1925/1429 1274/1927/1430
f 1274/1928/1430 1271/1926/1429 1269/1503/1080 1272/1507/1084
f 1276/1548/1119 1273/1547/1118 1274/1927/1430 1277/1929/1431
f 1277/1930/1431 1274/1928/1430 1272/1507/1084 1275/1511/1088
f 1279/1552/1121 1276/1548/1119 1277/1929/1431 1280/1931/1432
f 1280/1932/1432 1277/1930/1431 1275/1511/1088 1278/1515/1092
f 1282/1556/1123 1279/1552/1121 1280/1931/1432 1283/1933/1433
f 1283/1934/1433 1280/1932/1432 1278/1515/1092 1281/1519/1096
f 1285/1560/1125 1282/1556/1123 1283/1933/1433 1286/1935/1434
f 1286/1936/1434 1283/1934/1433 1281/1519/1096 1284/1523/1100
f 1288/1566/1127 1285/1560/1125 1286/1935/1434 1289/1937/1435
f 1289/1938/1435 1286/1936/1434 1284/1523/1100 1287/1529/1106
f 1291/1570/1130 1288/1566/1127 1289/1937/1435 1292/1939/1436
f 1292/1940/1436 1289/1938/1435 1287/1529/1106 1290/1535/1112
f 1294/1574/1132 1291/1570/1130 1292/1939/1436 1295/1941/1437
f 1295/1942/1437 1292/1940/1436 1290/1535/1112 1293/1484/1061
f 1297/1578/1134 1294/1574/1132 1295/1941/1437 1298/1943/1438
f 1298/1944/1438 1295/1942/1437 1293/1484/1061 1296/1483/1060
f 1300/1582/1136 1297/1578/1134 1298/1943/1438 1301/1945/1439
f 1301/1946/1439 1298/1944/1438 1296/1483/1060 1299/1489/1066
f 1303/1586/1138 1300/1582/1136 1301/1945/1439 1304/1947/1440
f 1304/1948/1440 1301/1946/1439 1299/1489/1066 1302/1493/1070
f 1306/1590/1140 1303/1586/1138 1304/1947/1440 1307/1949/1441
f 1307/1950/1441 1304/1948/1440 1302/1493/1070 1305/1497/1074
f 1309/1594/1142 1306/1590/1140 1307/1949/1441 1310/1951/1442
f 1310/1952/1442 1307/1950/1441 1305/1497/1074 1308/1501/1078
f 1312/1543/1116 1309/1594/1142 1310/1951/1442 1313/1953/1443
f 1313/1954/1443 1310/1952/1442 1308/1501/1078 1311/1505/1082
f 1315/1544/1117 1312/1543/1116 1313/1953/1443 1316/1955/1444
f 1316/1956/1444 1313/1954/1443 1311/1505/1082 1314/1509/1086
f 1318/1550/1120 1315/1544/1117 1316/1955/1444 1319/1957/1445
f 1319/1958/1445 1316/1956/1444 1314/1509/1086 1317/1513/1090
f 1321/1554/1122 1318/1550/1120 1319/1957/1445 1322/1959/1446
f 1322/1960/1446 1319/1958/1445 1317/1513/1090 1320/1517/1094
f 1324/1558/1124 1321/1554/1122 1322/1959/1446 1325/1961/1447
f 1325/1962/1447 1322/1960/1446 1320/1517/1094 1323/1521/1098
f 1245/1564/1114 1324/1558/1124 1325/1961/1447 1247/1963/1420
f 1247/1964/1420 1325/1962/1447 1323/1521/1098 1246/1567/1128
f 1327/1533/1110 1329/1965/1129 1331/1966/1448 1328/1967/1449
f 1328/1968/1449 1331/1969/1448 1330/1526/1103 1326/1525/1102
f 1333/1534/1111 1327/1533/1110 1328/1967/1449 1334/1970/1450
f 1334/1971/1450 1328/1968/1449 1326/1525/1102 1332/1635/1182
f 1336/1361/968 1333/1534/1111 1334/1970/1450 1337/1972/1451
f 1337/1973/1451 1334/1971/1450 1332/1635/1182 1335/1637/1184
f 1339/1362/969 1336/1361/968 1337/1972/1451 1340/1974/1452
f 1340/1975/1452 1337/1973/1451 1335/1637/1184 1338/1645/1190
f 1342/1488/1065 1339/1362/969 1340/1974/1452 1343/1976/1453
f 1343/1977/1453 1340/1975/1452 1338/1645/1190 1341/1649/1194
f 1345/1492/1069 1342/1488/1065 1343/1976/1453 1346/1978/1454
f 1346/1979/1454 1343/1977/1453 1341/1649/1194 1344/1653/1198
f 1348/1496/1073 1345/1492/1069 1346/1978/1454 1349/1980/1455
f 1349/1981/1455 1346/1979/1454 1344/1653/1198 1347/1602/1149
f 1351/1500/1077 1348/1496/1073 1349/1980/1455 1352/1982/1456
f 1352/1983/1456 1349/1981/1455 1347/1602/1149 1350/1601/1148
f 1354/1504/1081 1351/1500/1077 1352/1982/1456 1355/1984/1457
f 1355/1985/1457 1352/1983/1456 1350/1601/1148 1353/1607/1154
f 1357/1508/1085 1354/1504/1081 1355/1984/1457 1358/1986/1458
f 1358/1987/1458 1355/1985/1457 1353/1607/1154 1356/1611/1158
f 1360/1512/1089 1357/1508/1085 1358/1986/1458 1361/1988/1459
f 1361/1989/1459 1358/1987/1458 1356/1611/1158 1359/1615/1162
f 1363/1516/1093 1360/1512/1089 1361/1988/1459 1364/1990/1460
f 1364/1991/1460 1361/1989/1459 1359/1615/1162 1362/1619/1166
f 1366/1520/1097 1363/1516/1093 1364/1990/1460 1367/1992/1461
f 1367/1993/1461 1364/1991/1460 1362/1619/1166 1365/1623/1170
f 1369/1524/1101 1366/1520/1097 1367/1992/1461 1370/1994/1462
f 1370/1995/1462 1367/1993/1461 1365/1623/1170 1368/1627/1174
f 1372/1530/1107 1369/1524/1101 1370/1994/1462 1373/1996/1463
f 1373/1997/1463 1370/1995/1462 1368/1627/1174 1371/1633/1180
f 1375/1536/1113 1372/1530/1107 1373/1996/1463 1376/1998/1464
f 1376/1999/1464 1373/1997/1463 1371/1633/1180 1374/1639/1186
f 1378/1485/1062 1375/1536/1113 1376/1998/1464 1379/2000/1465
f 1379/2001/1465 1376/1999/1464 1374/1639/1186 1377/1643/1188
f 1381/1486/1063 1378/1485/1062 1379/2000/1465 1382/2002/1466
f 1382/2003/1466 1379/2001/1465 1377/1643/1188 1380/1647/1192
f 1384/1490/1067 1381/1486/1063 1382/2002/1466 1385/2004/1467
f 1385/2005/1467 1382/2003/1466 1380/1647/1192 1383/1651/1196
f 1387/1494/1071 1384/1490/1067 1385/2004/1467 1388/2006/1468
f 1388/2007/1468 1385/2005/1467 1383/1651/1196 1386/1598/1145
f 1390/1498/1075 1387/1494/1071 1388/2006/1468 1391/2008/1469
f 1391/2009/1469 1388/2007/1468 1386/1598/1145 1389/1597/1144
f 1393/1502/1079 1390/1498/1075 1391/2008/1469 1394/2010/1470
f 1394/2011/1470 1391/2009/1469 1389/1597/1144 1392/1605/1152
f 1396/1506/1083 1393/1502/1079 1394/2010/1470 1397/2012/1471
f 1397/2013/1471 1394/2011/1470 1392/1605/1152 1395/1609/1156
f 1399/1510/1087 1396/1506/1083 1397/2012/1471 1400/2014/1472
f 1400/2015/1472 1397/2013/1471 1395/1609/1156 1398/1613/1160
f 1402/1514/1091 1399/1510/1087 1400/2014/1472 1403/2016/1473
f 1403/2017/1473 1400/2015/1472 1398/1613/1160 1401/1617/1164
f 1405/1518/1095 1402/1514/1091 1403/2016/1473 1406/2018/1474
f 1406/2019/1474 1403/2017/1473 1401/1617/1164 1404/1621/1168
f 1408/1522/1099 1405/1518/1095 1406/2018/1474 1409/2020/1475
f 1409/2021/1475 1406/2019/1474 1404/1621/1168 1407/1625/1172
f 1329/1568/1129 1408/1522/1099 1409/2020/1475 1331/2022/1448
f 1331/2023/1448 1409/2021/1475 1407/1625/1172 1330/1641/1103
f 1411/1528/1105 1413/1527/1104 1415/2024/1476 1412/2025/1477
f 1412/2026/1477 1415/2027/1476 1414/1630/1177 1410/1629/1176
f 1417/1636/1183 1411/1528/1105 1412/2025/1477 1418/2028/1478
f 1418/2029/1478 1412/2026/1477 1410/1629/1176 1416/1699/1244
f 1420/1638/1185 1417/1636/1183 1418/2028/1478 1421/2030/1479
f 1421/2031/1479 1418/2029/1478 1416/1699/1244 1419/1701/1246
f 1423/1646/1191 1420/1638/1185 1421/2030/1479 1424/2032/1480
f 1424/2033/1480 1421/2031/1479 1419/1701/1246 1422/1656/1201
f 1426/1650/1195 1423/1646/1191 1424/2032/1480 1427/2034/1481
f 1427/2035/1481 1424/2033/1480 1422/1656/1201 1425/1655/1200
f 1429/1654/1199 1426/1650/1195 1427/2034/1481 1430/2036/1482
f 1430/2037/1482 1427/2035/1481 1425/1655/1200 1428/1663/1208
f 1432/1603/1150 1429/1654/1199 1430/2036/1482 1433/2038/1483
f 1433/2039/1483 1430/2037/1482 1428/1663/1208 1431/1667/1212
f 1435/1604/1151 1432/1603/1150 1433/2038/1483 1436/2040/1484
f 1436/2041/1484 1433/2039/1483 1431/1667/1212 1434/1671/1216
f 1438/1608/1155 1435/1604/1151 1436/2040/1484 1439/2042/1485
f 1439/2043/1485 1436/2041/1484 1434/1671/1216 1437/1675/1220
f 1441/1612/1159 1438/1608/1155 1439/2042/1485 1442/2044/1486
f 1442/2045/1486 1439/2043/1485 1437/1675/1220 1440/1679/1224
f 1444/1616/1163 1441/1612/1159 1442/2044/1486 1445/2046/1487
f 1445/2047/1487 1442/2045/1486 1440/1679/1224 1443/1683/1228
f 1447/1620/1167 1444/1616/1163 1445/2046/1487 1448/2048/1488
f 1448/2049/1488 1445/2047/1487 1443/1683/1228 1446/1687/1232
f 1450/1624/1171 1447/1620/1167 1448/2048/1488 1451/2050/1489
f 1451/2051/1489 1448/2049/1488 1446/1687/1232 1449/1691/1236
f 1453/1628/1175 1450/1624/1171 1451/2050/1489 1454/2052/1490
f 1454/2053/1490 1451/2051/1489 1449/1691/1236 1452/1695/1240
f 1456/1634/1181 1453/1628/1175 1454/2052/1490 1457/2054/1491
f 1457/2055/1491 1454/2053/1490 1452/1695/1240 1455/1697/1242
f 1459/1640/1187 1456/1634/1181 1457/2054/1491 1460/2056/1492
f 1460/2057/1492 1457/2055/1491 1455/1697/1242 1458/1703/1248
f 1462/1644/1189 1459/1640/1187 1460/2056/1492 1463/2058/1493
f 1463/2059/1493 1460/2057/1492 1458/1703/1248 1461/1707/1250
f 1465/1648/1193 1462/1644/1189 1463/2058/1493 1466/2060/1494
f 1466/2061/1494 1463/2059/1493 1461/1707/1250 1464/1660/1205
f 1468/1652/1197 1465/1648/1193 1466/2060/1494 1469/2062/1495
f 1469/2063/1495 1466/2061/1494 1464/1660/1205 1467/1659/1204
f 1471/1599/1146 1468/1652/1197 1469/2062/1495 1472/2064/1496
f 1472/2065/1496 1469/2063/1495 1467/1659/1204 1470/1665/1210
f 1474/1600/1147 1471/1599/1146 1472/2064/1496 1475/2066/1497
f 1475/2067/1497 1472/2065/1496 1470/1665/1210 1473/1669/1214
f 1477/1606/1153 1474/1600/1147 1475/2066/1497 1478/2068/1498
f 1478/2069/1498 1475/2067/1497 1473/1669/1214 1476/1673/1218
f 1480/1610/1157 1477/1606/1153 1478/2068/1498 1481/2070/1499
f 1481/2071/1499 1478/2069/1498 1476/1673/1218 1479/1677/1222
f 1483/1614/1161 1480/1610/1157 1481/2070/1499 1484/2072/1500
f 1484/2073/1500 1481/2071/1499 1479/1677/1222 1482/1681/1226
f 1486/1618/1165 1483/1614/1161 1484/2072/1500 1487/2074/1501
f 1487/2075/1501 1484/2073/1500 1482/1681/1226 1485/1685/1230
f 1489/1622/1169 1486/1618/1165 1487/2074/1501 1490/2076/1502
f 1490/2077/1502 1487/2075/1501 1485/1685/1230 1488/1689/1234
f 1492/1626/1173 1489/1622/1169 1490/2076/1502 1493/2078/1503
f 1493/2079/1503 1490/2077/1502 1488/1689/1234 1491/1693/1238
f 1413/1642/1104 1492/1626/1173 1493/2078/1503 1415/2080/1476
f 1415/2081/1476 1493/2079/1503 1491/1693/1238 1414/1705/1177
f 1242/1532/1109 1246/1910/1128 1329/1965/1129 1327/1533/1110
f 1495/2082/1504 1497/2083/1505 1499/2084/1506 1496/2085/1507
f 1496/2085/1507 1499/2084/1506 1498/1425/1031 1494/1424/1030
f 1497/2086/1505 1500/1368/975 1502/2087/1508 1499/2088/1506
f 1499/2088/1506 1502/2087/1508 1501/1471/1053 1498/1470/1031
f 1500/1368/975 1503/1367/974 1505/2089/1509 1502/2087/1508
f 1502/2087/1508 1505/2089/1509 1504/1466/1051 1501/1471/1053
f 1503/1367/974 1506/1371/978 1508/2090/1510 1505/2089/1509
f 1505/2089/1509 1508/2090/1510 1507/1462/1049 1504/1466/1051
f 1506/1371/978 1509/1373/980 1511/2091/1511 1508/2090/1510
f 1508/2090/1510 1511/2091/1511 1510/1458/1047 1507/1462/1049
f 1509/1373/980 1512/1375/982 1514/2092/1512 1511/2091/1511
f 1511/2091/1511 1514/2092/1512 1513/1454/1045 1510/1458/1047
f 1512/1375/982 1515/1377/984 1517/2093/1513 1514/2092/1512
f 1514/2092/1512 1517/2093/1513 1516/1450/1043 1513/1454/1045
f 1515/1377/984 1518/1379/986 1520/2094/1514 1517/2093/1513
f 1517/2093/1513 1520/2094/1514 1519/1446/1041 1516/1450/1043
f 1518/1379/986 1521/1381/988 1523/2095/1515 1520/2094/1514
f 1520/2094/1514 1523/2095/1515 1522/1442/1039 1519/1446/1041
f 1521/1381/988 1524/1383/990 1526/2096/1516 1523/2095/1515
f 1523/2095/1515 1526/2096/1516 1525/1438/1037 1522/1442/1039
f 1524/1383/990 1527/1386/993 1529/2097/1517 1526/2096/1516
f 1526/2096/1516 1529/2097/1517 1528/1432/1034 1525/1438/1037
f 1527/1386/993 1530/1387/994 1532/2098/1518 1529/2097/1517
f 1529/2097/1517 1532/2098/1518 1531/1433/1035 1528/1432/1034
f 1530/1387/994 1533/1389/996 1535/2099/1519 1532/2098/1518
f 1532/2098/1518 1535/2099/1519 1534/1480/1058 1531/1433/1035
f 1533/1389/996 1536/1391/998 1538/2100/1520 1535/2099/1519
f 1535/2099/1519 1538/2100/1520 1537/1478/1057 1534/1480/1058
f 1536/1391/998 1539/1393/1000 1541/2101/1521 1538/2100/1520
f 1538/2100/1520 1541/2101/1521 1540/1474/1054 1537/1478/1057
f 1539/1393/1000 1542/1395/1002 1544/2102/1522 1541/2101/1521
f 1541/2101/1521 1544/2102/1522 1543/1468/1052 1540/1474/1054
f 1542/1395/1002 1545/1397/1004 1547/2103/1523 1544/2102/1522
f 1544/2102/1522 1547/2103/1523 1546/1464/1050 1543/1468/1052
f 1545/1397/1004 1548/1399/1006 1550/2104/1524 1547/2103/1523
f 1547/2103/1523 1550/2104/1524 1549/1460/1048 1546/1464/1050
f 1548/1399/1006 1551/1401/1008 1553/2105/1525 1550/2104/1524
f 1550/2104/1524 1553/2105/1525 1552/1456/1046 1549/1460/1048
f 1551/1401/1008 1554/1403/1010 1556/2106/1526 1553/2105/1525
f 1553/2105/1525 1556/2106/1526 1555/1452/1044 1552/1456/1046
f 1554/1403/1010 1557/1405/1012 1559/2107/1527 1556/2106/1526
f 1556/2106/1526 1559/2107/1527 1558/1448/1042 1555/1452/1044
f 1557/1405/1012 1560/1407/1014 1562/2108/1528 1559/2107/1527
f 1559/2107/1527 1562/2108/1528 1561/1444/1040 1558/1448/1042
f 1560/1407/1014 1563/1409/1016 1565/2109/1529 1562/2108/1528
f 1562/2108/1528 1565/2109/1529 1564/1440/1038 1561/1444/1040
f 1563/1409/1016 1566/1411/1018 1568/2110/1530 1565/2109/1529
f 1565/2109/1529 1568/2110/1530 1567/1436/1036 1564/1440/1038
f 1566/1411/1018 1569/1414/1021 1571/2111/1531 1568/2110/1530
f 1568/2110/1530 1571/2111/1531 1570/1428/1032 1567/1436/1036
f 1569/1414/1021 1572/1420/1027 1574/2112/1532 1571/2111/1531
f 1571/2111/1531 1574/2112/1532 1573/1429/1033 1570/1428/1032
f 1572/1420/1027 1575/1419/1026 1577/2113/1533 1574/2112/1532
f 1574/2112/1532 1577/2113/1533 1576/1481/1059 1573/1429/1033
f 1575/1419/1026 1495/2082/1504 1496/2085/1507 1577/2113/1533
f 1577/2113/1533 1496/2085/1507 1494/1424/1030 1576/1481/1059
f 1693/1482/845 1576/1481/1059 1494/1424/1030 1694/1423/849
f 1583/2114/1534 1497/2083/1505 1495/2082/1504 1578/2115/1535
f 1500/1368/975 1497/2086/1505 1583/2116/1534 1584/1369/976
f 1633/1364/971 1631/1416/1023 1042/1415/1022 1043/1365/972
f 1572/1420/1027 1569/1414/1021 1630/1413/1020 1632/1421/1028
f 1629/1417/1024 1627/2117/1536 1040/2118/1537 1041/1418/1025
f 1627/2117/1536 1625/2119/1538 1039/2120/1539 1040/2118/1537
f 1625/2119/1538 1623/2121/1540 1038/2122/1541 1039/2120/1539
f 1623/2121/1540 1621/2123/1542 1037/2124/1543 1038/2122/1541
f 1621/2123/1542 1619/2125/1544 1036/2126/1545 1037/2124/1543
f 1619/2125/1544 1617/2127/1546 1035/2128/1547 1036/2126/1545
f 1617/2127/1546 1615/2129/1548 1034/2130/1549 1035/2128/1547
f 1615/2129/1548 1613/2131/1550 1033/2132/1551 1034/2130/1549
f 1613/2131/1550 1611/2133/1552 1032/2134/1553 1033/2132/1551
f 1611/2133/1552 1609/2135/1554 1031/2136/1555 1032/2134/1553
f 1609/2135/1554 1607/2137/1556 1030/2138/1557 1031/2136/1555
f 1607/2137/1556 1605/2139/1558 1029/2140/1559 1030/2138/1557
f 1605/2139/1558 1603/2141/1560 1028/2142/1561 1029/2140/1559
f 1601/2143/1562 1027/2144/1563 1028/2142/1561 1603/2141/1560
f 1601/2143/1562 1599/2145/1564 1026/2146/1565 1027/2144/1563
f 1599/2145/1564 1597/2147/1566 1025/2148/1567 1026/2146/1565
f 1597/2147/1566 1595/2149/1568 1024/2150/1569 1025/2148/1567
f 1595/2149/1568 1593/2151/1570 1023/2152/1571 1024/2150/1569
f 1593/2151/1570 1591/2153/1572 1022/2154/1573 1023/2152/1571
f 1591/2153/1572 1589/2155/1574 1021/2156/1575 1022/2154/1573
f 1589/2155/1574 1587/2157/1576 1020/2158/1577 1021/2156/1575
f 1587/2157/1576 1585/2159/1578 1018/2160/1579 1020/2158/1577
f 1585/2159/1578 1582/2161/1580 1019/2162/1581 1018/2160/1579
f 1019/2163/1581 1582/2164/1580 1579/1475/1055 1045/1476/1056
f 1583/2114/1534 1578/2115/1535 1579/1475/1055 1582/2164/1580
f 1633/1364/971 1580/1363/970 1581/1422/1029 1632/1421/1028
f 1631/1416/1023 1633/1364/971 1632/1421/1028 1630/1413/1020
f 1630/1413/1020 1628/1412/1019 1629/1417/1024 1631/1416/1023
f 1627/2117/1536 1629/1417/1024 1628/1412/1019 1626/1410/1017
f 1625/2119/1538 1627/2117/1536 1626/1410/1017 1624/1408/1015
f 1623/2121/1540 1625/2119/1538 1624/1408/1015 1622/1406/1013
f 1621/2123/1542 1623/2121/1540 1622/1406/1013 1620/1404/1011
f 1619/2125/1544 1621/2123/1542 1620/1404/1011 1618/1402/1009
f 1617/2127/1546 1619/2125/1544 1618/1402/1009 1616/1400/1007
f 1615/2129/1548 1617/2127/1546 1616/1400/1007 1614/1398/1005
f 1613/2131/1550 1615/2129/1548 1614/1398/1005 1612/1396/1003
f 1611/2133/1552 1613/2131/1550 1612/1396/1003 1610/1394/1001
f 1609/2135/1554 1611/2133/1552 1610/1394/1001 1608/1392/999
f 1607/2137/1556 1609/2135/1554 1608/1392/999 1606/1390/997
f 1605/2139/1558 1607/2137/1556 1606/1390/997 1604/1388/995
f 1603/2141/1560 1605/2139/1558 1604/1388/995 1602/1385/992
f 1601/2143/1562 1603/2141/1560 1602/1385/992 1600/1384/991
f 1599/2145/1564 1601/2143/1562 1600/1384/991 1598/1382/989
f 1597/2147/1566 1599/2145/1564 1598/1382/989 1596/1380/987
f 1595/2149/1568 1597/2147/1566 1596/1380/987 1594/1378/985
f 1593/2151/1570 1595/2149/1568 1594/1378/985 1592/1376/983
f 1591/2153/1572 1593/2151/1570 1592/1376/983 1590/1374/981
f 1589/2155/1574 1591/2153/1572 1590/1374/981 1588/1372/979
f 1587/2157/1576 1589/2155/1574 1588/1372/979 1586/1370/977
f 1585/2159/1578 1587/2157/1576 1586/1370/977 1584/1369/976
f 1582/2161/1580 1585/2159/1578 1584/1369/976 1583/2116/1534
f 1580/1363/970 1579/1475/1055 1578/2115/1535 1581/1422/1029
f 1495/2082/1504 1575/1419/1026 1581/1422/1029 1578/2115/1535
f 917/2165/846 918/2166/850 1637/1358/965 1634/1334/941
f 931/2167/848 932/2168/852 1638/1356/963 1635/1332/939
f 918/2166/850 919/2169/854 1639/1355/962 1637/1358/965
f 906/2170/856 905/2171/744 1640/1354/961 1636/1357/964
f 932/2168/852 906/2170/856 1636/1357/964 1638/1356/963
f 919/2169/854 920/2172/808 1641/1353/960 1639/1355/962
f 905/2171/744 907/2173/743 1642/1352/959 1640/1354/961
f 920/2172/808 921/2174/807 1643/1351/958 1641/1353/960
f 907/2173/743 908/2175/810 1644/1350/957 1642/1352/959
f 921/2174/807 922/2176/812 1645/1349/956 1643/1351/958
f 908/2175/810 909/2177/814 1646/1348/955 1644/1350/957
f 922/2176/812 923/2178/816 1647/1347/954 1645/1349/956
f 909/2177/814 910/2179/818 1648/1346/953 1646/1348/955
f 923/2178/816 924/2180/820 1649/1345/952 1647/1347/954
f 910/2179/818 911/2181/822 1650/1344/951 1648/1346/953
f 924/2180/820 925/2182/824 1651/1343/950 1649/1345/952
f 911/2181/822 912/2183/826 1652/1342/949 1650/1344/951
f 925/2182/824 926/2184/828 1653/1341/948 1651/1343/950
f 912/2183/826 913/2185/830 1654/1340/947 1652/1342/949
f 926/2184/828 927/2186/832 1655/1339/946 1653/1341/948
f 913/2185/830 914/2187/834 1656/1338/945 1654/1340/947
f 927/2186/832 928/2188/836 1657/1337/944 1655/1339/946
f 914/2187/834 915/2189/838 1658/1336/943 1656/1338/945
f 928/2188/836 929/2190/840 1659/1335/942 1657/1337/944
f 915/2189/838 916/2191/842 1660/1333/940 1658/1336/943
f 929/2190/840 930/2192/844 1661/1331/938 1659/1335/942
f 916/2191/842 917/2165/846 1634/1334/941 1660/1333/940
f 930/2192/844 931/2167/848 1635/1332/939 1661/1331/938
f 724/2193/787 727/2194/788 1665/1196/805 1688/1244/853
f 763/2195/800 681/2196/774 1689/1248/855 1687/1242/851
f 681/2197/774 685/2198/773 1663/1130/741 1689/1246/855
f 721/2199/786 724/2193/787 1688/1244/853 1686/1240/849
f 760/2200/799 763/2195/800 1687/1242/851 1685/1238/847
f 718/2201/785 721/2199/786 1686/1240/849 1684/1236/845
f 757/2202/798 760/2200/799 1685/1238/847 1683/1234/843
f 715/2203/784 718/2201/785 1684/1236/845 1682/1232/841
f 754/2204/797 757/2202/798 1683/1234/843 1681/1230/839
f 712/2205/783 715/2203/784 1682/1232/841 1680/1228/837
f 751/2206/796 754/2204/797 1681/1230/839 1679/1226/835
f 709/2207/782 712/2205/783 1680/1228/837 1678/1224/833
f 748/2208/795 751/2206/796 1679/1226/835 1677/1222/831
f 706/2209/781 709/2207/782 1678/1224/833 1676/1220/829
f 745/2210/794 748/2208/795 1677/1222/831 1675/1218/827
f 703/2211/780 706/2209/781 1676/1220/829 1674/1216/825
f 742/2212/793 745/2210/794 1675/1218/827 1673/1214/823
f 700/2213/779 703/2211/780 1674/1216/825 1672/1212/821
f 739/2214/792 742/2212/793 1673/1214/823 1671/1210/819
f 697/2215/778 700/2213/779 1672/1212/821 1670/1208/817
f 736/2216/791 739/2214/792 1671/1210/819 1669/1206/815
f 694/2217/777 697/2215/778 1670/1208/817 1668/1204/813
f 733/2218/790 736/2216/791 1669/1206/815 1667/1202/811
f 691/2219/776 694/2217/777 1668/1204/813 1666/1200/809
f 730/2220/789 733/2218/790 1667/1202/811 1664/1197/806
f 688/2221/775 691/2219/776 1666/1200/809 1662/1131/742
f 727/2194/788 730/2220/789 1664/1197/806 1665/1196/805
f 685/2198/773 688/2221/775 1662/1131/742 1663/1130/741
f 676/931/605 1690/2222/845 1697/2223/849 679/927/601
f 1690/2222/845 1691/2224/845 1696/2225/849 1697/2223/849
f 1691/2224/845 1692/2226/845 1695/2227/849 1696/2225/849
f 1692/2226/845 1693/1482/845 1694/1423/849 1695/2227/849
f 631/961/635 1745/2228/843 1749/2229/847 634/959/633
f 1745/2228/843 1744/2230/843 1748/2231/847 1749/2229/847
f 1744/2230/843 1743/2232/843 1747/2233/847 1748/2231/847
f 1743/2232/843 1742/1434/843 1746/1479/847 1747/2233/847
f 673/933/607 1801/2234/841 1690/2222/845 676/931/605
f 1801/2234/841 1800/2235/841 1691/2224/845 1690/2222/845
f 1800/2235/841 1799/2236/841 1692/2226/845 1691/2224/845
f 1799/2236/841 1798/1430/841 1693/1482/845 1692/2226/845
f 634/959/633 1749/2229/847 1753/2237/851 637/957/631
f 1749/2229/847 1748/2231/847 1752/2238/851 1753/2237/851
f 1748/2231/847 1747/2233/847 1751/2239/851 1752/2238/851
f 1747/2233/847 1746/1479/847 1750/1477/851 1751/2239/851
f 637/957/631 1753/2237/851 1757/2240/855 640/955/629
f 1753/2237/851 1752/2238/851 1756/2241/855 1757/2240/855
f 1752/2238/851 1751/2239/851 1755/2242/855 1756/2241/855
f 1751/2239/851 1750/1477/851 1754/1473/855 1755/2242/855
f 640/955/629 1757/2240/855 1761/2243/741 643/953/627
f 1757/2240/855 1756/2241/855 1760/2244/741 1761/2243/741
f 1756/2241/855 1755/2242/855 1759/2245/741 1760/2244/741
f 1755/2242/855 1754/1473/855 1758/1467/741 1759/2245/741
f 601/981/655 1705/2246/805 1709/2247/806 604/979/653
f 1705/2246/805 1704/2248/805 1708/2249/806 1709/2247/806
f 1704/2248/805 1703/2250/805 1707/2251/806 1708/2249/806
f 1703/2250/805 1702/1472/805 1706/1465/806 1707/2251/806
f 597/983/602 1701/2252/853 1705/2246/805 601/981/655
f 1701/2252/853 1700/2253/853 1704/2248/805 1705/2246/805
f 1700/2253/853 1699/2254/853 1703/2250/805 1704/2248/805
f 1699/2254/853 1698/1469/853 1702/1472/805 1703/2250/805
f 643/953/627 1761/2243/741 1765/2255/742 646/951/625
f 1761/2243/741 1760/2244/741 1764/2256/742 1765/2255/742
f 1760/2244/741 1759/2245/741 1763/2257/742 1764/2256/742
f 1759/2245/741 1758/1467/741 1762/1463/742 1763/2257/742
f 604/979/653 1709/2247/806 1713/2258/811 607/977/651
f 1709/2247/806 1708/2249/806 1712/2259/811 1713/2258/811
f 1708/2249/806 1707/2251/806 1711/2260/811 1712/2259/811
f 1707/2251/806 1706/1465/806 1710/1461/811 1711/2260/811
f 646/951/625 1765/2255/742 1769/2261/809 649/949/623
f 1765/2255/742 1764/2256/742 1768/2262/809 1769/2261/809
f 1764/2256/742 1763/2257/742 1767/2263/809 1768/2262/809
f 1763/2257/742 1762/1463/742 1766/1459/809 1767/2263/809
f 607/977/651 1713/2258/811 1717/2264/815 610/975/649
f 1713/2258/811 1712/2259/811 1716/2265/815 1717/2264/815
f 1712/2259/811 1711/2260/811 1715/2266/815 1716/2265/815
f 1711/2260/811 1710/1461/811 1714/1457/815 1715/2266/815
f 649/949/623 1769/2261/809 1773/2267/813 652/947/621
f 1769/2261/809 1768/2262/809 1772/2268/813 1773/2267/813
f 1768/2262/809 1767/2263/809 1771/2269/813 1772/2268/813
f 1767/2263/809 1766/1459/809 1770/1455/813 1771/2269/813
f 610/975/649 1717/2264/815 1721/2270/819 613/973/647
f 1717/2264/815 1716/2265/815 1720/2271/819 1721/2270/819
f 1716/2265/815 1715/2266/815 1719/2272/819 1720/2271/819
f 1715/2266/815 1714/1457/815 1718/1453/819 1719/2272/819
f 652/947/621 1773/2267/813 1777/2273/817 655/945/619
f 1773/2267/813 1772/2268/813 1776/2274/817 1777/2273/817
f 1772/2268/813 1771/2269/813 1775/2275/817 1776/2274/817
f 1771/2269/813 1770/1455/813 1774/1451/817 1775/2275/817
f 613/973/647 1721/2270/819 1725/2276/823 616/971/645
f 1721/2270/819 1720/2271/819 1724/2277/823 1725/2276/823
f 1720/2271/819 1719/2272/819 1723/2278/823 1724/2277/823
f 1719/2272/819 1718/1453/819 1722/1449/823 1723/2278/823
f 655/945/619 1777/2273/817 1781/2279/821 658/943/617
f 1777/2273/817 1776/2274/817 1780/2280/821 1781/2279/821
f 1776/2274/817 1775/2275/817 1779/2281/821 1780/2280/821
f 1775/2275/817 1774/1451/817 1778/1447/821 1779/2281/821
f 616/971/645 1725/2276/823 1729/2282/827 619/969/643
f 1725/2276/823 1724/2277/823 1728/2283/827 1729/2282/827
f 1724/2277/823 1723/2278/823 1727/2284/827 1728/2283/827
f 1723/2278/823 1722/1449/823 1726/1445/827 1727/2284/827
f 658/943/617 1781/2279/821 1785/2285/825 661/941/615
f 1781/2279/821 1780/2280/821 1784/2286/825 1785/2285/825
f 1780/2280/821 1779/2281/821 1783/2287/825 1784/2286/825
f 1779/2281/821 1778/1447/821 1782/1443/825 1783/2287/825
f 619/969/643 1729/2282/827 1733/2288/831 622/967/641
f 1729/2282/827 1728/2283/827 1732/2289/831 1733/2288/831
f 1728/2283/827 1727/2284/827 1731/2290/831 1732/2289/831
f 1727/2284/827 1726/1445/827 1730/1441/831 1731/2290/831
f 661/941/615 1785/2285/825 1789/2291/829 664/939/613
f 1785/2285/825 1784/2286/825 1788/2292/829 1789/2291/829
f 1784/2286/825 1783/2287/825 1787/2293/829 1788/2292/829
f 1783/2287/825 1782/1443/825 1786/1439/829 1787/2293/829
f 622/967/641 1733/2288/831 1737/2294/835 625/965/639
f 1733/2288/831 1732/2289/831 1736/2295/835 1737/2294/835
f 1732/2289/831 1731/2290/831 1735/2296/835 1736/2295/835
f 1731/2290/831 1730/1441/831 1734/1437/835 1735/2296/835
f 664/939/613 1789/2291/829 1793/2297/833 667/937/611
f 1789/2291/829 1788/2292/829 1792/2298/833 1793/2297/833
f 1788/2292/829 1787/2293/829 1791/2299/833 1792/2298/833
f 1787/2293/829 1786/1439/829 1790/1435/833 1791/2299/833
f 625/965/639 1737/2294/835 1741/2300/839 628/963/637
f 1737/2294/835 1736/2295/835 1740/2301/839 1741/2300/839
f 1736/2295/835 1735/2296/835 1739/2302/839 1740/2301/839
f 1735/2296/835 1734/1437/835 1738/1431/839 1739/2302/839
f 667/937/611 1793/2297/833 1797/2303/837 670/935/609
f 1793/2297/833 1792/2298/833 1796/2304/837 1797/2303/837
f 1792/2298/833 1791/2299/833 1795/2305/837 1796/2304/837
f 1791/2299/833 1790/1435/833 1794/1427/837 1795/2305/837
f 628/963/637 1741/2300/839 1745/2228/843 631/961/635
f 1741/2300/839 1740/2301/839 1744/2230/843 1745/2228/843
f 1740/2301/839 1739/2302/839 1743/2232/843 1744/2230/843
f 1739/2302/839 1738/1431/839 1742/1434/843 1743/2232/843
f 670/935/609 1797/2303/837 1801/2234/841 673/933/607
f 1797/2303/837 1796/2304/837 1800/2235/841 1801/2234/841
f 1796/2304/837 1795/2305/837 1799/2236/841 1800/2235/841
f 1795/2305/837 1794/1427/837 1798/1430/841 1799/2236/841
f 679/927/601 1697/2223/849 1701/2306/853 597/928/602
f 1697/2223/849 1696/2225/849 1700/2307/853 1701/2306/853
f 1696/2225/849 1695/2227/849 1699/2308/853 1700/2307/853
f 1695/2227/849 1694/1423/849 1698/1426/853 1699/2308/853
f 2051/2309/825 1828/2310/1582 1829/2311/1583 2055/2312/829
f 2055/2312/829 1829/2311/1583 1830/2313/1584 2047/2314/833
f 2047/2314/833 1830/2313/1584 1831/2315/1585 2056/2316/837
f 2056/2316/837 1831/2315/1585 1832/2317/1586 2048/2318/841
f 2048/2318/841 1832/2317/1586 1833/2319/1587 2057/2320/845
f 2057/2320/845 1833/2319/1587 1834/2321/1588 2049/2322/849
f 2049/2322/849 1834/2321/1588 1822/2323/1589 2050/2324/853
f 2031/2325/1590 2039/2326/1591 1867/2327/1592 1855/2328/1593
f 2052/2329/1594 1823/2330/1595 1824/2331/1596 2053/2332/809
f 2053/2332/809 1824/2331/1596 1825/2333/1597 2058/2334/813
f 2058/2334/813 1825/2333/1597 1826/2335/1598 2046/2336/817
f 2046/2336/817 1826/2335/1598 1827/2337/1599 2054/2338/821
f 2054/2338/821 1827/2337/1599 1828/2339/1582 2051/2340/825
f 1888/2341/1600 1889/2342/1601 1813/2343/1602 1803/2344/1603
f 2012/2345/1604 2009/2346/1605 1853/2347/1606 1859/2348/1607
f 2009/2346/1605 2007/2349/1608 1858/2350/1609 1853/2347/1606
f 2007/2349/1608 2024/2351/1610 1850/2352/1611 1858/2350/1609
f 2223/2353/825 2225/2354/829 2177/2355/829 2178/2356/825
f 2024/2351/1610 2022/2357/1612 1843/2358/1613 1845/2359/1614 2014/2360/1615
f 2008/2361/1616 2010/2362/1617 1861/2363/1618 1857/2364/1619
f 2010/2362/1617 2012/2345/1604 1859/2348/1607 1861/2363/1618
f 1971/2365/1620 1980/2366/1621 1922/2367/1622 1923/2368/1623
f 2011/2369/1624 2008/2361/1616 1857/2364/1619 1852/2370/1625
f 2005/2371/1626 1863/2372/1627 1836/2373/1628 1998/2374/1629
f 2032/2375/1630 1856/2376/1631 1862/2377/1632 2038/2378/1633
f 2026/2379/1634 1850/2380/1611 1856/2376/1631 2032/2375/1630
f 2034/2381/1635 1858/2382/1609 1850/2380/1611 2026/2379/1634
f 2029/2383/1636 1853/2384/1606 1858/2382/1609 2034/2381/1635
f 2035/2385/1637 1859/2386/1607 1853/2384/1606 2029/2383/1636
f 2037/2387/1638 1861/2388/1618 1859/2386/1607 2035/2385/1637
f 2033/2389/1639 1857/2390/1619 1861/2388/1618 2037/2387/1638
f 2028/2391/1640 1852/2392/1625 1857/2390/1619 2033/2389/1639
f 2031/2325/1590 1855/2328/1593 1852/2392/1625 2028/2391/1640
f 2027/2393/1641 1851/2394/1642 1854/2395/1643 2030/2396/1644
f 2036/2397/1645 1860/2398/1646 1851/2394/1642 2027/2393/1641
f 2038/2378/1633 1862/2377/1632 1860/2398/1646 2036/2397/1645
f 2007/2349/1608 2009/2346/1605 2001/2399/1647 2003/2400/1648
f 2009/2346/1605 2012/2345/1604 1999/2401/1649 2001/2399/1647
f 2012/2345/1604 2010/2362/1617 2004/2402/1650 1999/2401/1649
f 2010/2362/1617 2008/2361/1616 2002/2403/1651 2004/2402/1650
f 2008/2361/1616 2011/2369/1624 2000/2404/1652 2002/2403/1651
f 2011/2369/1624 2013/2405/1653 1998/2374/1629 2000/2404/1652
f 2025/2406/1654 1844/2407/1655 2020/2408/1656 2023/2409/1657
f 1997/2410/1658 1835/2411/1659 1866/2412/1660 2006/2413/1661
f 2006/2413/1661 1866/2412/1660 1863/2372/1627 2005/2371/1626
f 2576/2414/1662 1847/2415/1663 1806/2416/1664 2577/2417/1665
f 2569/2418/1594 1808/2419/1666 1864/2420/1667 2562/2421/1668
f 2576/2414/1662 2562/2421/1668 1864/2420/1667 1847/2415/1663
f 2084/2422/1669 1907/2423/1670 1908/2424/1671 2085/2425/1672
f 2085/2425/1672 1908/2424/1671 1909/2426/1673 2086/2427/1674
f 2086/2427/1674 1909/2426/1673 1904/2428/1675 2081/2429/1676
f 1894/2430/1677 1893/2431/1678 2077/2432/1679 2062/2433/1680
f 1891/2434/1681 2062/2433/1680 1805/2435/1682 1807/2436/1683
f 2013/2405/1653 2011/2369/1624 1852/2370/1625 1855/2437/1593
f 2043/2438/1684 2044/2439/1685 2083/2440/1686 2084/2422/1669
f 2043/2441/1684 2041/2442/1687 1868/2443/1688 2078/2444/1689
f 2083/2440/1686 1906/2445/1690 1907/2423/1670 2084/2422/1669
f 1890/2446/1691 1891/2434/1681 1807/2436/1683 1809/2447/1692
f 2041/2442/1687 2042/2448/1693 1869/2449/1694 1868/2443/1688
f 2042/2448/1693 2045/2450/1695 1849/2451/1696 1869/2449/1694
f 1889/2342/1601 1890/2446/1691 1809/2447/1692 1813/2343/1602
f 1809/2452/1692 1807/2453/1683 1873/2454/1697 1874/2455/1698
f 1807/2453/1683 1805/2456/1682 1872/2457/1699 1873/2454/1697
f 1805/2456/1682 1804/2458/1700 1871/2459/1701 1872/2457/1699
f 1803/2460/1603 1813/2461/1602 1875/2462/1702 1870/2463/1703
f 1813/2461/1602 1809/2452/1692 1874/2455/1698 1875/2462/1702
f 1901/2464/1704 1898/2465/1705 1879/2466/1706 1880/2467/1707
f 1902/2468/1708 1899/2469/859 1877/2470/1709 1878/2471/1710
f 1903/2472/1711 1900/2473/1712 1881/2474/1713 1876/2475/1714
f 1898/2465/1705 1902/2468/1708 1878/2471/1710 1879/2466/1706
f 1900/2473/1712 1901/2464/1704 1880/2467/1707 1881/2474/1713
f 1875/2476/1702 1874/2477/1698 1882/2478/1704 1887/2479/1712
f 1873/2480/1697 1872/2481/1699 1884/2482/1708 1883/2483/1705
f 1870/2484/1703 1875/2476/1702 1887/2479/1712 1886/2485/1711
f 1872/2481/1699 1871/2486/1701 1885/2487/859 1884/2482/1708
f 1874/2477/1698 1873/2480/1697 1883/2483/1705 1882/2478/1704
f 1892/2488/1715 1897/2489/1716 1889/2342/1601 1888/2341/1600
f 1895/2490/1717 1894/2430/1677 2062/2433/1680 1891/2434/1681
f 1896/2491/1718 1895/2490/1717 1891/2434/1681 1890/2446/1691
f 2062/2433/1680 2077/2432/1679 1804/2492/1700 1805/2435/1682
f 1906/2445/1690 1905/2493/1719 1893/2431/1678 1894/2430/1677
f 1897/2489/1716 1896/2491/1718 1890/2446/1691 1889/2342/1601
f 1908/2424/1671 1907/2423/1670 1895/2490/1717 1896/2491/1718
f 1909/2426/1673 1908/2424/1671 1896/2491/1718 1897/2489/1716
f 1904/2428/1675 1909/2426/1673 1897/2489/1716 1892/2488/1715
f 1887/2479/1712 1882/2478/1704 1901/2464/1704 1900/2473/1712
f 1883/2483/1705 1884/2482/1708 1902/2468/1708 1898/2465/1705
f 1886/2485/1711 1887/2479/1712 1900/2473/1712 1903/2472/1711
f 1884/2482/1708 1885/2487/859 1899/2469/859 1902/2468/1708
f 1882/2478/1704 1883/2483/1705 1898/2465/1705 1901/2464/1704
f 2082/2494/1720 1905/2493/1719 1906/2445/1690 2083/2440/1686
f 2014/2360/1615 2025/2406/1654 1862/2495/1632 1856/2496/1631
f 2024/2351/1610 2014/2360/1615 1856/2496/1631 1850/2352/1611
f 2437/2497/1721 2429/2498/1722 1993/2499/1723 2015/2500/1724
f 1918/2501/1725 1972/2502/1726 2016/2503/1727 1994/2504/1728 1919/2505/1729
f 2017/2506/1730 1920/2507/1731 1994/2504/1728 2016/2503/1727
f 1981/2508/1732 1971/2365/1620 1923/2368/1623 1996/2509/1733
f 1976/2510/827 1974/2511/1734 1917/2512/1735 1916/2513/827
f 1973/2514/819 1978/2515/823 1915/2516/823 1914/2517/819
f 1975/2518/815 1973/2514/819 1914/2517/819 1913/2519/815
f 1977/2520/1736 1975/2521/815 1913/2522/815 1912/2523/1736
f 1979/2524/1737 1977/2520/1736 1912/2523/1736 1911/2525/1738
f 1972/2502/1726 1974/2511/1734 2404/2526/831 2403/2527/1739
f 2422/2528/1711 2421/2529/1711 1983/2530/1740 1984/2531/1741
f 2426/2532/1742 2425/2533/1711 1985/2534/1743 1986/2535/1744
f 2423/2536/1711 2422/2528/1711 1984/2531/1741 1987/2537/1745
f 2427/2538/1746 2426/2532/1742 1986/2535/1744 1988/2539/1747
f 2420/2540/1748 2431/2541/1749 1989/2542/1750 1990/2543/1751
f 2424/2544/1711 2423/2536/1711 1987/2537/1745 1991/2545/1752
f 2428/2546/1753 2427/2538/1746 1988/2539/1747 1992/2547/1754
f 2429/2498/1722 2430/2548/1755 1921/2549/1756 1993/2499/1723
f 1920/2507/1731 2017/2506/1730 2015/2550/1724 1993/2551/1723
f 2421/2529/1711 2420/2540/1748 1990/2543/1751 1983/2530/1740
f 2425/2533/1711 2424/2544/1711 1991/2545/1752 1985/2534/1743
f 2430/2548/1755 2428/2546/1753 1992/2547/1754 1921/2549/1756
f 2431/2541/1749 2432/2552/1757 1995/2553/1758 1989/2542/1750
f 2432/2552/1757 2419/2554/1759 1910/2555/1760 1995/2553/1758
f 1949/2556/1761 1947/2557/1762 1941/2558/1763 1942/2559/1764
f 1946/2560/1765 1948/2561/1711 1939/2562/1714 1940/2563/1766
f 1945/2564/859 1950/2565/1767 1943/2566/1768 1944/2567/1709
f 1947/2557/1762 1946/2560/1765 1940/2563/1766 1941/2558/1763
f 1950/2565/1767 1949/2556/1761 1942/2559/1764 1943/2566/1768
f 1957/2568/855 1962/2569/855 1934/2570/1769 1933/2571/1770
f 1961/2572/855 1960/2573/855 1936/2574/1771 1935/2575/1772
f 1958/2576/855 1957/2568/855 1933/2571/1770 1938/2577/1701
f 1960/2573/855 1959/2578/855 1937/2579/1773 1936/2574/1771
f 1962/2569/855 1961/2572/855 1935/2575/1772 1934/2570/1769
f 1927/2580/855 1928/2581/855 1940/2582/1766 1939/2583/1714
f 1928/2581/855 1929/2584/855 1941/2585/1763 1940/2582/1766
f 1930/2586/855 1931/2587/855 1943/2588/1768 1942/2589/1764
f 1929/2584/855 1930/2586/855 1942/2589/1764 1941/2585/1763
f 1931/2587/855 1926/2590/855 1944/2591/1709 1943/2588/1768
f 1954/2592/1767 1956/2593/1761 1949/2556/1761 1950/2565/1767
f 1952/2594/1762 1955/2595/1765 1946/2560/1765 1947/2557/1762
f 1951/2596/859 1954/2592/1767 1950/2565/1767 1945/2564/859
f 1955/2595/1765 1953/2597/1711 1948/2561/1711 1946/2560/1765
f 1956/2593/1761 1952/2594/1762 1947/2557/1762 1949/2556/1761
f 1934/2598/1769 1935/2599/1772 1952/2594/1762 1956/2593/1761
f 1936/2600/1771 1937/2601/1773 1953/2597/1711 1955/2595/1765
f 1938/2602/1701 1933/2603/1770 1954/2592/1767 1951/2596/859
f 1935/2599/1772 1936/2600/1771 1955/2595/1765 1952/2594/1762
f 1933/2603/1770 1934/2598/1769 1956/2593/1761 1954/2592/1767
f 1965/2604/855 1968/2605/855 1961/2572/855 1962/2569/855
f 1964/2606/855 1967/2607/855 1959/2578/855 1960/2573/855
f 1963/2608/855 1966/2609/855 1957/2568/855 1958/2576/855
f 1968/2605/855 1964/2606/855 1960/2573/855 1961/2572/855
f 1966/2609/855 1965/2604/855 1962/2569/855 1957/2568/855
f 1881/2610/1713 1880/2611/1707 1965/2604/855 1966/2609/855
f 1879/2612/1706 1878/2613/1710 1964/2606/855 1968/2605/855
f 1876/2614/1714 1881/2610/1713 1966/2609/855 1963/2608/855
f 1878/2613/1710 1877/2615/1709 1967/2607/855 1964/2606/855
f 1880/2611/1707 1879/2612/1706 1968/2605/855 1965/2604/855
f 2435/2616/1711 2436/2617/1711 1925/2618/1774 1924/2619/1775
f 2433/2620/1711 2434/2621/1776 1970/2622/1777 1969/2623/1778
f 2221/2624/1779 2219/2625/1780 2405/2626/1781 2415/2627/821
f 2436/2617/1711 2433/2620/1711 1969/2623/1778 1925/2618/1774
f 1972/2502/1726 1982/2628/1782 2016/2503/1727
f 1912/2523/1736 1913/2522/815 1984/2629/1741 1983/2630/1740
f 1916/2513/827 1917/2512/1735 1986/2631/1744 1985/2632/1743
f 1913/2519/815 1914/2517/819 1987/2633/1745 1984/2634/1741
f 1917/2512/1735 1918/2501/1725 1988/2635/1747 1986/2631/1744
f 1922/2367/1622 1911/2525/1738 1990/2636/1751 1989/2637/1750
f 1914/2517/819 1915/2516/823 1991/2638/1752 1987/2633/1745
f 1918/2501/1725 1919/2505/1729 1992/2639/1754 1988/2635/1747
f 1994/2504/1728 1920/2507/1731 1993/2551/1723 1921/2640/1756
f 1911/2525/1738 1912/2523/1736 1983/2630/1740 1990/2636/1751
f 1915/2516/823 1916/2513/827 1985/2632/1743 1991/2638/1752
f 1919/2505/1729 1994/2504/1728 1921/2640/1756 1992/2639/1754
f 1923/2368/1623 1922/2367/1622 1989/2637/1750 1995/2641/1758
f 1996/2509/1733 1923/2368/1623 1995/2641/1758 1910/2642/1760
f 2592/2643/855 1926/2590/855 1931/2587/855
f 1869/2449/1694 2006/2413/1661 2005/2371/1626 1868/2443/1688
f 1849/2451/1696 1997/2410/1658 2006/2413/1661 1869/2449/1694
f 1836/2373/1628 1837/2644/1783 2000/2404/1652 1998/2374/1629
f 1837/2644/1783 1838/2645/1784 2002/2403/1651 2000/2404/1652
f 1838/2645/1784 1839/2646/1785 2004/2402/1650 2002/2403/1651
f 1839/2646/1785 1840/2647/1786 1999/2401/1649 2004/2402/1650
f 1840/2647/1786 1841/2648/1787 2001/2399/1647 1999/2401/1649
f 1841/2648/1787 1842/2649/1788 2003/2400/1648 2001/2399/1647
f 1842/2649/1788 2018/2650/1789 2022/2357/1612 2003/2400/1648
f 1868/2443/1688 2005/2371/1626 1998/2374/1629 2013/2405/1653
f 1932/2651/1790 2017/2506/1730 2016/2503/1727 1982/2628/1782
f 1932/2651/1790 1970/2652/1777 2015/2550/1724 2017/2506/1730
f 2434/2653/1776 2437/2497/1721 2015/2500/1724 1970/2654/1777
f 2024/2351/1610 2007/2349/1608 2003/2400/1648 2022/2357/1612
f 1844/2407/1655 1845/2359/1614 2021/2655/1791 2020/2408/1656
f 1845/2359/1614 1843/2358/1613 2019/2656/1792 2021/2655/1791
f 1843/2358/1613 2022/2357/1612 2018/2650/1789 2019/2656/1792
f 2025/2406/1654 2014/2360/1615 1845/2359/1614 1844/2407/1655
f 1862/2495/1632 2025/2406/1654 2023/2409/1657
f 2075/2657/1633 2038/2378/1633 2036/2397/1645 2073/2658/1645
f 2073/2658/1645 2036/2397/1645 2027/2393/1641 2064/2659/1641
f 2064/2659/1641 2027/2393/1641 2030/2396/1644 2067/2660/1644
f 2068/2661/1793 2031/2325/1590 2028/2391/1640 2065/2662/1640
f 2065/2662/1640 2028/2391/1640 2033/2389/1639 2070/2663/1639
f 2070/2663/1639 2033/2389/1639 2037/2387/1638 2074/2664/1638
f 2074/2664/1638 2037/2387/1638 2035/2385/1637 2072/2665/1637
f 2072/2665/1637 2035/2385/1637 2029/2383/1636 2066/2666/1636
f 2066/2666/1636 2029/2383/1636 2034/2381/1635 2071/2667/1635
f 2071/2667/1635 2034/2381/1635 2026/2379/1634 2063/2668/1634
f 2063/2668/1634 2026/2379/1634 2032/2375/1630 2069/2669/1630
f 2069/2669/1630 2032/2375/1630 2038/2378/1633 2075/2657/1633
f 2068/2661/1793 2076/2670/1794 2039/2326/1591 2031/2325/1590
f 1907/2423/1670 1906/2445/1690 1894/2430/1677 1895/2490/1717
f 1846/2671/1795 1848/2672/1796 2040/2673/1797 2044/2674/1685
f 1846/2671/1795 1865/2675/1798 2059/2676/1799 2060/2677/1800
f 1823/2330/1595 2052/2329/1594 2059/2676/1799 1865/2675/1798
f 1846/2671/1795 2060/2677/1800 2061/2678/1665 1848/2672/1796
f 2571/2679/821 2054/2338/821 2051/2340/825 2568/2680/825
f 2563/2681/817 2046/2336/817 2054/2338/821 2571/2679/821
f 2575/2682/813 2058/2334/813 2046/2336/817 2563/2681/817
f 2570/2683/809 2053/2332/809 2058/2334/813 2575/2682/813
f 2569/2418/1594 2052/2329/1594 2053/2332/809 2570/2683/809
f 2566/2684/849 2049/2322/849 2050/2324/853 2567/2685/853
f 2574/2686/845 2057/2320/845 2049/2322/849 2566/2684/849
f 2565/2687/841 2048/2318/841 2057/2320/845 2574/2686/845
f 2573/2688/837 2056/2316/837 2048/2318/841 2565/2687/841
f 2564/2689/833 2047/2314/833 2056/2316/837 2573/2688/837
f 2572/2690/829 2055/2312/829 2047/2314/833 2564/2689/833
f 2568/2691/825 2051/2309/825 2055/2312/829 2572/2690/829
f 1823/2692/1595 1865/2693/1798 2076/2670/1794 2068/2661/1793
f 1831/2694/1585 2069/2669/1630 2075/2657/1633 1832/2695/1586
f 1830/2696/1584 2063/2668/1634 2069/2669/1630 1831/2694/1585
f 1829/2697/1583 2071/2667/1635 2063/2668/1634 1830/2696/1584
f 1828/2698/1582 2066/2666/1636 2071/2667/1635 1829/2697/1583
f 1827/2699/1599 2072/2665/1637 2066/2666/1636 1828/2698/1582
f 1826/2700/1598 2074/2664/1638 2072/2665/1637 1827/2699/1599
f 1825/2701/1597 2070/2663/1639 2074/2664/1638 1826/2700/1598
f 1824/2702/1596 2065/2662/1640 2070/2663/1639 1825/2701/1597
f 1823/2692/1595 2068/2661/1793 2065/2662/1640 1824/2702/1596
f 1834/2703/1588 2064/2659/1641 2067/2660/1644 1822/2704/1589
f 1833/2705/1587 2073/2658/1645 2064/2659/1641 1834/2703/1588
f 1832/2695/1586 2075/2657/1633 2073/2658/1645 1833/2705/1587
f 2080/2706/1801 2079/2707/1802 2044/2708/1685 2043/2709/1684
f 2013/2405/1653 2078/2444/1689 1868/2443/1688
f 1867/2710/1592 2078/2444/1689 2013/2405/1653 1855/2437/1593
f 1846/2711/1795 2079/2707/1802 2076/2670/1794 1865/2693/1798
f 2039/2326/1591 2080/2706/1801 1867/2327/1592
f 2044/2708/1685 2079/2707/1802 1846/2711/1795
f 1867/2710/1592 2043/2441/1684 2078/2444/1689
f 1867/2327/1592 2080/2706/1801 2043/2709/1684
f 2076/2670/1794 2079/2707/1802 2080/2706/1801 2039/2326/1591
f 2041/2712/1687 2043/2438/1684 2084/2422/1669 2085/2425/1672
f 2081/2429/1676 2045/2713/1695 2042/2714/1693 2086/2427/1674
f 2040/2715/1797 2082/2494/1720 2083/2440/1686 2044/2439/1685
f 2042/2714/1693 2041/2712/1687 2085/2425/1672 2086/2427/1674
f 2291/2716/827 2295/2717/823 2109/2718/1803 2108/2719/1804
f 2295/2717/823 2288/2720/819 2110/2721/1805 2109/2718/1803
f 2288/2720/819 2296/2722/815 2111/2723/1806 2110/2721/1805
f 2296/2722/815 2289/2724/811 2112/2725/1807 2111/2723/1806
f 2289/2724/811 2297/2726/806 2113/2727/1808 2112/2725/1807
f 2297/2726/806 2290/2728/805 2114/2729/1809 2113/2727/1808
f 2290/2728/805 2050/2324/853 1822/2323/1589 2114/2729/1809
f 2274/2730/1810 2131/2731/1811 2143/2732/1812 2282/2733/1813
f 2292/2734/1814 2293/2735/843 2104/2736/1815 2103/2737/1816
f 2293/2735/843 2298/2738/839 2105/2739/1817 2104/2736/1815
f 2298/2738/839 2287/2740/835 2106/2741/1818 2105/2739/1817
f 2287/2740/835 2294/2742/831 2107/2743/1819 2106/2741/1818
f 2294/2742/831 2291/2744/827 2108/2745/1804 2107/2743/1819
f 1888/2341/1600 1803/2344/1603 2094/2746/1820 2158/2747/1821
f 2256/2748/1822 2135/2749/1823 2130/2750/1824 2253/2751/1825
f 2253/2751/1825 2130/2750/1824 2134/2752/1826 2251/2753/1827
f 2251/2753/1827 2134/2752/1826 2127/2754/1828 2268/2755/1829
f 2219/2625/1780 2221/2624/1779 2179/2756/1830 2180/2757/1831
f 2268/2755/1829 2258/2758/1832 2124/2759/1833 2122/2760/1834 2266/2761/1835
f 2252/2762/1836 2133/2763/1837 2137/2764/1838 2254/2765/1839
f 2254/2765/1839 2137/2764/1838 2135/2749/1823 2256/2748/1822
f 2184/2766/1840 2227/2767/1841 2218/2768/1842 2185/2769/1843
f 2255/2770/1844 2129/2771/1845 2133/2763/1837 2252/2762/1836
f 2249/2772/1846 2242/2773/1847 2115/2774/1848 2139/2775/1849
f 2275/2776/1850 2281/2777/1851 2138/2778/1852 2132/2779/1853
f 2270/2780/1854 2275/2776/1850 2132/2779/1853 2127/2781/1828
f 2277/2782/1855 2270/2780/1854 2127/2781/1828 2134/2783/1826
f 2273/2784/1856 2277/2782/1855 2134/2783/1826 2130/2785/1824
f 2278/2786/1857 2273/2784/1856 2130/2785/1824 2135/2787/1823
f 2280/2788/1858 2278/2786/1857 2135/2787/1823 2137/2789/1838
f 2276/2790/1859 2280/2788/1858 2137/2789/1838 2133/2791/1837
f 2272/2792/1860 2276/2790/1859 2133/2791/1837 2129/2793/1845
f 2274/2730/1810 2272/2792/1860 2129/2793/1845 2131/2731/1811
f 2271/2794/1861 2030/2396/1644 1854/2395/1643 2128/2795/1862
f 2279/2796/1863 2271/2794/1861 2128/2795/1862 2136/2797/1864
f 2281/2777/1851 2279/2796/1863 2136/2797/1864 2138/2778/1852
f 2251/2753/1827 2247/2798/1865 2245/2799/1866 2253/2751/1825
f 2253/2751/1825 2245/2799/1866 2243/2800/1867 2256/2748/1822
f 2256/2748/1822 2243/2800/1867 2248/2801/1868 2254/2765/1839
f 2254/2765/1839 2248/2801/1868 2246/2802/1869 2252/2762/1836
f 2252/2762/1836 2246/2802/1869 2244/2803/1870 2255/2770/1844
f 2255/2770/1844 2244/2803/1870 2242/2773/1847 2257/2804/1871
f 2269/2805/1872 2267/2806/1873 2264/2807/1874 2123/2808/1875
f 1997/2410/1658 2250/2809/1876 2142/2810/1877 1835/2411/1659
f 2250/2809/1876 2249/2772/1846 2139/2775/1849 2142/2810/1877
f 2591/2811/1878 2577/2417/1665 1806/2416/1664 2126/2812/1879
f 2584/2813/1814 2578/2814/1880 2140/2815/1881 2089/2816/1882
f 2591/2811/1878 2126/2812/1879 2140/2815/1881 2578/2814/1880
f 2319/2817/1883 2320/2818/1884 2171/2819/1885 2170/2820/1886
f 2320/2818/1884 2321/2821/1887 2172/2822/1888 2171/2819/1885
f 2321/2821/1887 2081/2429/1676 1904/2428/1675 2172/2822/1888
f 2161/2823/1889 2301/2824/1890 2077/2825/1679 1893/2826/1678
f 2160/2827/1891 2088/2828/1892 2087/2829/1893 2301/2824/1890
f 2257/2804/1871 2131/2830/1811 2129/2771/1845 2255/2770/1844
f 2285/2831/1894 2319/2817/1883 2318/2832/1895 2286/2833/1896
f 2285/2834/1894 2315/2835/1897 2144/2836/1898 2283/2837/1899
f 2318/2832/1895 2319/2817/1883 2170/2820/1886 2169/2838/1900
f 2159/2839/1901 2090/2840/1902 2088/2828/1892 2160/2827/1891
f 2283/2837/1899 2144/2836/1898 2145/2841/1903 2284/2842/1904
f 2284/2842/1904 2145/2841/1903 1849/2451/1696 2045/2450/1695
f 2158/2747/1821 2094/2746/1820 2090/2840/1902 2159/2839/1901
f 2090/2843/1902 2148/2844/1772 2147/2845/1769 2088/2846/1892
f 2088/2846/1892 2147/2845/1769 2146/2847/1770 2087/2848/1893
f 2087/2848/1893 2146/2847/1770 1871/2459/1701 1804/2458/1700
f 1803/2460/1603 1870/2463/1703 2149/2849/1771 2094/2850/1820
f 2094/2850/1820 2149/2849/1771 2148/2844/1772 2090/2843/1902
f 2167/2851/1762 2152/2852/1763 2151/2853/1764 2165/2854/1761
f 2168/2855/1767 2150/2856/1905 1877/2857/1709 1899/2858/859
f 1903/2472/1711 1876/2475/1714 2153/2859/1766 2166/2860/1765
f 2165/2854/1761 2151/2853/1764 2150/2856/1905 2168/2855/1767
f 2166/2860/1765 2153/2859/1766 2152/2852/1763 2167/2851/1762
f 2149/2861/1771 2157/2862/1765 2154/2863/1762 2148/2864/1772
f 2147/2865/1769 2155/2866/1761 2156/2867/1767 2146/2868/1770
f 1870/2484/1703 1886/2485/1711 2157/2862/1765 2149/2861/1771
f 2146/2868/1770 2156/2867/1767 1885/2869/859 1871/2870/1701
f 2148/2864/1772 2154/2863/1762 2155/2866/1761 2147/2865/1769
f 1892/2488/1715 1888/2341/1600 2158/2747/1821 2164/2871/1906
f 2162/2872/1907 2160/2827/1891 2301/2824/1890 2161/2823/1889
f 2163/2873/1908 2159/2839/1901 2160/2827/1891 2162/2872/1907
f 2301/2824/1890 2087/2829/1893 1804/2874/1700 2077/2825/1679
f 2169/2838/1900 2161/2823/1889 1893/2826/1678 1905/2875/1719
f 2164/2871/1906 2158/2747/1821 2159/2839/1901 2163/2873/1908
f 2171/2819/1885 2163/2873/1908 2162/2872/1907 2170/2820/1886
f 2172/2822/1888 2164/2871/1906 2163/2873/1908 2171/2819/1885
f 1904/2428/1675 1892/2488/1715 2164/2871/1906 2172/2822/1888
f 2157/2862/1765 2166/2860/1765 2167/2851/1762 2154/2863/1762
f 2155/2866/1761 2165/2854/1761 2168/2855/1767 2156/2867/1767
f 1886/2485/1711 1903/2472/1711 2166/2860/1765 2157/2862/1765
f 2156/2867/1767 2168/2855/1767 1899/2858/859 1885/2869/859
f 2154/2863/1762 2167/2851/1762 2165/2854/1761 2155/2866/1761
f 2082/2876/1720 2318/2832/1895 2169/2838/1900 1905/2875/1719
f 2258/2758/1832 2132/2877/1853 2138/2878/1852 2269/2805/1872
f 2268/2755/1829 2127/2754/1828 2132/2877/1853 2258/2758/1832
f 2454/2879/1909 2259/2880/1910 2239/2881/1911 2447/2882/1912
f 2180/2757/1831 2181/2883/1913 2240/2884/1914 2260/2885/1915 2219/2625/1780
f 2261/2886/1916 2260/2885/1915 2240/2884/1914 2182/2887/1917
f 2218/2768/1842 1981/2508/1732 1996/2509/1733 2185/2769/1843
f 2221/2624/1779 2223/2353/825 2178/2356/825 2179/2756/1830
f 2225/2354/829 2220/2888/833 2176/2889/833 2177/2355/829
f 2220/2888/833 2222/2890/837 2175/2891/837 2176/2889/833
f 2222/2892/837 2224/2893/1918 2174/2894/1918 2175/2895/837
f 2224/2893/1918 2226/2896/1919 2173/2897/1920 2174/2894/1918
f 1974/2511/1734 1976/2510/827 2407/2898/827 2404/2526/831
f 2440/2899/1711 2230/2900/1921 2229/2901/1922 2439/2902/1711
f 2444/2903/1923 2232/2904/1924 2231/2905/1925 2443/2906/1711
f 2441/2907/1711 2233/2908/1926 2230/2900/1921 2440/2899/1711
f 2445/2909/1927 2234/2910/1928 2232/2904/1924 2444/2903/1923
f 2438/2911/1929 2236/2912/1930 2235/2913/1931 2449/2914/1932
f 2442/2915/1711 2237/2916/1933 2233/2908/1926 2441/2907/1711
f 2446/2917/1934 2238/2918/1935 2234/2910/1928 2445/2909/1927
f 2447/2882/1912 2239/2881/1911 2183/2919/1936 2448/2920/1937
f 2182/2887/1917 2239/2921/1911 2259/2922/1910 2261/2886/1916
f 2439/2902/1711 2229/2901/1922 2236/2912/1930 2438/2911/1929
f 2443/2906/1711 2231/2905/1925 2237/2916/1933 2442/2915/1711
f 2448/2920/1937 2183/2919/1936 2238/2918/1935 2446/2917/1934
f 2449/2914/1932 2235/2913/1931 2241/2923/1938 2450/2924/1939
f 2450/2924/1939 2241/2923/1938 1910/2555/1760 2419/2554/1759
f 2202/2925/1705 2198/2926/1706 2197/2927/1707 2201/2928/1704
f 2200/2929/1712 2196/2930/1713 1939/2562/1714 1948/2561/1711
f 1945/2931/859 1944/2932/1709 2199/2933/1940 2203/2934/1708
f 2201/2928/1704 2197/2927/1707 2196/2930/1713 2200/2929/1712
f 2203/2934/1708 2199/2933/1940 2198/2926/1706 2202/2925/1705
f 2208/2935/855 2192/2936/1699 2193/2937/1697 2211/2938/855
f 2210/2939/855 2194/2940/1698 2195/2941/1702 2209/2942/855
f 1958/2576/855 1938/2577/1701 2192/2936/1699 2208/2935/855
f 2209/2942/855 2195/2941/1702 1937/2579/1773 1959/2578/855
f 2211/2938/855 2193/2937/1697 2194/2940/1698 2210/2939/855
f 1927/2580/855 1939/2583/1714 2196/2943/1713 2187/2944/855
f 2187/2944/855 2196/2943/1713 2197/2945/1707 2188/2946/855
f 2189/2947/855 2198/2948/1706 2199/2949/1940 2190/2950/855
f 2188/2946/855 2197/2945/1707 2198/2948/1706 2189/2947/855
f 2190/2950/855 2199/2949/1940 1944/2591/1709 1926/2590/855
f 2205/2951/1708 2203/2934/1708 2202/2925/1705 2207/2952/1705
f 2204/2953/1704 2201/2928/1704 2200/2929/1712 2206/2954/1712
f 1951/2955/859 1945/2931/859 2203/2934/1708 2205/2951/1708
f 2206/2954/1712 2200/2929/1712 1948/2561/1711 1953/2597/1711
f 2207/2952/1705 2202/2925/1705 2201/2928/1704 2204/2953/1704
f 2193/2956/1697 2207/2952/1705 2204/2953/1704 2194/2957/1698
f 2195/2958/1702 2206/2954/1712 1953/2597/1711 1937/2601/1773
f 1938/2959/1701 1951/2955/859 2205/2951/1708 2192/2960/1699
f 2194/2957/1698 2204/2953/1704 2206/2954/1712 2195/2958/1702
f 2192/2960/1699 2205/2951/1708 2207/2952/1705 2193/2956/1697
f 2213/2961/855 2211/2938/855 2210/2939/855 2215/2962/855
f 2212/2963/855 2209/2942/855 1959/2578/855 1967/2607/855
f 1963/2608/855 1958/2576/855 2208/2935/855 2214/2964/855
f 2215/2962/855 2210/2939/855 2209/2942/855 2212/2963/855
f 2214/2964/855 2208/2935/855 2211/2938/855 2213/2961/855
f 2153/2965/1766 2214/2964/855 2213/2961/855 2152/2966/1763
f 2151/2967/1764 2215/2962/855 2212/2963/855 2150/2968/1905
f 1876/2614/1714 1963/2608/855 2214/2964/855 2153/2965/1766
f 2150/2968/1905 2212/2963/855 1967/2607/855 1877/2615/1709
f 2152/2966/1763 2213/2961/855 2215/2962/855 2151/2967/1764
f 2435/2616/1711 1924/2619/1775 2186/2969/1941 2453/2970/1711
f 2451/2971/1711 2216/2972/1942 2217/2973/1943 2452/2974/1944
f 2226/2896/1919 2227/2767/1841 2184/2766/1840 2173/2897/1920
f 2453/2970/1711 2186/2969/1941 2216/2972/1942 2451/2971/1711
f 2219/2625/1780 2260/2885/1915 2228/2975/1945
f 2174/2894/1918 2229/2976/1922 2230/2977/1921 2175/2895/837
f 2178/2356/825 2231/2978/1925 2232/2979/1924 2179/2756/1830
f 2175/2891/837 2230/2980/1921 2233/2981/1926 2176/2889/833
f 2179/2756/1830 2232/2979/1924 2234/2982/1928 2180/2757/1831
f 2184/2766/1840 2235/2983/1931 2236/2984/1930 2173/2897/1920
f 2176/2889/833 2233/2981/1926 2237/2985/1933 2177/2355/829
f 2180/2757/1831 2234/2982/1928 2238/2986/1935 2181/2883/1913
f 2240/2884/1914 2183/2987/1936 2239/2921/1911 2182/2887/1917
f 2173/2897/1920 2236/2984/1930 2229/2976/1922 2174/2894/1918
f 2177/2355/829 2237/2985/1933 2231/2978/1925 2178/2356/825
f 2181/2883/1913 2238/2986/1935 2183/2987/1936 2240/2884/1914
f 2185/2769/1843 2241/2988/1938 2235/2983/1931 2184/2766/1840
f 1996/2509/1733 1910/2642/1760 2241/2988/1938 2185/2769/1843
f 2592/2643/855 2189/2947/855 2190/2950/855
f 2145/2841/1903 2144/2836/1898 2249/2772/1846 2250/2809/1876
f 1849/2451/1696 2145/2841/1903 2250/2809/1876 1997/2410/1658
f 2115/2774/1848 2242/2773/1847 2244/2803/1870 2116/2989/1946
f 2116/2989/1946 2244/2803/1870 2246/2802/1869 2117/2990/1947
f 2117/2990/1947 2246/2802/1869 2248/2801/1868 2118/2991/1948
f 2118/2991/1948 2248/2801/1868 2243/2800/1867 2119/2992/1949
f 2119/2992/1949 2243/2800/1867 2245/2799/1866 2120/2993/1950
f 2120/2993/1950 2245/2799/1866 2247/2798/1865 2121/2994/1951
f 2121/2994/1951 2247/2798/1865 2266/2761/1835 2262/2995/1952
f 2144/2836/1898 2257/2804/1871 2242/2773/1847 2249/2772/1846
f 2191/2996/1953 2228/2975/1945 2260/2885/1915 2261/2886/1916
f 2191/2996/1953 2261/2886/1916 2259/2922/1910 2217/2997/1943
f 2452/2998/1944 2217/2999/1943 2259/2880/1910 2454/2879/1909
f 2268/2755/1829 2266/2761/1835 2247/2798/1865 2251/2753/1827
f 2123/2808/1875 2264/2807/1874 2265/3000/1954 2124/2759/1833
f 2124/2759/1833 2265/3000/1954 2263/3001/1955 2122/2760/1834
f 2122/2760/1834 2263/3001/1955 2262/2995/1952 2266/2761/1835
f 2269/2805/1872 2123/2808/1875 2124/2759/1833 2258/2758/1832
f 2138/2878/1852 2267/2806/1873 2269/2805/1872
f 2313/3002/1851 2311/3003/1863 2279/2796/1863 2281/2777/1851
f 2311/3003/1863 2303/3004/1861 2271/2794/1861 2279/2796/1863
f 2303/3004/1861 2067/2660/1644 2030/2396/1644 2271/2794/1861
f 2306/3005/1956 2304/3006/1860 2272/2792/1860 2274/2730/1810
f 2304/3006/1860 2308/3007/1859 2276/2790/1859 2272/2792/1860
f 2308/3007/1859 2312/3008/1858 2280/2788/1858 2276/2790/1859
f 2312/3008/1858 2310/3009/1857 2278/2786/1857 2280/2788/1858
f 2310/3009/1857 2305/3010/1856 2273/2784/1856 2278/2786/1857
f 2305/3010/1856 2309/3011/1855 2277/2782/1855 2273/2784/1856
f 2309/3011/1855 2302/3012/1854 2270/2780/1854 2277/2782/1855
f 2302/3012/1854 2307/3013/1850 2275/2776/1850 2270/2780/1854
f 2307/3013/1850 2313/3002/1851 2281/2777/1851 2275/2776/1850
f 2306/3005/1956 2274/2730/1810 2282/2733/1813 2314/3014/1957
f 2170/2820/1886 2162/2872/1907 2161/2823/1889 2169/2838/1900
f 2125/3015/1958 2286/3016/1896 2040/2673/1797 1848/2672/1796
f 2125/3015/1958 2300/3017/1959 2299/3018/1960 2141/3019/1961
f 2103/2737/1816 2141/3019/1961 2299/3018/1960 2292/2734/1814
f 2125/3015/1958 1848/2672/1796 2061/2678/1665 2300/3017/1959
f 2586/3020/831 2583/3021/827 2291/2744/827 2294/2742/831
f 2579/3022/835 2586/3020/831 2294/2742/831 2287/2740/835
f 2590/3023/839 2579/3022/835 2287/2740/835 2298/2738/839
f 2585/3024/843 2590/3023/839 2298/2738/839 2293/2735/843
f 2584/2813/1814 2585/3024/843 2293/2735/843 2292/2734/1814
f 2582/3025/805 2567/2685/853 2050/2324/853 2290/2728/805
f 2589/3026/806 2582/3025/805 2290/2728/805 2297/2726/806
f 2581/3027/811 2589/3026/806 2297/2726/806 2289/2724/811
f 2588/3028/815 2581/3027/811 2289/2724/811 2296/2722/815
f 2580/3029/819 2588/3028/815 2296/2722/815 2288/2720/819
f 2587/3030/823 2580/3029/819 2288/2720/819 2295/2717/823
f 2583/3031/827 2587/3030/823 2295/2717/823 2291/2716/827
f 2103/3032/1816 2306/3005/1956 2314/3014/1957 2141/3033/1961
f 2111/3034/1806 2112/3035/1807 2313/3002/1851 2307/3013/1850
f 2110/3036/1805 2111/3034/1806 2307/3013/1850 2302/3012/1854
f 2109/3037/1803 2110/3036/1805 2302/3012/1854 2309/3011/1855
f 2108/3038/1804 2109/3037/1803 2309/3011/1855 2305/3010/1856
f 2107/3039/1819 2108/3038/1804 2305/3010/1856 2310/3009/1857
f 2106/3040/1818 2107/3039/1819 2310/3009/1857 2312/3008/1858
f 2105/3041/1817 2106/3040/1818 2312/3008/1858 2308/3007/1859
f 2104/3042/1815 2105/3041/1817 2308/3007/1859 2304/3006/1860
f 2103/3032/1816 2104/3042/1815 2304/3006/1860 2306/3005/1956
f 2114/3043/1809 1822/2704/1589 2067/2660/1644 2303/3004/1861
f 2113/3044/1808 2114/3043/1809 2303/3004/1861 2311/3003/1863
f 2112/3035/1807 2113/3044/1808 2311/3003/1863 2313/3002/1851
f 2317/3045/1962 2285/3046/1894 2286/3047/1896 2316/3048/1963
f 2257/2804/1871 2144/2836/1898 2315/2835/1897
f 2143/3049/1812 2131/2830/1811 2257/2804/1871 2315/2835/1897
f 2125/3050/1958 2141/3033/1961 2314/3014/1957 2316/3048/1963
f 2282/2733/1813 2143/2732/1812 2317/3045/1962
f 2286/3047/1896 2125/3050/1958 2316/3048/1963
f 2143/3049/1812 2315/2835/1897 2285/2834/1894
f 2143/2732/1812 2285/3046/1894 2317/3045/1962
f 2314/3014/1957 2282/2733/1813 2317/3045/1962 2316/3048/1963
f 2283/3051/1899 2320/2818/1884 2319/2817/1883 2285/2831/1894
f 2081/2429/1676 2321/2821/1887 2284/3052/1904 2045/2713/1695
f 2040/3053/1797 2286/2833/1896 2318/2832/1895 2082/2876/1720
f 2284/3052/1904 2321/2821/1887 2320/2818/1884 2283/3051/1899
f 2390/3054/1964 2409/3055/1965 2363/3056/1966 2360/3057/1967
f 2408/3058/1968 2394/3059/1969 2356/3060/1970 2355/3061/1971
f 2404/2526/831 2407/2898/827 2374/3062/1950 2376/3063/1949
f 2405/2626/1781 2406/3064/1972 2354/3065/1973 2368/3066/1974
f 2399/3067/851 2402/3068/847 2383/3069/1975 2385/3070/1976
f 2345/3071/1711 2350/3072/1711 2418/3073/1711
f 2403/2527/1739 2404/2526/831 2376/3063/1949 2362/3074/1977
f 2409/3055/1965 2403/2527/1739 2362/3074/1977 2363/3056/1966
f 2402/3068/847 2391/3075/1978 2361/3076/1979 2383/3069/1975
f 2406/3064/1972 2408/3058/1968 2355/3061/1971 2354/3065/1973
f 2401/3077/1980 2398/3078/1981 2370/3079/1982 2371/3080/1983
f 2392/3081/829 2417/3082/825 2381/3083/1787 2378/3084/1984
f 2397/3085/1985 2400/3086/853 2380/3087/1986 2379/3088/1987
f 2416/3089/1988 2396/3090/1989 2365/3091/1990 2364/3092/1991
f 2387/3093/855 2399/3067/851 2385/3070/1976 2359/3094/1992
f 2417/3082/825 2415/2627/821 2382/3095/1786 2381/3083/1787
f 2398/3078/1981 2386/3096/1993 2373/3097/1994 2370/3079/1982
f 2414/3098/1995 2416/3089/1988 2364/3092/1991 2366/3099/1996
f 2396/3090/1989 2397/3085/1985 2379/3088/1987 2365/3091/1990
f 2415/2627/821 2405/2626/1781 2368/3066/1974 2382/3095/1786
f 2395/3100/742 2388/3101/741 2358/3102/1997 2357/3103/1998
f 2413/3104/815 2414/3098/1995 2366/3099/1996 2367/3105/1999
f 2394/3106/1969 2395/3100/742 2357/3103/1998 2356/3107/1970
f 2400/3086/853 2412/3108/2000 2384/3109/2001 2380/3087/1986
f 2386/3096/1993 2389/3110/837 2375/3111/2002 2373/3097/1994
f 2411/3112/819 2413/3113/815 2367/3114/1999 2369/3115/2003
f 2388/3101/741 2387/3093/855 2359/3094/1992 2358/3102/1997
f 2412/3108/2000 2401/3077/1980 2371/3080/1983 2384/3109/2001
f 2389/3116/837 2393/3117/833 2377/3118/2004 2375/3119/2002
f 2410/3120/823 2411/3112/819 2369/3115/2003 2372/3121/2005
f 2391/3122/1978 2390/3054/1964 2360/3057/1967 2361/3123/1979
f 2393/3117/833 2392/3081/829 2378/3084/1984 2377/3118/2004
f 2407/2898/827 2410/3120/823 2372/3121/2005 2374/3062/1950
f 2340/3124/1711 2353/3125/1711 2354/3126/1973 2355/3127/1971
f 2341/3128/1711 2342/3129/1711 2356/3130/1970 2357/3131/1998
f 2323/3132/1711 2339/3133/1711 2358/3134/1997 2359/3135/1992
f 2339/3133/1711 2341/3128/1711 2357/3131/1998 2358/3134/1997
f 2324/3136/1711 2326/3137/1711 2361/3138/1979 2360/3139/1967
f 2328/3140/1711 2338/3141/1711 2363/3142/1966 2362/3143/1977
f 2336/3144/1711 2335/3145/1711 2364/3146/1991 2365/3147/1990
f 2335/3145/1711 2333/3148/1711 2366/3149/1996 2364/3146/1991
f 2342/3129/1711 2340/3124/1711 2355/3127/1971 2356/3130/1970
f 2333/3148/1711 2331/3150/1711 2367/3151/1999 2366/3149/1996
f 2353/3125/1711 2344/3152/1711 2368/3153/1974 2354/3126/1973
f 2331/3150/1711 2329/3154/1711 2369/3155/2003 2367/3151/1999
f 2351/3156/1711 2352/3157/1711 2371/3158/1983 2370/3159/1982
f 2329/3154/1711 2334/3160/1711 2372/3161/2005 2369/3155/2003
f 2349/3162/1711 2351/3156/1711 2370/3159/1982 2373/3163/1994
f 2334/3160/1711 2332/3164/1711 2374/3165/1950 2372/3161/2005
f 2347/3166/1711 2349/3162/1711 2373/3163/1994 2375/3167/2002
f 2332/3164/1711 2330/3168/1711 2376/3169/1949 2374/3165/1950
f 2345/3071/1711 2347/3166/1711 2375/3167/2002 2377/3170/2004
f 2330/3168/1711 2328/3140/1711 2362/3143/1977 2376/3169/1949
f 2350/3072/1711 2345/3071/1711 2377/3170/2004 2378/3171/1984
f 2337/3172/1711 2327/3173/1711 2379/3174/1987 2380/3175/1986
f 2348/3176/1711 2350/3072/1711 2378/3171/1984 2381/3177/1787
f 2327/3173/1711 2336/3144/1711 2365/3147/1990 2379/3174/1987
f 2346/3178/1711 2348/3176/1711 2381/3177/1787 2382/3179/1786
f 2338/3141/1711 2324/3136/1711 2360/3139/1967 2363/3142/1966
f 2344/3152/1711 2346/3178/1711 2382/3179/1786 2368/3153/1974
f 2326/3137/1711 2325/3180/1711 2383/3181/1975 2361/3138/1979
f 2343/3182/1711 2337/3172/1711 2380/3175/1986 2384/3183/2001
f 2322/3184/1711 2323/3132/1711 2359/3135/1992 2385/3185/1976
f 2352/3157/1711 2343/3182/1711 2384/3183/2001 2371/3158/1983
f 2325/3180/1711 2322/3184/1711 2385/3185/1976 2383/3181/1975
f 1974/2511/1734 1972/2502/1726 1918/2501/1725 1917/2512/1735
f 1976/2510/827 1978/2515/823 2410/3120/823 2407/2898/827
f 2492/3186/1978 2497/3187/1964 2390/3054/1964 2391/3122/1978
f 2220/2888/833 2225/2354/829 2392/3081/829 2393/3117/833
f 1978/2515/823 1973/2514/819 2411/3112/819 2410/3120/823
f 2222/2890/837 2220/2888/833 2393/3117/833 2389/3116/837
f 2491/3188/741 2496/3189/855 2387/3093/855 2388/3101/741
f 2218/2768/1842 2227/2767/1841 2401/3077/1980 2412/3108/2000
f 1973/2514/819 1975/2518/815 2413/3113/815 2411/3112/819
f 2224/2893/1918 2222/2892/837 2389/3110/837 2386/3096/1993
f 2493/3190/1969 2498/3191/742 2395/3100/742 2394/3106/1969
f 1981/2508/1732 2218/2768/1842 2412/3108/2000 2400/3086/853
f 2498/3191/742 2491/3188/741 2388/3101/741 2395/3100/742
f 1922/2367/1622 1980/2366/1621 1979/2524/1737 1911/2525/1738
f 1975/2521/815 1977/2520/1736 2414/3098/1995 2413/3104/815
f 1980/2366/1621 1971/2365/1620 2397/3085/1985 2396/3090/1989
f 1977/2520/1736 1979/2524/1737 2416/3089/1988 2414/3098/1995
f 2226/2896/1919 2224/2893/1918 2386/3096/1993 2398/3078/1981
f 2496/3189/855 2499/3192/851 2399/3067/851 2387/3093/855
f 2223/2353/825 2221/2624/1779 2415/2627/821 2417/3082/825
f 1979/2524/1737 1980/2366/1621 2396/3090/1989 2416/3089/1988
f 1971/2365/1620 1981/2508/1732 2400/3086/853 2397/3085/1985
f 2225/2354/829 2223/2353/825 2417/3082/825 2392/3081/829
f 2500/3193/1972 2495/3194/1968 2408/3058/1968 2406/3064/1972
f 2494/3195/847 2492/3196/1978 2391/3075/1978 2402/3068/847
f 2501/3197/1965 1972/2502/1726 2403/2527/1739 2409/3055/1965
f 2499/3192/851 2494/3195/847 2402/3068/847 2399/3067/851
f 2219/2625/1780 2500/3193/1972 2406/3064/1972 2405/2626/1781
f 2227/2767/1841 2226/2896/1919 2398/3078/1981 2401/3077/1980
f 2495/3194/1968 2493/3198/1969 2394/3059/1969 2408/3058/1968
f 2497/3187/1964 2501/3197/1965 2409/3055/1965 2390/3054/1964
f 2328/3140/1711 2330/3168/1711 2418/3073/1711
f 2346/3178/1711 2344/3152/1711 2418/3073/1711
f 2336/3144/1711 2327/3173/1711 2418/3073/1711
f 2327/3173/1711 2337/3172/1711 2418/3073/1711
f 2418/3073/1711 2332/3164/1711 2334/3160/1711
f 2334/3160/1711 2329/3154/1711 2418/3073/1711
f 2329/3154/1711 2331/3150/1711 2418/3073/1711
f 2331/3150/1711 2333/3148/1711 2418/3073/1711
f 2333/3148/1711 2335/3145/1711 2418/3073/1711
f 2335/3145/1711 2336/3144/1711 2418/3073/1711
f 2350/3072/1711 2348/3176/1711 2418/3073/1711
f 2418/3073/1711 2337/3172/1711 2343/3182/1711
f 2343/3182/1711 2352/3157/1711 2418/3073/1711
f 2352/3157/1711 2351/3156/1711 2418/3073/1711
f 2351/3156/1711 2349/3162/1711 2418/3073/1711
f 2349/3162/1711 2347/3166/1711 2418/3073/1711
f 2347/3166/1711 2345/3071/1711 2418/3073/1711
f 2332/3164/1711 2418/3073/1711 2330/3168/1711
f 2418/3073/1711 2323/3132/1711 2322/3184/1711
f 2325/3180/1711 2418/3073/1711 2322/3184/1711
f 2325/3180/1711 2326/3137/1711 2418/3073/1711
f 2326/3137/1711 2324/3136/1711 2418/3073/1711
f 2324/3136/1711 2338/3141/1711 2418/3073/1711
f 2338/3141/1711 2328/3140/1711 2418/3073/1711
f 2344/3152/1711 2353/3125/1711 2418/3073/1711
f 2353/3125/1711 2340/3124/1711 2418/3073/1711
f 2340/3124/1711 2342/3129/1711 2418/3073/1711
f 2342/3129/1711 2341/3128/1711 2418/3073/1711
f 2341/3128/1711 2339/3133/1711 2418/3073/1711
f 2339/3133/1711 2323/3132/1711 2418/3073/1711
f 2418/3073/1711 2348/3176/1711 2346/3178/1711
f 2488/3199/2006 2452/2998/1944 2454/2879/1909 2490/3200/2007
f 2489/3201/1711 2453/2970/1711 2451/2971/1711 2457/3202/1711
f 2457/3202/1711 2451/2971/1711 2452/2974/1944 2488/3203/2006
f 2456/3204/1711 2435/2616/1711 2453/2970/1711 2489/3201/1711
f 2487/3205/2008 2450/2924/1939 2419/2554/1759 2458/3206/2009
f 2486/3207/2010 2449/2914/1932 2450/2924/1939 2487/3205/2008
f 2485/3208/2011 2448/2920/1937 2446/2917/1934 2483/3209/2012
f 2480/3210/1711 2443/2906/1711 2442/2915/1711 2479/3211/1711
f 2476/3212/1711 2439/2902/1711 2438/2911/1929 2475/3213/2013
f 2484/3214/2014 2447/2882/1912 2448/2920/1937 2485/3208/2011
f 2483/3209/2012 2446/2917/1934 2445/2909/1927 2482/3215/2015
f 2479/3211/1711 2442/2915/1711 2441/2907/1711 2478/3216/1711
f 2475/3213/2013 2438/2911/1929 2449/2914/1932 2486/3207/2010
f 2482/3215/2015 2445/2909/1927 2444/2903/1923 2481/3217/2016
f 2478/3216/1711 2441/2907/1711 2440/2899/1711 2477/3218/1711
f 2481/3217/2016 2444/2903/1923 2443/2906/1711 2480/3210/1711
f 2477/3218/1711 2440/2899/1711 2439/2902/1711 2476/3212/1711
f 2490/3200/2007 2454/2879/1909 2447/2882/1912 2484/3214/2014
f 2472/3219/2017 2474/3220/2018 2437/2497/1721 2434/2653/1776
f 2473/3221/1711 2455/3222/1711 2433/2620/1711 2436/2617/1711
f 2455/3222/1711 2472/3223/2017 2434/2621/1776 2433/2620/1711
f 2456/3204/1711 2473/3221/1711 2436/2617/1711 2435/2616/1711
f 2471/3224/2019 2458/3206/2009 2419/2554/1759 2432/2552/1757
f 2470/3225/2010 2471/3224/2019 2432/2552/1757 2431/2541/1749
f 2469/3226/2020 2467/3227/2021 2428/2546/1753 2430/2548/1755
f 2464/3228/1711 2463/3229/1711 2424/2544/1711 2425/2533/1711
f 2460/3230/1711 2459/3231/2022 2420/2540/1748 2421/2529/1711
f 2468/3232/2023 2469/3226/2020 2430/2548/1755 2429/2498/1722
f 2467/3227/2021 2466/3233/2024 2427/2538/1746 2428/2546/1753
f 2463/3229/1711 2462/3234/1711 2423/2536/1711 2424/2544/1711
f 2459/3231/2022 2470/3225/2010 2431/2541/1749 2420/2540/1748
f 2466/3233/2024 2465/3235/2025 2426/2532/1742 2427/2538/1746
f 2462/3234/1711 2461/3236/1711 2422/2528/1711 2423/2536/1711
f 2465/3235/2025 2464/3228/1711 2425/2533/1711 2426/2532/1742
f 2461/3236/1711 2460/3230/1711 2421/2529/1711 2422/2528/1711
f 2474/3220/2018 2468/3232/2023 2429/2498/1722 2437/2497/1721
f 2023/3237/1657 2020/3238/1656 2468/3232/2023 2474/3220/2018
f 1838/3239/1784 1837/3240/1783 2460/3230/1711 2461/3236/1711
f 1842/3241/1788 1841/3242/1787 2464/3228/1711 2465/3235/2025
f 1839/3243/1785 1838/3239/1784 2461/3236/1711 2462/3234/1711
f 2018/3244/1789 1842/3241/1788 2465/3235/2025 2466/3233/2024
f 1836/3245/1628 1863/3246/1627 2470/3225/2010 2459/3231/2022
f 1840/3247/1786 1839/3243/1785 2462/3234/1711 2463/3229/1711
f 2019/3248/1792 2018/3244/1789 2466/3233/2024 2467/3227/2021
f 2020/3238/1656 2021/3249/1791 2469/3226/2020 2468/3232/2023
f 1837/3240/1783 1836/3245/1628 2459/3231/2022 2460/3230/1711
f 1841/3242/1787 1840/3247/1786 2463/3229/1711 2464/3228/1711
f 2021/3249/1791 2019/3248/1792 2467/3227/2021 2469/3226/2020
f 1863/3246/1627 1866/3250/1660 2471/3224/2019 2470/3225/2010
f 1866/3250/1660 1835/3251/1659 2458/3206/2009 2471/3224/2019
f 1854/3252/1643 1851/3253/1642 2473/3221/1711 2456/3204/1711
f 1860/3254/1646 1862/3255/1632 2472/3223/2017 2455/3222/1711
f 1851/3253/1642 1860/3254/1646 2455/3222/1711 2473/3221/1711
f 1862/3256/1632 2023/3237/1657 2474/3220/2018 2472/3219/2017
f 2267/3257/1873 2490/3200/2007 2484/3214/2014 2264/3258/1874
f 2117/3259/1947 2477/3218/1711 2476/3212/1711 2116/3260/1946
f 2121/3261/1951 2481/3217/2016 2480/3210/1711 2120/3262/1950
f 2118/3263/1948 2478/3216/1711 2477/3218/1711 2117/3259/1947
f 2262/3264/1952 2482/3215/2015 2481/3217/2016 2121/3261/1951
f 2115/3265/1848 2475/3213/2013 2486/3207/2010 2139/3266/1849
f 2119/3267/1949 2479/3211/1711 2478/3216/1711 2118/3263/1948
f 2263/3268/1955 2483/3209/2012 2482/3215/2015 2262/3264/1952
f 2264/3258/1874 2484/3214/2014 2485/3208/2011 2265/3269/1954
f 2116/3260/1946 2476/3212/1711 2475/3213/2013 2115/3265/1848
f 2120/3262/1950 2480/3210/1711 2479/3211/1711 2119/3267/1949
f 2265/3269/1954 2485/3208/2011 2483/3209/2012 2263/3268/1955
f 2139/3266/1849 2486/3207/2010 2487/3205/2008 2142/3270/1877
f 2142/3270/1877 2487/3205/2008 2458/3206/2009 1835/3251/1659
f 1854/3252/1643 2456/3204/1711 2489/3201/1711 2128/3271/1862
f 2136/3272/1864 2457/3202/1711 2488/3203/2006 2138/3273/1852
f 2128/3271/1862 2489/3201/1711 2457/3202/1711 2136/3272/1864
f 2138/3274/1852 2488/3199/2006 2490/3200/2007 2267/3257/1873
f 1932/2651/1790 1982/2628/1782 2501/3197/1965 2497/3187/1964
f 2191/2996/1953 2217/2997/1943 2493/3198/1969 2495/3194/1968
f 2219/2625/1780 2228/2975/1945 2500/3193/1972
f 1925/3275/1774 1969/3276/1778 2494/3195/847 2499/3192/851
f 1982/2628/1782 1972/2502/1726 2501/3197/1965
f 1969/3276/1778 1970/3277/1777 2492/3196/1978 2494/3195/847
f 2228/2975/1945 2191/2996/1953 2495/3194/1968 2500/3193/1972
f 1924/3278/1775 1925/3275/1774 2499/3192/851 2496/3189/855
f 2216/3279/1942 2186/3280/1941 2491/3188/741 2498/3191/742
f 2217/3281/1943 2216/3279/1942 2498/3191/742 2493/3190/1969
f 2186/3280/1941 1924/3278/1775 2496/3189/855 2491/3188/741
f 1970/2652/1777 1932/2651/1790 2497/3187/1964 2492/3186/1978
f 2532/3282/859 2533/3283/859 2530/3284/859 2531/3285/859
f 2534/3286/859 2535/3287/859 2505/3288/859 2504/3289/859
f 2536/3290/859 2537/3291/859 2517/3292/859 2516/3293/859
f 2538/3294/859 2539/3295/859 2508/3296/859 2507/3297/859
f 2540/3298/859 2541/3299/859 2518/3300/859 2519/3301/859
f 2533/3283/859 2542/3302/859 2503/3303/859 2530/3284/859
f 2543/3304/859 2544/3305/859 2512/3306/859 2511/3307/859
f 2542/3302/859 2536/3290/859 2516/3293/859 2503/3303/859
f 2545/3308/859 2546/3309/859 2521/3310/859 2522/3311/859
f 2547/3312/859 2540/3298/859 2519/3301/859 2520/3313/859
f 2548/3314/859 2549/3315/859 2514/3316/859 2513/3317/859
f 2535/3287/859 2550/3318/859 2506/3319/859 2505/3288/859
f 2551/3320/859 2552/3321/859 2525/3322/859 2526/3323/859
f 2553/3324/859 2554/3325/859 2510/3326/859 2509/3327/859
f 2541/3299/859 2532/3282/859 2531/3285/859 2518/3300/859
f 2555/3328/859 2556/3329/859 2527/3330/859 2528/3331/859
f 2557/3332/859 2558/3333/859 2502/3334/859 2515/3335/859
f 2559/3336/859 2545/3308/859 2522/3311/859 2523/3337/859
f 2537/3291/859 2534/3286/859 2504/3289/859 2517/3292/859
f 2560/3338/859 2559/3336/859 2523/3337/859 2524/3339/859
f 2539/3295/859 2553/3324/859 2509/3327/859 2508/3296/859
f 2546/3309/859 2547/3312/859 2520/3313/859 2521/3310/859
f 2552/3321/859 2560/3338/859 2524/3339/859 2525/3322/859
f 2550/3318/859 2538/3294/859 2507/3297/859 2506/3319/859
f 2554/3325/859 2543/3304/859 2511/3307/859 2510/3326/859
f 2558/3333/859 2561/3340/859 2529/3341/859 2502/3334/859
f 2561/3340/859 2555/3328/859 2528/3331/859 2529/3341/859
f 2556/3329/859 2551/3320/859 2526/3323/859 2527/3330/859
f 2549/3315/859 2557/3332/859 2515/3335/859 2514/3316/859
f 2544/3305/859 2548/3314/859 2513/3317/859 2512/3306/859
f 1818/3342/2026 1819/3343/2027 2548/3314/859 2544/3305/859
f 1820/3344/2028 1821/3345/2029 2557/3332/859 2549/3315/859
f 2100/3346/2030 2099/3347/2031 2551/3320/859 2556/3329/859
f 2102/3348/2032 2101/3349/2033 2555/3328/859 2561/3340/859
f 1802/3350/2034 2102/3348/2032 2561/3340/859 2558/3333/859
f 1816/3351/2035 1817/3352/2036 2543/3304/859 2554/3325/859
f 1811/3353/2037 1812/3354/2038 2538/3294/859 2550/3318/859
f 2098/3355/2039 2097/3356/2040 2560/3338/859 2552/3321/859
f 2093/3357/2041 2092/3358/2042 2547/3312/859 2546/3309/859
f 1814/3359/2043 1815/3360/2044 2553/3324/859 2539/3295/859
f 2097/3356/2040 2096/3361/2045 2559/3336/859 2560/3338/859
f 1864/3362/1667 1808/3363/1666 2534/3286/859 2537/3291/859
f 2096/3361/2045 2095/3364/2046 2545/3308/859 2559/3336/859
f 1821/3345/2029 1802/3350/2034 2558/3333/859 2557/3332/859
f 2101/3349/2033 2100/3346/2030 2556/3329/859 2555/3328/859
f 2089/3365/1882 2140/3366/1881 2532/3282/859 2541/3299/859
f 1815/3360/2044 1816/3351/2035 2554/3325/859 2553/3324/859
f 2099/3347/2031 2098/3355/2039 2552/3321/859 2551/3320/859
f 1810/3367/2047 1811/3353/2037 2550/3318/859 2535/3287/859
f 1819/3343/2027 1820/3344/2028 2549/3315/859 2548/3314/859
f 2092/3358/2042 2091/3368/2048 2540/3298/859 2547/3312/859
f 2095/3364/2046 2093/3357/2041 2546/3309/859 2545/3308/859
f 1806/3369/1664 1847/3370/1663 2536/3290/859 2542/3302/859
f 1817/3352/2036 1818/3342/2026 2544/3305/859 2543/3304/859
f 2126/3371/1879 1806/3369/1664 2542/3302/859 2533/3283/859
f 2091/3368/2048 2089/3365/1882 2541/3299/859 2540/3298/859
f 1812/3354/2038 1814/3359/2043 2539/3295/859 2538/3294/859
f 1847/3370/1663 1864/3362/1667 2537/3291/859 2536/3290/859
f 1808/3363/1666 1810/3367/2047 2535/3287/859 2534/3286/859
f 2140/3366/1881 2126/3371/1879 2533/3283/859 2532/3282/859
f 2096/3372/2045 2097/3373/2040 2587/3030/823 2583/3031/827
f 2097/3373/2040 2098/3374/2039 2580/3029/819 2587/3030/823
f 2098/3374/2039 2099/3375/2031 2588/3028/815 2580/3029/819
f 2099/3375/2031 2100/3376/2030 2581/3027/811 2588/3028/815
f 2100/3376/2030 2101/3377/2033 2589/3026/806 2581/3027/811
f 2101/3377/2033 2102/3378/2032 2582/3025/805 2589/3026/806
f 2102/3378/2032 1802/3379/2034 2567/2685/853 2582/3025/805
f 2089/2816/1882 2091/3380/2048 2585/3024/843 2584/2813/1814
f 2091/3380/2048 2092/3381/2042 2590/3023/839 2585/3024/843
f 2092/3381/2042 2093/3382/2041 2579/3022/835 2590/3023/839
f 2093/3382/2041 2095/3383/2046 2586/3020/831 2579/3022/835
f 2095/3383/2046 2096/3384/2045 2583/3021/827 2586/3020/831
f 2300/3017/1959 2591/2811/1878 2578/2814/1880 2299/3018/1960
f 2292/2734/1814 2299/3018/1960 2578/2814/1880 2584/2813/1814
f 2300/3017/1959 2061/2678/1665 2577/2417/1665 2591/2811/1878
f 1815/3385/2044 2568/2691/825 2572/2690/829 1816/3386/2035
f 1816/3386/2035 2572/2690/829 2564/2689/833 1817/3387/2036
f 1817/3387/2036 2564/2689/833 2573/2688/837 1818/3388/2026
f 1818/3388/2026 2573/2688/837 2565/2687/841 1819/3389/2027
f 1819/3389/2027 2565/2687/841 2574/2686/845 1820/3390/2028
f 1820/3390/2028 2574/2686/845 2566/2684/849 1821/3391/2029
f 1821/3391/2029 2566/2684/849 2567/2685/853 1802/3379/2034
f 1808/2419/1666 2569/2418/1594 2570/2683/809 1810/3392/2047
f 1810/3392/2047 2570/2683/809 2575/2682/813 1811/3393/2037
f 1811/3393/2037 2575/2682/813 2563/2681/817 1812/3394/2038
f 1812/3394/2038 2563/2681/817 2571/2679/821 1814/3395/2043
f 1814/3395/2043 2571/2679/821 2568/2680/825 1815/3396/2044
f 2060/2677/1800 2059/2676/1799 2562/2421/1668 2576/2414/1662
f 2052/2329/1594 2569/2418/1594 2562/2421/1668 2059/2676/1799
f 2060/2677/1800 2576/2414/1662 2577/2417/1665 2061/2678/1665
f 1978/2515/823 1976/2510/827 1916/2513/827 1915/2516/823
f 2188/2946/855 2189/2947/855 2592/2643/855 2593/3397/855
f 1929/2584/855 2593/3397/855 2592/2643/855 1930/2586/855
f 2187/2944/855 2188/2946/855 2593/3397/855
f 1928/2581/855 1927/2580/855 2593/3397/855
f 1929/2584/855 1928/2581/855 2593/3397/855
f 1927/2580/855 2187/2944/855 2593/3397/855
f 1926/2590/855 2592/2643/855 2190/2950/855
f 1930/2586/855 2592/2643/855 1931/2587/855
f 2747/3398/2049 2720/3399/2050 2623/3400/2051 2724/3401/2052
f 2724/3401/2052 2623/3400/2051 2624/3402/2053 2725/3403/2054
f 2725/3403/2054 2624/3402/2053 2625/3404/2055 2726/3405/2056
f 2726/3405/2056 2625/3404/2055 2626/3406/2057 2727/3407/2058
f 2727/3407/2058 2626/3406/2057 2627/3408/2059 2728/3409/2060
f 2728/3409/2060 2627/3408/2059 2628/3410/2061 2729/3411/2062
f 2729/3411/2062 2628/3410/2061 2629/3412/2063 2730/3413/2064
f 2730/3413/2064 2629/3412/2063 2630/3414/2065 2731/3415/2066
f 2731/3415/2066 2630/3414/2065 2631/3416/2067 2732/3417/2068
f 2732/3417/2068 2631/3416/2067 2632/3418/2069 2733/3419/2070
f 2733/3419/2070 2632/3418/2069 2633/3420/2071 2734/3421/2072
f 2734/3421/2072 2633/3420/2071 2634/3422/2073 2735/3423/2074
f 2735/3423/2074 2634/3422/2073 2635/3424/2075 2736/3425/2076
f 2736/3425/2076 2635/3424/2075 2636/3426/2077 2737/3427/2078
f 2737/3427/2078 2636/3426/2077 2637/3428/2079 2738/3429/2080
f 2822/3430/2081 2820/3431/2082 2638/3432/2083 2739/3433/2084
f 2796/3434/2085 2795/3435/2086 2647/3436/2087 2742/3437/2088
f 2751/3438/2089 2752/3439/2090 2626/3440/2057 2625/3441/2055
f 2752/3439/2090 2753/3442/2091 2627/3443/2059 2626/3440/2057
f 2753/3442/2091 2754/3444/2092 2628/3445/2061 2627/3443/2059
f 2754/3444/2092 2755/3446/2093 2629/3447/2063 2628/3445/2061
f 2755/3446/2093 2756/3448/2094 2630/3449/2065 2629/3447/2063
f 2756/3448/2094 2757/3450/2095 2631/3451/2067 2630/3449/2065
f 2757/3450/2095 2758/3452/2096 2632/3453/2069 2631/3451/2067
f 2758/3452/2096 2759/3454/2097 2633/3455/2071 2632/3453/2069
f 2759/3454/2097 2760/3456/2098 2634/3457/2073 2633/3455/2071
f 2760/3456/2098 2761/3458/2099 2635/3459/2075 2634/3457/2073
f 2638/3460/2083 2780/3461/2100 2800/3462/2101
f 2761/3458/2099 2762/3463/2102 2636/3464/2077 2635/3459/2075
f 2738/3429/2080 2637/3428/2079 2722/3465/2103 2748/3466/2104
f 2821/3467/2105 2802/3468/2106 2720/3399/2050 2747/3398/2049
f 2762/3463/2102 2763/3469/2107 2637/3470/2079 2636/3464/2077
f 2749/3471/2108 2750/3472/2109 2624/3473/2053 2623/3474/2051
f 2740/3475/853 2646/3476/2110 2645/3477/2111 2741/3478/2112
f 2746/3479/2113 2704/3480/2114 2648/3481/2115 2742/3482/2088
f 2745/3483/2116 2699/3484/2117 2652/3485/2118 2744/3486/2119
f 2744/3486/2119 2652/3485/2118 2646/3476/2110 2740/3475/853
f 2799/3487/2120 2798/3488/2121 2649/3489/2122 2743/3490/2123
f 2645/3477/2111 2646/3476/2110 2675/3491/2124 2674/3492/2125
f 2775/3493/2126 2778/3494/2127 2685/3495/2128 2686/3496/2129
f 2776/3497/2130 2777/3498/2131 2692/3499/2132 2693/3500/2133
f 2778/3494/2127 2779/3501/2134 2683/3502/2135 2685/3495/2128
f 2811/3503/1711 2810/3504/1711 2711/3505/1711 2710/3506/1711
f 2681/3507/2136 2679/3508/2137 2675/3509/2124 2676/3510/2138
f 2705/3511/2139 2680/3512/2140 2655/3513/2141 2706/3514/2142
f 2700/3515/2143 2681/3507/2136 2676/3510/2138 2701/3516/2144
f 2679/3508/2137 2678/3517/2145 2674/3518/2125 2675/3509/2124
f 2782/3519/2146 2781/3520/2147 2694/3521/2148 2695/3522/2149
f 2699/3484/2117 2649/3523/2122 2677/3524/2150 2701/3525/2144
f 2783/3526/2151 2775/3493/2126 2686/3496/2129 2687/3527/2152
f 2622/3528/2153 2794/3529/2154 2801/3530/2155
f 2793/3531/2156 2782/3519/2146 2695/3522/2149 2766/3532/2157
f 2785/3533/2158 2783/3526/2151 2687/3527/2152 2688/3534/2159
f 2781/3520/2147 2776/3497/2130 2693/3500/2133 2694/3521/2148
f 2786/3535/2160 2785/3533/2158 2688/3534/2159 2689/3536/2161
f 2792/3537/2162 2784/3538/2163 2680/3539/2140 2767/3540/2164
f 2646/3476/2110 2652/3485/2118 2676/3541/2138 2675/3491/2124
f 2788/3542/2165 2786/3535/2160 2689/3536/2161 2690/3543/2166
f 2704/3480/2114 2645/3477/2111 2674/3492/2125 2706/3544/2142
f 2789/3545/2167 2787/3546/2168 2696/3547/2169 2697/3548/2170
f 2790/3549/2171 2788/3542/2165 2690/3543/2166 2691/3550/2172
f 2779/3501/2134 2791/3551/2173 2684/3552/2174 2683/3502/2135
f 2791/3551/2173 2789/3545/2167 2697/3548/2170 2684/3552/2174
f 2777/3498/2131 2790/3549/2171 2691/3550/2172 2692/3499/2132
f 2649/3489/2122 2798/3488/2121 2800/3553/2101 2677/3554/2150
f 2680/3539/2140 2784/3538/2163 2801/3555/2155 2655/3556/2141
f 2815/3557/1711 2814/3558/1711 2709/3559/1711 2708/3560/1711
f 2769/3561/2175 2700/3515/2143 2682/3562/2176 2766/3563/2157
f 2667/3564/2177 2666/3565/2178 2718/3566/1711
f 2806/3567/1711 2805/3568/1711 2714/3569/1711 2713/3570/1711
f 2660/3571/2179 2659/3572/2180 2683/3573/2135 2684/3574/2174
f 2659/3572/2180 2661/3575/2181 2685/3576/2128 2683/3573/2135
f 2661/3575/2181 2662/3577/2182 2686/3578/2129 2685/3576/2128
f 2662/3577/2182 2663/3579/2183 2687/3580/2152 2686/3578/2129
f 2663/3579/2183 2664/3581/2184 2688/3582/2159 2687/3580/2152
f 2664/3581/2184 2665/3583/2185 2689/3584/2161 2688/3582/2159
f 2665/3583/2185 2666/3565/2178 2690/3585/2166 2689/3584/2161
f 2666/3565/2178 2667/3564/2177 2691/3586/2172 2690/3585/2166
f 2667/3564/2177 2668/3587/2186 2692/3588/2132 2691/3586/2172
f 2668/3587/2186 2669/3589/2187 2693/3590/2133 2692/3588/2132
f 2670/3591/2188 2671/3592/2189 2695/3593/2149 2694/3594/2148
f 2809/3595/1711 2813/3596/1711 2707/3597/1711 2656/3598/1711
f 2669/3589/2187 2670/3591/2188 2694/3594/2148 2693/3590/2133
f 2805/3568/1711 2804/3599/1711 2715/3600/1711 2714/3569/1711
f 2672/3601/2190 2673/3602/2191 2697/3603/2170 2696/3604/2169
f 2673/3602/2191 2660/3571/2179 2684/3574/2174 2697/3603/2170
f 2807/3605/1711 2806/3567/1711 2713/3570/1711 2712/3606/1711
f 2652/3485/2118 2699/3484/2117 2701/3525/2144 2676/3541/2138
f 2682/3562/2176 2700/3515/2143 2701/3516/2144 2677/3607/2150
f 2743/3608/2123 2649/3523/2122 2699/3484/2117 2745/3483/2116
f 2810/3504/1711 2807/3605/1711 2712/3606/1711 2711/3505/1711
f 2648/3481/2115 2704/3480/2114 2706/3544/2142 2655/3609/2141
f 2678/3517/2145 2705/3511/2139 2706/3514/2142 2674/3518/2125
f 2741/3478/2112 2645/3477/2111 2704/3480/2114 2746/3479/2113
f 2768/3610/2192 2767/3611/2164 2680/3512/2140 2705/3511/2139
f 2808/3612/1711 2809/3595/1711 2656/3598/1711 2658/3613/1711
f 2814/3558/1711 2811/3503/1711 2710/3506/1711 2709/3559/1711
f 2816/3614/1711 2815/3557/1711 2708/3560/1711 2653/3615/1711
f 2817/3616/1711 2816/3614/1711 2653/3615/1711 2654/3617/1711
f 2818/3618/1711 2817/3616/1711 2654/3617/1711 2657/3619/1711
f 2812/3620/1711 2818/3618/1711 2657/3619/1711 2702/3621/1711
f 2813/3596/1711 2812/3620/1711 2702/3621/1711 2707/3597/1711
f 2661/3575/2181 2659/3572/2180 2718/3566/1711
f 2678/3517/2145 2679/3508/2137 2774/3622/1711 2770/3623/1711
f 2771/3624/1711 2769/3561/2175 2671/3592/2189 2716/3625/1711
f 2672/3601/2190 2716/3625/1711 2717/3626/1711 2673/3602/2191
f 2716/3625/1711 2671/3592/2189 2670/3591/2188 2717/3626/1711
f 2717/3626/1711 2670/3591/2188 2669/3589/2187 2718/3566/1711
f 2673/3602/2191 2717/3626/1711 2718/3566/1711 2660/3571/2179
f 2664/3581/2184 2718/3566/1711 2665/3583/2185
f 2718/3566/1711 2669/3589/2187 2668/3587/2186
f 2665/3583/2185 2718/3566/1711 2666/3565/2178
f 2668/3587/2186 2667/3564/2177 2718/3566/1711
f 2659/3572/2180 2660/3571/2179 2718/3566/1711
f 2718/3566/1711 2664/3581/2184 2663/3579/2183
f 2663/3579/2183 2662/3577/2182 2718/3566/1711
f 2662/3577/2182 2661/3575/2181 2718/3566/1711
f 2768/3610/2192 2770/3623/1711 2716/3625/1711 2672/3601/2190
f 2679/3508/2137 2681/3507/2136 2771/3624/1711 2774/3622/1711
f 2824/3627/2193 2772/3628/2194 2715/3600/1711 2804/3599/1711
f 2823/3629/2195 2765/3630/2196 2642/3631/2197 2808/3612/1711
f 2750/3472/2109 2751/3438/2089 2625/3441/2055 2624/3473/2053
f 2722/3632/2103 2637/3470/2079 2763/3469/2107 2772/3628/2194
f 2644/3633/2112 2741/3478/2112 2746/3479/2113 2703/3634/2198
f 2650/3635/2199 2743/3608/2123 2745/3483/2116 2698/3636/2200
f 2797/3637/2201 2799/3487/2120 2743/3490/2123 2650/3638/2199
f 2651/3639/2119 2744/3486/2119 2740/3475/853 2643/3640/853
f 2698/3636/2200 2745/3483/2116 2744/3486/2119 2651/3639/2119
f 2703/3634/2198 2746/3479/2113 2742/3482/2088 2647/3641/2087
f 2643/3640/853 2740/3475/853 2741/3478/2112 2644/3633/2112
f 2819/3642/2202 2821/3467/2105 2747/3398/2049 2719/3643/2202
f 2620/3644/2203 2738/3429/2080 2748/3466/2104 2721/3645/2204
f 2794/3529/2154 2796/3434/2085 2742/3437/2088 2648/3646/2115
f 2803/3647/2204 2822/3430/2081 2739/3433/2084 2621/3648/2205
f 2619/3649/2206 2737/3427/2078 2738/3429/2080 2620/3644/2203
f 2617/3650/825 2736/3425/2076 2737/3427/2078 2619/3649/2206
f 2615/3651/2207 2735/3423/2074 2736/3425/2076 2617/3650/825
f 2613/3652/2208 2734/3421/2072 2735/3423/2074 2615/3651/2207
f 2611/3653/2209 2733/3419/2070 2734/3421/2072 2613/3652/2208
f 2609/3654/2210 2732/3417/2068 2733/3419/2070 2611/3653/2209
f 2607/3655/855 2731/3415/2066 2732/3417/2068 2609/3654/2210
f 2605/3656/2211 2730/3413/2064 2731/3415/2066 2607/3655/855
f 2603/3657/2212 2729/3411/2062 2730/3413/2064 2605/3656/2211
f 2601/3658/2213 2728/3409/2060 2729/3411/2062 2603/3657/2212
f 2599/3659/2214 2727/3407/2058 2728/3409/2060 2601/3658/2213
f 2597/3660/827 2726/3405/2056 2727/3407/2058 2599/3659/2214
f 2596/3661/2215 2725/3403/2054 2726/3405/2056 2597/3660/827
f 2595/3662/2216 2724/3401/2052 2725/3403/2054 2596/3661/2215
f 2719/3643/2202 2747/3398/2049 2724/3401/2052 2595/3662/2216
f 2656/3598/1711 2707/3597/1711 2751/3438/2089 2750/3472/2109
f 2658/3613/1711 2656/3598/1711 2750/3472/2109 2749/3471/2108
f 2714/3569/1711 2715/3600/1711 2763/3469/2107 2762/3463/2102
f 2713/3570/1711 2714/3569/1711 2762/3463/2102 2761/3458/2099
f 2712/3606/1711 2713/3570/1711 2761/3458/2099 2760/3456/2098
f 2711/3505/1711 2712/3606/1711 2760/3456/2098 2759/3454/2097
f 2710/3506/1711 2711/3505/1711 2759/3454/2097 2758/3452/2096
f 2709/3559/1711 2710/3506/1711 2758/3452/2096 2757/3450/2095
f 2708/3560/1711 2709/3559/1711 2757/3450/2095 2756/3448/2094
f 2653/3615/1711 2708/3560/1711 2756/3448/2094 2755/3446/2093
f 2654/3617/1711 2653/3615/1711 2755/3446/2093 2754/3444/2092
f 2657/3619/1711 2654/3617/1711 2754/3444/2092 2753/3442/2091
f 2702/3621/1711 2657/3619/1711 2753/3442/2091 2752/3439/2090
f 2707/3597/1711 2702/3621/1711 2752/3439/2090 2751/3438/2089
f 2802/3663/2106 2622/3664/2153 2765/3630/2196 2823/3629/2195
f 2820/3665/2082 2722/3632/2103 2772/3628/2194 2824/3627/2193
f 2705/3511/2139 2678/3517/2145 2770/3623/1711 2768/3610/2192
f 2681/3507/2136 2700/3515/2143 2769/3561/2175 2771/3624/1711
f 2672/3601/2190 2696/3604/2169 2767/3611/2164 2768/3610/2192
f 2671/3592/2189 2769/3561/2175 2766/3563/2157 2695/3593/2149
f 2787/3546/2168 2792/3537/2162 2767/3540/2164 2696/3547/2169
f 2780/3461/2100 2793/3531/2156 2766/3532/2157 2682/3666/2176
f 2715/3600/1711 2772/3628/2194 2763/3469/2107
f 2774/3622/1711 2771/3624/1711 2716/3625/1711
f 2770/3623/1711 2774/3622/1711 2716/3625/1711
f 2658/3613/1711 2749/3471/2108 2773/3667/2217
f 2749/3471/2108 2623/3474/2051 2720/3668/2050 2773/3667/2217
f 2638/3460/2083 2764/3669/2218 2793/3531/2156 2780/3461/2100
f 2642/3670/2197 2765/3671/2196 2792/3537/2162 2787/3546/2168
f 2616/3672/2219 2614/3673/2220 2790/3549/2171 2777/3498/2131
f 2598/3674/2221 2641/3675/2197 2789/3545/2167 2791/3551/2173
f 2600/3676/2222 2598/3674/2221 2791/3551/2173 2779/3501/2134
f 2614/3673/2220 2612/3677/2223 2788/3542/2165 2790/3549/2171
f 2641/3675/2197 2642/3670/2197 2787/3546/2168 2789/3545/2167
f 2612/3677/2223 2610/3678/2224 2786/3535/2160 2788/3542/2165
f 2765/3671/2196 2622/3679/2153 2784/3538/2163 2792/3537/2162
f 2610/3678/2224 2608/3680/2225 2785/3533/2158 2786/3535/2160
f 2640/3681/2226 2618/3682/2227 2776/3497/2130 2781/3520/2147
f 2608/3680/2225 2606/3683/2228 2783/3526/2151 2785/3533/2158
f 2764/3669/2218 2639/3684/2226 2782/3519/2146 2793/3531/2156
f 2606/3683/2228 2604/3685/2229 2775/3493/2126 2783/3526/2151
f 2639/3684/2226 2640/3681/2226 2781/3520/2147 2782/3519/2146
f 2602/3686/2230 2600/3676/2222 2779/3501/2134 2778/3494/2127
f 2618/3682/2227 2616/3672/2219 2777/3498/2131 2776/3497/2130
f 2604/3685/2229 2602/3686/2230 2778/3494/2127 2775/3493/2126
f 2622/3528/2153 2723/3687/2231 2796/3434/2085 2794/3529/2154
f 2723/3687/2231 2594/3688/2232 2795/3435/2086 2796/3434/2085
f 2621/3689/2205 2739/3690/2084 2799/3487/2120 2797/3637/2201
f 2739/3690/2084 2638/3691/2083 2798/3488/2121 2799/3487/2120
f 2800/3553/2101 2798/3488/2121 2638/3691/2083
f 2800/3462/2101 2780/3461/2100 2682/3666/2176 2677/3692/2150
f 2801/3530/2155 2794/3529/2154 2648/3646/2115 2655/3693/2141
f 2801/3555/2155 2784/3538/2163 2622/3679/2153
f 2638/3694/2083 2820/3665/2082 2824/3627/2193 2764/3695/2218
f 2720/3668/2050 2802/3663/2106 2823/3629/2195 2773/3667/2217
f 2721/3645/2204 2748/3466/2104 2822/3430/2081 2803/3647/2204
f 2594/3696/2232 2723/3697/2231 2821/3467/2105 2819/3642/2202
f 2773/3667/2217 2823/3629/2195 2808/3612/1711 2658/3613/1711
f 2764/3695/2218 2824/3627/2193 2804/3599/1711 2639/3698/2226
f 2598/3699/2221 2600/3700/2222 2812/3620/1711 2813/3596/1711
f 2600/3700/2222 2602/3701/2230 2818/3618/1711 2812/3620/1711
f 2602/3701/2230 2604/3702/2229 2817/3616/1711 2818/3618/1711
f 2604/3702/2229 2606/3703/2228 2816/3614/1711 2817/3616/1711
f 2606/3703/2228 2608/3704/2225 2815/3557/1711 2816/3614/1711
f 2610/3705/2224 2612/3706/2223 2811/3503/1711 2814/3558/1711
f 2642/3631/2197 2641/3707/2197 2809/3595/1711 2808/3612/1711
f 2614/3708/2220 2616/3709/2219 2807/3605/1711 2810/3504/1711
f 2616/3709/2219 2618/3710/2227 2806/3567/1711 2807/3605/1711
f 2640/3711/2226 2639/3698/2226 2804/3599/1711 2805/3568/1711
f 2641/3707/2197 2598/3699/2221 2813/3596/1711 2809/3595/1711
f 2618/3710/2227 2640/3711/2226 2805/3568/1711 2806/3567/1711
f 2608/3704/2225 2610/3705/2224 2814/3558/1711 2815/3557/1711
f 2612/3706/2223 2614/3708/2220 2810/3504/1711 2811/3503/1711
f 2723/3697/2231 2622/3712/2153 2802/3468/2106 2821/3467/2105
f 2748/3466/2104 2722/3465/2103 2820/3431/2082 2822/3430/2081
