# Blender 5.0.1
# www.blender.org
mtllib MidCenturyLoungeChair.mtl
o mid_century_lounge_chair
v 0.032367 0.184614 0.023502
v 0.032367 0.187399 0.023502
v 0.040000 0.184614 -0.000011
v 0.040000 0.187399 -0.000011
v 0.032354 0.184614 -0.023520
v 0.032354 0.187399 -0.023520
v 0.012350 0.184614 -0.038045
v 0.012350 0.187399 -0.038045
v -0.012371 0.187399 -0.038038
v -0.012371 0.184614 -0.038038
v -0.013403 0.167278 -0.041212
v 0.013380 0.167278 -0.041219
v 0.035053 0.167278 -0.025482
v 0.043336 0.167278 -0.000012
v 0.035067 0.167278 0.025463
v 0.013403 0.167278 0.041212
v -0.013380 0.167278 0.041219
v -0.035053 0.167278 0.025482
v -0.043336 0.167278 0.000012
v -0.035067 0.167278 -0.025463
v -0.011881 0.042581 -0.036531
v 0.011860 0.042581 -0.036538
v 0.031072 0.042581 -0.022588
v 0.038414 0.042581 -0.000011
v 0.031084 0.042581 0.022571
v 0.011881 0.042581 0.036531
v -0.011860 0.042581 0.036538
v -0.031072 0.042581 0.022588
v -0.038414 0.042581 0.000011
v -0.031084 0.042581 -0.022571
v 0.279381 0.036086 0.361533
v 0.058518 0.138093 0.057722
v 0.246654 0.042157 0.316515
v 0.208747 0.053979 0.264372
v 0.168245 0.070747 0.208658
v 0.127906 0.091317 0.153169
v 0.090480 0.114287 0.101688
v 0.058262 0.039123 0.057369
v 0.279385 0.007167 0.361539
v 0.095116 0.033629 0.108064
v 0.131970 0.028135 0.158759
v 0.168824 0.022640 0.209454
v 0.205677 0.017146 0.260149
v 0.242531 0.011651 0.310844
v 0.036598 0.039123 0.073118
v 0.257721 0.007167 0.377288
v 0.073452 0.033629 0.123813
v 0.110306 0.028135 0.174508
v 0.147160 0.022640 0.225203
v 0.184014 0.017146 0.275898
v 0.220867 0.011651 0.326593
v 0.036855 0.138093 0.073470
v 0.257717 0.036086 0.377282
v 0.068817 0.114287 0.117437
v 0.106242 0.091317 0.168918
v 0.146581 0.070747 0.224407
v 0.187084 0.053979 0.280121
v 0.224990 0.042157 0.332264
v -0.279178 0.036086 0.361690
v -0.058486 0.138093 0.057754
v -0.246476 0.042157 0.316653
v -0.208599 0.053979 0.264489
v -0.168127 0.070747 0.208752
v -0.127820 0.091317 0.153241
v -0.090423 0.114287 0.101738
v -0.036813 0.138093 0.073491
v -0.257505 0.036086 0.377427
v -0.068751 0.114287 0.117475
v -0.106147 0.091317 0.168978
v -0.146455 0.070747 0.224489
v -0.186926 0.053979 0.280226
v -0.224803 0.042157 0.332390
v -0.279182 0.007167 0.361696
v -0.058230 0.039123 0.057402
v -0.242356 0.011651 0.310980
v -0.205531 0.017146 0.260264
v -0.168706 0.022640 0.209549
v -0.131881 0.028135 0.158833
v -0.095055 0.033629 0.108118
v -0.036557 0.039123 0.073139
v -0.257509 0.007167 0.377432
v -0.073383 0.033629 0.123854
v -0.110208 0.028135 0.174570
v -0.147033 0.022640 0.225286
v -0.183858 0.017146 0.276001
v -0.220684 0.011651 0.326717
v -0.438534 0.007167 -0.128273
v -0.080856 0.039123 -0.012167
v -0.378921 0.011652 -0.108922
v -0.319308 0.017146 -0.089571
v -0.259695 0.022640 -0.070220
v -0.200082 0.028135 -0.050869
v -0.140469 0.033629 -0.031518
v -0.072587 0.039123 -0.037642
v -0.430265 0.007167 -0.153747
v -0.132200 0.033629 -0.056993
v -0.191813 0.028135 -0.076344
v -0.251426 0.022640 -0.095695
v -0.311039 0.017146 -0.115046
v -0.370652 0.011652 -0.134396
v -0.073001 0.138093 -0.037776
v -0.430258 0.036086 -0.153745
v -0.124701 0.114287 -0.054559
v -0.185239 0.091317 -0.074210
v -0.250489 0.070747 -0.095391
v -0.316005 0.053979 -0.116658
v -0.377321 0.042157 -0.136561
v -0.081270 0.138093 -0.012301
v -0.438528 0.036086 -0.128270
v -0.132971 0.114287 -0.029084
v -0.193509 0.091317 -0.048735
v -0.258759 0.070747 -0.069916
v -0.324274 0.053979 -0.091183
v -0.385590 0.042157 -0.111086
v 0.438462 0.007167 -0.128519
v 0.080849 0.039123 -0.012212
v 0.378860 0.011652 -0.109135
v 0.319258 0.017146 -0.089750
v 0.259656 0.022640 -0.070366
v 0.200053 0.028135 -0.050981
v 0.140451 0.033629 -0.031597
v 0.081263 0.138093 -0.012347
v 0.438456 0.036086 -0.128517
v 0.132954 0.114287 -0.029159
v 0.193481 0.091317 -0.048844
v 0.258719 0.070747 -0.070061
v 0.324223 0.053979 -0.091365
v 0.385527 0.042157 -0.111303
v 0.430172 0.036086 -0.153987
v 0.072980 0.138093 -0.037817
v 0.377244 0.042157 -0.136773
v 0.315939 0.053979 -0.116835
v 0.250436 0.070747 -0.095531
v 0.185198 0.091317 -0.074314
v 0.124671 0.114287 -0.054629
v 0.072565 0.039123 -0.037683
v 0.430178 0.007167 -0.153989
v 0.132168 0.033629 -0.057067
v 0.191770 0.028135 -0.076451
v 0.251372 0.022640 -0.095836
v 0.310974 0.017146 -0.115220
v 0.370576 0.011652 -0.134605
v -0.013520 0.007167 -0.456709
v -0.013414 0.039123 -0.080658
v -0.013502 0.011652 -0.394034
v -0.013485 0.017146 -0.331359
v -0.013467 0.022640 -0.268684
v -0.013450 0.028135 -0.206009
v -0.013432 0.033629 -0.143333
v 0.013369 0.039123 -0.080666
v 0.013263 0.007167 -0.456717
v 0.013351 0.033629 -0.143341
v 0.013334 0.028135 -0.206016
v 0.013316 0.022640 -0.268691
v 0.013298 0.017146 -0.331366
v 0.013281 0.011652 -0.394042
v -0.013520 0.036086 -0.456703
v -0.013414 0.138093 -0.081094
v -0.013504 0.042157 -0.401045
v -0.013486 0.053979 -0.336580
v -0.013467 0.070747 -0.267699
v -0.013448 0.091317 -0.199098
v -0.013430 0.114287 -0.135450
v 0.013263 0.036086 -0.456710
v 0.013369 0.138093 -0.081101
v 0.013279 0.042157 -0.401053
v 0.013297 0.053979 -0.336587
v 0.013316 0.070747 -0.267707
v 0.013336 0.091317 -0.199105
v 0.013354 0.114287 -0.135458
v -0.013365 0.034827 -0.471728
v -0.006752 0.034133 -0.483190
v -0.011594 0.034426 -0.478345
v 0.013100 0.034827 -0.471735
v -0.000136 0.034026 -0.484964
v 0.011325 0.034426 -0.478351
v 0.006480 0.034133 -0.483193
v 0.444510 0.034827 -0.158483
v 0.457454 0.034133 -0.155735
v 0.451350 0.034426 -0.158843
v 0.452695 0.034827 -0.133316
v 0.461186 0.034026 -0.149992
v 0.458439 0.034426 -0.137048
v 0.461547 0.034133 -0.143152
v 0.288087 0.034827 0.373780
v 0.289474 0.034133 0.386940
v 0.290544 0.034426 0.380174
v 0.266681 0.034827 0.389342
v 0.285165 0.034026 0.392264
v 0.272006 0.034426 0.393651
v 0.278771 0.034133 0.394721
v -0.284944 0.034026 0.392424
v -0.266462 0.034827 0.389492
v -0.278549 0.034133 0.394877
v -0.271784 0.034426 0.393804
v -0.287877 0.034827 0.373942
v -0.290330 0.034426 0.380337
v -0.289257 0.034133 0.387102
v -0.452770 0.034827 -0.133061
v -0.461627 0.034133 -0.142892
v -0.458516 0.034426 -0.136790
v -0.444599 0.034827 -0.158233
v -0.461270 0.034026 -0.149733
v -0.451439 0.034426 -0.158590
v -0.457541 0.034133 -0.155478
v -0.013526 0.007167 -0.477405
v -0.000138 0.007167 -0.490800
v -0.011734 0.007167 -0.484101
v -0.006833 0.007167 -0.489004
v 0.013257 0.007167 -0.477412
v 0.006558 0.007167 -0.489008
v 0.011461 0.007167 -0.484107
v 0.449859 0.007167 -0.160390
v 0.456781 0.007167 -0.160755
v 0.462959 0.007167 -0.157609
v 0.466736 0.007167 -0.151797
v 0.458143 0.007167 -0.134920
v 0.467101 0.007167 -0.144874
v 0.463955 0.007167 -0.138697
v 0.291554 0.007167 0.378278
v 0.288597 0.007167 0.396984
v 0.294040 0.007167 0.384749
v 0.292958 0.007167 0.391596
v 0.269890 0.007167 0.394027
v 0.282126 0.007167 0.399471
v 0.275279 0.007167 0.398388
v -0.269669 0.007167 0.394179
v -0.275055 0.007167 0.398543
v -0.281901 0.007167 0.399629
v -0.288373 0.007167 0.397147
v -0.291341 0.007167 0.378442
v -0.292737 0.007167 0.391761
v -0.293824 0.007167 0.384914
v -0.458218 0.007167 -0.134662
v -0.464033 0.007167 -0.138436
v -0.467182 0.007167 -0.144612
v -0.466821 0.007167 -0.151534
v -0.449949 0.007167 -0.160137
v -0.463047 0.007167 -0.157349
v -0.456872 0.007167 -0.160498
v -0.021388 0.153999 0.052247
v -0.029160 0.144465 0.062952
v -0.043060 0.153999 0.036511
v -0.050833 0.144465 0.047215
v -0.050718 0.040244 0.047056
v -0.042891 0.041412 0.036278
v -0.029045 0.040244 0.062793
v -0.021219 0.041412 0.052014
v 0.042912 0.041412 0.036254
v 0.050744 0.040244 0.047027
v 0.043081 0.153999 0.036486
v 0.050859 0.144465 0.047186
v 0.029196 0.144465 0.062935
v 0.021417 0.153999 0.052235
v 0.029080 0.040244 0.062776
v 0.021248 0.041412 0.052002
v 0.056297 0.153999 -0.004227
v 0.068877 0.144465 -0.008319
v 0.056023 0.041412 -0.004138
v 0.068690 0.040244 -0.008258
v 0.047740 0.041412 -0.029608
v 0.060406 0.040244 -0.033728
v 0.060593 0.144465 -0.033789
v 0.048013 0.153999 -0.029697
v 0.013376 0.041412 -0.054560
v 0.013373 0.040244 -0.067880
v -0.013407 0.041412 -0.054553
v -0.013411 0.040244 -0.067873
v -0.013411 0.144465 -0.068069
v -0.013407 0.153999 -0.054840
v 0.013373 0.144465 -0.068076
v 0.013376 0.153999 -0.054848
v -0.047756 0.041412 -0.029582
v -0.060426 0.040244 -0.033694
v -0.056026 0.041412 -0.004107
v -0.068695 0.040244 -0.008219
v -0.068882 0.144465 -0.008280
v -0.056299 0.153999 -0.004196
v -0.060612 0.144465 -0.033755
v -0.048030 0.153999 -0.029670
v 0.279385 0.004387 0.361539
v 0.278416 -0.000000 0.367667
v 0.279101 0.001285 0.363334
v 0.263850 -0.000000 0.378256
v 0.257721 0.004387 0.377288
v 0.259516 0.001285 0.377571
v -0.257509 0.004387 0.377432
v -0.263637 -0.000000 0.378405
v -0.259304 0.001285 0.377717
v -0.278209 -0.000000 0.367824
v -0.279182 0.004387 0.361696
v -0.278897 0.001285 0.363490
v -0.438534 0.004387 -0.128273
v -0.441353 0.000000 -0.133800
v -0.439360 0.001285 -0.129892
v -0.435793 0.000000 -0.150929
v -0.430265 0.004387 -0.153747
v -0.431884 0.001285 -0.152922
v 0.430178 0.004387 -0.153989
v 0.435708 0.000000 -0.151174
v 0.431798 0.001285 -0.153165
v 0.441277 0.000000 -0.134048
v 0.438462 0.004387 -0.128519
v 0.439287 0.001285 -0.130139
v -0.013520 0.004388 -0.456709
v -0.009134 0.000000 -0.461098
v -0.012235 0.001285 -0.457995
v 0.008875 0.000000 -0.461103
v 0.013263 0.004388 -0.456717
v 0.011978 0.001285 -0.458001
v -0.449949 0.004387 -0.160137
v -0.450754 0.000000 -0.155786
v -0.450185 0.001285 -0.158863
v -0.456872 0.004387 -0.160498
v -0.455926 0.000000 -0.156055
v -0.456595 0.001285 -0.159197
v -0.460007 0.000000 -0.153974
v -0.463047 0.004387 -0.157349
v -0.462157 0.001285 -0.156361
v -0.462501 0.000000 -0.150132
v -0.466821 0.004387 -0.151534
v -0.465556 0.001285 -0.151124
v -0.464033 0.004387 -0.138436
v -0.460658 0.000000 -0.141476
v -0.463045 0.001285 -0.139327
v -0.456314 0.000000 -0.138657
v -0.458218 0.004387 -0.134662
v -0.457661 0.001285 -0.135832
v -0.467182 0.004387 -0.144612
v -0.462739 0.000000 -0.145557
v -0.465881 0.001285 -0.144889
v -0.281901 0.004387 0.399629
v -0.281428 -0.000000 0.395112
v -0.281762 0.001285 0.398306
v -0.275055 0.004387 0.398543
v -0.276903 -0.000000 0.394394
v -0.275596 0.001285 0.397327
v -0.272880 -0.000000 0.391133
v -0.269669 0.004387 0.394179
v -0.270609 0.001285 0.393287
v 0.277125 -0.000000 0.394238
v 0.275279 0.004387 0.398388
v 0.275819 0.001285 0.397172
v 0.281650 -0.000000 0.394953
v 0.282126 0.004387 0.399471
v 0.281986 0.001285 0.398147
v 0.269890 0.004387 0.394027
v 0.273099 -0.000000 0.390980
v 0.270830 0.001285 0.393135
v 0.458143 0.004387 -0.134920
v 0.456236 0.000000 -0.138913
v 0.457584 0.001285 -0.136090
v 0.460579 0.000000 -0.141735
v 0.463955 0.004387 -0.138697
v 0.462966 0.001285 -0.139587
v 0.462657 0.000000 -0.145817
v 0.467101 0.004387 -0.144874
v 0.465799 0.001285 -0.145151
v 0.462416 0.000000 -0.150392
v 0.466736 0.004387 -0.151797
v 0.465471 0.001285 -0.151385
v 0.456781 0.004387 -0.160755
v 0.455838 0.000000 -0.156312
v 0.456505 0.001285 -0.159453
v 0.450667 0.000000 -0.156039
v 0.449859 0.004387 -0.160390
v 0.450096 0.001285 -0.159116
v 0.462959 0.004387 -0.157609
v 0.459920 0.000000 -0.154233
v 0.462069 0.001285 -0.156620
v -0.000138 0.004388 -0.490800
v -0.000137 0.000000 -0.486258
v -0.000138 0.001285 -0.489470
v -0.004561 0.000000 -0.485071
v -0.006833 0.004388 -0.489004
v -0.006168 0.001285 -0.487852
v -0.007799 0.000000 -0.481831
v -0.011734 0.004388 -0.484101
v -0.010581 0.001285 -0.483436
v -0.009138 0.000000 -0.476828
v -0.013526 0.004388 -0.477405
v -0.012241 0.001285 -0.477236
v -0.291341 0.004387 0.378442
v -0.287452 -0.000000 0.380552
v -0.290202 0.001285 0.379060
v -0.289306 -0.000000 0.385388
v -0.293824 0.004387 0.384914
v -0.292500 0.001285 0.385053
v -0.288588 -0.000000 0.389912
v -0.292737 0.004387 0.391761
v -0.291522 0.001285 0.391219
v -0.285704 -0.000000 0.393471
v -0.288373 0.004387 0.397147
v -0.287592 0.001285 0.396070
v 0.288597 0.004387 0.396984
v 0.285926 -0.000000 0.393310
v 0.287814 0.001285 0.395908
v 0.288808 -0.000000 0.389750
v 0.292958 0.004387 0.391596
v 0.291742 0.001285 0.391055
v 0.289523 -0.000000 0.385225
v 0.294040 0.004387 0.384749
v 0.292717 0.001285 0.384888
v 0.287666 -0.000000 0.380391
v 0.291554 0.004387 0.378278
v 0.290415 0.001285 0.378897
v 0.013257 0.004388 -0.477412
v 0.008870 0.000000 -0.476833
v 0.011972 0.001285 -0.477243
v 0.007528 0.000000 -0.481835
v 0.011461 0.004388 -0.484107
v 0.010309 0.001285 -0.483442
v 0.004288 0.000000 -0.485073
v 0.006558 0.004388 -0.489008
v 0.005893 0.001285 -0.487855
v -0.000000 0.232536 0.000000
v -0.013403 0.184614 -0.041212
v -0.013403 0.187399 -0.041212
v 0.013380 0.187399 -0.041219
v 0.013380 0.184614 -0.041219
v 0.035053 0.187399 -0.025482
v 0.035053 0.184614 -0.025482
v 0.043336 0.187399 -0.000012
v 0.043336 0.184614 -0.000012
v 0.035067 0.187399 0.025463
v 0.035067 0.184614 0.025463
v 0.013403 0.187399 0.041212
v 0.013403 0.184614 0.041212
v -0.013380 0.187399 0.041219
v -0.013380 0.184614 0.041219
v -0.035053 0.187399 0.025482
v -0.035053 0.184614 0.025482
v -0.043336 0.187399 0.000012
v -0.043336 0.184614 0.000012
v -0.035067 0.187399 -0.025463
v -0.035067 0.184614 -0.025463
v 0.012371 0.187399 0.038038
v 0.012371 0.184614 0.038038
v -0.012350 0.187399 0.038045
v -0.012350 0.184614 0.038045
v -0.032354 0.187399 0.023520
v -0.032354 0.184614 0.023520
v -0.040000 0.187399 0.000011
v -0.040000 0.184614 0.000011
v -0.032367 0.187399 -0.023502
v -0.032367 0.184614 -0.023502
v -0.013403 0.042582 -0.041212
v 0.013380 0.042582 -0.041219
v 0.035053 0.042581 -0.025482
v 0.043336 0.042581 -0.000012
v 0.035067 0.042581 0.025463
v 0.013403 0.042581 0.041212
v -0.013380 0.042581 0.041219
v -0.035053 0.042581 0.025482
v -0.043336 0.042581 0.000012
v -0.035067 0.042581 -0.025463
v -0.000000 0.062536 0.000000
v -0.007428 0.062536 -0.022839
v 0.007415 0.062536 -0.022843
v 0.019426 0.062536 -0.014122
v 0.024017 0.062536 -0.000007
v 0.019434 0.062536 0.014111
v 0.007428 0.062536 0.022839
v -0.007415 0.062536 0.022843
v -0.019426 0.062536 0.014122
v -0.024017 0.062536 0.000007
v -0.019434 0.062536 -0.014111
v 0.013380 0.232536 -0.041219
v -0.013403 0.232536 -0.041212
v 0.035053 0.232536 -0.025482
v 0.043336 0.232536 -0.000012
v 0.035067 0.232536 0.025463
v 0.013403 0.232536 0.041212
v -0.013380 0.232536 0.041219
v -0.035053 0.232536 0.025482
v -0.043336 0.232536 0.000012
v -0.035067 0.232536 -0.025463
v -0.491178 0.709127 0.385358
v -0.493662 0.670814 -0.228022
v -0.340089 0.653741 0.415012
v -0.357487 0.594774 -0.214279
v -0.243173 0.482497 0.485460
v 0.000000 0.442223 0.502073
v -0.000000 0.261948 -0.118175
v -0.435005 0.666051 -0.233988
v -0.428220 0.705345 0.394675
v 0.491178 0.709127 0.385358
v 0.493662 0.670814 -0.228022
v 0.340089 0.653741 0.415012
v 0.357487 0.594774 -0.214279
v 0.243173 0.482497 0.485460
v 0.435005 0.666051 -0.233988
v 0.428220 0.705345 0.394675
v -0.453572 0.668542 -0.234469
v -0.469909 0.669870 -0.233997
v -0.483417 0.670480 -0.232000
v -0.406281 0.701005 0.396258
v -0.383405 0.693182 0.399227
v -0.360741 0.679271 0.404698
v -0.330233 0.456216 -0.174359
v -0.344486 0.531777 -0.196170
v -0.322239 0.613113 0.431650
v -0.303297 0.565044 0.451428
v -0.278359 0.519245 0.470304
v -0.079879 0.262945 -0.118463
v -0.155121 0.269920 -0.120481
v -0.357143 0.599308 -0.165010
v -0.357645 0.595852 -0.202310
v -0.271943 0.337062 -0.087465
v -0.194926 0.459213 0.495065
v -0.135925 0.447257 0.499997
v -0.069755 0.442852 0.501814
v -0.502497 0.705161 0.322965
v -0.501131 0.707381 0.358229
v -0.497669 0.708559 0.376677
v -0.000000 0.274927 -0.069046
v -0.000000 0.264800 -0.106071
v -0.340173 0.652567 0.401593
v -0.341000 0.648980 0.362345
v -0.345970 0.633633 0.198811
v -0.352513 0.614518 -0.003515
v -0.243417 0.479767 0.471687
v -0.244911 0.470636 0.432332
v -0.253189 0.429563 0.270784
v -0.263991 0.377824 0.071700
v -0.499802 0.671337 -0.220074
v -0.503047 0.672462 -0.202497
v -0.504198 0.674628 -0.168102
v -0.503943 0.683583 -0.024301
v -0.503199 0.696135 0.177995
v -0.000000 0.439120 0.488224
v -0.000000 0.428657 0.448858
v -0.000000 0.381404 0.287819
v -0.000000 0.321828 0.089540
v -0.374376 0.632813 -0.225075
v -0.394244 0.651907 -0.230343
v -0.414892 0.661464 -0.232861
v -0.480289 0.709354 0.389824
v -0.465856 0.709039 0.392337
v -0.448300 0.707821 0.393659
v -0.433279 0.679286 -0.023168
v -0.430598 0.691839 0.179264
v -0.428562 0.702011 0.342577
v -0.428240 0.704483 0.381507
v -0.435159 0.666841 -0.222045
v -0.435070 0.669216 -0.184759
v 0.453572 0.668542 -0.234469
v 0.469909 0.669870 -0.233997
v 0.483417 0.670480 -0.232000
v 0.406281 0.701005 0.396257
v 0.383405 0.693182 0.399227
v 0.360741 0.679271 0.404698
v 0.330233 0.456216 -0.174359
v 0.344486 0.531777 -0.196170
v 0.322239 0.613113 0.431650
v 0.303297 0.565044 0.451428
v 0.278359 0.519245 0.470304
v 0.079879 0.262945 -0.118463
v 0.155121 0.269920 -0.120481
v 0.357143 0.599308 -0.165010
v 0.357645 0.595852 -0.202310
v 0.271943 0.337062 -0.087465
v 0.194926 0.459213 0.495064
v 0.135925 0.447257 0.499997
v 0.069755 0.442852 0.501814
v 0.502497 0.705161 0.322965
v 0.501131 0.707381 0.358229
v 0.497669 0.708559 0.376676
v 0.340173 0.652567 0.401593
v 0.341000 0.648980 0.362345
v 0.345970 0.633633 0.198811
v 0.352513 0.614518 -0.003515
v 0.243417 0.479767 0.471687
v 0.244911 0.470636 0.432332
v 0.253189 0.429563 0.270784
v 0.263991 0.377824 0.071700
v 0.499802 0.671337 -0.220074
v 0.503047 0.672462 -0.202497
v 0.504199 0.674628 -0.168102
v 0.503943 0.683583 -0.024301
v 0.503199 0.696135 0.177995
v 0.374376 0.632813 -0.225075
v 0.394244 0.651907 -0.230343
v 0.414892 0.661464 -0.232861
v 0.480289 0.709354 0.389824
v 0.465856 0.709039 0.392337
v 0.448300 0.707821 0.393659
v 0.433279 0.679286 -0.023168
v 0.430598 0.691839 0.179264
v 0.428562 0.702011 0.342577
v 0.428240 0.704483 0.381507
v 0.435159 0.666841 -0.222045
v 0.435070 0.669216 -0.184759
v -0.079450 0.275898 -0.069334
v -0.079863 0.265792 -0.106360
v -0.154314 0.282694 -0.071349
v -0.155093 0.272729 -0.108380
v -0.220007 0.301140 -0.076817
v -0.307177 0.393732 -0.104263
v -0.329328 0.464221 -0.125141
v -0.330302 0.458023 -0.162334
v -0.343869 0.537868 -0.146921
v -0.344605 0.533181 -0.184176
v -0.453819 0.671700 -0.185350
v -0.453792 0.669329 -0.222580
v -0.471241 0.672980 -0.185586
v -0.470678 0.670631 -0.222479
v -0.487685 0.673462 -0.185523
v -0.485818 0.671169 -0.221572
v -0.448401 0.706963 0.380576
v -0.448732 0.704494 0.341742
v -0.466559 0.708208 0.379681
v -0.467368 0.705764 0.341238
v -0.482756 0.708603 0.378384
v -0.484880 0.706221 0.340885
v -0.450349 0.694323 0.178530
v -0.452453 0.681770 -0.023823
v -0.468728 0.695598 0.178153
v -0.470334 0.683046 -0.024159
v -0.486192 0.696068 0.178014
v -0.487354 0.683515 -0.024283
v -0.278590 0.516856 0.456601
v -0.280074 0.508938 0.417256
v -0.303487 0.563077 0.437814
v -0.304809 0.556664 0.398487
v -0.322374 0.611583 0.418134
v -0.323450 0.606728 0.378837
v -0.288379 0.473497 0.255247
v -0.299229 0.428901 0.055429
v -0.312329 0.528202 0.235915
v -0.322172 0.492457 0.035197
v -0.329722 0.585498 0.215704
v -0.337955 0.558922 0.014073
v -0.069842 0.439755 0.487966
v -0.070350 0.429313 0.448599
v -0.136089 0.444201 0.486157
v -0.137052 0.433904 0.446792
v -0.195146 0.456268 0.481248
v -0.196455 0.446367 0.441886
v -0.073135 0.382156 0.287553
v -0.076764 0.322703 0.089262
v -0.142335 0.387424 0.285690
v -0.149222 0.328827 0.087310
v -0.203665 0.401721 0.280633
v -0.213066 0.345451 0.082014
v -0.365380 0.663361 0.188534
v -0.370587 0.648419 -0.014091
v -0.387122 0.679011 0.183291
v -0.391313 0.665798 -0.019352
v -0.409263 0.687416 0.180600
v -0.412629 0.674781 -0.021947
v -0.360794 0.678295 0.391362
v -0.361434 0.675417 0.352191
v -0.383440 0.692289 0.385960
v -0.383948 0.689704 0.346878
v -0.406307 0.700140 0.383047
v -0.406712 0.697654 0.344050
v -0.374214 0.636476 -0.175806
v -0.374550 0.633707 -0.213121
v -0.394192 0.655210 -0.181085
v -0.394418 0.652726 -0.218396
v -0.414911 0.664646 -0.183618
v -0.415058 0.662257 -0.220916
v 0.079450 0.275898 -0.069334
v 0.154314 0.282694 -0.071349
v 0.220007 0.301140 -0.076817
v 0.079863 0.265792 -0.106360
v 0.155093 0.272729 -0.108380
v 0.307177 0.393732 -0.104263
v 0.329328 0.464221 -0.125141
v 0.343870 0.537868 -0.146922
v 0.330302 0.458023 -0.162334
v 0.344605 0.533181 -0.184176
v 0.453819 0.671700 -0.185350
v 0.471241 0.672980 -0.185586
v 0.487685 0.673462 -0.185523
v 0.453792 0.669329 -0.222580
v 0.470678 0.670631 -0.222479
v 0.485818 0.671169 -0.221572
v 0.448401 0.706963 0.380576
v 0.466558 0.708208 0.379681
v 0.482756 0.708603 0.378384
v 0.448732 0.704494 0.341742
v 0.467368 0.705764 0.341238
v 0.484880 0.706221 0.340885
v 0.450349 0.694323 0.178530
v 0.468728 0.695598 0.178153
v 0.486192 0.696068 0.178014
v 0.452453 0.681770 -0.023823
v 0.470334 0.683046 -0.024159
v 0.487354 0.683515 -0.024283
v 0.278590 0.516855 0.456600
v 0.303487 0.563077 0.437814
v 0.322374 0.611583 0.418134
v 0.280074 0.508938 0.417256
v 0.304809 0.556664 0.398487
v 0.323450 0.606728 0.378837
v 0.288379 0.473497 0.255247
v 0.312329 0.528202 0.235915
v 0.329722 0.585498 0.215704
v 0.299229 0.428901 0.055429
v 0.322172 0.492457 0.035197
v 0.337954 0.558922 0.014073
v 0.069842 0.439755 0.487966
v 0.136089 0.444201 0.486157
v 0.195146 0.456268 0.481248
v 0.070350 0.429313 0.448599
v 0.137051 0.433904 0.446792
v 0.196455 0.446367 0.441886
v 0.073135 0.382157 0.287553
v 0.142335 0.387424 0.285690
v 0.203665 0.401721 0.280633
v 0.076764 0.322703 0.089262
v 0.149222 0.328827 0.087310
v 0.213066 0.345451 0.082014
v 0.365380 0.663361 0.188534
v 0.387122 0.679011 0.183291
v 0.409263 0.687416 0.180600
v 0.370587 0.648419 -0.014091
v 0.391313 0.665798 -0.019352
v 0.412629 0.674781 -0.021948
v 0.360794 0.678295 0.391362
v 0.383440 0.692289 0.385960
v 0.406307 0.700140 0.383047
v 0.361434 0.675417 0.352191
v 0.383948 0.689704 0.346878
v 0.406712 0.697654 0.344050
v 0.374214 0.636476 -0.175806
v 0.394192 0.655210 -0.181085
v 0.414911 0.664646 -0.183618
v 0.374550 0.633707 -0.213121
v 0.394418 0.652726 -0.218396
v 0.415058 0.662257 -0.220916
v -0.491326 0.683619 0.387095
v -0.493827 0.645297 -0.226416
v -0.362345 0.640763 0.416306
v -0.381990 0.586989 -0.213893
v -0.259065 0.462367 0.489705
v -0.000000 0.417272 0.507659
v 0.000000 0.237059 -0.112315
v -0.439608 0.640924 -0.232391
v -0.432358 0.680151 0.396337
v 0.491326 0.683619 0.387095
v 0.493827 0.645297 -0.226416
v 0.362345 0.640763 0.416306
v 0.381990 0.586989 -0.213893
v 0.259065 0.462367 0.489705
v 0.439608 0.640924 -0.232391
v 0.432357 0.680151 0.396337
v -0.456281 0.643159 -0.232860
v -0.471335 0.644384 -0.232417
v -0.483932 0.644964 -0.230417
v -0.413075 0.676348 0.397898
v -0.394602 0.670070 0.400837
v -0.378154 0.660088 0.406204
v -0.355133 0.450307 -0.173597
v -0.369583 0.526896 -0.195837
v -0.346020 0.603796 0.432951
v -0.326739 0.554889 0.453233
v -0.299609 0.504926 0.473161
v -0.081271 0.238068 -0.112626
v -0.160036 0.245355 -0.114799
v -0.381604 0.591454 -0.163805
v -0.382161 0.588117 -0.201672
v -0.203641 0.435495 0.500222
v -0.139558 0.422484 0.505484
v -0.070787 0.417908 0.507386
v -0.502598 0.679643 0.324566
v -0.501236 0.681865 0.359857
v -0.497798 0.683048 0.378369
v 0.000000 0.250313 -0.062120
v -0.000000 0.239990 -0.099877
v -0.362497 0.639721 0.403019
v -0.363563 0.636602 0.364061
v -0.369323 0.622878 0.200590
v -0.376567 0.605492 -0.001895
v -0.259384 0.459763 0.476276
v -0.261234 0.451100 0.437685
v -0.270636 0.411059 0.276476
v -0.282507 0.360281 0.077210
v -0.499946 0.645820 -0.218461
v -0.503164 0.646945 -0.200885
v -0.504307 0.649111 -0.166503
v -0.504048 0.658064 -0.022716
v -0.503302 0.670617 0.179580
v 0.000000 0.414250 0.494176
v -0.000000 0.404008 0.455653
v -0.000001 0.356906 0.295143
v -0.000000 0.297334 0.096881
v -0.395777 0.617985 -0.224259
v -0.408990 0.630620 -0.229081
v -0.423291 0.637210 -0.231357
v -0.480769 0.683849 0.391583
v -0.467194 0.683561 0.394091
v -0.450831 0.682427 0.395361
v -0.437734 0.654138 -0.021545
v -0.434887 0.666665 0.180888
v -0.432720 0.676818 0.344211
v -0.432373 0.679288 0.383160
v -0.439760 0.641714 -0.220442
v -0.439646 0.644085 -0.183143
v 0.456281 0.643159 -0.232860
v 0.471335 0.644384 -0.232417
v 0.483932 0.644964 -0.230417
v 0.413075 0.676348 0.397898
v 0.394602 0.670070 0.400837
v 0.378154 0.660088 0.406204
v 0.355133 0.450307 -0.173597
v 0.369583 0.526896 -0.195837
v 0.346020 0.603796 0.432951
v 0.326740 0.554889 0.453233
v 0.299610 0.504926 0.473161
v 0.081271 0.238068 -0.112626
v 0.160036 0.245355 -0.114799
v 0.381603 0.591454 -0.163805
v 0.382161 0.588117 -0.201672
v 0.203641 0.435495 0.500222
v 0.139558 0.422484 0.505484
v 0.070787 0.417908 0.507386
v 0.502598 0.679643 0.324566
v 0.501236 0.681865 0.359857
v 0.497797 0.683048 0.378368
v 0.362497 0.639721 0.403019
v 0.363563 0.636602 0.364061
v 0.369323 0.622878 0.200590
v 0.376567 0.605492 -0.001895
v 0.259384 0.459763 0.476276
v 0.261234 0.451100 0.437685
v 0.270636 0.411059 0.276476
v 0.282507 0.360281 0.077210
v 0.499946 0.645820 -0.218461
v 0.503164 0.646945 -0.200885
v 0.504307 0.649111 -0.166503
v 0.504048 0.658064 -0.022716
v 0.503302 0.670617 0.179580
v 0.395777 0.617985 -0.224259
v 0.408990 0.630620 -0.229081
v 0.423291 0.637210 -0.231357
v 0.480769 0.683849 0.391583
v 0.467194 0.683561 0.394091
v 0.450831 0.682427 0.395360
v 0.437734 0.654137 -0.021545
v 0.434887 0.666665 0.180887
v 0.432719 0.676818 0.344211
v 0.432375 0.679288 0.383160
v 0.439760 0.641714 -0.220442
v 0.439647 0.644085 -0.183143
v -0.080819 0.251299 -0.062419
v -0.081254 0.240995 -0.100185
v -0.159155 0.258408 -0.064533
v -0.160007 0.248247 -0.102344
v -0.354189 0.458377 -0.123317
v -0.355202 0.452158 -0.161242
v -0.368945 0.533029 -0.145643
v -0.369709 0.528359 -0.183544
v -0.456467 0.646310 -0.183740
v -0.456473 0.643942 -0.220970
v -0.472567 0.647491 -0.183984
v -0.472061 0.645144 -0.220889
v -0.488117 0.647946 -0.183920
v -0.486312 0.645653 -0.219978
v -0.450903 0.681564 0.382255
v -0.451214 0.679090 0.343370
v -0.467851 0.682725 0.381393
v -0.468611 0.680273 0.342866
v -0.483213 0.683095 0.380095
v -0.485286 0.680706 0.342507
v -0.452879 0.668921 0.180134
v -0.455046 0.656374 -0.022219
v -0.469979 0.670105 0.179747
v -0.471621 0.657554 -0.022566
v -0.486598 0.670551 0.179602
v -0.487764 0.657999 -0.022696
v -0.299896 0.502672 0.459740
v -0.301652 0.495328 0.421000
v -0.326968 0.553049 0.439842
v -0.328472 0.547190 0.400986
v -0.346202 0.602412 0.419615
v -0.347439 0.598062 0.380688
v -0.310771 0.461325 0.259160
v -0.322340 0.418089 0.059077
v -0.336520 0.520200 0.238522
v -0.346792 0.485820 0.037573
v -0.354197 0.578334 0.217636
v -0.362819 0.553208 0.015818
v -0.070882 0.414893 0.493905
v -0.071421 0.404672 0.455385
v -0.139750 0.419513 0.492014
v -0.140824 0.409450 0.453502
v -0.203921 0.432649 0.486775
v -0.205489 0.423049 0.448259
v -0.074319 0.357670 0.294868
v -0.078061 0.298224 0.096595
v -0.146511 0.363172 0.292931
v -0.153793 0.304632 0.094566
v -0.213579 0.378853 0.287498
v -0.223854 0.322913 0.088842
v -0.384505 0.645821 0.190362
v -0.391005 0.632341 -0.012356
v -0.399675 0.656544 0.185055
v -0.405053 0.643956 -0.017613
v -0.416650 0.662908 0.182273
v -0.420566 0.650416 -0.020278
v -0.378301 0.659201 0.392950
v -0.379281 0.656636 0.353962
v -0.394703 0.669209 0.387605
v -0.395457 0.666739 0.348602
v -0.413124 0.675489 0.384694
v -0.413633 0.673029 0.345712
v -0.395488 0.621504 -0.174373
v -0.395971 0.618914 -0.212116
v -0.408789 0.633855 -0.179491
v -0.409181 0.631457 -0.217031
v -0.423246 0.640384 -0.181995
v -0.423470 0.638011 -0.219376
v 0.080819 0.251299 -0.062419
v 0.159155 0.258408 -0.064533
v 0.081253 0.240995 -0.100185
v 0.160007 0.248247 -0.102344
v 0.354189 0.458376 -0.123317
v 0.368945 0.533029 -0.145643
v 0.355202 0.452158 -0.161242
v 0.369709 0.528359 -0.183544
v 0.456468 0.646310 -0.183740
v 0.472563 0.647491 -0.183984
v 0.488120 0.647946 -0.183920
v 0.456473 0.643942 -0.220970
v 0.472061 0.645144 -0.220889
v 0.486312 0.645653 -0.219978
v 0.450903 0.681564 0.382254
v 0.467851 0.682725 0.381394
v 0.483213 0.683095 0.380095
v 0.451215 0.679090 0.343370
v 0.468612 0.680273 0.342866
v 0.485290 0.680706 0.342507
v 0.452876 0.668920 0.180134
v 0.469986 0.670105 0.179747
v 0.486593 0.670551 0.179601
v 0.455047 0.656374 -0.022219
v 0.471621 0.657554 -0.022566
v 0.487764 0.657999 -0.022696
v 0.299896 0.502672 0.459740
v 0.326969 0.553049 0.439842
v 0.346202 0.602412 0.419615
v 0.301652 0.495328 0.421000
v 0.328472 0.547190 0.400986
v 0.347439 0.598062 0.380688
v 0.310771 0.461325 0.259160
v 0.336520 0.520200 0.238522
v 0.354197 0.578334 0.217636
v 0.322340 0.418089 0.059077
v 0.346792 0.485820 0.037573
v 0.362819 0.553208 0.015818
v 0.070882 0.414893 0.493905
v 0.139750 0.419513 0.492014
v 0.203921 0.432649 0.486775
v 0.071421 0.404672 0.455385
v 0.140824 0.409450 0.453502
v 0.205489 0.423049 0.448259
v 0.074320 0.357670 0.294868
v 0.146510 0.363172 0.292931
v 0.213579 0.378854 0.287498
v 0.078061 0.298224 0.096595
v 0.153793 0.304632 0.094566
v 0.223854 0.322913 0.088842
v 0.384505 0.645821 0.190362
v 0.399675 0.656544 0.185055
v 0.416650 0.662908 0.182273
v 0.391005 0.632341 -0.012356
v 0.405053 0.643956 -0.017613
v 0.420566 0.650416 -0.020278
v 0.378301 0.659201 0.392950
v 0.394703 0.669209 0.387605
v 0.413122 0.675488 0.384694
v 0.379280 0.656636 0.353962
v 0.395457 0.666739 0.348602
v 0.413632 0.673028 0.345712
v 0.395488 0.621504 -0.174373
v 0.408789 0.633855 -0.179491
v 0.423245 0.640383 -0.181995
v 0.395971 0.618913 -0.212116
v 0.409181 0.631457 -0.217031
v 0.423470 0.638011 -0.219376
v -0.275166 0.296301 -0.129532
v -0.303383 0.326557 -0.138176
v 0.303265 0.327136 -0.138340
v 0.275166 0.296301 -0.129532
v -0.321079 0.355843 -0.146520
v -0.337998 0.393792 -0.157375
v -0.211977 0.260247 -0.119158
v -0.249992 0.278468 -0.124418
v -0.302236 0.337886 -0.087810
v -0.273671 0.307969 -0.079052
v -0.303398 0.329093 -0.125724
v -0.275104 0.298915 -0.117044
v 0.340113 0.400768 -0.159377
v 0.322752 0.359791 -0.147650
v 0.244927 0.276040 -0.123718
v 0.211977 0.260247 -0.119158
v 0.273671 0.307969 -0.079052
v 0.302083 0.338395 -0.087960
v 0.290042 0.325335 -0.061724
v 0.275104 0.298915 -0.117044
v 0.303274 0.329658 -0.125886
v -0.248893 0.290815 -0.074042
v -0.210710 0.272893 -0.068795
v -0.249986 0.281215 -0.111943
v -0.211932 0.263064 -0.106684
v -0.336981 0.403625 -0.107132
v -0.319651 0.365912 -0.096027
v -0.338051 0.396012 -0.144991
v -0.321045 0.358117 -0.134061
v 0.210711 0.272893 -0.068795
v 0.243805 0.288427 -0.073343
v 0.230418 0.284460 -0.049763
v 0.211932 0.263064 -0.106684
v 0.244915 0.278796 -0.111242
v 0.321361 0.369820 -0.097178
v 0.339105 0.410384 -0.109130
v 0.329631 0.388252 -0.080212
v 0.322726 0.362056 -0.135198
v 0.340168 0.402943 -0.146997
v -0.282335 0.340931 -0.141024
v -0.258416 0.315291 -0.133607
v 0.258416 0.315291 -0.133607
v 0.282335 0.340931 -0.141025
v -0.313433 0.400812 -0.158343
v -0.299089 0.368645 -0.149041
v -0.235804 0.299275 -0.128974
v -0.203576 0.283826 -0.124504
v -0.258376 0.317840 -0.121520
v -0.282364 0.343410 -0.128968
v 0.299089 0.368645 -0.149041
v 0.313433 0.400812 -0.158343
v 0.203576 0.283826 -0.124504
v 0.235804 0.299275 -0.128974
v 0.282364 0.343410 -0.128968
v 0.258376 0.317840 -0.121520
v -0.203541 0.286558 -0.112409
v -0.235803 0.301942 -0.116890
v -0.299069 0.370868 -0.136965
v -0.313489 0.402992 -0.146317
v 0.235803 0.301942 -0.116890
v 0.203541 0.286558 -0.112409
v 0.313489 0.402992 -0.146317
v 0.299069 0.370868 -0.136965
v -0.000320 1.141799 -0.619470
v 0.004583 1.054624 -0.404018
v 0.003140 0.728670 -0.234367
v -0.005155 1.150465 -0.553474
v 0.001527 0.387951 -0.035808
v 0.003385 0.558929 -0.119582
v -0.334832 0.808075 -0.255301
v -0.299620 1.070089 -0.430282
v -0.252629 1.155892 -0.518794
v -0.168791 0.765506 -0.238594
v -0.152183 1.069946 -0.413342
v -0.145627 1.152990 -0.538754
v -0.270238 0.422734 -0.052046
v -0.147623 0.404227 -0.038755
v -0.163806 0.594955 -0.122634
v -0.317743 0.637163 -0.132020
v -0.344126 0.788230 -0.309650
v -0.308011 1.040763 -0.487148
v -0.264317 1.140127 -0.568531
v -0.149334 1.142158 -0.606281
v -0.275307 0.405856 -0.099944
v -0.327972 0.624179 -0.184892
v 0.331552 0.806883 -0.256308
v 0.297954 1.070341 -0.430276
v 0.251528 1.157133 -0.518616
v 0.177595 0.765732 -0.235980
v 0.155664 1.066767 -0.410485
v 0.141338 1.153013 -0.536130
v 0.269576 0.422395 -0.051272
v 0.149104 0.401730 -0.036387
v 0.169539 0.587654 -0.118093
v 0.318790 0.639461 -0.133492
v 0.343761 0.788482 -0.310229
v 0.308000 1.040093 -0.487132
v 0.264500 1.140113 -0.568446
v 0.148887 1.142337 -0.607044
v 0.275189 0.405951 -0.099940
v 0.328860 0.625537 -0.185740
v -0.000153 0.309626 -0.087074
v 0.000867 0.466426 -0.068380
v -0.000555 0.335144 -0.016922
v 0.004026 0.642943 -0.170107
v -0.006581 1.126179 -0.508413
v 0.007322 0.879902 -0.342234
v -0.235785 0.356057 -0.032353
v -0.270195 1.134404 -0.487700
v -0.065600 1.059769 -0.402962
v -0.148492 1.129947 -0.497322
v -0.082568 0.749152 -0.221067
v -0.168752 0.678066 -0.172918
v -0.260605 0.792476 -0.233935
v -0.246569 1.078848 -0.418415
v -0.203847 1.157684 -0.528699
v -0.066132 1.155906 -0.550361
v -0.300928 0.528527 -0.086087
v -0.130788 0.338374 -0.015838
v -0.209133 0.415222 -0.039599
v -0.065682 0.385031 -0.030014
v -0.159880 0.489644 -0.074793
v -0.333149 0.728152 -0.190426
v -0.074188 0.578900 -0.108992
v -0.250808 0.621054 -0.113661
v -0.315436 0.944882 -0.356023
v -0.160656 0.903008 -0.336034
v -0.239124 0.339563 -0.076886
v -0.284898 1.111624 -0.545052
v -0.219427 1.141859 -0.588707
v -0.072675 1.142620 -0.616887
v -0.306007 0.513206 -0.136489
v -0.342794 0.711820 -0.244248
v -0.327397 0.929692 -0.410804
v 0.234797 0.356810 -0.032695
v 0.272107 1.138436 -0.487812
v 0.086759 1.059808 -0.402277
v 0.140015 1.133292 -0.499148
v 0.075483 0.741626 -0.227172
v 0.177029 0.677181 -0.172971
v 0.255028 0.791279 -0.235048
v 0.243568 1.073998 -0.420633
v 0.206043 1.158185 -0.525071
v 0.070497 1.156072 -0.550972
v 0.300622 0.528654 -0.086674
v 0.131953 0.340647 -0.016262
v 0.206390 0.414493 -0.040208
v 0.060109 0.386409 -0.031793
v 0.158799 0.489288 -0.067572
v 0.331742 0.725910 -0.192327
v 0.074945 0.573231 -0.106713
v 0.251882 0.618854 -0.111750
v 0.309631 0.945442 -0.354016
v 0.166682 0.905811 -0.334300
v 0.238755 0.339816 -0.076984
v 0.284956 1.111768 -0.545098
v 0.220536 1.141884 -0.589694
v 0.073532 1.142512 -0.617055
v 0.306226 0.514324 -0.136859
v 0.342687 0.710728 -0.243664
v 0.327181 0.929238 -0.411064
v -0.216261 1.138775 -0.486653
v -0.063518 0.332405 -0.014567
v -0.256619 0.713312 -0.170043
v -0.248153 0.931113 -0.338421
v -0.190349 0.350240 -0.020848
v -0.067126 0.471273 -0.058580
v -0.076823 0.660138 -0.160026
v -0.226743 0.515369 -0.069771
v -0.067280 1.131750 -0.503622
v -0.073165 0.889321 -0.340390
v 0.213954 1.138583 -0.486649
v 0.062999 0.332095 -0.014572
v 0.260249 0.707787 -0.169877
v 0.249447 0.938400 -0.336488
v 0.188596 0.352271 -0.021746
v 0.069617 0.467459 -0.054863
v 0.074947 0.658755 -0.160505
v 0.231573 0.511860 -0.064287
v 0.074795 1.135903 -0.505306
v 0.088512 0.885950 -0.336201
v 0.001154 0.809310 -0.287456
v -0.325782 0.877228 -0.305267
v -0.163201 0.838063 -0.289785
v -0.336697 0.854503 -0.359266
v 0.324562 0.877238 -0.306397
v 0.171004 0.838337 -0.289842
v 0.337517 0.856096 -0.358284
v -0.254206 0.867719 -0.290186
v -0.083222 0.836302 -0.279085
v 0.250805 0.870649 -0.291000
v 0.077245 0.825992 -0.280093
v -0.001229 1.167237 -0.600150
v -0.000041 0.282097 -0.037969
v -0.214497 0.315624 -0.043416
v -0.371899 0.805284 -0.277737
v -0.331890 1.058213 -0.453767
v -0.269019 1.157205 -0.546703
v -0.118751 0.287045 -0.038118
v -0.144136 1.167220 -0.585588
v -0.302551 0.418529 -0.075307
v -0.358463 0.639835 -0.155595
v 0.214206 0.316052 -0.043478
v 0.372389 0.804905 -0.278458
v 0.332676 1.057913 -0.454673
v 0.269307 1.157494 -0.546886
v 0.118781 0.287170 -0.038147
v 0.142355 1.168542 -0.588015
v 0.302555 0.418634 -0.075329
v 0.358958 0.641468 -0.156489
v -0.259614 0.348825 -0.053814
v -0.304541 1.128680 -0.512122
v -0.169217 0.297946 -0.039351
v -0.210438 1.165270 -0.570323
v -0.069365 1.169085 -0.599718
v -0.335805 0.527811 -0.109687
v -0.372709 0.727166 -0.213737
v -0.351835 0.946669 -0.378631
v -0.061184 0.282505 -0.037876
v 0.259395 0.348937 -0.053856
v 0.305450 1.128742 -0.512266
v 0.169116 0.298516 -0.039478
v 0.212828 1.166274 -0.570846
v 0.069984 1.168786 -0.599726
v 0.335927 0.528808 -0.110151
v 0.370121 0.725707 -0.214094
v 0.351874 0.946914 -0.379545
v 0.061248 0.282327 -0.037828
v -0.365471 0.873186 -0.328980
v 0.363551 0.872536 -0.329999
v -0.000192 0.672868 -0.290663
v 0.000102 0.755527 -0.358940
v 0.000021 1.081460 -0.586766
v -0.000201 1.124355 -0.614495
v -0.000321 0.355590 -0.108724
v -0.000150 0.454226 -0.156392
v 0.000170 0.574917 -0.220094
v 0.002973 0.891464 -0.456353
v 0.001450 0.993588 -0.523303
v 0.001236 0.424994 -0.051866
v 0.001748 0.513726 -0.094891
v -0.000372 0.317098 -0.014935
v -0.000134 0.359698 -0.024732
v 0.004003 0.602406 -0.143793
v 0.003875 0.685474 -0.200542
v -0.006269 1.138976 -0.532707
v -0.007506 1.105526 -0.469845
v 0.015124 0.957642 -0.345357
v 0.001617 0.769207 -0.260640
v -0.253065 0.383910 -0.040116
v -0.219934 0.337892 -0.028694
v -0.259943 1.149223 -0.506680
v -0.283290 1.109905 -0.463658
v -0.025420 1.057968 -0.407978
v -0.115831 1.062835 -0.408631
v -0.149098 1.113648 -0.468263
v -0.147455 1.142961 -0.519517
v -0.013305 0.735731 -0.231514
v -0.148542 0.758404 -0.232957
v -0.166045 0.645026 -0.150412
v -0.169907 0.723759 -0.206979
v -0.302564 0.800367 -0.242033
v -0.195980 0.779272 -0.237046
v -0.277187 1.074596 -0.423524
v -0.204642 1.080636 -0.412762
v -0.170734 1.153961 -0.533936
v -0.234519 1.158737 -0.521866
v -0.028102 1.149973 -0.551737
v -0.110653 1.154065 -0.545251
v -0.309013 0.584672 -0.107968
v -0.287350 0.472235 -0.067075
v -0.125129 0.320125 -0.014452
v -0.138959 0.366798 -0.023993
v -0.244498 0.419245 -0.044319
v -0.171020 0.411025 -0.039596
v -0.025371 0.388338 -0.032954
v -0.109364 0.392022 -0.032811
v -0.153320 0.444468 -0.054340
v -0.163567 0.544979 -0.096566
v -0.334900 0.766916 -0.226269
v -0.327018 0.684605 -0.159633
v -0.016833 0.564750 -0.113344
v -0.140616 0.589423 -0.115962
v -0.293470 0.628863 -0.121896
v -0.190538 0.607655 -0.118436
v -0.311552 1.011328 -0.389732
v -0.331333 0.844447 -0.282320
v -0.156739 0.873682 -0.317572
v -0.161951 0.980842 -0.348516
v -0.257309 0.366822 -0.086915
v -0.222530 0.322868 -0.069180
v -0.274148 1.130688 -0.561062
v -0.295832 1.082224 -0.520453
v -0.186421 1.141942 -0.597412
v -0.247912 1.141441 -0.578310
v -0.034872 1.142199 -0.618239
v -0.111063 1.142495 -0.612838
v -0.318049 0.570670 -0.158975
v -0.291688 0.456454 -0.116581
v -0.344737 0.750514 -0.278182
v -0.337135 0.670355 -0.212137
v -0.320502 0.985342 -0.446660
v -0.341054 0.822388 -0.336167
v 0.251749 0.384491 -0.040262
v 0.219027 0.338890 -0.028854
v 0.260183 1.152258 -0.506835
v 0.284428 1.111639 -0.462633
v 0.045046 1.055135 -0.401799
v 0.130315 1.061276 -0.410085
v 0.146739 1.113890 -0.463956
v 0.140103 1.142862 -0.518159
v 0.022779 0.731436 -0.229256
v 0.145734 0.756865 -0.228440
v 0.173890 0.632631 -0.143201
v 0.180103 0.722264 -0.204543
v 0.306197 0.801204 -0.245548
v 0.198451 0.777306 -0.236267
v 0.270609 1.073501 -0.422639
v 0.203003 1.075215 -0.416618
v 0.170547 1.154835 -0.531462
v 0.233162 1.158782 -0.520836
v 0.029568 1.155542 -0.554634
v 0.105061 1.156171 -0.545135
v 0.310502 0.587384 -0.109843
v 0.287853 0.472114 -0.066863
v 0.125853 0.321715 -0.014880
v 0.140561 0.367876 -0.024400
v 0.242709 0.418594 -0.043201
v 0.173262 0.410792 -0.039170
v 0.027670 0.387739 -0.035642
v 0.113880 0.391374 -0.029557
v 0.156224 0.442194 -0.050406
v 0.164028 0.540745 -0.091626
v 0.331157 0.766458 -0.224205
v 0.325437 0.685880 -0.162329
v 0.019109 0.563531 -0.116418
v 0.144124 0.579698 -0.109464
v 0.295196 0.629732 -0.122965
v 0.188083 0.603793 -0.117641
v 0.313358 1.009575 -0.389586
v 0.329888 0.842494 -0.282888
v 0.168277 0.872943 -0.315850
v 0.163588 0.985306 -0.359819
v 0.256917 0.366924 -0.087095
v 0.222231 0.323209 -0.069221
v 0.274111 1.130780 -0.561040
v 0.295946 1.082451 -0.520435
v 0.186372 1.142180 -0.599258
v 0.247973 1.141766 -0.577902
v 0.036428 1.142256 -0.619655
v 0.110950 1.142383 -0.612984
v 0.318566 0.572410 -0.160046
v 0.291879 0.456697 -0.116915
v 0.344531 0.749848 -0.277946
v 0.336418 0.672098 -0.213539
v 0.319076 0.984301 -0.446617
v 0.340856 0.823149 -0.336664
v -0.174855 1.135152 -0.493965
v -0.207372 1.150786 -0.509320
v -0.247038 1.137406 -0.484785
v -0.228982 1.117343 -0.459986
v -0.064912 0.356191 -0.020637
v -0.096884 0.334020 -0.014790
v -0.062441 0.315340 -0.013661
v -0.029840 0.333277 -0.015318
v -0.254425 0.667688 -0.141119
v -0.198836 0.693247 -0.172068
v -0.261411 0.757201 -0.204235
v -0.303516 0.722519 -0.179987
v -0.202525 0.919324 -0.336485
v -0.254250 1.003529 -0.367053
v -0.287064 0.941208 -0.347021
v -0.247945 0.903019 -0.321092
v -0.180772 0.331133 -0.018757
v -0.160515 0.345351 -0.018962
v -0.199946 0.377977 -0.028052
v -0.216225 0.353876 -0.025445
v -0.073221 0.527744 -0.080046
v -0.135148 0.480870 -0.064487
v -0.064408 0.424936 -0.041833
v -0.017418 0.468280 -0.064805
v -0.075925 0.707466 -0.189896
v -0.147235 0.670662 -0.169206
v -0.074173 0.622529 -0.134203
v -0.020050 0.648882 -0.164487
v -0.215747 0.458506 -0.052467
v -0.178701 0.502852 -0.073109
v -0.242337 0.568596 -0.090344
v -0.278365 0.522985 -0.075812
v -0.083558 0.310742 -0.086783
v -0.208189 0.329454 -0.083804
v -0.149936 0.317350 -0.086636
v -0.064415 1.113109 -0.466698
v -0.027870 1.126377 -0.507285
v -0.066594 1.145070 -0.528249
v -0.115288 1.130732 -0.500470
v -0.076846 0.872230 -0.319223
v -0.027673 0.883746 -0.343365
v -0.067036 0.962662 -0.348222
v -0.119450 0.894190 -0.337204
v 0.224744 1.115020 -0.458126
v 0.243133 1.139728 -0.484741
v 0.208672 1.151114 -0.506846
v 0.179455 1.135869 -0.494060
v 0.029643 0.334113 -0.016063
v 0.062219 0.315251 -0.013741
v 0.098272 0.334082 -0.014489
v 0.062760 0.355689 -0.020874
v 0.306223 0.718892 -0.180031
v 0.255771 0.755790 -0.210038
v 0.196310 0.692902 -0.177775
v 0.255624 0.667982 -0.141307
v 0.245987 0.908947 -0.323150
v 0.284448 0.943192 -0.345615
v 0.253465 1.008151 -0.366311
v 0.206520 0.924071 -0.331724
v 0.214684 0.355169 -0.025904
v 0.197635 0.379506 -0.028933
v 0.161000 0.348453 -0.019065
v 0.179832 0.333331 -0.019346
v 0.019189 0.466796 -0.064090
v 0.061945 0.422844 -0.043533
v 0.138633 0.480348 -0.060747
v 0.073669 0.525618 -0.079223
v 0.022220 0.646253 -0.167641
v 0.075853 0.617616 -0.132252
v 0.147507 0.668432 -0.163525
v 0.074912 0.702706 -0.193511
v 0.275429 0.520885 -0.074851
v 0.243096 0.570857 -0.084533
v 0.175146 0.501773 -0.065967
v 0.216227 0.455829 -0.049629
v 0.083757 0.310668 -0.086810
v 0.149914 0.318095 -0.086756
v 0.207742 0.330031 -0.083933
v 0.118822 1.133814 -0.500789
v 0.071795 1.146201 -0.528626
v 0.028644 1.131532 -0.506838
v 0.077624 1.114698 -0.464865
v 0.128754 0.894486 -0.334463
v 0.088492 0.960732 -0.350393
v 0.043765 0.882108 -0.340115
v 0.082585 0.866538 -0.322086
v 0.001509 0.825077 -0.411030
v 0.003475 0.854964 -0.322300
v -0.318598 0.913957 -0.334271
v -0.165813 0.803274 -0.266340
v -0.332277 0.889902 -0.382729
v 0.313660 0.915058 -0.334774
v 0.174134 0.805289 -0.265935
v 0.332421 0.888689 -0.383356
v -0.258229 0.833633 -0.262959
v -0.083858 0.794901 -0.249215
v 0.254683 0.832620 -0.262387
v 0.076502 0.786174 -0.253336
v 0.021079 0.814761 -0.283314
v 0.141023 0.833226 -0.283716
v 0.298611 0.876473 -0.296802
v 0.195152 0.853655 -0.289389
v -0.017559 0.817106 -0.284582
v -0.142098 0.836217 -0.286696
v -0.293323 0.874093 -0.296218
v -0.194411 0.852627 -0.287337
v -0.300815 0.417956 -0.078191
v -0.258256 0.348665 -0.056859
v -0.281861 0.378101 -0.062955
v -0.300292 0.419863 -0.073092
v -0.257892 0.350632 -0.051593
v -0.213553 0.317867 -0.041291
v -0.237006 0.329017 -0.047516
v -0.213846 0.315915 -0.046580
v -0.268852 1.154958 -0.549302
v -0.303558 1.126821 -0.514863
v -0.289324 1.146869 -0.531450
v -0.267239 1.156604 -0.543580
v -0.302163 1.128721 -0.509658
v -0.329462 1.058604 -0.451609
v -0.319270 1.100712 -0.487024
v -0.330839 1.056658 -0.456451
v -0.192154 0.305684 -0.040849
v -0.168812 0.300462 -0.037181
v -0.118547 0.289611 -0.035869
v -0.144853 0.291745 -0.038531
v -0.144317 1.164847 -0.588134
v -0.210829 1.162858 -0.572659
v -0.177798 1.165553 -0.577546
v -0.144045 1.165890 -0.581460
v -0.209485 1.164180 -0.566729
v -0.242926 1.163309 -0.559913
v -0.001033 1.164723 -0.602743
v -0.069411 1.166264 -0.602177
v -0.032640 1.167136 -0.600210
v -0.001452 1.165806 -0.596172
v -0.069084 1.168124 -0.595933
v -0.105979 1.169028 -0.594759
v -0.356833 0.638854 -0.158452
v -0.334045 0.527006 -0.112505
v -0.348219 0.585949 -0.130949
v -0.355708 0.640570 -0.153568
v -0.333272 0.528749 -0.107599
v -0.320584 0.470184 -0.091061
v -0.370359 0.803814 -0.280484
v -0.370846 0.725824 -0.216715
v -0.372313 0.765786 -0.245217
v -0.368685 0.805807 -0.275777
v -0.369867 0.727824 -0.211695
v -0.366557 0.685915 -0.183439
v -0.350815 0.945094 -0.381493
v -0.345108 1.003609 -0.416992
v -0.348925 0.946572 -0.376268
v -0.362590 0.873831 -0.326930
v -0.358566 0.908043 -0.352744
v -0.363912 0.871306 -0.331676
v -0.090747 0.284004 -0.037921
v -0.061047 0.285118 -0.035587
v -0.000033 0.284840 -0.035697
v -0.030771 0.282055 -0.037908
v 0.213546 0.316359 -0.046645
v 0.258027 0.348778 -0.056920
v 0.236712 0.329297 -0.047542
v 0.213183 0.318403 -0.041371
v 0.257597 0.350788 -0.051662
v 0.300327 0.419966 -0.073105
v 0.281795 0.378079 -0.063103
v 0.300851 0.418034 -0.078214
v 0.331484 1.056192 -0.457289
v 0.304136 1.126700 -0.514879
v 0.319849 1.100778 -0.487148
v 0.330634 1.058707 -0.452422
v 0.303476 1.129180 -0.509777
v 0.267694 1.157126 -0.543713
v 0.289533 1.147084 -0.531581
v 0.268988 1.155100 -0.549407
v 0.144869 0.292055 -0.038701
v 0.118586 0.289769 -0.035906
v 0.168683 0.301181 -0.037350
v 0.191902 0.306259 -0.040966
v 0.213136 1.163428 -0.573452
v 0.243542 1.163355 -0.559629
v 0.211818 1.165630 -0.566998
v 0.142072 1.167452 -0.583937
v 0.177746 1.167002 -0.579159
v 0.142634 1.166031 -0.590533
v 0.070158 1.166164 -0.602187
v 0.105289 1.169076 -0.595093
v 0.070006 1.167666 -0.595884
v 0.033937 1.168776 -0.601966
v 0.334153 0.527950 -0.112959
v 0.320515 0.470626 -0.091131
v 0.333257 0.529706 -0.108020
v 0.356119 0.642354 -0.154592
v 0.348051 0.587623 -0.131811
v 0.357275 0.640383 -0.159296
v 0.368149 0.724657 -0.216608
v 0.367059 0.686325 -0.183284
v 0.367085 0.726186 -0.212128
v 0.368939 0.805372 -0.276639
v 0.372979 0.767016 -0.247551
v 0.370908 0.803457 -0.281084
v 0.361284 0.871182 -0.333135
v 0.351874 0.944981 -0.382806
v 0.358093 0.908382 -0.353277
v 0.360902 0.872873 -0.327593
v 0.348813 0.947399 -0.376849
v 0.344554 1.002656 -0.416085
v 0.030683 0.281982 -0.037925
v 0.061116 0.284916 -0.035531
v 0.090822 0.283890 -0.037995
v -0.369852 0.840266 -0.305225
v 0.369190 0.839682 -0.305361
v -0.003416 1.157912 -0.572042
v 0.070195 1.161789 -0.571512
v -0.000774 1.152967 -0.614448
v -0.070134 1.153116 -0.612588
v -0.067084 1.162268 -0.571128
v 0.072102 1.153577 -0.612893
v 0.061226 0.299766 -0.021179
v -0.000035 0.300597 -0.021681
v -0.061250 0.299966 -0.021207
v -0.209281 0.326854 -0.030448
v -0.171454 0.314851 -0.024520
v -0.247335 0.355627 -0.040683
v -0.211068 0.315441 -0.061277
v -0.249429 0.344950 -0.069347
v -0.344024 0.877003 -0.314706
v -0.352197 0.809099 -0.266990
v -0.359132 0.795437 -0.297477
v -0.357352 0.718309 -0.232242
v -0.351196 0.730078 -0.200433
v -0.351460 0.860632 -0.345808
v -0.315287 1.063419 -0.439372
v -0.331687 0.945321 -0.365884
v -0.286875 1.131928 -0.495739
v -0.321240 1.047873 -0.473935
v -0.341113 0.936885 -0.397907
v -0.295506 1.117884 -0.531333
v -0.204741 1.160540 -0.545861
v -0.258868 1.155767 -0.527685
v -0.266769 1.145251 -0.562074
v -0.214777 1.151506 -0.583861
v -0.120312 0.304410 -0.021753
v -0.144268 1.158859 -0.556768
v -0.146348 1.153098 -0.601089
v -0.316318 0.530496 -0.095841
v -0.285561 0.423274 -0.061184
v -0.288746 0.412138 -0.091322
v -0.320926 0.519874 -0.126430
v -0.337059 0.641141 -0.141688
v -0.343556 0.630894 -0.173388
v 0.208498 0.327908 -0.030637
v 0.171151 0.316441 -0.024986
v 0.249115 0.345120 -0.069462
v 0.210788 0.315859 -0.061334
v 0.246623 0.356079 -0.040945
v 0.342018 0.874711 -0.315133
v 0.350452 0.807351 -0.266371
v 0.349164 0.727206 -0.201301
v 0.350578 0.863310 -0.344674
v 0.359274 0.794757 -0.297254
v 0.356991 0.717507 -0.230584
v 0.316270 1.065430 -0.440492
v 0.328667 0.947432 -0.363702
v 0.295624 1.117606 -0.531134
v 0.321310 1.046590 -0.472796
v 0.289057 1.134203 -0.496279
v 0.340164 0.935684 -0.397884
v 0.207142 1.161884 -0.543494
v 0.258450 1.156933 -0.527474
v 0.216553 1.151795 -0.584481
v 0.266893 1.145097 -0.561937
v 0.120534 0.305013 -0.021914
v 0.141665 1.160442 -0.555764
v 0.145595 1.153417 -0.602634
v 0.315676 0.531259 -0.096653
v 0.285753 0.423227 -0.060944
v 0.321127 0.520896 -0.126912
v 0.288792 0.412207 -0.091336
v 0.337303 0.643577 -0.143484
v 0.344372 0.632169 -0.174234
v -0.187511 1.119731 -0.463694
v -0.171719 1.146574 -0.515063
v -0.238895 1.151486 -0.504698
v -0.259703 1.114470 -0.459673
v -0.028376 0.357693 -0.021814
v -0.100279 0.359763 -0.021952
v -0.094123 0.316754 -0.013762
v -0.030283 0.315772 -0.014113
v -0.298278 0.676813 -0.149086
v -0.194282 0.657040 -0.148086
v -0.198084 0.737825 -0.205442
v -0.304190 0.765150 -0.215744
v -0.199830 0.890528 -0.317647
v -0.207847 0.994492 -0.352755
v -0.288115 1.010402 -0.378663
v -0.286507 0.911020 -0.325292
v -0.203470 0.335484 -0.022883
v -0.154356 0.326687 -0.016790
v -0.167164 0.374257 -0.026617
v -0.230475 0.381417 -0.032673
v -0.015772 0.516794 -0.088467
v -0.139624 0.536822 -0.087305
v -0.124860 0.434980 -0.046566
v -0.020551 0.425045 -0.047894
v -0.016564 0.693190 -0.195295
v -0.149543 0.715464 -0.201084
v -0.144790 0.636313 -0.143001
v -0.018644 0.609721 -0.138639
v -0.261796 0.465476 -0.057552
v -0.176229 0.454075 -0.053732
v -0.184037 0.557798 -0.094367
v -0.286988 0.578176 -0.098643
v -0.180179 1.084663 -0.570212
v -0.252815 1.090030 -0.551678
v -0.240331 1.127493 -0.579097
v -0.172193 1.125678 -0.597390
v -0.080555 0.295347 -0.076237
v -0.089087 0.356591 -0.107727
v -0.293386 0.682725 -0.247730
v -0.297740 0.761385 -0.313622
v -0.210856 0.756103 -0.336559
v -0.207947 0.675791 -0.270020
v -0.202953 0.893616 -0.435601
v -0.286058 0.900388 -0.415138
v -0.272904 1.004317 -0.485486
v -0.193138 0.997982 -0.504364
v -0.099346 1.082455 -0.581389
v -0.094793 1.124984 -0.609666
v -0.195488 0.313383 -0.074434
v -0.229704 0.375833 -0.101942
v -0.163082 0.364026 -0.106575
v -0.142541 0.301685 -0.076315
v -0.098903 0.456788 -0.153315
v -0.108254 0.577087 -0.215124
v -0.114420 0.674319 -0.282861
v -0.115991 0.755769 -0.351185
v -0.257230 0.474598 -0.138313
v -0.278867 0.588481 -0.187986
v -0.197313 0.580141 -0.206588
v -0.181115 0.463913 -0.147969
v -0.110919 0.891714 -0.449530
v -0.105673 0.994855 -0.516854
v -0.306028 0.462937 -0.107343
v -0.266853 0.383840 -0.049043
v -0.347961 0.844048 -0.291958
v -0.183941 0.304813 -0.061188
v -0.244224 1.149840 -0.573847
v -0.274179 1.147849 -0.514341
v -0.235377 1.160462 -0.537481
v -0.332771 0.993492 -0.434116
v -0.228433 0.337032 -0.035741
v -0.230136 0.327072 -0.062532
v -0.108371 1.160938 -0.564688
v -0.077541 0.287218 -0.061122
v -0.108881 1.153496 -0.608596
v -0.172515 1.157919 -0.551109
v -0.091423 0.301343 -0.021308
v -0.282054 1.135597 -0.548874
v 0.035548 1.153641 -0.615543
v -0.029294 1.158273 -0.571288
v -0.302363 0.473947 -0.076979
v -0.182657 1.152111 -0.592320
v -0.351269 0.676834 -0.200375
v -0.327516 0.587785 -0.117306
v -0.345775 0.687529 -0.169319
v -0.269424 0.372779 -0.078784
v -0.356027 0.828503 -0.323135
v -0.351110 0.765327 -0.232655
v 0.191940 0.322050 -0.027632
v -0.333353 0.577459 -0.148249
v -0.299754 1.105653 -0.471899
v -0.308201 1.088706 -0.506858
v -0.326644 1.009119 -0.400553
v -0.360071 0.757131 -0.265582
v -0.147324 0.309561 -0.022750
v -0.135280 0.293241 -0.061343
v -0.192693 0.320666 -0.027309
v 0.000172 0.286146 -0.061157
v -0.118180 1.112411 -0.466952
v -0.028724 1.104928 -0.468634
v -0.027675 1.138873 -0.531922
v -0.112993 1.143913 -0.524995
v -0.128981 0.871714 -0.316259
v -0.022176 0.860941 -0.320621
v -0.023945 0.957455 -0.343766
v -0.108420 0.969553 -0.342408
v 0.191644 1.114966 -0.461326
v 0.256807 1.113796 -0.456807
v 0.235743 1.152710 -0.504928
v 0.172311 1.147113 -0.514235
v 0.028144 0.360185 -0.024611
v 0.030202 0.316165 -0.014485
v 0.094673 0.316844 -0.013867
v 0.103998 0.358692 -0.020394
v 0.301488 0.677678 -0.151828
v 0.306228 0.764095 -0.215787
v 0.197285 0.737509 -0.210252
v 0.193470 0.650109 -0.144700
v 0.199235 0.890394 -0.317968
v 0.286390 0.915345 -0.327700
v 0.284568 1.012176 -0.376008
v 0.212482 1.001505 -0.351831
v 0.202286 0.336995 -0.023204
v 0.228687 0.382461 -0.032898
v 0.166224 0.375786 -0.027976
v 0.154381 0.328115 -0.016818
v 0.017344 0.517469 -0.091677
v 0.024741 0.422173 -0.048111
v 0.127043 0.432510 -0.042398
v 0.142428 0.530429 -0.081682
v 0.022014 0.690091 -0.198227
v 0.021146 0.607360 -0.141152
v 0.145575 0.625795 -0.133139
v 0.146831 0.714849 -0.196217
v 0.260727 0.464877 -0.055679
v 0.288020 0.579880 -0.097765
v 0.179012 0.557017 -0.090370
v 0.176710 0.449879 -0.051179
v 0.180178 1.084774 -0.570276
v 0.172157 1.125725 -0.598207
v 0.240708 1.127479 -0.579264
v 0.252860 1.090210 -0.551709
v 0.089989 0.356639 -0.108023
v 0.080657 0.295223 -0.076266
v 0.000236 0.294194 -0.076325
v 0.293215 0.681604 -0.248476
v 0.207025 0.675176 -0.269918
v 0.210286 0.755344 -0.336997
v 0.297375 0.760951 -0.313907
v 0.204195 0.893396 -0.436191
v 0.193575 0.997934 -0.504412
v 0.272804 1.003904 -0.485878
v 0.286273 0.900292 -0.416204
v 0.099380 1.082381 -0.581396
v 0.094788 1.124987 -0.609677
v 0.195247 0.313865 -0.074500
v 0.142553 0.302067 -0.076397
v 0.162726 0.364980 -0.106975
v 0.228632 0.376344 -0.102240
v 0.109329 0.576389 -0.215333
v 0.100277 0.457108 -0.152504
v 0.116920 0.755093 -0.351806
v 0.115540 0.673644 -0.283429
v 0.256027 0.475362 -0.138209
v 0.180498 0.464587 -0.147133
v 0.196769 0.580512 -0.205385
v 0.278368 0.589549 -0.188821
v 0.114393 0.891449 -0.449424
v 0.107283 0.994829 -0.516974
v 0.306124 0.463206 -0.107604
v 0.183774 0.305292 -0.061270
v 0.227786 0.337738 -0.035819
v 0.343999 0.688280 -0.170836
v 0.245182 1.149223 -0.573237
v 0.332166 0.989809 -0.433101
v 0.302272 1.107187 -0.472197
v 0.091661 0.301278 -0.021396
v 0.229814 0.327399 -0.062570
v 0.077617 0.287074 -0.061140
v 0.147299 0.310512 -0.023202
v 0.346649 0.840751 -0.291886
v 0.108428 1.153737 -0.608684
v 0.275164 1.149529 -0.514558
v 0.282245 1.135893 -0.549204
v 0.303051 0.474749 -0.077419
v -0.033560 1.152372 -0.613628
v 0.171704 1.160140 -0.549804
v 0.182644 1.152856 -0.594054
v 0.030270 0.300112 -0.021575
v 0.351692 0.677879 -0.202304
v 0.266171 0.384093 -0.049169
v 0.269227 0.372807 -0.078911
v -0.345664 0.896149 -0.370532
v 0.355862 0.829527 -0.323325
v 0.326007 0.590391 -0.119638
v 0.333830 0.579038 -0.149285
v 0.328472 1.004444 -0.399117
v 0.308099 1.089191 -0.506924
v 0.351176 0.767496 -0.232681
v 0.360127 0.756269 -0.264562
v 0.235514 1.160373 -0.536279
v 0.135302 0.293492 -0.061423
v -0.030454 0.299916 -0.021356
v 0.103215 1.162903 -0.566798
v 0.125669 1.112870 -0.467099
v 0.112474 1.144540 -0.521335
v 0.028886 1.144204 -0.531843
v 0.031013 1.109612 -0.466076
v 0.132812 0.867293 -0.317233
v 0.130539 0.972138 -0.357280
v 0.052943 0.957741 -0.342432
v 0.030491 0.861343 -0.320862
v 0.020310 0.774363 -0.256779
v 0.144312 0.798317 -0.257113
v 0.346498 0.895949 -0.370133
v 0.115848 0.824126 -0.403714
v 0.293242 0.830769 -0.367637
v 0.208071 0.824950 -0.388769
v 0.304831 0.839311 -0.271108
v 0.195800 0.818428 -0.266751
v -0.015614 0.777195 -0.255888
v -0.148340 0.799901 -0.262072
v 0.333365 0.913023 -0.341934
v -0.336351 0.912910 -0.341807
v -0.114235 0.824836 -0.403632
v -0.293288 0.830893 -0.367435
v -0.207874 0.825597 -0.389132
v -0.299691 0.840221 -0.270860
v -0.192632 0.816531 -0.262779
v -0.280261 0.377715 -0.065917
v -0.279832 0.379665 -0.060717
v -0.235671 0.331056 -0.045349
v -0.235992 0.329095 -0.050623
v -0.288592 1.144656 -0.534134
v -0.287296 1.146733 -0.528530
v -0.316758 1.101282 -0.484580
v -0.317999 1.098728 -0.489793
v -0.180431 0.302314 -0.043366
v -0.191528 0.308090 -0.038718
v -0.144575 0.294309 -0.036316
v -0.131768 0.290031 -0.041663
v -0.178480 1.163349 -0.579958
v -0.176774 1.164088 -0.573780
v -0.241652 1.162680 -0.556526
v -0.243013 1.160722 -0.562409
v -0.032750 1.164389 -0.602692
v -0.032230 1.166117 -0.596100
v -0.105857 1.167917 -0.590707
v -0.106274 1.166425 -0.597232
v -0.346574 0.585121 -0.133823
v -0.345526 0.586872 -0.128983
v -0.318166 0.471296 -0.088895
v -0.318797 0.469458 -0.093882
v -0.370849 0.764445 -0.248009
v -0.368908 0.765866 -0.242842
v -0.363698 0.686566 -0.181310
v -0.364570 0.684564 -0.186613
v -0.343406 1.001845 -0.419956
v -0.342558 1.004470 -0.414680
v -0.355499 0.908733 -0.351001
v -0.357463 0.906397 -0.355437
v -0.075964 0.283959 -0.041246
v -0.090574 0.286585 -0.035646
v -0.030685 0.284721 -0.035613
v 0.235687 0.329388 -0.050654
v 0.235306 0.331412 -0.045381
v 0.279723 0.379667 -0.060847
v 0.280204 0.377688 -0.066055
v 0.318412 1.098820 -0.489931
v 0.317529 1.101459 -0.484767
v 0.287641 1.147098 -0.528747
v 0.288742 1.144845 -0.534234
v 0.131795 0.290248 -0.041762
v 0.144601 0.294713 -0.036520
v 0.191202 0.308817 -0.038871
v 0.180253 0.302888 -0.043489
v 0.243707 1.160786 -0.562191
v 0.242078 1.162603 -0.556008
v 0.176354 1.166055 -0.575141
v 0.178574 1.164548 -0.581515
v 0.105703 1.166484 -0.597505
v 0.104767 1.167990 -0.591356
v 0.033424 1.167735 -0.598243
v 0.034286 1.166223 -0.604291
v 0.318783 0.469848 -0.093980
v 0.317994 0.471866 -0.088977
v 0.344837 0.588501 -0.129702
v 0.346370 0.586659 -0.134635
v 0.365382 0.685137 -0.186102
v 0.363992 0.687046 -0.181260
v 0.369949 0.767761 -0.245916
v 0.371139 0.765768 -0.249794
v 0.357545 0.906606 -0.356290
v 0.354851 0.909120 -0.351231
v 0.342248 1.003499 -0.412782
v 0.344258 1.000730 -0.419519
v 0.000143 0.282881 -0.041279
v 0.030575 0.284686 -0.035654
v 0.090663 0.286449 -0.035719
v 0.076037 0.283802 -0.041258
v -0.367027 0.840734 -0.303304
v -0.368397 0.838604 -0.307910
v 0.367397 0.838153 -0.308034
v 0.366177 0.840012 -0.303215
v 0.030933 1.161824 -0.574214
v 0.218339 0.302739 -0.095185
v 0.367366 0.787062 -0.322809
v 0.320782 1.061359 -0.502529
v 0.273861 1.150260 -0.582459
v 0.309402 0.397770 -0.124873
v 0.354959 0.626339 -0.200503
v 0.288894 0.358928 -0.113366
v 0.271272 0.336336 -0.104886
v 0.239674 0.314896 -0.098936
v 0.289116 1.143357 -0.569345
v 0.300553 1.129604 -0.553594
v 0.310307 1.103933 -0.532295
v 0.091303 0.272913 -0.090925
v 0.031306 0.271582 -0.090925
v 0.202477 0.297886 -0.093809
v 0.167313 0.285565 -0.091437
v 0.153056 0.279667 -0.091980
v 0.193747 1.157944 -0.618889
v 0.225192 1.156758 -0.607667
v 0.263065 1.152257 -0.588833
v 0.041265 1.156345 -0.642199
v 0.121291 1.157745 -0.635112
v 0.346965 0.572680 -0.178051
v 0.337496 0.511502 -0.157631
v 0.325369 0.450600 -0.139739
v 0.369906 0.738998 -0.284409
v 0.367694 0.702067 -0.252276
v 0.362216 0.667452 -0.224834
v 0.333592 0.999469 -0.462661
v 0.347187 0.926151 -0.416212
v 0.359225 0.851862 -0.367992
v 0.217738 1.114880 -0.575800
v 0.288273 1.116462 -0.549841
v 0.195669 1.145649 -0.606717
v 0.229121 1.145527 -0.595348
v 0.274642 1.144019 -0.575965
v 0.050985 0.311967 -0.104766
v 0.048233 0.283177 -0.094321
v 0.119424 0.316014 -0.104659
v 0.110634 0.286332 -0.094444
v 0.340565 0.673537 -0.238886
v 0.345736 0.762969 -0.311366
v 0.249585 0.670042 -0.263280
v 0.253437 0.762778 -0.340800
v 0.244044 0.888139 -0.429434
v 0.331541 0.888847 -0.399912
v 0.228919 1.027506 -0.517548
v 0.307768 1.029864 -0.489933
v 0.142563 1.112172 -0.594433
v 0.121705 1.144095 -0.622798
v 0.062127 1.109026 -0.603059
v 0.041290 1.141927 -0.629494
v 0.225668 0.310666 -0.098091
v 0.259412 0.341579 -0.108403
v 0.169123 0.295551 -0.095454
v 0.188879 0.326299 -0.105867
v 0.062031 0.518754 -0.196964
v 0.055903 0.391776 -0.137928
v 0.145847 0.521860 -0.191483
v 0.132310 0.396032 -0.136035
v 0.069119 0.763016 -0.374576
v 0.068040 0.667058 -0.291920
v 0.161278 0.762799 -0.362952
v 0.158785 0.667782 -0.281872
v 0.296421 0.420358 -0.132657
v 0.320231 0.539346 -0.170832
v 0.212725 0.406026 -0.134167
v 0.232038 0.529061 -0.182310
v 0.155979 0.887177 -0.451176
v 0.147898 1.024611 -0.537388
v 0.067026 0.886137 -0.461991
v 0.063967 1.021694 -0.546622
v 0.220760 0.290814 -0.119140
v 0.374289 0.772673 -0.342807
v 0.329123 1.049159 -0.523396
v 0.281038 1.133039 -0.599941
v 0.310897 0.389868 -0.149146
v 0.360825 0.614100 -0.222243
v 0.289999 0.350570 -0.137507
v 0.272512 0.327063 -0.128690
v 0.241607 0.303980 -0.122010
v 0.296698 1.127109 -0.587619
v 0.308687 1.115218 -0.573128
v 0.318655 1.090922 -0.552670
v 0.043300 1.037383 -0.587823
v 0.129243 1.040565 -0.581134
v 0.046872 0.772038 -0.416664
v 0.140924 0.772059 -0.407541
v 0.091731 0.265686 -0.115447
v 0.031369 0.264222 -0.115411
v 0.204809 0.286269 -0.117936
v 0.177553 0.278186 -0.116759
v 0.154368 0.271028 -0.116019
v 0.351393 0.772654 -0.350690
v 0.266670 0.772417 -0.377910
v 0.310169 1.048489 -0.530607
v 0.239085 1.045634 -0.555372
v 0.199157 1.140781 -0.637058
v 0.240586 1.138426 -0.620936
v 0.270108 1.135010 -0.606344
v 0.042253 1.139441 -0.661363
v 0.124421 1.140772 -0.653984
v 0.351900 0.562809 -0.201144
v 0.341148 0.502937 -0.181458
v 0.327769 0.442656 -0.163930
v 0.290472 0.385730 -0.148946
v 0.216107 0.371314 -0.148298
v 0.036626 0.353426 -0.149701
v 0.110979 0.356824 -0.148622
v 0.376317 0.723092 -0.303390
v 0.373860 0.685753 -0.270975
v 0.368383 0.652524 -0.244712
v 0.044929 0.597884 -0.271407
v 0.135127 0.599279 -0.264738
v 0.338556 0.612290 -0.227357
v 0.256364 0.605761 -0.244943
v 0.341746 0.987515 -0.483740
v 0.355023 0.913925 -0.437258
v 0.366655 0.838882 -0.388738
v 0.233184 1.087847 -0.583706
v 0.300742 1.090355 -0.559665
v 0.228440 1.113844 -0.603426
v 0.292042 1.115039 -0.579937
v 0.224052 1.128994 -0.617339
v 0.282095 1.127729 -0.594256
v 0.034910 0.314616 -0.133518
v 0.033526 0.290037 -0.123905
v 0.032370 0.275026 -0.118669
v 0.105374 0.317864 -0.133147
v 0.100426 0.292855 -0.123872
v 0.095936 0.277228 -0.118731
v 0.345826 0.651421 -0.250980
v 0.350978 0.685206 -0.278074
v 0.353257 0.722922 -0.311021
v 0.262413 0.647453 -0.272603
v 0.266357 0.683264 -0.302641
v 0.267987 0.722253 -0.337407
v 0.261894 0.838145 -0.423844
v 0.344400 0.838778 -0.396630
v 0.254710 0.912111 -0.471598
v 0.333764 0.913604 -0.444989
v 0.246625 0.984579 -0.516911
v 0.321650 0.986964 -0.491217
v 0.127141 1.083007 -0.608727
v 0.125808 1.110321 -0.628156
v 0.124955 1.127689 -0.642161
v 0.042731 1.079728 -0.615200
v 0.042431 1.107429 -0.634741
v 0.042297 1.125526 -0.649101
v 0.227574 0.299884 -0.121221
v 0.249877 0.319076 -0.127894
v 0.271308 0.346435 -0.136847
v 0.178145 0.288162 -0.119530
v 0.189385 0.305691 -0.125543
v 0.203076 0.332089 -0.134621
v 0.043123 0.539689 -0.237266
v 0.040961 0.473657 -0.203796
v 0.038708 0.408642 -0.173736
v 0.129997 0.541821 -0.232048
v 0.123843 0.476422 -0.200124
v 0.117295 0.411859 -0.171509
v 0.047097 0.721888 -0.375455
v 0.046864 0.681440 -0.338441
v 0.046168 0.642973 -0.304518
v 0.141588 0.721723 -0.366340
v 0.140833 0.681526 -0.329756
v 0.138735 0.643630 -0.296663
v 0.306312 0.438829 -0.164727
v 0.319212 0.499665 -0.183627
v 0.329779 0.560234 -0.204825
v 0.228124 0.425410 -0.167492
v 0.238981 0.488101 -0.191091
v 0.248474 0.551049 -0.217486
v 0.138781 0.836903 -0.453153
v 0.135660 0.909396 -0.499883
v 0.132259 0.980383 -0.543875
v 0.046194 0.836214 -0.461853
v 0.045224 0.907769 -0.507887
v 0.044180 0.977826 -0.551134
v -0.218339 0.302739 -0.095185
v -0.367366 0.787062 -0.322809
v -0.320782 1.061359 -0.502529
v -0.273861 1.150260 -0.582459
v -0.309401 0.397770 -0.124873
v -0.354959 0.626339 -0.200503
v -0.288894 0.358928 -0.113366
v -0.271272 0.336336 -0.104886
v -0.239674 0.314896 -0.098936
v -0.289116 1.143357 -0.569345
v -0.300553 1.129604 -0.553594
v -0.310307 1.103933 -0.532295
v -0.091303 0.272913 -0.090925
v -0.031306 0.271582 -0.090925
v -0.202477 0.297886 -0.093809
v -0.167313 0.285565 -0.091437
v -0.153056 0.279667 -0.091980
v -0.193747 1.157944 -0.618889
v -0.225192 1.156758 -0.607667
v -0.263065 1.152257 -0.588833
v -0.041265 1.156345 -0.642199
v -0.121291 1.157745 -0.635112
v -0.346965 0.572680 -0.178051
v -0.337496 0.511502 -0.157631
v -0.325369 0.450600 -0.139739
v -0.369906 0.738998 -0.284409
v -0.367694 0.702067 -0.252276
v -0.362216 0.667452 -0.224834
v -0.333592 0.999469 -0.462661
v -0.347187 0.926151 -0.416212
v -0.359226 0.851862 -0.367992
v -0.217738 1.114880 -0.575800
v -0.288273 1.116462 -0.549841
v -0.195669 1.145649 -0.606717
v -0.229121 1.145527 -0.595348
v -0.274642 1.144019 -0.575965
v -0.050985 0.311967 -0.104766
v -0.048233 0.283177 -0.094321
v -0.119424 0.316014 -0.104659
v -0.110634 0.286332 -0.094444
v -0.340565 0.673537 -0.238886
v -0.345736 0.762969 -0.311366
v -0.249585 0.670042 -0.263280
v -0.253437 0.762778 -0.340800
v -0.244044 0.888139 -0.429434
v -0.331541 0.888847 -0.399912
v -0.228919 1.027506 -0.517548
v -0.307768 1.029864 -0.489933
v -0.142562 1.112172 -0.594433
v -0.121705 1.144095 -0.622798
v -0.062127 1.109026 -0.603059
v -0.041290 1.141927 -0.629495
v -0.225668 0.310666 -0.098091
v -0.259412 0.341579 -0.108403
v -0.169123 0.295551 -0.095454
v -0.188879 0.326299 -0.105867
v -0.062031 0.518754 -0.196964
v -0.055903 0.391776 -0.137928
v -0.145847 0.521860 -0.191483
v -0.132310 0.396032 -0.136035
v -0.069119 0.763016 -0.374576
v -0.068040 0.667058 -0.291920
v -0.161278 0.762799 -0.362952
v -0.158785 0.667782 -0.281872
v -0.296421 0.420358 -0.132657
v -0.320231 0.539346 -0.170832
v -0.212725 0.406026 -0.134167
v -0.232038 0.529061 -0.182310
v -0.155979 0.887177 -0.451176
v -0.147898 1.024611 -0.537388
v -0.067026 0.886137 -0.461991
v -0.063967 1.021694 -0.546622
v -0.220760 0.290814 -0.119232
v -0.374289 0.772673 -0.342807
v -0.329123 1.049159 -0.523396
v -0.281038 1.133039 -0.599941
v -0.310897 0.389868 -0.149146
v -0.360825 0.614100 -0.222243
v -0.289999 0.350570 -0.137507
v -0.272512 0.327063 -0.128690
v -0.241607 0.303980 -0.122010
v -0.296698 1.127109 -0.587619
v -0.308687 1.115218 -0.573128
v -0.318655 1.090922 -0.552670
v -0.043300 1.037383 -0.587823
v -0.129243 1.040565 -0.581134
v -0.046872 0.772038 -0.416664
v -0.140924 0.772059 -0.407541
v -0.091731 0.265686 -0.115447
v -0.031369 0.264222 -0.115411
v -0.204809 0.286269 -0.118028
v -0.177553 0.278186 -0.116851
v -0.154368 0.271028 -0.116019
v -0.351393 0.772654 -0.350690
v -0.266670 0.772417 -0.377910
v -0.310169 1.048489 -0.530607
v -0.239085 1.045634 -0.555372
v -0.199157 1.140781 -0.637059
v -0.240586 1.138426 -0.620936
v -0.270108 1.135010 -0.606344
v -0.042253 1.139441 -0.661363
v -0.124421 1.140772 -0.653984
v -0.351900 0.562809 -0.201144
v -0.341148 0.502937 -0.181458
v -0.327769 0.442656 -0.163930
v -0.290472 0.385730 -0.148945
v -0.216107 0.371314 -0.148298
v -0.036626 0.353426 -0.149701
v -0.110979 0.356824 -0.148622
v -0.376317 0.723092 -0.303390
v -0.373860 0.685753 -0.270975
v -0.368383 0.652524 -0.244712
v -0.044929 0.597884 -0.271407
v -0.135127 0.599279 -0.264738
v -0.338556 0.612290 -0.227357
v -0.256364 0.605761 -0.244943
v -0.341746 0.987515 -0.483740
v -0.355023 0.913925 -0.437258
v -0.366655 0.838882 -0.388738
v -0.233184 1.087847 -0.583706
v -0.300742 1.090355 -0.559665
v -0.228440 1.113844 -0.603426
v -0.292042 1.115039 -0.579937
v -0.224052 1.128994 -0.617339
v -0.282095 1.127729 -0.594256
v -0.034911 0.314616 -0.133518
v -0.033527 0.290037 -0.123905
v -0.032370 0.275026 -0.118669
v -0.105374 0.317864 -0.133147
v -0.100426 0.292855 -0.123872
v -0.095936 0.277228 -0.118731
v -0.345826 0.651421 -0.250980
v -0.350978 0.685206 -0.278074
v -0.353257 0.722922 -0.311021
v -0.262413 0.647453 -0.272604
v -0.266357 0.683264 -0.302641
v -0.267987 0.722253 -0.337407
v -0.261894 0.838145 -0.423844
v -0.344400 0.838778 -0.396630
v -0.254710 0.912111 -0.471598
v -0.333764 0.913604 -0.444989
v -0.246625 0.984579 -0.516911
v -0.321650 0.986964 -0.491217
v -0.127141 1.083007 -0.608727
v -0.125809 1.110321 -0.628156
v -0.124955 1.127689 -0.642161
v -0.042731 1.079728 -0.615200
v -0.042431 1.107429 -0.634741
v -0.042297 1.125526 -0.649101
v -0.227574 0.299884 -0.121221
v -0.249877 0.319076 -0.127894
v -0.271308 0.346435 -0.136847
v -0.175565 0.287644 -0.119474
v -0.189385 0.305691 -0.125543
v -0.203076 0.332089 -0.134621
v -0.043123 0.539689 -0.237266
v -0.040961 0.473657 -0.203796
v -0.038708 0.408642 -0.173736
v -0.129997 0.541821 -0.232048
v -0.123843 0.476422 -0.200124
v -0.117295 0.411859 -0.171509
v -0.047097 0.721888 -0.375455
v -0.046864 0.681440 -0.338441
v -0.046168 0.642973 -0.304518
v -0.141588 0.721723 -0.366340
v -0.140833 0.681526 -0.329756
v -0.138735 0.643630 -0.296663
v -0.306312 0.438829 -0.164727
v -0.319212 0.499665 -0.183627
v -0.329779 0.560234 -0.204825
v -0.228124 0.425410 -0.167492
v -0.238981 0.488101 -0.191091
v -0.248474 0.551049 -0.217486
v -0.138781 0.836903 -0.453153
v -0.135660 0.909396 -0.499883
v -0.132259 0.980383 -0.543875
v -0.046194 0.836214 -0.461853
v -0.045224 0.907769 -0.507887
v -0.044180 0.977826 -0.551134
v -0.248951 0.589616 0.457844
v 0.004285 0.512366 0.495571
v -0.257385 0.592430 0.333008
v -0.274960 0.471893 -0.054099
v 0.005561 0.506237 0.370783
v -0.003208 0.370157 -0.008436
v -0.154131 0.534588 0.485953
v -0.135459 0.517236 0.363254
v -0.168055 0.388794 -0.007772
v -0.283424 0.558756 0.469293
v -0.000074 0.459262 0.518346
v -0.190629 0.484706 0.505791
v -0.272223 0.530329 0.067426
v -0.005480 0.432515 0.124687
v -0.146911 0.448104 0.114007
v 0.249577 0.591751 0.461078
v 0.260673 0.598112 0.331693
v 0.274756 0.471815 -0.054028
v 0.153962 0.534596 0.487307
v 0.137620 0.525556 0.360895
v 0.175535 0.393019 -0.006538
v 0.283228 0.559140 0.469019
v 0.191537 0.483742 0.506903
v 0.272141 0.527982 0.066892
v 0.150663 0.445648 0.115092
v -0.214019 0.565751 0.473339
v -0.253000 0.600359 0.419670
v -0.276891 0.497594 -0.021476
v 0.007563 0.520164 0.453564
v 0.000933 0.470541 0.250070
v -0.202557 0.567143 0.344861
v -0.233078 0.438828 -0.043092
v -0.080050 0.518134 0.493778
v -0.066865 0.514400 0.367384
v -0.081194 0.374669 -0.011540
v -0.140438 0.484563 0.239652
v -0.142862 0.531811 0.443656
v -0.255367 0.523861 0.489358
v -0.296553 0.559595 0.434633
v -0.000016 0.437244 0.482302
v -0.100206 0.465950 0.515513
v -0.204130 0.459632 0.472829
v -0.263778 0.564391 0.201342
v -0.007332 0.399073 0.037430
v -0.161492 0.407069 0.031609
v -0.071866 0.440961 0.122058
v -0.214560 0.495834 0.088072
v 0.216557 0.568465 0.472388
v 0.255388 0.604717 0.421141
v 0.276657 0.497337 -0.021073
v 0.196716 0.567398 0.344728
v 0.232620 0.434302 -0.034595
v 0.075468 0.519082 0.496678
v 0.064898 0.513015 0.369494
v 0.082971 0.374547 -0.010415
v 0.140066 0.492219 0.237268
v 0.143299 0.537582 0.443470
v 0.255834 0.524622 0.488949
v 0.296873 0.560233 0.434428
v 0.099267 0.464527 0.516172
v 0.204085 0.460161 0.471536
v 0.266532 0.568072 0.200099
v 0.168945 0.408674 0.032255
v 0.073718 0.443746 0.120498
v 0.213787 0.494186 0.083884
v -0.204478 0.578405 0.433118
v -0.224369 0.463519 -0.003533
v -0.069154 0.402459 0.034731
v -0.069780 0.525797 0.453192
v -0.269811 0.507627 0.454725
v -0.105500 0.441187 0.480669
v -0.068409 0.478411 0.247867
v -0.207057 0.532698 0.217198
v 0.206150 0.572675 0.436422
v 0.223165 0.454041 -0.001080
v 0.078028 0.404034 0.033057
v 0.062405 0.527899 0.453409
v 0.269817 0.508592 0.453864
v 0.105415 0.441189 0.480336
v 0.071515 0.482366 0.246237
v 0.202696 0.534722 0.216523
v -0.273795 0.583758 0.469198
v 0.000359 0.489696 0.528948
v -0.302073 0.592766 0.333547
v -0.303949 0.461951 -0.062954
v -0.001062 0.328167 -0.025787
v -0.173842 0.513667 0.517475
v -0.181543 0.360868 -0.033941
v -0.320392 0.532091 0.064797
v 0.274262 0.584561 0.470252
v 0.301864 0.592900 0.333441
v 0.303838 0.461983 -0.062937
v 0.173329 0.514319 0.517114
v 0.185443 0.363045 -0.034913
v 0.320143 0.532083 0.064796
v -0.236398 0.549536 0.498091
v -0.292295 0.599566 0.421417
v -0.322122 0.500782 -0.026346
v -0.256831 0.408695 -0.059005
v -0.090556 0.495033 0.524575
v -0.095153 0.333517 -0.028823
v -0.311280 0.565626 0.200432
v 0.235992 0.549613 0.499332
v 0.292838 0.600517 0.421774
v 0.321962 0.500816 -0.026338
v 0.254682 0.409432 -0.055580
v 0.090563 0.495521 0.527097
v 0.094207 0.334091 -0.027837
v 0.311196 0.565663 0.200396
v -0.185619 0.551248 0.482942
v -0.235804 0.582100 0.465816
v -0.250957 0.596336 0.444852
v -0.255092 0.598490 0.382501
v -0.275390 0.512875 0.015717
v -0.276772 0.483582 -0.044478
v 0.007083 0.517397 0.418676
v 0.006948 0.517756 0.478093
v -0.003063 0.449487 0.185468
v 0.004476 0.487970 0.313604
v -0.162138 0.546689 0.352859
v -0.232642 0.586452 0.335990
v -0.196510 0.412280 -0.028223
v -0.258619 0.458769 -0.051569
v -0.041593 0.513879 0.494304
v -0.119003 0.524908 0.491328
v -0.039586 0.505139 0.369809
v -0.118004 0.517228 0.366341
v -0.042594 0.365187 0.002804
v -0.136302 0.383841 -0.009543
v -0.142555 0.468065 0.175754
v -0.138590 0.501900 0.304881
v -0.139079 0.528206 0.411501
v -0.147972 0.535251 0.467178
v -0.228029 0.502776 0.498880
v -0.274056 0.544620 0.478781
v -0.290138 0.560458 0.457793
v -0.300976 0.555054 0.399351
v 0.000050 0.424789 0.448356
v -0.000006 0.448172 0.505168
v -0.229612 0.444377 0.388236
v -0.284572 0.503265 0.367108
v -0.222714 0.348693 -0.010672
v -0.287661 0.403716 -0.031072
v -0.049960 0.461083 0.516936
v -0.147624 0.471243 0.512919
v -0.134374 0.417054 0.399302
v -0.131329 0.313591 0.003810
v -0.208258 0.446955 0.438922
v -0.197890 0.472079 0.495068
v -0.260162 0.580472 0.270657
v -0.268244 0.547059 0.131527
v -0.005279 0.385164 0.009836
v -0.009388 0.414576 0.074968
v -0.165584 0.397599 0.008164
v -0.154945 0.422652 0.063180
v -0.033427 0.431400 0.125111
v -0.118051 0.445962 0.118695
v -0.176510 0.473045 0.100678
v -0.245043 0.516475 0.076252
v 0.183894 0.551438 0.484257
v 0.233020 0.579670 0.467840
v 0.252185 0.599425 0.447102
v 0.258346 0.605254 0.382589
v 0.274820 0.511694 0.016508
v 0.276592 0.483522 -0.044409
v 0.156244 0.545064 0.353598
v 0.234194 0.592830 0.335342
v 0.200976 0.410123 -0.018618
v 0.258381 0.458390 -0.051874
v 0.039188 0.509990 0.489074
v 0.119752 0.526912 0.494413
v 0.034760 0.502979 0.371376
v 0.115745 0.523336 0.364985
v 0.044654 0.368235 -0.001434
v 0.129100 0.384105 -0.015287
v 0.141359 0.467494 0.174059
v 0.139426 0.509417 0.304291
v 0.140151 0.533227 0.409673
v 0.147581 0.538483 0.469212
v 0.227762 0.502556 0.498711
v 0.273987 0.545311 0.478246
v 0.290415 0.560999 0.457650
v 0.301296 0.555658 0.399055
v 0.229310 0.445654 0.386573
v 0.284762 0.503717 0.366449
v 0.222671 0.349098 -0.010396
v 0.287638 0.403769 -0.031065
v 0.049675 0.460805 0.517763
v 0.147903 0.471148 0.512696
v -0.001721 0.412544 0.401686
v 0.134111 0.417921 0.398497
v -0.001735 0.304224 0.007881
v 0.131164 0.313697 0.003806
v 0.208203 0.447424 0.437416
v 0.198375 0.471977 0.494226
v 0.263187 0.584698 0.269542
v 0.269838 0.548648 0.129805
v 0.173533 0.400941 0.010659
v 0.160797 0.420562 0.059632
v 0.036072 0.434668 0.124560
v 0.124809 0.447035 0.120023
v 0.175531 0.468761 0.098475
v 0.245352 0.516117 0.072867
v -0.166775 0.563071 0.442341
v -0.202436 0.577037 0.394155
v -0.230761 0.596229 0.424957
v -0.207977 0.572366 0.458251
v -0.179597 0.428532 0.015016
v -0.228497 0.450613 -0.027434
v -0.251019 0.482215 -0.012847
v -0.219636 0.479168 0.034696
v -0.039937 0.392134 0.040422
v -0.074878 0.389034 0.006832
v -0.133646 0.408674 0.032057
v -0.067136 0.418849 0.072158
v -0.044331 0.519369 0.453637
v -0.066118 0.524458 0.417355
v -0.121179 0.529913 0.448112
v -0.075149 0.523187 0.477233
v -0.263064 0.516029 0.477131
v -0.287821 0.535330 0.444079
v -0.274380 0.497916 0.420316
v -0.241297 0.481277 0.464701
v -0.102629 0.453073 0.503317
v -0.157982 0.446651 0.477984
v -0.107510 0.428397 0.446757
v -0.052212 0.439254 0.481694
v -0.036677 0.468890 0.251058
v -0.072076 0.458034 0.184247
v -0.113978 0.483624 0.243784
v -0.065971 0.496045 0.311793
v -0.170587 0.511761 0.228311
v -0.210779 0.514839 0.150174
v -0.237610 0.552587 0.207240
v -0.202838 0.552174 0.283817
v 0.212280 0.571460 0.458494
v 0.232402 0.597239 0.427867
v 0.199624 0.569762 0.397919
v 0.163353 0.561008 0.443286
v 0.219360 0.475770 0.036645
v 0.251165 0.484659 -0.013982
v 0.228492 0.442217 -0.021496
v 0.186389 0.421074 0.019315
v 0.075939 0.421530 0.067737
v 0.136994 0.413917 0.032518
v 0.079887 0.389300 0.006923
v 0.038937 0.395264 0.034182
v 0.067511 0.524949 0.479992
v 0.121480 0.537617 0.449005
v 0.063183 0.522503 0.417137
v 0.036787 0.513583 0.453527
v 0.241259 0.481947 0.463417
v 0.274420 0.498736 0.419187
v 0.288073 0.536143 0.443654
v 0.263107 0.516945 0.476405
v 0.052092 0.438815 0.481881
v 0.107530 0.428166 0.446378
v 0.157943 0.446922 0.476995
v 0.102552 0.452920 0.503153
v 0.068013 0.499301 0.310889
v 0.114824 0.486294 0.242399
v 0.073421 0.462536 0.181518
v 0.035028 0.469295 0.250886
v 0.199634 0.552477 0.283866
v 0.238844 0.558652 0.205762
v 0.207292 0.514547 0.147603
v 0.168186 0.512087 0.228243
v -0.275358 0.580707 0.469166
v -0.238189 0.546527 0.497598
v -0.257897 0.567932 0.486047
v -0.270986 0.584414 0.467331
v -0.234305 0.551006 0.495588
v -0.171715 0.515895 0.515052
v -0.207965 0.530277 0.509792
v -0.175859 0.510398 0.516194
v -0.302844 0.589306 0.334587
v -0.293268 0.596240 0.421948
v -0.297736 0.599314 0.383907
v -0.298456 0.592976 0.332963
v -0.288988 0.599791 0.420330
v -0.284929 0.594622 0.449172
v -0.305134 0.459656 -0.060510
v -0.316242 0.483137 -0.050888
v -0.301014 0.463520 -0.062165
v -0.318607 0.501326 -0.026141
v -0.316724 0.532336 0.064553
v -0.322910 0.516503 0.012294
v -0.183319 0.358760 -0.031867
v -0.258577 0.406919 -0.056350
v -0.222399 0.381857 -0.048743
v -0.179512 0.364106 -0.031208
v -0.254591 0.411342 -0.057960
v -0.284073 0.436459 -0.064555
v -0.091541 0.492085 0.523577
v -0.133104 0.502799 0.523398
v -0.089433 0.497226 0.521726
v 0.000513 0.491869 0.525722
v -0.045538 0.491313 0.528229
v 0.000286 0.486446 0.528261
v -0.001045 0.325749 -0.023259
v -0.096135 0.331279 -0.026198
v -0.047021 0.330713 -0.023708
v -0.001145 0.331649 -0.024715
v -0.094189 0.336909 -0.027777
v -0.142903 0.345042 -0.031070
v -0.316234 0.548820 0.129484
v -0.307556 0.565837 0.200073
v -0.306445 0.580920 0.270719
v 0.175068 0.511135 0.516575
v 0.238135 0.546614 0.498705
v 0.207525 0.530499 0.509254
v 0.171589 0.516300 0.514439
v 0.233391 0.551291 0.497226
v 0.271295 0.585608 0.468673
v 0.257966 0.568562 0.486378
v 0.275972 0.581304 0.469929
v 0.294032 0.597190 0.422408
v 0.285253 0.595239 0.449433
v 0.289665 0.601140 0.420793
v 0.298380 0.593454 0.332752
v 0.297624 0.599611 0.384018
v 0.303036 0.589650 0.334504
v 0.322730 0.516530 0.012297
v 0.316381 0.532276 0.064551
v 0.318410 0.501325 -0.026100
v 0.300863 0.463538 -0.062128
v 0.316113 0.483189 -0.050875
v 0.305099 0.459677 -0.060530
v 0.256625 0.407617 -0.053347
v 0.283961 0.436490 -0.064496
v 0.252306 0.411844 -0.054000
v 0.184394 0.366648 -0.032153
v 0.221965 0.383786 -0.043884
v 0.186928 0.360850 -0.032809
v 0.091304 0.492424 0.526457
v 0.045264 0.491708 0.526627
v 0.089632 0.497669 0.524524
v 0.133472 0.502652 0.523593
v 0.095268 0.331705 -0.025468
v 0.141115 0.343370 -0.032977
v 0.093142 0.337496 -0.026685
v 0.049887 0.330578 -0.024724
v 0.305930 0.580762 0.270729
v 0.307611 0.566130 0.199955
v 0.315558 0.548706 0.129538
v -0.257180 0.587708 0.460836
v -0.269706 0.600229 0.417778
v -0.247779 0.532428 0.494313
v -0.281248 0.566819 0.468919
v -0.222242 0.559749 0.482861
v -0.297229 0.577314 0.427836
v 0.001974 0.503566 0.508746
v 0.082662 0.510406 0.509299
v -0.084307 0.510166 0.506413
v -0.000195 0.470703 0.523604
v 0.095704 0.476345 0.521781
v -0.096762 0.477722 0.519790
v -0.275959 0.592904 0.332234
v -0.284187 0.566059 0.199646
v -0.304299 0.557278 0.346716
v -0.285095 0.469663 -0.057879
v -0.241516 0.426427 -0.051666
v -0.310411 0.441298 -0.043289
v -0.297048 0.501423 -0.023654
v 0.087534 0.358747 -0.019396
v -0.002065 0.353464 -0.017582
v -0.087068 0.358394 -0.020850
v -0.161276 0.527911 0.500384
v -0.184489 0.495870 0.510472
v -0.171203 0.379398 -0.017092
v -0.293213 0.532622 0.064766
v 0.257361 0.589437 0.463575
v 0.271477 0.603778 0.419083
v 0.221755 0.561480 0.484388
v 0.281309 0.567206 0.468970
v 0.297598 0.577911 0.427781
v 0.248107 0.533087 0.494417
v 0.278566 0.596264 0.330766
v 0.285787 0.568275 0.199121
v 0.304582 0.557643 0.346630
v 0.284898 0.469600 -0.057788
v 0.240044 0.424712 -0.044193
v 0.296389 0.501555 -0.024155
v 0.310419 0.441334 -0.043317
v 0.161862 0.527232 0.499820
v 0.184367 0.495316 0.512196
v 0.178624 0.383291 -0.016524
v 0.292882 0.531824 0.064712
v -0.176987 0.558142 0.466938
v -0.161644 0.559845 0.403708
v -0.231451 0.594492 0.386073
v -0.231700 0.589244 0.451149
v -0.174604 0.445240 0.049417
v -0.187803 0.420157 -0.010710
v -0.253848 0.469835 -0.037302
v -0.248382 0.497888 0.023856
v -0.037029 0.408560 0.075907
v -0.041552 0.376435 0.016468
v -0.135424 0.395805 0.007082
v -0.127512 0.425268 0.067568
v -0.043254 0.517790 0.476836
v -0.041851 0.518302 0.417896
v -0.120371 0.527356 0.415271
v -0.117669 0.530582 0.472835
v -0.234903 0.492403 0.487116
v -0.281417 0.540225 0.466662
v -0.292229 0.528232 0.409335
v -0.246010 0.469539 0.430597
v -0.230514 0.368193 0.110236
v -0.295922 0.429231 0.082708
v -0.295107 0.407509 0.002661
v -0.229776 0.347973 0.027572
v -0.136484 0.332538 0.126010
v -0.135848 0.312117 0.042932
v -0.051265 0.450043 0.504313
v -0.153209 0.459083 0.500399
v -0.161312 0.433359 0.444185
v -0.052870 0.427447 0.447622
v -0.142153 0.483273 0.518066
v -0.290659 0.574921 0.452536
v -0.242682 0.575559 0.474657
v -0.138434 0.369754 -0.019545
v -0.267806 0.551687 0.482885
v -0.308225 0.544345 0.285093
v -0.272654 0.599141 0.381956
v 0.041044 0.505076 0.502464
v -0.315092 0.519308 0.181058
v -0.280934 0.409660 -0.044273
v -0.293818 0.486618 -0.047259
v 0.266187 0.598766 0.445370
v -0.320960 0.459518 -0.019739
v -0.126541 0.322713 -0.011624
v -0.206612 0.401560 -0.038154
v 0.047155 0.356252 -0.012188
v 0.048018 0.472309 0.523011
v -0.193708 0.543319 0.494689
v -0.220351 0.512996 0.504134
v -0.279920 0.581078 0.269362
v -0.215061 0.356713 -0.025252
v -0.001650 0.313565 -0.007526
v -0.043571 0.354235 -0.008028
v -0.288722 0.549081 0.128933
v -0.301722 0.574824 0.391751
v -0.296217 0.516319 0.012929
v -0.322475 0.486206 0.056525
v -0.267528 0.449608 -0.058347
v -0.133450 0.399701 0.341788
v -0.133756 0.370320 0.244867
v -0.228486 0.429695 0.329483
v -0.285595 0.489742 0.306896
v -0.289445 0.463903 0.205305
v -0.225691 0.405187 0.230418
v -0.039752 0.486406 0.313547
v -0.034310 0.448392 0.187483
v -0.115236 0.465751 0.180627
v -0.114189 0.501432 0.308466
v -0.165263 0.528583 0.293928
v -0.173879 0.493866 0.162544
v -0.241314 0.534503 0.139453
v -0.234567 0.571192 0.274758
v 0.174119 0.558531 0.468633
v 0.231701 0.590014 0.454053
v 0.233298 0.599548 0.387839
v 0.156481 0.555814 0.404787
v 0.177765 0.437618 0.048489
v 0.248342 0.499120 0.023752
v 0.253731 0.470678 -0.038676
v 0.194291 0.415415 -0.002255
v 0.039646 0.416143 0.071210
v 0.131022 0.427483 0.065685
v 0.131242 0.399948 0.003921
v 0.041087 0.379292 0.012458
v 0.038069 0.512507 0.474242
v 0.118610 0.534383 0.476330
v 0.121221 0.533905 0.413699
v 0.036607 0.511667 0.420155
v 0.235064 0.492389 0.486003
v 0.246007 0.470166 0.429113
v 0.292528 0.529122 0.408690
v 0.281510 0.541057 0.466252
v 0.230033 0.369044 0.109937
v 0.229559 0.348419 0.027549
v 0.295145 0.407620 0.002613
v 0.295990 0.429450 0.082628
v -0.001857 0.323395 0.129750
v -0.001804 0.302760 0.046902
v 0.135645 0.312461 0.042890
v 0.136157 0.333134 0.125710
v 0.051184 0.449713 0.504754
v 0.052869 0.426309 0.447956
v 0.161228 0.433842 0.442941
v 0.153238 0.459142 0.499799
v 0.142247 0.483174 0.518286
v 0.193381 0.543011 0.494523
v 0.281813 0.584135 0.268816
v 0.290916 0.575535 0.452180
v 0.241078 0.575347 0.474956
v 0.268002 0.552539 0.482392
v 0.267163 0.449317 -0.058065
v 0.308455 0.544581 0.285037
v 0.315266 0.519489 0.180996
v 0.295652 0.516205 0.013360
v 0.124547 0.517172 0.506757
v 0.280661 0.409748 -0.043929
v 0.293599 0.486490 -0.047331
v 0.320992 0.459575 -0.019790
v 0.289848 0.550479 0.128502
v 0.126148 0.322677 -0.011721
v -0.043261 0.506471 0.509378
v -0.048375 0.472511 0.522570
v 0.132937 0.367986 -0.024387
v 0.219975 0.512826 0.504228
v 0.208881 0.401715 -0.029324
v 0.215373 0.357683 -0.024380
v -0.122502 0.516975 0.504374
v 0.275664 0.603608 0.381404
v 0.302045 0.575340 0.391636
v 0.322572 0.486302 0.056463
v -0.001825 0.393517 0.344533
v -0.001747 0.361556 0.248345
v 0.133529 0.370895 0.244658
v 0.133037 0.401197 0.341114
v 0.228602 0.429782 0.328673
v 0.225444 0.405751 0.230243
v 0.289680 0.463847 0.205327
v 0.285793 0.490065 0.306572
v 0.034955 0.486750 0.315303
v 0.115586 0.505731 0.307828
v 0.123094 0.463943 0.179440
v 0.035841 0.451327 0.185623
v 0.162715 0.527704 0.294612
v 0.235880 0.577875 0.273745
v 0.241837 0.538704 0.135097
v 0.172755 0.491839 0.161683
v -0.259782 0.564880 0.485449
v -0.255185 0.569111 0.483961
v -0.205580 0.532172 0.507421
v -0.210077 0.527204 0.508756
v -0.298573 0.595865 0.384723
v -0.294149 0.599480 0.383242
v -0.281785 0.595017 0.447612
v -0.286254 0.591373 0.449452
v -0.319976 0.489042 -0.036607
v -0.312960 0.484151 -0.050272
v -0.319289 0.516822 0.012237
v -0.322275 0.520918 0.040061
v -0.224249 0.380038 -0.046199
v -0.220268 0.384865 -0.047300
v -0.281510 0.438614 -0.063614
v -0.285581 0.434505 -0.061957
v -0.134550 0.499547 0.522578
v -0.131448 0.505025 0.520539
v -0.045107 0.493576 0.525408
v -0.045994 0.488175 0.527470
v -0.047564 0.328197 -0.021479
v -0.046379 0.334510 -0.021790
v -0.142196 0.348719 -0.029425
v -0.144186 0.342786 -0.028628
v -0.314480 0.553755 0.166222
v -0.312528 0.549060 0.129141
v -0.302664 0.581095 0.270384
v -0.307294 0.577486 0.271835
v 0.209650 0.527462 0.508752
v 0.205239 0.532329 0.506803
v 0.255022 0.569794 0.484294
v 0.260073 0.565461 0.485845
v 0.286754 0.591839 0.449660
v 0.282192 0.595968 0.448036
v 0.294472 0.600187 0.383394
v 0.298764 0.596332 0.384765
v 0.322273 0.521019 0.040026
v 0.319047 0.516802 0.012267
v 0.312835 0.484164 -0.050282
v 0.319941 0.489095 -0.036634
v 0.285544 0.434513 -0.061967
v 0.281332 0.438618 -0.063514
v 0.220046 0.386753 -0.041724
v 0.223808 0.381838 -0.041790
v 0.045715 0.488476 0.526312
v 0.044606 0.494059 0.523057
v 0.132016 0.504897 0.521143
v 0.134857 0.499428 0.522886
v 0.142399 0.341253 -0.030397
v 0.139948 0.346822 -0.031757
v 0.049605 0.333837 -0.023487
v 0.050303 0.328057 -0.022539
v 0.307205 0.577727 0.271820
v 0.302601 0.581196 0.270245
v 0.311999 0.549015 0.129300
v 0.314425 0.553902 0.166176
v -0.265121 0.596425 0.443842
v -0.000000 0.232380 0.000024
v 0.023047 0.245594 -0.069013
v -0.023094 0.245598 -0.068999
v 0.060375 0.253467 -0.043074
v 0.074643 0.266010 -0.001035
v 0.060403 0.278347 0.041074
v 0.023094 0.285683 0.067195
v -0.023048 0.285687 0.067210
v -0.060374 0.278358 0.041112
v -0.074643 0.266023 -0.000988
v -0.060404 0.253478 -0.043036
v -0.016637 0.248338 -0.051823
v -0.010865 0.236688 -0.033112
v -0.013352 0.246391 -0.042218
v 0.010847 0.236686 -0.033118
v 0.016608 0.248335 -0.051832
v 0.013329 0.246389 -0.042225
v -0.043589 0.271259 0.027933
v -0.028444 0.252144 0.018779
v -0.035034 0.264056 0.022166
v -0.035200 0.246483 -0.001087
v -0.053913 0.262641 -0.002562
v -0.043342 0.257408 -0.002425
v 0.043606 0.271252 0.027910
v 0.028455 0.252139 0.018764
v 0.035048 0.264051 0.022147
v 0.010814 0.255535 0.031097
v 0.016618 0.276448 0.046824
v 0.013332 0.268096 0.037396
v 0.028474 0.240551 -0.020930
v 0.043600 0.253869 -0.033078
v 0.035045 0.250658 -0.027054
v -0.028485 0.240555 -0.020915
v -0.043618 0.253876 -0.033054
v -0.035059 0.250663 -0.027035
v -0.010796 0.255537 0.031103
v -0.016590 0.276451 0.046833
v -0.013309 0.268098 0.037403
v 0.035200 0.246478 -0.001105
v 0.053913 0.262633 -0.002591
v 0.043342 0.257402 -0.002448
v -0.000032 0.244313 -0.072439
v 0.043857 0.248744 -0.058894
v 0.070983 0.259463 -0.023151
v 0.070998 0.272511 0.021097
v 0.043896 0.282887 0.056958
v 0.000032 0.286459 0.070784
v -0.043857 0.282894 0.056986
v -0.070983 0.272524 0.021142
v -0.070998 0.259476 -0.023107
v -0.043896 0.248752 -0.058866
v 0.051273 0.267168 0.013459
v 0.041217 0.260907 0.010500
v 0.033469 0.249435 0.009365
v -0.031641 0.274461 0.039432
v -0.025420 0.266539 0.031440
v -0.020634 0.254176 0.026295
v -0.031682 0.250516 -0.044465
v -0.025456 0.248084 -0.036287
v -0.020691 0.238290 -0.028369
v 0.051270 0.258051 -0.018626
v 0.041214 0.253871 -0.015391
v 0.033478 0.243378 -0.011534
v 0.000005 0.277049 0.049406
v 0.000006 0.268580 0.039471
v 0.000007 0.255913 0.032785
v -0.051279 0.258059 -0.018599
v -0.041222 0.253877 -0.015368
v -0.033484 0.243383 -0.011517
v 0.031657 0.250511 -0.044482
v 0.025436 0.248080 -0.036301
v 0.020675 0.238287 -0.028380
v 0.031665 0.274457 0.039415
v 0.025440 0.266535 0.031426
v 0.020649 0.254173 0.026284
v -0.051263 0.267176 0.013486
v -0.041209 0.260913 0.010522
v -0.033463 0.249439 0.009382
v -0.000004 0.247483 -0.054331
v -0.000006 0.245775 -0.044193
v -0.000008 0.236268 -0.034788
v 0.000000 0.269450 -0.002023
v -0.000008 0.232340 -0.029134
v -0.009018 0.232342 -0.027704
v 0.017132 0.232348 -0.023570
v 0.009002 0.232342 -0.027709
v 0.027728 0.232368 -0.008994
v 0.023584 0.232357 -0.017121
v 0.027733 0.232393 0.009026
v 0.029157 0.232380 0.000016
v 0.017145 0.232413 0.023608
v 0.023594 0.232404 0.017155
v 0.000008 0.232421 0.029181
v 0.009018 0.232419 0.027752
v -0.017132 0.232413 0.023617
v -0.009002 0.232419 0.027757
v -0.027728 0.232393 0.009042
v -0.023584 0.232404 0.017169
v -0.027733 0.232368 -0.008979
v -0.029157 0.232380 0.000032
v -0.017145 0.232348 -0.023560
v -0.023594 0.232357 -0.017108
v -0.000022 0.247959 -0.073506
v -0.023084 0.249244 -0.070065
v 0.043847 0.252390 -0.059960
v 0.023038 0.249239 -0.070080
v 0.070974 0.263100 -0.024222
v 0.060366 0.257103 -0.044145
v 0.070989 0.276142 0.020024
v 0.074634 0.269646 -0.002106
v 0.043887 0.286518 0.055885
v 0.060394 0.281979 0.040001
v 0.000023 0.290090 0.069711
v 0.023085 0.289314 0.066122
v -0.043848 0.286526 0.055913
v -0.023039 0.289318 0.066137
v -0.070974 0.276155 0.020069
v -0.060365 0.281990 0.040039
v -0.070989 0.263113 -0.024178
v -0.074634 0.269660 -0.002059
v -0.043887 0.252398 -0.059933
v -0.060395 0.257114 -0.044107
v -0.491252 0.696373 0.386227
v -0.493744 0.658055 -0.227219
v -0.351217 0.647252 0.415659
v -0.369739 0.590882 -0.214086
v -0.251119 0.472432 0.487583
v -0.000000 0.429747 0.504866
v -0.000000 0.249504 -0.115245
v -0.437307 0.653488 -0.233190
v -0.430289 0.692748 0.395506
v 0.491252 0.696373 0.386227
v 0.493744 0.658055 -0.227219
v 0.351217 0.647252 0.415659
v 0.369739 0.590882 -0.214086
v 0.251119 0.472432 0.487582
v 0.437307 0.653488 -0.233190
v 0.430289 0.692748 0.395506
v -0.454927 0.655851 -0.233665
v -0.470622 0.657127 -0.233207
v -0.483674 0.657722 -0.231209
v -0.409678 0.688677 0.397078
v -0.389004 0.681626 0.400032
v -0.369448 0.669680 0.405451
v -0.342683 0.453261 -0.173978
v -0.357034 0.529336 -0.196004
v -0.334129 0.608455 0.432301
v -0.315018 0.559966 0.452331
v -0.288984 0.512085 0.471733
v -0.080575 0.250507 -0.115545
v -0.157578 0.257637 -0.117640
v -0.199283 0.447354 0.497643
v -0.137742 0.434870 0.502740
v -0.070271 0.430380 0.504600
v -0.502548 0.692402 0.323766
v -0.501184 0.694623 0.359043
v -0.497733 0.695803 0.377523
v -0.499874 0.658579 -0.219268
v -0.503105 0.659704 -0.201691
v -0.504253 0.661870 -0.167303
v -0.503996 0.670823 -0.023508
v -0.503251 0.683376 0.178787
v -0.385077 0.625399 -0.224667
v -0.401617 0.641264 -0.229712
v -0.419092 0.649337 -0.232109
v -0.480529 0.696601 0.390703
v -0.466525 0.696300 0.393214
v -0.449566 0.695124 0.394510
v 0.454927 0.655851 -0.233665
v 0.470622 0.657127 -0.233207
v 0.483674 0.657722 -0.231209
v 0.409678 0.688677 0.397078
v 0.389004 0.681626 0.400032
v 0.369448 0.669679 0.405451
v 0.342683 0.453261 -0.173978
v 0.357034 0.529336 -0.196004
v 0.334129 0.608455 0.432301
v 0.315018 0.559966 0.452331
v 0.288984 0.512085 0.471733
v 0.080575 0.250507 -0.115545
v 0.157578 0.257637 -0.117640
v 0.199283 0.447354 0.497643
v 0.137742 0.434870 0.502740
v 0.070271 0.430380 0.504600
v 0.502548 0.692402 0.323766
v 0.501183 0.694623 0.359043
v 0.497734 0.695803 0.377522
v 0.499874 0.658579 -0.219268
v 0.503105 0.659704 -0.201691
v 0.504253 0.661870 -0.167303
v 0.503996 0.670823 -0.023508
v 0.503251 0.683376 0.178787
v 0.385077 0.625399 -0.224667
v 0.401617 0.641264 -0.229712
v 0.419092 0.649337 -0.232109
v 0.480529 0.696601 0.390703
v 0.466525 0.696300 0.393214
v 0.449565 0.695124 0.394510
v -0.310084 0.362244 -0.147780
v -0.292859 0.333744 -0.139600
v -0.266791 0.305796 -0.131570
v -0.242898 0.288871 -0.126696
v 0.292800 0.334034 -0.139682
v 0.310920 0.364218 -0.148345
v 0.240365 0.287657 -0.126346
v 0.266791 0.305796 -0.131570
v -0.325716 0.397302 -0.157859
v -0.207776 0.272037 -0.121831
v 0.326773 0.400790 -0.158860
v 0.207776 0.272037 -0.121831
vn -0.8092 -0.0000 -0.5876
vn -0.3093 -0.0000 -0.9510
vn 0.3087 -0.0000 -0.9511
vn 0.8089 -0.0000 -0.5880
vn 0.7770 0.1995 -0.5970
vn 0.3272 0.1995 -0.9237
vn 1.0000 -0.0000 -0.0003
vn 0.9796 0.1995 0.0257
vn 0.8092 -0.0000 0.5876
vn 0.8079 0.1995 0.5545
vn 0.3093 -0.0000 0.9510
vn 0.2782 0.1995 0.9396
vn -0.3087 -0.0000 0.9511
vn -0.2777 0.1995 0.9397
vn -0.8089 -0.0000 0.5880
vn -0.8076 0.1995 0.5550
vn -1.0000 -0.0000 0.0003
vn -0.9795 0.1995 0.0263
vn -0.7774 0.1995 -0.5966
vn -0.3277 0.1995 -0.9235
vn -0.6559 -0.5851 0.4769
vn -0.8110 -0.5851 0.0002
vn 0.0003 -0.0000 1.0000
vn -0.3088 -0.0000 0.9511
vn -0.5880 -0.0000 -0.8089
vn 0.9511 -0.0000 0.3087
vn -0.9510 -0.0000 0.3093
vn -0.0320 -0.9994 0.0104
vn -0.0830 -0.9962 0.0270
vn 0.5876 -0.0000 -0.8092
vn -0.3110 0.0017 0.9504
vn -0.3108 0.0015 0.9505
vn -0.4129 0.0268 0.9104
vn -0.4475 0.0352 0.8936
vn -0.3071 0.0017 -0.9517
vn -0.3072 0.0015 -0.9516
vn -0.2011 0.0268 -0.9792
vn -0.1632 0.0352 -0.9860
vn 0.8078 0.0017 0.5894
vn 0.8079 0.0015 0.5893
vn 0.7383 0.0268 0.6740
vn 0.7116 0.0352 0.7017
vn -1.0000 0.0017 -0.0021
vn -1.0000 0.0015 -0.0019
vn -0.9934 0.0268 -0.1113
vn -0.9881 0.0352 -0.1495
vn 0.8102 0.0017 -0.5861
vn 0.8101 0.0015 -0.5863
vn 0.8691 0.0268 -0.4939
vn 0.8873 0.0352 -0.4599
vn -0.0002 0.7659 -0.6430
vn -0.6116 0.7659 -0.1985
vn 0.7433 -0.0000 0.6689
vn 0.4308 -0.0000 0.9025
vn 0.4226 -0.1935 0.8854
vn 0.7291 -0.1949 0.6561
vn 0.3781 0.7659 0.5201
vn 0.3113 0.0015 0.9503
vn 0.3115 0.0017 0.9502
vn 0.4480 0.0352 0.8933
vn 0.4134 0.0268 0.9102
vn 0.7256 -0.0000 0.6882
vn 0.4070 -0.0000 0.9134
vn 0.3992 -0.1949 0.8959
vn 0.7119 -0.1935 0.6751
vn -0.0575 0.9982 -0.0187
vn 0.0198 -0.9994 -0.0272
vn 0.0513 -0.9962 -0.0707
vn 0.3022 0.8579 0.4157
vn 0.2472 0.9073 0.3400
vn -0.0198 -0.9994 -0.0272
vn -0.0514 -0.9962 -0.0706
vn -0.0355 0.9982 0.0489
vn -0.9915 -0.0000 -0.1302
vn -0.8662 -0.0000 -0.4998
vn -0.8496 -0.1949 -0.4902
vn -0.9727 -0.1935 -0.1278
vn -0.8076 0.0015 0.5897
vn -0.8075 0.0017 0.5899
vn -0.7112 0.0352 0.7021
vn -0.7379 0.0268 0.6744
vn 0.3067 0.0015 -0.9518
vn 0.3065 0.0017 -0.9519
vn 0.1626 0.0352 -0.9861
vn 0.2006 0.0268 -0.9793
vn -0.8104 0.0015 -0.5858
vn -0.8106 0.0017 -0.5857
vn -0.8875 0.0352 -0.4594
vn -0.8694 0.0268 -0.4934
vn 0.3088 -0.0000 -0.9511
vn -0.0000 0.9954 -0.0960
vn -0.0000 0.9973 -0.0731
vn 0.0913 0.9954 -0.0297
vn 0.0695 0.9973 -0.0226
vn 0.6115 0.7659 -0.1989
vn 0.0355 0.9982 0.0489
vn 0.0356 0.9982 0.0489
vn 1.0000 0.0015 -0.0024
vn 1.0000 0.0017 -0.0026
vn 0.9881 0.0352 -0.1500
vn 0.9934 0.0268 -0.1119
vn 0.0575 0.9982 -0.0187
vn 0.9876 -0.0000 -0.1567
vn 0.9597 -0.2361 -0.1523
vn 0.0565 0.9954 0.0777
vn 0.0850 0.9895 0.1169
vn 0.1226 0.9780 0.1687
vn 0.1540 0.9651 0.2119
vn 0.1843 0.9496 0.2535
vn 0.2179 0.9288 0.2997
vn -0.0420 -0.9974 -0.0577
vn -0.0467 -0.9968 -0.0642
vn 0.0419 -0.9974 -0.0578
vn 0.0466 -0.9968 -0.0642
vn -0.0564 0.9954 0.0777
vn -0.0849 0.9895 0.1169
vn -0.1225 0.9780 0.1687
vn -0.1539 0.9651 0.2120
vn -0.1842 0.9496 0.2536
vn -0.2177 0.9288 0.2998
vn -0.2470 0.9073 0.3402
vn -0.0913 0.9954 -0.0296
vn -0.1374 0.9895 -0.0446
vn -0.1983 0.9780 -0.0644
vn -0.2492 0.9651 -0.0809
vn -0.2981 0.9496 -0.0968
vn -0.3524 0.9288 -0.1144
vn -0.3999 0.9073 -0.1298
vn 0.0679 -0.9974 0.0220
vn 0.0755 -0.9968 0.0245
vn 0.0831 -0.9962 0.0270
vn 0.1374 0.9895 -0.0447
vn 0.1983 0.9780 -0.0645
vn 0.2491 0.9651 -0.0810
vn 0.2981 0.9496 -0.0969
vn 0.3524 0.9288 -0.1146
vn 0.3998 0.9073 -0.1300
vn -0.0679 -0.9974 0.0221
vn -0.0755 -0.9968 0.0245
vn -0.0000 0.9895 -0.1445
vn -0.0001 0.9780 -0.2085
vn -0.0001 0.9651 -0.2620
vn -0.0001 0.9496 -0.3135
vn -0.0001 0.9288 -0.3705
vn -0.0001 0.9073 -0.4204
vn -0.0000 -0.9974 0.0714
vn -0.0000 -0.9968 0.0794
vn -0.0000 -0.9962 0.0873
vn 0.0430 0.9973 0.0591
vn -0.3019 0.8579 0.4158
vn -0.3019 0.8578 0.4158
vn 0.4887 0.8579 -0.1589
vn -0.0000 -0.9994 0.0336
vn 0.0320 -0.9994 0.0104
vn -0.0001 0.8579 -0.5139
vn -0.4888 0.8579 -0.1587
vn -0.4888 0.8578 -0.1587
vn -0.2368 0.1150 -0.9647
vn -0.1721 0.1030 -0.9797
vn -0.6711 0.1866 -0.7175
vn -0.6434 0.1827 -0.7434
vn -0.9295 0.2119 -0.3017
vn -0.7147 0.1030 0.6919
vn -0.7583 0.1150 0.6417
vn -0.9574 0.1827 0.2237
vn -0.9646 0.1866 0.1866
vn -0.5742 0.2119 0.7908
vn -0.1206 0.1866 0.9750
vn -0.0831 0.1827 0.9797
vn 0.3760 0.1150 0.9195
vn 0.4371 0.1030 0.8935
vn 0.5747 0.2119 0.7905
vn 0.0836 0.1827 0.9796
vn 0.1212 0.1866 0.9749
vn -0.4366 0.1030 0.8937
vn -0.3754 0.1150 0.9197
vn 0.7587 0.1150 0.6413
vn 0.7150 0.1030 0.6915
vn 0.9647 0.1866 0.1860
vn 0.9575 0.1827 0.2232
vn 0.9294 0.2119 -0.3023
vn 0.1715 0.1030 -0.9798
vn 0.2363 0.1150 -0.9649
vn 0.6430 0.1827 -0.7437
vn 0.6707 0.1866 -0.7179
vn -0.0003 0.2119 -0.9773
vn -0.4755 0.1866 -0.8597
vn -0.5086 0.1827 -0.8414
vn -0.8446 0.1150 -0.5229
vn -0.8788 0.1030 -0.4659
vn -0.9907 0.1150 -0.0729
vn -0.9849 0.1030 -0.1391
vn -0.8898 0.1866 0.4165
vn -0.9058 0.1827 0.3822
vn 0.8900 0.1866 0.4160
vn 0.9060 0.1827 0.3817
vn 0.9906 0.1150 -0.0734
vn 0.9848 0.1030 -0.1397
vn 0.8443 0.1150 -0.5234
vn 0.8786 0.1030 -0.4664
vn 0.4750 0.1866 -0.8599
vn 0.5082 0.1827 -0.8417
vn -0.0000 0.9982 -0.0604
vn -0.0000 0.9982 -0.0605
vn -0.0429 0.9973 0.0591
vn -0.0695 0.9973 -0.0226
vn -0.3778 0.7659 0.5203
vn 0.8787 -0.0000 -0.4774
vn 0.9945 -0.0000 -0.1048
vn 0.9754 -0.1949 -0.1028
vn 0.8621 -0.1935 -0.4684
vn -0.7252 -0.0000 0.6886
vn -0.9877 -0.0000 -0.1562
vn -0.9598 -0.2361 -0.1517
vn -0.7115 -0.1935 0.6755
vn 0.1562 -0.0000 -0.9877
vn 0.1517 -0.2361 -0.9598
vn 0.9137 -0.0000 0.4065
vn 0.5880 -0.0000 0.8088
vn 0.5767 -0.1949 0.7933
vn 0.8961 -0.1949 0.3987
vn -0.1567 -0.0000 -0.9876
vn -0.1523 -0.2361 -0.9597
vn 0.1048 -0.0000 0.9945
vn 0.1028 -0.1949 0.9754
vn 0.6689 -0.0000 -0.7433
vn 0.9510 -0.0000 -0.3093
vn 0.9327 -0.1949 -0.3034
vn 0.6561 -0.1949 -0.7291
vn -0.1042 -0.0000 0.9946
vn -0.1022 -0.1949 0.9755
vn 0.9782 -0.0000 0.2076
vn 0.9594 -0.1949 0.2037
vn -0.4303 -0.0000 0.9027
vn -0.7430 -0.0000 0.6693
vn -0.7287 -0.1949 0.6565
vn -0.4221 -0.1935 0.8856
vn -0.8911 -0.0000 -0.4537
vn -0.1825 -0.0000 -0.9832
vn -0.1791 -0.1935 -0.9646
vn -0.8659 -0.2361 -0.4409
vn -0.7069 -0.0000 0.7073
vn -0.6869 -0.2361 0.6873
vn 0.4542 -0.0000 0.8909
vn 0.4414 -0.2361 0.8657
vn -0.4537 -0.0000 0.8911
vn -0.4409 -0.2361 0.8659
vn -0.6693 -0.0000 -0.7430
vn -0.2082 -0.0000 -0.9781
vn -0.2042 -0.1949 -0.9593
vn -0.6565 -0.1949 -0.7287
vn -0.9946 -0.0000 -0.1042
vn -0.8790 -0.0000 -0.4769
vn -0.8623 -0.1935 -0.4679
vn -0.9755 -0.1949 -0.1022
vn 0.2076 -0.0000 -0.9782
vn 0.2037 -0.1949 -0.9594
vn -0.4065 -0.0000 0.9137
vn -0.3987 -0.1949 0.8961
vn 0.9914 -0.0000 -0.1308
vn 0.7073 -0.0000 0.7069
vn 0.6873 -0.2361 0.6869
vn 0.9727 -0.1935 -0.1283
vn 0.8909 -0.0000 -0.4542
vn 0.8657 -0.2361 -0.4414
vn 0.1820 -0.0000 -0.9833
vn 0.1785 -0.1935 -0.9647
vn 0.8659 -0.0000 -0.5002
vn 0.8493 -0.1949 -0.4906
vn -0.9511 -0.0000 -0.3088
vn -0.9329 -0.1949 -0.3028
vn -0.9134 -0.0000 0.4070
vn -0.8959 -0.1949 0.3992
vn -0.2072 -0.9779 -0.0272
vn 0.2072 -0.9779 -0.0273
vn 0.1482 -0.9778 0.1481
vn -0.1481 -0.9778 0.1482
vn -0.5876 -0.0000 0.8092
vn -0.5763 -0.1949 0.7937
vn -0.5002 -0.0000 -0.8659
vn -0.0003 -0.0000 -1.0000
vn -0.0003 -0.1949 -0.9808
vn -0.4906 -0.1949 -0.8493
vn 0.1517 -0.9779 0.1438
vn -0.1837 -0.9779 -0.0997
vn -0.0328 -0.9778 -0.2069
vn 0.2069 -0.9778 -0.0328
vn -0.9781 -0.0000 0.2082
vn -0.9593 -0.1949 0.2042
vn 0.4998 -0.0000 -0.8662
vn 0.4902 -0.1949 -0.8495
vn -0.0899 -0.9779 0.1887
vn 0.0380 -0.9779 -0.2055
vn 0.1866 -0.9778 -0.0952
vn 0.0952 -0.9778 0.1866
vn -0.0382 -0.9779 -0.2055
vn 0.0900 -0.9779 0.1886
vn -0.0951 -0.9778 0.1867
vn -0.1867 -0.9778 -0.0951
vn 0.1629 -0.9757 0.1466
vn 0.5413 -0.6854 0.4871
vn 0.3103 -0.6937 0.6500
vn -0.1516 -0.9779 0.1439
vn -0.0891 -0.9757 0.2002
vn -0.2960 -0.6854 0.6653
vn -0.5223 -0.6937 0.4960
vn 0.0230 -0.9757 0.2179
vn 0.0763 -0.6854 0.7242
vn -0.0456 -0.9757 -0.2143
vn -0.1467 -0.9757 -0.1628
vn -0.4874 -0.6854 -0.5410
vn -0.1516 -0.6854 -0.7122
vn -0.2084 -0.9757 -0.0677
vn -0.6926 -0.6854 -0.2248
vn -0.1628 -0.9757 0.1467
vn -0.3099 -0.6937 0.6502
vn -0.5410 -0.6854 0.4874
vn 0.0892 -0.9757 0.2002
vn 0.5226 -0.6937 0.4957
vn 0.2964 -0.6854 0.6652
vn -0.0228 -0.9757 0.2180
vn -0.0759 -0.6854 0.7242
vn -0.2144 -0.9757 0.0456
vn -0.7122 -0.6854 0.1516
vn -0.3192 -0.7106 0.6270
vn -0.6270 -0.7106 -0.3192
vn 0.4976 -0.7106 0.4973
vn -0.4973 -0.7106 0.4976
vn 0.1311 -0.6937 -0.7083
vn 0.6268 -0.7106 -0.3196
vn 0.3196 -0.7106 0.6268
vn -0.1103 -0.7106 -0.6949
vn 0.6949 -0.7106 -0.1103
vn 0.0327 -0.9778 -0.2069
vn -0.2069 -0.9778 -0.0327
vn -0.6949 -0.7106 -0.1099
vn 0.1099 -0.7106 -0.6949
vn 0.2144 -0.9757 0.0455
vn 0.7123 -0.6854 0.1512
vn 0.2084 -0.9757 -0.0678
vn 0.6925 -0.6854 -0.2252
vn 0.0455 -0.9757 -0.2144
vn -0.1315 -0.6937 -0.7082
vn 0.1512 -0.6854 -0.7123
vn 0.1466 -0.9757 -0.1629
vn 0.4871 -0.6854 -0.5413
vn -0.0001 -0.9757 -0.2191
vn -0.1096 -0.9757 -0.1898
vn -0.3643 -0.6854 -0.6305
vn -0.0002 -0.6854 -0.7282
vn -0.1898 -0.9757 -0.1095
vn -0.6307 -0.6854 -0.3639
vn -0.7141 -0.6937 -0.0938
vn -0.2180 -0.9757 -0.0228
vn -0.7242 -0.6854 -0.0759
vn -0.6331 -0.6937 -0.3435
vn -0.2002 -0.9757 0.0892
vn -0.6652 -0.6854 0.2964
vn -0.1288 -0.9757 0.1773
vn -0.4279 -0.6854 0.5892
vn 0.1289 -0.9757 0.1773
vn 0.2002 -0.9757 0.0891
vn 0.6653 -0.6854 0.2960
vn 0.4282 -0.6854 0.5890
vn 0.2179 -0.9757 -0.0230
vn 0.7242 -0.6854 -0.0763
vn 0.1837 -0.9779 -0.0998
vn 0.6329 -0.6937 -0.3439
vn 0.1898 -0.9757 -0.1096
vn 0.6305 -0.6854 -0.3643
vn 0.7141 -0.6937 -0.0942
vn 0.1095 -0.9757 -0.1898
vn 0.3639 -0.6854 -0.6307
vn -0.0000 -1.0000 -0.0000
vn -0.0000 1.0000 -0.0000
vn 0.6562 -0.5851 0.4765
vn 0.2508 -0.5851 0.7712
vn 0.2504 -0.5851 -0.7713
vn 0.6559 -0.5851 -0.4769
vn -0.6562 -0.5851 -0.4765
vn -0.2504 -0.5851 0.7713
vn 0.8110 -0.5851 -0.0002
vn -0.2508 -0.5851 -0.7712
vn 0.0530 0.9606 -0.2730
vn 0.0542 0.9679 -0.2456
vn 0.1909 0.9518 -0.2399
vn 0.1863 0.9451 -0.2684
vn 0.9122 0.3942 -0.1122
vn 0.9427 0.3278 -0.0626
vn 0.9724 0.2286 -0.0460
vn 0.9696 0.2331 -0.0743
vn 0.0499 0.9572 -0.2850
vn 0.1757 0.9435 -0.2811
vn -0.0000 0.9619 -0.2735
vn -0.0000 0.9692 -0.2464
vn -0.0000 0.5230 -0.8523
vn 0.0401 0.5150 -0.8562
vn 0.1392 0.4892 -0.8610
vn -0.0391 -0.2483 -0.9679
vn -0.0397 -0.2568 -0.9656
vn 0.6228 -0.4888 -0.6109
vn 0.5677 -0.5848 -0.5794
vn -0.0375 -0.2635 -0.9639
vn -0.0367 -0.2690 -0.9624
vn 0.6751 -0.3505 -0.6492
vn 0.6531 -0.4168 -0.6322
vn 0.8809 0.4686 -0.0670
vn 0.9076 0.4143 -0.0681
vn 0.7361 0.6732 -0.0697
vn 0.6954 0.7154 -0.0687
vn 0.4125 0.8724 -0.2623
vn 0.4352 0.8689 -0.2360
vn 0.7325 0.6572 -0.1774
vn 0.7069 0.6755 -0.2100
vn -0.1863 0.9451 -0.2684
vn -0.4352 0.8689 -0.2360
vn -0.3542 0.9108 -0.2119
vn -0.1909 0.9518 -0.2399
vn 0.9816 0.1888 -0.0280
vn 0.9794 0.1948 -0.0528
vn 0.8958 0.4218 -0.1402
vn 0.9608 0.2618 -0.0916
vn 0.5287 0.8276 -0.1889
vn 0.6580 0.7358 -0.1600
vn 0.0345 -0.2394 -0.9703
vn 0.0281 -0.2324 -0.9722
vn -0.3596 -0.7647 -0.5347
vn -0.4678 -0.6911 -0.5510
vn 0.7028 -0.0354 -0.7105
vn 0.7259 -0.0541 -0.6856
vn 0.7392 0.0528 -0.6714
vn 0.9529 0.3021 -0.0278
vn 0.9486 0.3126 -0.0493
vn -0.0000 0.9631 -0.2690
vn -0.0000 0.9587 -0.2845
vn 0.0458 0.9577 -0.2840
vn 0.0424 0.9623 -0.2685
vn 0.9718 0.2260 -0.0675
vn 0.9338 0.3524 -0.0621
vn 0.1033 0.9927 -0.0629
vn 0.1050 0.9925 -0.0629
vn 0.0539 0.9966 -0.0622
vn 0.0516 0.9967 -0.0626
vn 0.0181 0.9979 -0.0624
vn 0.0167 0.9979 -0.0626
vn 0.1012 0.9929 -0.0627
vn 0.0501 0.9968 -0.0624
vn 0.1776 0.9821 -0.0632
vn 0.1793 0.9818 -0.0627
vn 0.1486 0.6532 -0.7424
vn 0.0695 0.6579 -0.7499
vn -0.0256 0.6559 -0.7544
vn -0.1726 0.6453 -0.7442
vn -0.4513 0.6158 -0.6458
vn -0.6844 0.6408 -0.3476
vn -0.7156 0.6879 -0.1213
vn -0.7078 0.7043 -0.0552
vn 0.6341 0.7448 -0.2078
vn 0.6687 0.7113 -0.2167
vn 0.8693 0.4710 -0.1499
vn 0.8430 0.5178 -0.1461
vn 0.0162 0.9979 -0.0621
vn -0.7043 0.7086 -0.0421
vn 0.0983 0.9930 -0.0654
vn 0.0977 0.9932 -0.0635
vn 0.0490 0.9968 -0.0635
vn 0.0507 0.9965 -0.0666
vn 0.0156 0.9979 -0.0632
vn 0.0167 0.9976 -0.0664
vn 0.0818 0.7578 0.6473
vn 0.1619 0.9847 -0.0645
vn 0.0314 0.7555 0.6544
vn 0.1632 0.9845 -0.0638
vn 0.0989 0.9931 -0.0628
vn 0.0491 0.9968 -0.0624
vn 0.0157 0.9979 -0.0622
vn -0.7045 0.7085 -0.0411
vn -0.7081 0.7056 -0.0286
vn 0.1731 0.9829 -0.0634
vn -0.7157 0.6975 0.0362
vn -0.6857 0.6808 0.2574
vn -0.1873 0.7368 0.6497
vn -0.4620 0.6942 0.5520
vn -0.0483 0.7507 0.6588
vn 0.1673 0.9839 -0.0635
vn 0.9450 0.3114 -0.1002
vn 0.8283 0.5461 -0.1251
vn 0.9280 0.3594 -0.0981
vn 0.9181 0.3879 -0.0819
vn 0.9417 0.3285 -0.0730
vn 0.9323 0.3565 -0.0601
vn 0.3298 0.7170 0.6141
vn 0.6161 0.7667 -0.1806
vn 0.4821 0.6164 0.6226
vn 0.9575 0.2787 -0.0746
vn 0.8664 0.4961 -0.0573
vn 0.5981 0.5040 0.6231
vn 0.5575 0.5705 0.6031
vn 0.5719 0.5296 0.6264
vn 0.1612 0.9463 -0.2804
vn 0.0407 0.9707 -0.2370
vn 0.1490 0.9527 -0.2649
vn 0.1431 0.9618 -0.2332
vn 0.3544 0.9011 -0.2499
vn 0.3410 0.9142 -0.2189
vn -0.0000 0.8425 0.5387
vn -0.0000 0.9714 -0.2376
vn 0.0230 0.8377 0.5457
vn 0.3810 0.8861 -0.2638
vn -0.0000 0.9584 -0.2855
vn 0.1825 0.7904 0.5848
vn 0.0788 0.8245 0.5604
vn 0.7816 0.6203 -0.0659
vn 0.5268 0.8473 -0.0668
vn 0.4855 0.8716 -0.0681
vn 0.3057 0.9499 -0.0648
vn 0.2865 0.9559 -0.0651
vn 0.4525 0.8892 -0.0672
vn 0.8108 0.5826 -0.0567
vn 0.5562 0.8287 -0.0623
vn 0.3201 0.9453 -0.0634
vn -0.0977 0.9932 -0.0635
vn -0.0989 0.9931 -0.0628
vn -0.1673 0.9839 -0.0635
vn -0.1632 0.9845 -0.0638
vn -0.0491 0.9968 -0.0624
vn -0.0501 0.9968 -0.0624
vn -0.1012 0.9929 -0.0627
vn 0.2721 0.9601 -0.0649
vn 0.6756 0.7346 -0.0626
vn 0.4382 0.8966 -0.0645
vn 0.2662 0.9618 -0.0644
vn 0.4141 0.6906 0.5929
vn 0.1409 0.7600 0.6344
vn 0.2436 0.7499 0.6150
vn 0.8203 0.5705 -0.0407
vn 0.5667 0.8222 -0.0538
vn 0.3254 0.9436 -0.0604
vn 0.6710 0.2942 -0.6806
vn 0.4794 0.5174 -0.7088
vn 0.2771 0.6256 -0.7293
vn -0.0530 0.9606 -0.2730
vn -0.0542 0.9679 -0.2456
vn -0.9122 0.3942 -0.1122
vn -0.9696 0.2331 -0.0743
vn -0.9724 0.2286 -0.0460
vn -0.9427 0.3277 -0.0626
vn -0.0499 0.9572 -0.2850
vn -0.1757 0.9435 -0.2811
vn -0.4125 0.8724 -0.2623
vn -0.7069 0.6755 -0.2100
vn -0.7325 0.6572 -0.1774
vn -0.8809 0.4686 -0.0670
vn -0.6954 0.7154 -0.0687
vn -0.7361 0.6732 -0.0697
vn -0.9076 0.4143 -0.0681
vn 0.3542 0.9108 -0.2119
vn -0.8141 0.5686 -0.1183
vn -0.8872 0.4516 -0.0939
vn -0.6480 0.1203 -0.7521
vn -0.5820 0.2117 -0.7852
vn -0.1392 0.4892 -0.8610
vn -0.0401 0.5150 -0.8562
vn -0.0347 -0.2387 -0.9705
vn -0.4860 0.3200 -0.8133
vn -0.9794 0.1948 -0.0528
vn -0.9816 0.1888 -0.0280
vn -0.8958 0.4218 -0.1402
vn -0.9608 0.2618 -0.0916
vn -0.9718 0.2260 -0.0675
vn -0.9338 0.3524 -0.0621
vn -0.9486 0.3126 -0.0493
vn -0.0424 0.9623 -0.2685
vn -0.0458 0.9577 -0.2840
vn -0.9529 0.3021 -0.0278
vn -0.7392 0.0528 -0.6714
vn -0.7259 -0.0541 -0.6856
vn -0.7027 -0.0354 -0.7106
vn -0.0281 -0.2318 -0.9724
vn 0.4668 -0.6959 -0.5458
vn 0.3502 -0.7675 -0.5370
vn -0.6580 0.7358 -0.1600
vn -0.5287 0.8276 -0.1889
vn -0.1033 0.9927 -0.0629
vn -0.0516 0.9967 -0.0626
vn -0.0539 0.9966 -0.0622
vn -0.1050 0.9925 -0.0629
vn -0.0167 0.9979 -0.0626
vn -0.0181 0.9979 -0.0624
vn -0.0162 0.9979 -0.0621
vn 0.7043 0.7086 -0.0421
vn 0.7078 0.7043 -0.0552
vn -0.8430 0.5178 -0.1461
vn -0.8693 0.4710 -0.1499
vn -0.6687 0.7113 -0.2167
vn -0.6341 0.7448 -0.2078
vn 0.7156 0.6879 -0.1213
vn 0.6844 0.6408 -0.3476
vn 0.4513 0.6158 -0.6458
vn 0.1726 0.6453 -0.7442
vn 0.0256 0.6559 -0.7544
vn -0.0695 0.6579 -0.7499
vn -0.1793 0.9818 -0.0627
vn -0.1486 0.6532 -0.7424
vn -0.1776 0.9821 -0.0632
vn -0.0983 0.9930 -0.0654
vn -0.0507 0.9965 -0.0666
vn -0.0490 0.9968 -0.0635
vn -0.0167 0.9976 -0.0664
vn -0.0156 0.9979 -0.0632
vn -0.0818 0.7578 0.6473
vn -0.0314 0.7555 0.6544
vn -0.1619 0.9847 -0.0645
vn 0.0483 0.7507 0.6588
vn 0.1873 0.7368 0.6497
vn 0.4620 0.6941 0.5520
vn 0.6857 0.6808 0.2574
vn 0.7157 0.6975 0.0362
vn 0.7081 0.7056 -0.0286
vn -0.1731 0.9829 -0.0634
vn 0.7045 0.7085 -0.0411
vn -0.0157 0.9979 -0.0622
vn -0.9450 0.3114 -0.1002
vn -0.8283 0.5461 -0.1251
vn -0.9181 0.3879 -0.0819
vn -0.9280 0.3594 -0.0981
vn -0.9323 0.3565 -0.0601
vn -0.9417 0.3285 -0.0730
vn -0.3298 0.7170 0.6141
vn -0.4821 0.6164 0.6226
vn -0.6161 0.7667 -0.1806
vn -0.5719 0.5296 0.6264
vn -0.5981 0.5040 0.6231
vn -0.5575 0.5705 0.6031
vn -0.8664 0.4961 -0.0573
vn -0.9575 0.2787 -0.0746
vn -0.1612 0.9463 -0.2804
vn -0.0407 0.9707 -0.2370
vn -0.1431 0.9618 -0.2332
vn -0.1490 0.9527 -0.2649
vn -0.3410 0.9142 -0.2189
vn -0.3544 0.9011 -0.2499
vn -0.0230 0.8377 0.5457
vn -0.0788 0.8245 0.5604
vn -0.1825 0.7904 0.5848
vn -0.3810 0.8861 -0.2638
vn -0.4855 0.8716 -0.0681
vn -0.5268 0.8473 -0.0668
vn -0.7816 0.6203 -0.0659
vn -0.2865 0.9559 -0.0651
vn -0.3057 0.9499 -0.0648
vn -0.4525 0.8892 -0.0672
vn -0.2721 0.9601 -0.0649
vn -0.8108 0.5826 -0.0567
vn -0.3201 0.9453 -0.0634
vn -0.5562 0.8287 -0.0623
vn -0.0977 -0.9932 0.0635
vn -0.0989 -0.9931 0.0628
vn -0.1671 -0.9839 0.0635
vn -0.1631 -0.9846 0.0638
vn -0.6756 0.7346 -0.0626
vn -0.4382 0.8966 -0.0645
vn -0.2662 0.9618 -0.0644
vn -0.4141 0.6906 0.5929
vn -0.2436 0.7499 0.6150
vn -0.1409 0.7600 0.6344
vn -0.5667 0.8222 -0.0538
vn -0.8203 0.5705 -0.0407
vn -0.3254 0.9436 -0.0604
vn -0.2771 0.6256 -0.7293
vn -0.4794 0.5174 -0.7088
vn -0.6710 0.2942 -0.6806
vn -0.0530 -0.9606 0.2729
vn -0.1861 -0.9451 0.2686
vn -0.1910 -0.9518 0.2400
vn -0.0543 -0.9679 0.2455
vn -0.9374 -0.3335 0.1002
vn -0.9695 -0.2338 0.0739
vn -0.9725 -0.2286 0.0457
vn -0.9399 -0.3333 0.0741
vn -0.0500 -0.9572 0.2850
vn -0.1755 -0.9435 0.2812
vn -0.0000 -0.9619 0.2735
vn -0.0000 -0.9692 0.2464
vn -0.0368 -0.8561 -0.5156
vn -0.0000 -0.8525 -0.5227
vn -0.1326 -0.8527 -0.5053
vn -0.8010 -0.5756 0.1644
vn -0.8849 -0.4468 0.1316
vn -0.8915 -0.4412 0.1028
vn -0.8061 -0.5756 0.1375
vn -0.6179 -0.4957 -0.6103
vn -0.5649 -0.5897 -0.5772
vn -0.4113 -0.8732 0.2616
vn -0.7049 -0.6777 0.2094
vn -0.6580 -0.7251 0.2031
vn -0.5125 -0.8269 0.2316
vn -0.8806 -0.4690 0.0675
vn -0.6948 -0.7159 0.0688
vn -0.7355 -0.6739 0.0697
vn -0.9074 -0.4146 0.0685
vn -0.6799 0.0409 -0.7322
vn -0.3570 -0.8996 0.2514
vn -0.3655 -0.9031 0.2254
vn -0.8949 -0.4237 0.1398
vn -0.9605 -0.2627 0.0916
vn -0.9794 -0.1947 0.0529
vn -0.9816 -0.1888 0.0280
vn 0.1758 -0.9435 0.2811
vn 0.1864 -0.9451 0.2684
vn 0.3391 -0.9105 0.2367
vn 0.4337 -0.8736 0.2209
vn 0.4123 -0.8727 0.2617
vn 0.3794 0.4042 -0.8323
vn 0.4859 0.3196 -0.8135
vn 0.2676 0.4576 -0.8479
vn -0.6618 -0.3296 -0.6734
vn -0.6752 -0.3504 -0.6491
vn -0.9528 -0.3023 0.0280
vn -0.5926 -0.4123 -0.6920
vn -0.9487 -0.3124 0.0497
vn -0.0424 -0.9623 0.2685
vn -0.0459 -0.9577 0.2840
vn -0.0000 -0.9587 0.2845
vn -0.0000 -0.9631 0.2691
vn -0.9718 -0.2258 0.0677
vn -0.9338 -0.3523 0.0624
vn -0.1033 -0.9927 0.0629
vn -0.0516 -0.9967 0.0626
vn -0.0540 -0.9966 0.0622
vn -0.1050 -0.9925 0.0629
vn -0.0167 -0.9979 0.0626
vn -0.0181 -0.9979 0.0624
vn -0.1011 -0.9929 0.0627
vn -0.0501 -0.9968 0.0624
vn -0.1775 -0.9821 0.0632
vn -0.1793 -0.9818 0.0627
vn -0.0795 -0.7345 -0.6740
vn -0.1016 -0.7308 -0.6750
vn -0.1091 -0.7270 -0.6779
vn -0.2118 -0.7174 -0.6637
vn -0.6918 -0.6722 -0.2638
vn -0.4624 -0.6855 -0.5624
vn -0.7221 -0.6909 -0.0338
vn -0.7140 -0.6994 0.0325
vn -0.8431 -0.5175 0.1464
vn -0.8693 -0.4709 0.1502
vn -0.6689 -0.7111 0.2168
vn -0.6344 -0.7445 0.2079
vn -0.0162 -0.9979 0.0621
vn -0.7103 -0.7024 0.0456
vn -0.0984 -0.9930 0.0654
vn -0.0507 -0.9965 0.0666
vn -0.0490 -0.9968 0.0635
vn -0.0167 -0.9976 0.0665
vn -0.0156 -0.9979 0.0632
vn -0.1521 -0.6367 0.7560
vn -0.1109 -0.6411 0.7594
vn -0.1618 -0.9847 0.0645
vn -0.0491 -0.9968 0.0624
vn -0.0156 -0.9979 0.0622
vn -0.7133 -0.6984 0.0591
vn -0.7100 -0.7027 0.0467
vn -0.1729 -0.9829 0.0634
vn -0.7209 -0.6819 0.1238
vn -0.6917 -0.6359 0.3422
vn -0.2241 -0.6255 0.7473
vn -0.4723 -0.6071 0.6391
vn -0.1277 -0.6341 0.7626
vn -0.9450 -0.3114 0.1005
vn -0.8283 -0.5461 0.1256
vn -0.9181 -0.3878 0.0823
vn -0.9280 -0.3592 0.0985
vn -0.9323 -0.3565 0.0605
vn -0.9417 -0.3285 0.0734
vn -0.4963 -0.3985 0.7713
vn -0.6539 -0.2011 0.7293
vn -0.6160 -0.7667 0.1809
vn -0.9575 -0.2786 0.0750
vn -0.6694 -0.7220 0.1752
vn -0.5188 -0.8302 0.2042
vn -0.8662 -0.4964 0.0577
vn -0.7192 -0.0000 0.6948
vn -0.6966 -0.0794 0.7130
vn -0.7102 -0.0511 0.7021
vn -0.1613 -0.9463 0.2803
vn -0.0407 -0.9707 0.2370
vn -0.1431 -0.9618 0.2332
vn -0.1491 -0.9527 0.2649
vn -0.3410 -0.9142 0.2189
vn -0.3546 -0.9010 0.2498
vn -0.0000 -0.5377 0.8431
vn -0.0335 -0.5419 0.8398
vn -0.0000 -0.9713 0.2377
vn -0.3813 -0.8860 0.2637
vn -0.0000 -0.9584 0.2855
vn -0.2779 -0.5144 0.8113
vn -0.1174 -0.5431 0.8314
vn -0.4845 -0.8722 0.0679
vn -0.5264 -0.8476 0.0666
vn -0.7814 -0.6206 0.0660
vn -0.2857 -0.9561 0.0650
vn -0.3051 -0.9501 0.0648
vn -0.4516 -0.8897 0.0671
vn -0.5561 -0.8288 0.0621
vn -0.8108 -0.5825 0.0568
vn -0.3198 -0.9454 0.0633
vn 0.1671 -0.9839 0.0635
vn 0.0989 -0.9931 0.0628
vn 0.0977 -0.9932 0.0635
vn 0.1631 -0.9846 0.0638
vn 0.1011 -0.9929 0.0627
vn 0.0501 -0.9968 0.0624
vn 0.0490 -0.9968 0.0624
vn -0.2716 -0.9602 0.0648
vn -0.6751 -0.7351 0.0626
vn -0.4377 -0.8968 0.0643
vn -0.2661 -0.9618 0.0643
vn -0.6010 -0.3042 0.7391
vn -0.2507 -0.6046 0.7561
vn -0.4145 -0.5135 0.7514
vn -0.5664 -0.8224 0.0536
vn -0.8200 -0.5709 0.0407
vn -0.3252 -0.9437 0.0604
vn -0.4374 -0.5575 -0.7056
vn -0.2736 -0.6538 -0.7055
vn -0.1650 -0.7022 -0.6926
vn 0.0530 -0.9606 0.2729
vn 0.0543 -0.9679 0.2455
vn 0.1910 -0.9518 0.2400
vn 0.8956 -0.4222 0.1398
vn 0.9091 -0.4050 0.0979
vn 0.9440 -0.3187 0.0857
vn 0.9696 -0.2332 0.0739
vn 0.9607 -0.2619 0.0918
vn 0.0500 -0.9572 0.2850
vn 0.3655 -0.9030 0.2256
vn 0.8806 -0.4690 0.0675
vn 0.9074 -0.4146 0.0685
vn 0.7355 -0.6739 0.0697
vn 0.6948 -0.7159 0.0688
vn 0.7065 -0.6761 0.2090
vn 0.7291 -0.6677 0.1504
vn 0.8162 -0.5608 0.1390
vn 0.8835 -0.4542 0.1148
vn 0.6797 0.0405 -0.7323
vn 0.8111 -0.5690 0.1358
vn 0.8968 -0.4310 0.1000
vn 0.0368 -0.8561 -0.5156
vn 0.1326 -0.8527 -0.5053
vn 0.9724 -0.2286 0.0454
vn 0.9816 -0.1888 0.0280
vn 0.9794 -0.1947 0.0529
vn 0.9429 -0.3252 0.0716
vn 0.9718 -0.2258 0.0677
vn 0.9487 -0.3124 0.0497
vn 0.9338 -0.3523 0.0624
vn 0.0459 -0.9577 0.2840
vn 0.0424 -0.9623 0.2685
vn 0.9528 -0.3023 0.0280
vn 0.6618 -0.3296 -0.6734
vn 0.5926 -0.4123 -0.6920
vn -0.2676 0.4576 -0.8479
vn 0.5183 -0.8288 0.2108
vn 0.5075 -0.8367 0.2059
vn 0.6638 -0.7268 0.1764
vn 0.6382 -0.7472 0.1854
vn 0.1033 -0.9927 0.0629
vn 0.1050 -0.9925 0.0629
vn 0.0540 -0.9966 0.0622
vn 0.0516 -0.9967 0.0626
vn 0.0181 -0.9979 0.0624
vn 0.0167 -0.9979 0.0626
vn 0.0162 -0.9979 0.0621
vn 0.7140 -0.6994 0.0325
vn 0.7103 -0.7024 0.0456
vn 0.6344 -0.7445 0.2079
vn 0.6689 -0.7111 0.2168
vn 0.8693 -0.4709 0.1502
vn 0.8431 -0.5175 0.1464
vn 0.7221 -0.6909 -0.0338
vn 0.6918 -0.6722 -0.2638
vn 0.2118 -0.7174 -0.6637
vn 0.4624 -0.6855 -0.5624
vn 0.1091 -0.7270 -0.6779
vn 0.0795 -0.7345 -0.6740
vn 0.1793 -0.9818 0.0627
vn 0.1016 -0.7308 -0.6750
vn 0.1775 -0.9821 0.0632
vn 0.0984 -0.9930 0.0654
vn 0.0490 -0.9968 0.0635
vn 0.0507 -0.9965 0.0666
vn 0.0156 -0.9979 0.0632
vn 0.0167 -0.9976 0.0665
vn 0.1521 -0.6367 0.7560
vn 0.1618 -0.9847 0.0645
vn 0.1109 -0.6411 0.7594
vn 0.1277 -0.6341 0.7626
vn 0.2241 -0.6255 0.7473
vn 0.6917 -0.6359 0.3422
vn 0.4723 -0.6071 0.6391
vn 0.7209 -0.6819 0.1238
vn 0.7133 -0.6984 0.0591
vn 0.1729 -0.9829 0.0634
vn 0.0156 -0.9979 0.0622
vn 0.7100 -0.7027 0.0467
vn 0.9450 -0.3114 0.1005
vn 0.8283 -0.5461 0.1256
vn 0.9280 -0.3592 0.0985
vn 0.9181 -0.3878 0.0823
vn 0.9417 -0.3285 0.0734
vn 0.9323 -0.3565 0.0605
vn 0.4963 -0.3985 0.7713
vn 0.6160 -0.7667 0.1809
vn 0.6539 -0.2011 0.7293
vn 0.7102 -0.0511 0.7021
vn 0.7192 -0.0000 0.6948
vn 0.8662 -0.4964 0.0577
vn 0.6966 -0.0794 0.7130
vn 0.9575 -0.2786 0.0750
vn 0.1613 -0.9463 0.2803
vn 0.0407 -0.9707 0.2370
vn 0.1491 -0.9527 0.2649
vn 0.1431 -0.9618 0.2332
vn 0.3546 -0.9010 0.2498
vn 0.3410 -0.9142 0.2189
vn 0.0335 -0.5419 0.8398
vn 0.1174 -0.5431 0.8314
vn 0.2779 -0.5144 0.8113
vn 0.3813 -0.8860 0.2637
vn 0.7814 -0.6206 0.0660
vn 0.5264 -0.8476 0.0666
vn 0.4845 -0.8722 0.0679
vn 0.3051 -0.9501 0.0648
vn 0.2857 -0.9561 0.0650
vn 0.4516 -0.8897 0.0671
vn 0.2716 -0.9602 0.0648
vn 0.8108 -0.5825 0.0568
vn 0.3198 -0.9454 0.0633
vn 0.5561 -0.8288 0.0621
vn -1.0000 0.0043 0.0025
vn -0.9999 0.0033 -0.0160
vn 0.6751 -0.7351 0.0626
vn 0.4377 -0.8968 0.0643
vn 0.2661 -0.9618 0.0643
vn 0.6010 -0.3042 0.7391
vn 0.4145 -0.5135 0.7514
vn 0.2507 -0.6046 0.7561
vn 0.8200 -0.5709 0.0407
vn 0.5664 -0.8224 0.0536
vn 0.3252 -0.9437 0.0604
vn 0.1650 -0.7022 -0.6926
vn 0.2736 -0.6538 -0.7055
vn 0.4374 -0.5575 -0.7056
vn -0.0080 -0.0629 -0.9980
vn 0.0302 -0.0698 -0.9971
vn -0.0939 -0.0577 -0.9939
vn -0.2631 -0.0545 -0.9632
vn -0.6026 -0.0449 -0.7968
vn -0.0826 0.0930 0.9922
vn -0.0515 0.0755 0.9958
vn -0.1323 0.1432 0.9808
vn -0.1642 0.2351 0.9580
vn -0.1426 0.3193 0.9369
vn -0.6531 -0.4221 -0.6287
vn 0.0464 -0.2712 -0.9614
vn 0.0367 -0.2690 -0.9625
vn 0.0769 -0.2611 -0.9623
vn -0.1000 0.3501 0.9314
vn -0.0844 0.3431 0.9355
vn -0.0877 0.3139 0.9454
vn -0.0795 0.2698 0.9596
vn 0.0031 -0.2282 -0.9736
vn -0.0000 -0.2288 -0.9735
vn 0.0107 -0.2275 -0.9737
vn -0.2532 -0.8160 -0.5196
vn -0.3797 0.4043 -0.8321
vn -0.0520 0.2344 0.9707
vn -0.0239 0.2206 0.9751
vn -0.0071 0.2183 0.9759
vn -0.0000 0.2183 0.9759
vn 0.9999 0.0033 -0.0160
vn 1.0000 0.0043 0.0025
vn -0.9938 0.0114 0.1107
vn -0.9998 0.0054 0.0214
vn -0.9165 0.0311 0.3989
vn -0.6161 0.0581 0.7855
vn -0.9137 -0.0206 -0.4060
vn -0.9942 -0.0020 -0.1073
vn -1.0000 0.0043 0.0040
vn 1.0000 0.0043 0.0040
vn 0.1112 -0.2157 -0.9701
vn 0.1059 -0.1427 -0.9841
vn 0.0650 -0.0893 -0.9939
vn -0.2817 0.0713 0.9568
vn -0.1229 0.0735 0.9897
vn -0.0568 0.0724 0.9958
vn -0.0302 -0.0698 -0.9971
vn 0.0080 -0.0629 -0.9980
vn 0.0939 -0.0577 -0.9939
vn 0.2631 -0.0545 -0.9632
vn 0.6026 -0.0449 -0.7968
vn 0.0515 0.0755 0.9958
vn 0.0826 0.0930 0.9922
vn 0.1323 0.1432 0.9808
vn 0.1642 0.2351 0.9580
vn 0.1426 0.3193 0.9369
vn -0.0464 -0.2712 -0.9614
vn -0.0769 -0.2611 -0.9623
vn 0.1000 0.3501 0.9314
vn 0.0844 0.3431 0.9355
vn 0.0877 0.3139 0.9454
vn 0.0795 0.2698 0.9596
vn -0.0031 -0.2282 -0.9736
vn -0.0107 -0.2275 -0.9737
vn 0.2532 -0.8161 -0.5195
vn 0.0520 0.2344 0.9707
vn 0.0239 0.2206 0.9751
vn 0.0071 0.2183 0.9759
vn 0.9998 0.0054 0.0214
vn 0.9938 0.0114 0.1107
vn 0.9165 0.0311 0.3989
vn 0.6161 0.0581 0.7855
vn 0.9137 -0.0206 -0.4060
vn 0.9942 -0.0020 -0.1073
vn -0.1112 -0.2157 -0.9701
vn -0.1059 -0.1427 -0.9841
vn -0.0650 -0.0893 -0.9939
vn 0.2817 0.0713 0.9568
vn 0.1229 0.0735 0.9897
vn 0.0568 0.0724 0.9958
vn 0.8141 0.5686 -0.1183
vn 0.5818 0.2115 -0.7854
vn 0.6478 0.1200 -0.7523
vn 0.8872 0.4516 -0.0939
vn 0.0372 -0.2634 -0.9640
vn 0.0204 -0.2286 -0.9733
vn -0.0204 -0.2285 -0.9733
vn 0.0390 -0.2569 -0.9657
vn 0.0385 -0.2485 -0.9679
vn 0.0871 0.6809 0.7272
vn 0.1112 0.8185 0.5636
vn 0.1096 0.8019 0.5874
vn 0.0166 0.6827 0.7305
vn 0.1235 0.8606 0.4941
vn 0.1798 0.8405 0.5111
vn 0.0686 0.8248 0.5612
vn -0.0372 0.7733 0.6330
vn -0.1310 0.6662 0.7341
vn 0.1192 0.8761 0.4671
vn 0.1821 0.8772 0.4443
vn 0.0705 0.9266 0.3694
vn 0.1276 0.9413 0.3127
vn 0.1105 0.9587 0.2622
vn 0.1253 0.8874 0.4436
vn -0.0293 0.8827 0.4689
vn -0.0903 0.8019 0.5906
vn -0.0179 0.9668 0.2549
vn -0.1777 0.9478 0.2647
vn -0.2293 0.8740 0.4283
vn -0.2852 0.7858 0.5489
vn -0.1721 0.7405 0.6497
vn -0.2416 0.6464 0.7237
vn -0.3654 0.7113 0.6004
vn -0.4339 0.6236 0.6503
vn 0.0397 0.3662 0.9297
vn 0.0852 0.3418 0.9359
vn 0.0473 0.2999 0.9528
vn 0.0323 0.3261 0.9448
vn 0.0211 0.3137 0.9493
vn 0.0096 0.2859 0.9582
vn 0.0076 0.1551 0.9879
vn 0.0315 0.1695 0.9850
vn 0.0160 0.1976 0.9801
vn -0.0260 0.3158 0.9485
vn -0.0044 0.2946 0.9556
vn 0.0011 0.3380 0.9411
vn -0.0079 0.3042 0.9526
vn -0.0338 0.1655 0.9856
vn -0.0064 0.1604 0.9870
vn -0.0293 -0.2030 0.9787
vn 0.0004 -0.1988 0.9800
vn -0.0787 -0.1929 0.9781
vn -0.1068 -0.5694 0.8151
vn -0.0513 -0.5779 0.8145
vn -0.0123 -0.5725 0.8198
vn 0.0244 -0.1761 0.9841
vn 0.0081 -0.1497 0.9887
vn 0.0133 -0.5553 0.8315
vn 0.0045 -0.5393 0.8421
vn -0.2895 0.4026 0.8684
vn -0.1574 0.4320 0.8881
vn -0.1226 0.5110 0.8508
vn -0.2654 0.4903 0.8302
vn 0.0417 0.4621 0.8859
vn 0.0661 0.5265 0.8476
vn 0.0779 0.5820 0.8094
vn -0.1191 0.5902 0.7984
vn -0.2616 0.5874 0.7658
vn 0.2470 0.4708 0.8470
vn 0.2506 0.5287 0.8110
vn 0.1009 0.4808 0.8710
vn 0.1400 0.5423 0.8284
vn 0.1705 0.5793 0.7971
vn 0.2579 0.5656 0.7833
vn 0.2613 0.5862 0.7669
vn 0.0612 0.6201 0.7821
vn 0.1706 0.5885 0.7903
vn 0.1544 0.5791 0.8005
vn 0.2497 0.5665 0.7853
vn 0.0514 0.5981 0.7998
vn -0.1303 0.6215 0.7725
vn -0.2834 0.6031 0.7456
vn -0.1324 0.5924 0.7947
vn -0.3121 0.5712 0.7591
vn 0.1366 0.5871 0.7979
vn 0.1352 0.5996 0.7888
vn 0.1705 0.5826 0.7947
vn 0.2140 0.5894 0.7790
vn 0.0821 0.3773 0.9225
vn 0.0498 0.3848 0.9217
vn -0.0458 0.4424 0.8957
vn 0.0570 0.5926 0.8035
vn 0.0552 0.6209 0.7819
vn 0.0283 0.3733 0.9273
vn -0.0256 0.4171 0.9085
vn -0.1502 0.4602 0.8750
vn -0.2482 0.4960 0.8321
vn -0.1657 0.4847 0.8589
vn -0.4329 0.5014 0.7491
vn -0.3449 0.5046 0.7915
vn -0.0760 0.6017 0.7951
vn -0.0888 0.6220 0.7780
vn -0.2658 0.6018 0.7531
vn -0.2759 0.6045 0.7473
vn -0.3921 -0.5542 0.7343
vn -0.2965 -0.5562 0.7764
vn -0.2732 -0.2421 0.9310
vn -0.4374 -0.3550 0.8262
vn -0.2079 -0.5425 0.8139
vn -0.1541 -0.1834 0.9709
vn -0.0979 0.1368 0.9857
vn -0.2462 0.0437 0.9682
vn -0.4550 -0.1330 0.8805
vn -0.1603 -0.5479 0.8210
vn -0.1074 -0.1607 0.9812
vn -0.0432 0.1721 0.9841
vn 0.0038 0.2985 0.9544
vn -0.0620 0.2562 0.9646
vn 0.0590 0.3314 0.9416
vn -0.0320 0.2857 0.9578
vn -0.2129 0.1751 0.9613
vn -0.4288 0.0317 0.9028
vn -0.1842 0.2206 0.9578
vn -0.4105 0.1093 0.9053
vn 0.0390 0.4845 0.8739
vn 0.2804 0.4653 0.8396
vn 0.2633 0.4346 0.8613
vn 0.0387 0.4727 0.8804
vn 0.0863 0.4890 0.8680
vn 0.0748 0.4293 0.9001
vn 0.0634 0.3657 0.9286
vn 0.1990 0.3849 0.9013
vn 0.0221 0.4128 0.9106
vn -0.0794 0.4832 0.8719
vn -0.1246 0.4119 0.9027
vn 0.0814 0.4222 0.9029
vn 0.0355 0.3810 0.9239
vn -0.1253 0.3544 0.9267
vn -0.0753 0.3260 0.9424
vn 0.0454 0.3268 0.9440
vn 0.0057 0.3567 0.9342
vn 0.1355 0.3524 0.9260
vn 0.0257 0.3627 0.9316
vn 0.0569 0.5787 0.8136
vn 0.3135 0.5497 0.7743
vn 0.2890 0.5667 0.7716
vn 0.0642 0.5912 0.8040
vn 0.0697 0.5729 0.8167
vn 0.0851 0.5815 0.8091
vn 0.0804 0.5623 0.8230
vn 0.2615 0.5383 0.8012
vn 0.0545 0.5616 0.8256
vn -0.0502 0.5806 0.8126
vn -0.0143 0.5858 0.8103
vn -0.0038 0.5783 0.8158
vn -0.0422 0.5351 0.8437
vn 0.0900 0.5338 0.8408
vn 0.2629 0.5085 0.8199
vn 0.0402 0.5212 0.8525
vn -0.1870 0.2321 0.9545
vn -0.4238 0.1559 0.8922
vn 0.0069 0.2977 0.9546
vn 0.0354 0.3404 0.9396
vn -0.2016 0.2898 0.9356
vn -0.4096 0.2362 0.8812
vn 0.1450 0.3508 0.9252
vn 0.2208 0.3683 0.9031
vn 0.2481 0.4121 0.8767
vn 0.0307 0.3945 0.9184
vn -0.1911 0.3599 0.9132
vn -0.3477 0.3183 0.8819
vn -0.1878 -0.5515 -0.8128
vn -0.3471 -0.5040 -0.7909
vn -0.3534 -0.4959 -0.7932
vn -0.1870 -0.5485 -0.8149
vn -0.6224 -0.3686 -0.6904
vn -0.6389 -0.3423 -0.6889
vn -0.6636 -0.2551 -0.7033
vn -0.6661 -0.0620 -0.7433
vn -0.3505 -0.3309 -0.8761
vn -0.5750 0.2188 -0.7884
vn -0.4431 0.2143 -0.8705
vn -0.2899 0.1669 -0.9424
vn -0.2022 -0.3822 -0.9017
vn -0.2503 0.1446 -0.9573
vn -0.1946 0.0912 -0.9766
vn 0.0002 -0.4229 -0.9062
vn -0.0008 -0.4977 -0.8674
vn -0.0331 -0.4973 -0.8670
vn -0.0409 -0.4167 -0.9081
vn -0.0006 -0.7474 -0.6643
vn -0.0009 -0.9474 -0.3199
vn -0.0548 -0.9485 -0.3121
vn -0.0451 -0.7518 -0.6579
vn -0.1579 -0.9463 -0.2822
vn -0.1360 -0.7622 -0.6328
vn -0.1040 -0.5041 -0.8573
vn -0.1043 -0.4081 -0.9070
vn -0.5445 -0.4798 -0.6879
vn -0.5573 -0.5237 -0.6443
vn -0.3313 -0.5849 -0.7404
vn -0.3194 -0.4861 -0.8134
vn -0.5448 -0.5625 -0.6219
vn -0.5433 -0.5493 -0.6350
vn -0.3178 -0.5942 -0.7389
vn -0.5465 -0.5042 -0.6687
vn -0.1810 -0.6122 -0.7697
vn -0.1801 -0.5974 -0.7814
vn -0.1674 -0.5071 -0.8455
vn -0.1850 -0.5676 -0.8022
vn -0.3244 -0.5351 -0.7800
vn -0.3349 -0.5034 -0.7965
vn -0.1885 -0.5371 -0.8222
vn -0.5693 -0.4163 -0.7089
vn -0.5804 -0.4105 -0.7033
vn -0.5940 -0.3963 -0.7001
vn -0.6124 -0.3733 -0.6968
vn -0.0921 -0.5633 -0.8211
vn -0.0941 -0.5645 -0.8201
vn -0.0963 -0.4162 -0.9042
vn -0.1466 0.0601 -0.9874
vn -0.0648 0.0497 -0.9967
vn -0.0064 -0.4222 -0.9065
vn -0.0003 -0.5670 -0.8238
vn -0.0381 0.0540 -0.9978
vn -0.0237 0.0600 -0.9979
vn -0.0001 -0.5676 -0.8233
vn -0.4106 -0.8984 -0.1559
vn -0.4717 -0.7996 -0.3718
vn -0.2747 -0.7800 -0.5623
vn -0.2848 -0.9325 -0.2221
vn -0.5005 -0.6471 -0.5751
vn -0.2535 -0.5505 -0.7954
vn -0.4962 -0.5308 -0.6871
vn -0.2362 -0.4262 -0.8732
vn -0.4854 -0.4465 -0.7517
vn -0.0014 -0.5241 -0.8516
vn 0.0010 -0.4445 -0.8958
vn -0.0618 -0.4384 -0.8967
vn -0.0779 -0.5183 -0.8517
vn -0.1339 -0.4257 -0.8949
vn -0.0037 -0.6202 -0.7845
vn -0.0039 -0.6110 -0.7916
vn -0.0854 -0.6064 -0.7906
vn -0.0885 -0.6186 -0.7807
vn -0.4829 -0.4079 -0.7748
vn -0.2674 -0.4124 -0.8708
vn -0.5091 -0.4070 -0.7584
vn -0.5205 -0.4252 -0.7405
vn -0.0942 -0.5502 -0.8297
vn -0.0912 -0.5788 -0.8103
vn 0.0002 -0.5546 -0.8321
vn -0.0018 -0.5817 -0.8134
vn -0.7751 -0.4595 -0.4337
vn -0.7921 -0.3895 -0.4699
vn -0.6936 -0.4032 -0.5969
vn -0.6903 -0.4620 -0.5568
vn -0.7012 -0.3824 -0.6017
vn -0.7652 -0.4203 -0.4877
vn -0.8642 -0.3212 -0.3874
vn -0.8773 -0.2794 -0.3903
vn -0.7735 -0.3725 -0.5128
vn -0.5808 0.0140 0.8140
vn -0.5889 -0.0995 0.8021
vn -0.5285 -0.4579 0.7149
vn -0.5139 -0.4641 0.7215
vn -0.4059 -0.5718 0.7130
vn -0.6536 -0.0409 0.7558
vn -0.6455 -0.1640 0.7459
vn -0.5804 -0.2680 0.7690
vn -0.4406 0.5743 0.6900
vn -0.4586 0.5529 0.6957
vn -0.3082 0.5820 0.7526
vn -0.8703 -0.2358 -0.4324
vn -0.8692 -0.1829 -0.4594
vn -0.7663 -0.2873 -0.5747
vn -0.7666 -0.3277 -0.5522
vn -0.5210 0.5492 0.6534
vn -0.5161 0.5421 0.6631
vn -0.4414 0.5558 0.7045
vn -0.3045 -0.6217 0.7217
vn -0.2243 -0.6419 0.7333
vn -0.5820 0.5723 -0.5777
vn -0.3567 0.6832 -0.6372
vn -0.3575 0.6345 -0.6853
vn -0.6042 0.5193 -0.6044
vn -0.2371 0.6319 -0.7379
vn -0.0165 0.5424 -0.8400
vn 0.0015 0.6738 -0.7389
vn -0.0345 0.6900 -0.7230
vn -0.0302 0.5489 -0.8354
vn -0.2249 0.9565 0.1856
vn -0.3621 0.8693 0.3365
vn -0.5246 0.6709 0.5242
vn -0.5768 0.6492 0.4959
vn -0.6233 0.5641 0.5416
vn -0.5851 0.5814 0.5653
vn -0.2034 0.9544 0.2187
vn -0.3838 0.8671 0.3175
vn -0.4517 0.7619 0.4642
vn 0.0688 0.9834 0.1677
vn -0.0489 0.9897 0.1348
vn -0.2105 0.7186 -0.6628
vn 0.0462 0.9734 0.2245
vn -0.0528 0.9800 0.1917
vn -0.9006 -0.1450 -0.4097
vn -0.8933 -0.1295 -0.4304
vn -0.8152 -0.2194 -0.5360
vn -0.8035 -0.2522 -0.5393
vn -0.8268 -0.1839 -0.5315
vn -0.6139 0.5058 0.6060
vn -0.5272 0.5140 0.6766
vn -0.4714 0.5083 0.7207
vn -0.5722 0.4965 0.6527
vn -0.5595 -0.8099 -0.1762
vn -0.6682 -0.6935 -0.2695
vn -0.6488 -0.6843 -0.3329
vn -0.5732 -0.8015 -0.1702
vn -0.6013 -0.3140 0.7347
vn -0.4293 -0.8906 -0.1504
vn -0.7906 0.2386 -0.5639
vn -0.7867 0.3406 -0.5149
vn 0.0800 0.9191 0.3859
vn 0.0581 0.9565 0.2858
vn 0.0130 0.9578 0.2871
vn 0.0228 0.9227 0.3847
vn -0.1359 0.6836 -0.7171
vn -0.0373 0.6578 -0.7523
vn -0.0474 0.5246 -0.8500
vn -0.1308 0.5469 -0.8269
vn 0.0453 0.9675 0.2488
vn 0.0199 0.9646 0.2628
vn 0.0242 0.9584 0.2843
vn -0.0566 -0.6764 0.7343
vn -0.0200 -0.6752 0.7373
vn -0.1835 0.7254 -0.6635
vn -0.1845 0.5980 -0.7800
vn -0.7115 -0.3921 -0.5832
vn -0.8172 -0.3548 -0.4542
vn -0.8183 -0.3790 -0.4321
vn -0.7190 -0.4243 -0.5505
vn 0.0676 0.9704 0.2319
vn 0.0183 0.9572 0.2889
vn 0.0466 0.9593 0.2785
vn 0.0015 -0.6664 0.7456
vn 0.0011 -0.6576 0.7534
vn -0.1071 -0.6696 0.7350
vn -0.8779 0.1233 -0.4627
vn -0.8419 0.0019 -0.5397
vn -0.5119 0.7485 0.4216
vn 0.6958 -0.4028 -0.5946
vn 0.7979 -0.3880 -0.4613
vn 0.7789 -0.4583 -0.4281
vn 0.6895 -0.4634 -0.5566
vn -0.0036 0.6800 -0.7332
vn 0.0120 0.5250 -0.8510
vn 0.0780 0.5164 -0.8528
vn 0.0807 0.0130 -0.9967
vn 0.0373 0.0112 -0.9992
vn -0.0503 0.9078 0.4163
vn -0.0360 0.9458 0.3227
vn 0.0605 0.9450 0.3214
vn 0.0827 0.9043 0.4188
vn -0.0201 0.9564 0.2912
vn 0.0384 0.9612 0.2732
vn -0.5276 0.1808 0.8300
vn -0.5679 0.0973 0.8173
vn -0.8050 -0.3572 -0.4737
vn -0.6136 0.1292 0.7790
vn -0.6401 0.0517 0.7666
vn -0.1746 0.7385 -0.6512
vn -0.1991 0.6271 -0.7531
vn -0.8109 -0.4108 -0.4168
vn -0.7210 -0.4635 -0.5151
vn -0.7368 -0.4648 -0.4910
vn -0.8996 -0.0771 -0.4298
vn -0.4419 0.3538 0.8244
vn -0.4740 0.2639 0.8400
vn -0.5708 0.3017 0.7636
vn -0.5857 0.2102 0.7828
vn -0.4080 0.5577 0.7229
vn -0.4341 0.4471 0.7821
vn -0.8311 -0.3813 -0.4048
vn -0.5174 0.5071 0.6893
vn -0.5593 0.3973 0.7275
vn -0.7390 -0.5674 -0.3633
vn -0.6822 -0.5610 -0.4688
vn -0.5541 -0.4591 -0.6944
vn 0.7707 -0.3044 -0.5598
vn 0.8467 -0.2396 -0.4752
vn 0.8567 -0.2923 -0.4249
vn 0.7677 -0.3728 -0.5213
vn -0.4015 0.5840 0.7055
vn -0.4822 0.5543 0.6784
vn -0.4726 0.5623 0.6786
vn 0.2242 -0.6146 0.7563
vn 0.2937 -0.5947 0.7483
vn 0.2812 -0.5304 0.7997
vn 0.2139 -0.5231 0.8250
vn -0.9009 -0.0031 -0.4341
vn -0.8367 -0.1247 -0.5332
vn -0.2966 -0.9443 -0.1423
vn -0.4117 0.5831 0.7004
vn -0.4905 0.5574 0.6698
vn -0.1652 -0.9701 -0.1779
vn -0.1628 -0.6564 0.7366
vn -0.0042 -0.6620 0.7495
vn 0.0186 -0.6740 0.7385
vn 0.0083 -0.5674 0.8234
vn -0.0149 -0.5485 0.8360
vn 0.0550 -0.9794 -0.1941
vn -0.0011 -0.9796 -0.2008
vn 0.0570 -0.9482 -0.3125
vn 0.0226 0.6686 0.7433
vn 0.0102 0.8271 0.5620
vn 0.0629 0.6503 0.7571
vn 0.0850 0.8315 0.5490
vn 0.0911 0.8801 0.4660
vn 0.0179 0.8777 0.4789
vn 0.0545 0.6721 0.7385
vn 0.0963 0.8307 0.5483
vn -0.0400 0.6532 0.7561
vn -0.0505 0.8333 0.5505
vn -0.0636 0.8821 0.4668
vn 0.1008 0.8794 0.4652
vn 0.0941 0.8793 0.4670
vn 0.0910 0.8832 0.4601
vn -0.0589 0.8831 0.4655
vn 0.0299 0.8837 0.4671
vn -0.0623 0.6179 0.7838
vn 0.0262 0.6616 0.7494
vn 0.0686 0.6413 0.7642
vn 0.1043 0.7096 0.6969
vn 0.0896 0.4241 0.9012
vn 0.0667 0.4107 0.9093
vn 0.2708 0.5961 0.7558
vn 0.1827 0.6698 0.7197
vn 0.0357 0.5961 0.8021
vn 0.0027 0.6510 0.7591
vn -0.0228 0.3909 0.9201
vn 0.0725 0.3983 0.9144
vn 0.0095 0.2779 0.9606
vn 0.0553 0.3070 0.9501
vn -0.0350 0.2894 0.9566
vn 0.0433 0.3276 0.9438
vn -0.1222 0.6455 0.7539
vn -0.0154 0.6816 0.7316
vn -0.0674 0.7721 0.6319
vn -0.0904 0.7956 0.5991
vn 0.0728 0.6666 0.7419
vn -0.0240 0.7300 0.6830
vn -0.1071 0.7976 0.5936
vn -0.1379 0.8304 0.5398
vn -0.0765 0.8649 0.4960
vn 0.1838 0.6441 0.7426
vn 0.0988 0.7048 0.7025
vn 0.4076 0.6152 0.6749
vn 0.3421 0.6915 0.6363
vn 0.2770 0.7933 0.5421
vn 0.0268 0.7930 0.6086
vn -0.0133 0.8886 0.4584
vn -0.1319 0.8739 0.4679
vn 0.1998 0.9025 0.3814
vn 0.1293 0.9669 0.2201
vn 0.0056 0.9694 0.2455
vn -0.0965 0.9523 0.2895
vn -0.1610 0.8718 0.4628
vn -0.0786 0.8819 0.4647
vn -0.1277 0.9280 0.3499
vn -0.0675 0.9171 0.3930
vn -0.0361 0.3292 0.9436
vn -0.0620 0.3505 0.9345
vn -0.0278 0.1919 0.9810
vn -0.0251 0.1577 0.9872
vn -0.0483 0.2945 0.9544
vn -0.0763 0.3229 0.9434
vn -0.0237 -0.1660 0.9858
vn -0.0075 -0.1970 0.9804
vn 0.0383 -0.2073 0.9775
vn 0.0078 0.1440 0.9895
vn 0.0608 -0.5717 0.8182
vn 0.1189 -0.5560 0.8226
vn 0.0854 -0.1889 0.9783
vn 0.0399 0.1636 0.9857
vn -0.0028 0.2750 0.9614
vn 0.0127 0.2982 0.9544
vn 0.0373 0.2879 0.9569
vn 0.0517 0.3001 0.9525
vn 0.3107 0.4109 0.8571
vn 0.2631 0.5139 0.8165
vn 0.1322 0.5300 0.8377
vn 0.1863 0.4513 0.8727
vn 0.2629 0.5751 0.7747
vn 0.1153 0.5917 0.7979
vn -0.0860 0.6005 0.7950
vn -0.0689 0.5530 0.8303
vn -0.0308 0.4986 0.8663
vn 0.2582 0.6007 0.7566
vn 0.1058 0.6148 0.7815
vn 0.2954 0.5875 0.7533
vn 0.1333 0.5868 0.7986
vn -0.0668 0.5733 0.8166
vn -0.0910 0.5987 0.7958
vn -0.2266 0.5663 0.7925
vn -0.2526 0.5827 0.7724
vn -0.2274 0.5559 0.7995
vn -0.1132 0.5790 0.8075
vn -0.1055 0.5823 0.8061
vn -0.1195 0.5793 0.8063
vn -0.2888 0.5471 0.7857
vn -0.3145 0.5053 0.8036
vn -0.1323 0.5349 0.8345
vn -0.1651 0.5037 0.8479
vn -0.1589 0.5951 0.7878
vn -0.2472 0.5727 0.7816
vn -0.1964 0.5193 0.8317
vn -0.1910 0.5549 0.8097
vn -0.0711 0.6041 0.7937
vn -0.0306 0.5282 0.8486
vn 0.1046 0.3937 0.9133
vn -0.0979 0.3540 0.9301
vn -0.1606 0.3807 0.9106
vn 0.1429 0.6118 0.7780
vn 0.1308 0.5741 0.8083
vn 0.3319 0.5937 0.7330
vn 0.2882 0.5823 0.7602
vn 0.3410 0.4828 0.8066
vn 0.2154 0.4560 0.8635
vn 0.2549 0.5174 0.8169
vn 0.1517 0.5088 0.8474
vn 0.4329 0.5064 0.7457
vn -0.0182 0.4636 0.8858
vn -0.1499 0.4226 0.8938
vn 0.3737 -0.5348 0.7579
vn 0.4194 -0.3343 0.8440
vn 0.2542 -0.2172 0.9424
vn 0.4413 -0.1191 0.8894
vn 0.2299 0.0600 0.9714
vn 0.0955 0.1564 0.9831
vn 0.1593 -0.1677 0.9729
vn 0.4186 0.0250 0.9078
vn 0.1954 0.1754 0.9649
vn 0.4158 0.0924 0.9047
vn 0.1794 0.1980 0.9637
vn 0.0222 0.2656 0.9638
vn 0.0538 0.2616 0.9637
vn 0.0150 0.2986 0.9543
vn 0.0509 0.1884 0.9808
vn -0.0226 0.3020 0.9530
vn 0.1178 -0.1634 0.9795
vn 0.1697 -0.5337 0.8285
vn -0.2501 0.4586 0.8527
vn -0.2630 0.4766 0.8388
vn -0.1926 0.3823 0.9037
vn -0.0940 0.3524 0.9311
vn -0.1134 0.4480 0.8868
vn -0.1270 0.4885 0.8633
vn -0.1150 0.3308 0.9367
vn -0.0912 0.3086 0.9468
vn 0.0541 0.3032 0.9514
vn 0.0859 0.3510 0.9324
vn 0.0228 0.3135 0.9493
vn -0.0429 0.3600 0.9319
vn 0.0891 0.4312 0.8978
vn 0.0734 0.4796 0.8744
vn -0.1554 0.4610 0.8737
vn -0.2269 0.5844 0.7791
vn -0.2227 0.5619 0.7967
vn -0.2326 0.5552 0.7985
vn -0.1422 0.5724 0.8075
vn -0.1392 0.6027 0.7857
vn -0.1268 0.5765 0.8072
vn -0.2471 0.5142 0.8213
vn -0.1347 0.5243 0.8408
vn 0.0594 0.5155 0.8548
vn 0.0300 0.5738 0.8185
vn -0.0055 0.5975 0.8018
vn -0.0168 0.5875 0.8091
vn 0.4363 0.1599 0.8855
vn 0.2156 0.2138 0.9528
vn 0.4384 0.2302 0.8688
vn 0.2566 0.2687 0.9284
vn 0.0222 0.3069 0.9515
vn 0.0134 0.2515 0.9678
vn 0.3942 0.3069 0.8663
vn 0.2507 0.3559 0.9003
vn 0.0031 0.4157 0.9095
vn -0.3333 0.4590 0.8235
vn -0.2381 0.3506 0.9058
vn -0.0945 0.2876 0.9531
vn 0.1872 -0.5488 -0.8147
vn 0.1868 -0.5509 -0.8134
vn 0.3545 -0.4964 -0.7924
vn 0.3497 -0.5013 -0.7915
vn 0.1930 -0.4005 -0.8957
vn 0.1762 0.0706 -0.9818
vn 0.2511 0.1120 -0.9615
vn 0.3175 0.1492 -0.9364
vn 0.3662 -0.3310 -0.8697
vn 0.4572 0.2414 -0.8559
vn 0.5685 0.2356 -0.7882
vn 0.6628 -0.0629 -0.7461
vn 0.6635 -0.2584 -0.7022
vn 0.6434 -0.3380 -0.6869
vn 0.6267 -0.3662 -0.6879
vn 0.0434 -0.4152 -0.9087
vn 0.0348 -0.4976 -0.8667
vn 0.1054 -0.4054 -0.9080
vn 0.1062 -0.5029 -0.8578
vn 0.1400 -0.7594 -0.6354
vn 0.0473 -0.7509 -0.6588
vn 0.1639 -0.9452 -0.2823
vn 0.5405 -0.4823 -0.6894
vn 0.3115 -0.4918 -0.8131
vn 0.3334 -0.5873 -0.7375
vn 0.5510 -0.5261 -0.6478
vn 0.5547 -0.5586 -0.6167
vn 0.1677 -0.5119 -0.8425
vn 0.1800 -0.6012 -0.7786
vn 0.1827 -0.6105 -0.7706
vn 0.3200 -0.5915 -0.7400
vn 0.5505 -0.5465 -0.6312
vn 0.5476 -0.5010 -0.6702
vn 0.1865 -0.5682 -0.8014
vn 0.1882 -0.5380 -0.8217
vn 0.3389 -0.5037 -0.7946
vn 0.3291 -0.5359 -0.7775
vn 0.6127 -0.3729 -0.6968
vn 0.6020 -0.3837 -0.7003
vn 0.5953 -0.4137 -0.6888
vn 0.5999 -0.4074 -0.6886
vn 0.0945 -0.5629 -0.8211
vn 0.0910 -0.5641 -0.8207
vn 0.0952 -0.4254 -0.9000
vn 0.1384 0.0432 -0.9894
vn 0.4088 -0.8994 -0.1548
vn 0.2871 -0.9320 -0.2213
vn 0.2743 -0.7779 -0.5654
vn 0.4690 -0.8005 -0.3732
vn 0.2505 -0.5489 -0.7975
vn 0.4954 -0.6482 -0.5783
vn 0.2301 -0.4229 -0.8765
vn 0.4893 -0.5307 -0.6921
vn 0.4781 -0.4465 -0.7564
vn 0.0835 -0.5222 -0.8487
vn 0.0670 -0.4373 -0.8968
vn 0.1346 -0.4233 -0.8959
vn 0.0875 -0.6179 -0.7814
vn 0.0868 -0.6088 -0.7886
vn 0.2553 -0.4106 -0.8753
vn 0.4759 -0.4072 -0.7796
vn 0.5031 -0.4093 -0.7612
vn 0.5154 -0.4305 -0.7410
vn 0.0907 -0.5780 -0.8109
vn 0.0948 -0.5497 -0.8300
vn 0.6355 0.0591 0.7698
vn 0.5887 0.1490 0.7945
vn 0.5319 0.1908 0.8250
vn 0.5744 0.1038 0.8120
vn 0.8101 -0.3552 -0.4664
vn 0.7046 -0.3829 -0.5975
vn 0.3826 0.6296 -0.6762
vn 0.3808 0.6631 -0.6444
vn 0.5792 0.5598 -0.5926
vn 0.5989 0.5159 -0.6125
vn 0.4266 -0.8922 -0.1487
vn 0.2995 -0.9437 -0.1403
vn 0.5142 -0.4392 0.7367
vn 0.5654 -0.2528 0.7852
vn 0.5770 -0.1024 0.8103
vn 0.6386 -0.1639 0.7518
vn 0.6548 -0.0432 0.7545
vn 0.5837 0.0058 0.8120
vn 0.3916 -0.5516 0.7365
vn 0.5013 -0.4480 0.7403
vn 0.3902 0.4855 0.7823
vn 0.3865 0.5496 0.7406
vn 0.4234 0.3688 0.8275
vn 0.3951 0.5721 0.7187
vn 0.4771 0.5498 0.6856
vn 0.4596 0.5685 0.6824
vn 0.4101 0.5796 0.7042
vn 0.5299 0.3184 0.7860
vn 0.5103 0.4421 0.7377
vn 0.0732 0.9828 0.1694
vn -0.0075 0.9838 0.1789
vn -0.0389 0.9830 0.1795
vn 0.0581 0.9897 0.1305
vn 0.2466 0.6972 -0.6732
vn 0.2700 0.6243 -0.7331
vn 0.9026 -0.0758 -0.4237
vn 0.9312 -0.0745 -0.3567
vn 0.7924 -0.2409 -0.5604
vn 0.8132 -0.2005 -0.5463
vn 0.7869 -0.2607 -0.5593
vn 0.5567 0.6516 0.5153
vn 0.5015 0.7580 0.4171
vn 0.5871 0.5720 0.5729
vn 0.3878 0.8810 0.2711
vn 0.4275 0.8671 0.2559
vn 0.2176 0.9585 0.1843
vn 0.2112 0.9666 0.1451
vn 0.6872 0.5345 0.4920
vn 0.6448 0.6220 0.4443
vn 0.0630 -0.6748 0.7353
vn 0.5889 -0.3018 0.7497
vn 0.6635 -0.6977 -0.2702
vn 0.5548 -0.8128 -0.1777
vn 0.5698 -0.8040 -0.1701
vn 0.6437 -0.6877 -0.3357
vn 0.1714 -0.9691 -0.1772
vn 0.1160 -0.6601 0.7422
vn 0.1704 -0.6366 0.7522
vn 0.3468 0.5671 0.7470
vn 0.4349 0.5633 0.7025
vn 0.4333 0.5683 0.6995
vn 0.4853 0.5618 0.6700
vn -0.0377 0.9686 0.2457
vn -0.0313 0.9673 0.2517
vn -0.0387 0.9661 0.2553
vn -0.0371 0.9651 0.2591
vn 0.0676 0.6717 -0.7377
vn 0.1128 0.6825 -0.7221
vn 0.1192 0.5337 -0.8372
vn 0.1656 0.5692 -0.8053
vn 0.7825 0.3183 -0.5352
vn 0.8661 0.0905 -0.4916
vn 0.8394 -0.0079 -0.5434
vn 0.7867 0.2359 -0.5705
vn 0.5759 0.7346 0.3588
vn 0.4771 0.2632 0.8385
vn 0.5481 0.2252 0.8056
vn -0.0685 0.9678 0.2422
vn -0.0336 0.9606 0.2761
vn 0.1885 0.7134 -0.6749
vn 0.2042 0.6079 -0.7673
vn -0.0326 0.9766 0.2126
vn 0.1632 0.7047 -0.6905
vn 0.4949 0.5170 0.6984
vn 0.8088 -0.4036 -0.4278
vn 0.8165 -0.3948 -0.4212
vn 0.7247 -0.4538 -0.5186
vn 0.7475 -0.4575 -0.4816
vn 0.7215 -0.4258 -0.5461
vn 0.7375 -0.5697 -0.3627
vn 0.6774 -0.5634 -0.4730
vn 0.8320 -0.1315 -0.5390
vn 0.8842 -0.0346 -0.4658
vn -0.8907 -0.1416 -0.4320
vn -0.7831 -0.2689 -0.5607
vn -0.0534 -0.9794 -0.1947
vn 0.5147 0.5473 0.6599
vn 0.8575 -0.2060 -0.4715
vn 0.7803 -0.2837 -0.5573
vn 0.5678 -0.4392 -0.6962
vn 0.8215 -0.3553 -0.4460
vn 0.7177 -0.3940 -0.5742
vn 0.8242 -0.3797 -0.4203
vn 0.5545 0.4934 0.6702
vn 0.4529 0.4934 0.7426
vn 0.9432 -0.0801 -0.3224
vn 0.5754 0.4937 0.6520
vn 0.6753 0.4804 0.5596
vn 0.8315 -0.3684 -0.4157
vn 0.7641 -0.4302 -0.4808
vn 0.7873 -0.2854 -0.5465
vn 0.9152 -0.1349 -0.3797
vn -0.0244 0.9706 0.2393
vn -0.0530 0.9330 0.3558
vn -0.0396 0.9264 0.3743
vn -0.0527 0.9588 0.2790
vn -0.0306 0.9620 0.2715
vn -0.0275 0.8096 0.5863
vn -0.0296 0.6292 0.7767
vn -0.0125 0.8795 0.4758
vn -0.0475 0.8881 0.4573
vn -0.0244 0.8180 0.5748
vn 0.0285 0.6271 0.7784
vn -0.0245 0.8937 0.4480
vn -0.0591 0.9005 0.4307
vn -0.1062 0.8908 0.4418
vn -0.1215 0.8813 0.4567
vn -0.0812 0.9246 0.3722
vn -0.1074 0.8185 0.5643
vn -0.0483 0.6344 0.7715
vn -0.0890 0.6111 0.7865
vn -0.0140 0.6354 0.7720
vn -0.0785 0.4017 0.9124
vn -0.0436 0.4040 0.9137
vn -0.0914 0.6563 0.7489
vn -0.0932 0.6319 0.7694
vn -0.0215 0.3845 0.9229
vn 0.0391 0.3324 0.9423
vn -0.0082 0.2880 0.9576
vn -0.0642 0.3905 0.9184
vn -0.1423 0.6630 0.7350
vn -0.2109 0.5934 0.7768
vn -0.1073 0.5452 0.8314
vn -0.2299 0.5256 0.8191
vn 0.0524 0.5484 0.8346
vn -0.1211 0.5799 0.8057
vn 0.0074 0.5777 0.8162
vn 0.5127 0.5321 0.6738
vn 0.4015 0.5602 0.7246
vn 0.1632 0.5739 0.8025
vn -0.0560 0.5684 0.8208
vn -0.2450 0.5483 0.7996
vn 0.3092 0.5294 0.7901
vn 0.0590 0.5596 0.8266
vn -0.0835 0.5694 0.8178
vn 0.1365 0.5617 0.8160
vn 0.0449 0.5882 0.8074
vn -0.1188 0.5985 0.7922
vn 0.2427 0.5506 0.7987
vn -0.7489 -0.6031 0.2747
vn -0.8564 -0.4581 0.2380
vn -0.9217 -0.3253 0.2114
vn -0.6071 -0.7319 0.3096
vn -0.4708 -0.8281 0.3044
vn -0.8370 0.5471 -0.0083
vn -0.6818 0.7243 -0.1026
vn -0.4476 0.8720 -0.1982
vn -0.9078 0.4155 0.0577
vn -0.9402 0.3260 0.0985
vn -0.2705 -0.9328 0.2381
vn -0.3793 -0.8789 0.2893
vn -0.2250 -0.9457 0.2347
vn -0.1260 -0.9673 0.2201
vn -0.1003 0.9640 -0.2461
vn -0.0737 0.9780 -0.1954
vn -0.0974 0.9732 -0.2084
vn -0.2423 0.9367 -0.2525
vn 0.0011 0.9524 -0.3048
vn 0.0234 0.9595 -0.2806
vn -0.0279 0.9700 -0.2415
vn -0.0726 0.9603 -0.2694
vn -0.9635 -0.1519 0.2204
vn -0.9650 -0.0912 0.2457
vn -0.9664 -0.0361 0.2546
vn -0.9527 -0.2244 0.2051
vn -0.9721 0.1000 0.2121
vn -0.9602 0.1830 0.2108
vn -0.9584 0.1965 0.2069
vn -0.9710 0.0091 0.2391
vn -0.9445 0.2656 0.1936
vn -0.9581 0.2565 0.1276
vn -0.9346 0.3009 0.1895
vn -0.9516 0.2651 0.1557
vn -0.0229 -0.9680 0.2498
vn -0.0915 -0.9717 0.2176
vn -0.0096 -0.9678 0.2516
vn -0.0008 -0.9493 0.3142
vn 0.7452 -0.6033 0.2840
vn 0.6026 -0.7310 0.3202
vn 0.4660 -0.8250 0.3199
vn 0.8548 -0.4590 0.2421
vn 0.9213 -0.3217 0.2185
vn 0.8602 0.5043 -0.0758
vn 0.9285 0.3713 -0.0000
vn 0.9503 0.3019 0.0761
vn 0.7009 0.6958 -0.1568
vn 0.4590 0.8586 -0.2283
vn 0.2768 -0.9260 0.2568
vn 0.2345 -0.9406 0.2455
vn 0.1343 -0.9657 0.2223
vn 0.3766 -0.8730 0.3099
vn 0.1442 0.9446 -0.2949
vn 0.2647 0.9269 -0.2661
vn 0.0953 0.9583 -0.2694
vn 0.0838 0.9623 -0.2586
vn 0.0230 0.9609 -0.2758
vn 0.0448 0.9630 -0.2659
vn -0.0206 0.9617 -0.2732
vn 0.9617 -0.1416 0.2347
vn 0.9512 -0.2186 0.2177
vn 0.9605 -0.0839 0.2652
vn 0.9607 -0.0348 0.2755
vn 0.9775 0.0860 0.1927
vn 0.9689 0.0496 0.2423
vn 0.9736 0.1267 0.1897
vn 0.9637 0.1933 0.1843
vn 0.9157 0.3035 0.2636
vn 0.9261 0.2945 0.2360
vn 0.9662 0.2281 0.1197
vn 0.9419 0.2853 0.1775
vn 0.0217 -0.9685 0.2479
vn 0.0066 -0.9679 0.2512
vn 0.0982 -0.9722 0.2125
vn -0.9607 0.2183 0.1715
vn 0.9656 0.2248 0.1307
vn -0.2574 0.5520 0.7931
vn -0.2664 0.6320 0.7277
vn -0.2105 0.6354 0.7429
vn -0.3221 0.5277 0.7860
vn -0.2940 0.6272 0.7212
vn -0.1652 0.5237 0.8357
vn -0.2596 0.5032 0.8243
vn -0.1632 0.5680 0.8067
vn -0.3134 0.4780 0.8205
vn 0.4115 0.5754 0.7068
vn 0.4102 0.6267 0.6626
vn 0.4018 0.7562 0.5164
vn 0.3136 0.8945 0.3187
vn 0.1968 0.9728 0.1225
vn 0.1064 0.9911 0.0798
vn 0.0594 0.9976 0.0356
vn 0.0195 0.9995 0.0240
vn 0.1518 -0.5236 -0.8383
vn 0.1505 -0.5520 -0.8202
vn 0.2598 -0.5323 -0.8057
vn 0.2612 -0.5013 -0.8249
vn 0.1221 -0.4922 0.8618
vn -0.0634 0.3614 0.9303
vn -0.0199 0.2954 0.9552
vn 0.0346 -0.4865 0.8730
vn -0.0130 0.3594 0.9331
vn -0.0080 0.3088 0.9511
vn -0.0352 0.3533 0.9348
vn 0.0451 0.5972 0.8009
vn 0.0370 0.4793 0.8769
vn -0.0370 0.4793 0.8769
vn -0.0451 0.5972 0.8009
vn 0.0236 0.3996 0.9164
vn -0.0236 0.3996 0.9164
vn 0.0130 0.3594 0.9331
vn 0.0080 0.3088 0.9511
vn -0.1276 0.6369 0.7603
vn -0.0366 0.6417 0.7661
vn -0.0582 0.5785 0.8136
vn 0.2105 0.6354 0.7429
vn 0.1276 0.6369 0.7603
vn 0.0122 0.9996 0.0262
vn -0.0195 0.9995 0.0240
vn -0.0615 0.3866 0.9202
vn -0.2735 0.5689 0.7756
vn -0.2442 0.5895 0.7700
vn -0.2191 0.5906 0.7766
vn -0.1950 0.5699 0.7982
vn 0.4100 0.3434 0.8450
vn 0.4598 0.4372 0.7729
vn 0.5128 0.5068 0.6929
vn 0.5234 0.5429 0.6567
vn 0.5305 0.5262 0.6646
vn -0.1434 0.6054 0.7829
vn -0.1295 0.5881 0.7984
vn -0.2442 0.5222 0.8171
vn -0.2809 0.5044 0.8165
vn -0.1580 0.5412 0.8259
vn 0.5119 0.5365 0.6710
vn 0.4580 0.5326 0.7117
vn 0.4464 0.5434 0.7109
vn -0.0101 0.9991 0.0414
vn -0.0122 0.9996 0.0262
vn 0.0348 -0.5488 -0.8353
vn -0.0348 -0.5488 -0.8353
vn -0.0351 -0.6270 -0.7782
vn 0.0351 -0.6270 -0.7782
vn -0.0067 -0.4813 0.8766
vn 0.0067 -0.4813 0.8766
vn 0.0366 0.6417 0.7661
vn 0.0101 0.9991 0.0414
vn -0.0552 0.5344 0.8434
vn -0.0508 0.3722 0.9268
vn -0.0655 0.3610 0.9303
vn -0.0490 0.3504 0.9353
vn 0.2552 -0.3220 0.9117
vn 0.3396 -0.2601 0.9039
vn 0.1545 -0.3034 0.9403
vn 0.4769 -0.2039 0.8550
vn 0.5952 -0.1306 0.7929
vn 0.6402 -0.0392 0.7672
vn -0.0832 0.3207 0.9435
vn -0.0823 0.3603 0.9292
vn 0.1036 -0.3249 0.9401
vn -0.1020 0.4666 0.8786
vn 0.0492 0.6140 0.7877
vn -0.0492 0.6140 0.7877
vn -0.0535 0.5521 0.8320
vn 0.0535 0.5521 0.8320
vn 0.0552 0.5344 0.8434
vn 0.0582 0.5785 0.8136
vn -0.1925 0.3922 0.8995
vn -0.1471 0.4389 0.8864
vn 0.6115 0.0757 0.7876
vn 0.5868 0.1413 0.7973
vn 0.4544 0.2887 0.8427
vn 0.2507 -0.5842 -0.7719
vn 0.3065 -0.5672 -0.7645
vn 0.3151 -0.5136 -0.7981
vn 0.2296 -0.6525 -0.7221
vn 0.2832 -0.6425 -0.7120
vn 0.1455 -0.5967 -0.7892
vn 0.3152 -0.4819 -0.8176
vn 0.8855 -0.0655 -0.4599
vn 0.8898 -0.0964 -0.4461
vn 0.8482 0.0135 -0.5295
vn 0.7301 0.0767 -0.6790
vn 0.4767 0.0335 -0.8784
vn 0.5812 0.0518 -0.8121
vn 0.4148 0.0364 -0.9092
vn 0.2805 0.0370 -0.9591
vn 0.1193 -0.6199 -0.7756
vn 0.1972 -0.6030 -0.7730
vn 0.1887 -0.5119 -0.8381
vn 0.1159 -0.5380 -0.8349
vn 0.1330 -0.6548 -0.7440
vn 0.1556 0.0489 -0.9866
vn 0.0076 -0.3434 -0.9392
vn 0.0249 -0.3408 -0.9398
vn 0.0172 -0.2928 -0.9560
vn 0.0049 -0.3057 -0.9521
vn 0.0513 -0.8815 -0.4694
vn 0.0104 -0.8811 -0.4727
vn 0.0158 -0.3892 -0.9210
vn -0.0158 -0.3892 -0.9210
vn -0.0213 -0.4068 -0.9132
vn 0.0213 -0.4068 -0.9132
vn 0.0112 -0.3714 -0.9284
vn -0.0112 -0.3714 -0.9284
vn -0.0076 -0.3434 -0.9392
vn -0.0049 -0.3057 -0.9521
vn 0.0434 -0.3749 -0.9260
vn 0.0312 -0.3607 -0.9322
vn 0.0378 -0.3068 -0.9510
vn 0.0406 -0.3513 -0.9354
vn 0.0422 -0.3456 -0.9374
vn 0.0576 -0.3460 -0.9365
vn 0.0615 -0.3914 -0.9181
vn 0.0867 -0.3567 -0.9302
vn 0.0425 -0.5591 -0.8280
vn 0.0418 -0.5993 -0.7995
vn 0.2337 -0.5862 -0.7757
vn 0.1976 -0.6499 -0.7338
vn 0.2341 -0.6401 -0.7318
vn 0.2054 -0.6337 -0.7458
vn 0.2432 -0.6238 -0.7428
vn 0.8536 -0.3488 -0.3868
vn 0.2222 -0.4834 -0.8467
vn 0.8634 -0.3808 -0.3309
vn 0.8630 -0.3771 -0.3361
vn 0.8629 -0.3295 -0.3832
vn 0.2624 -0.5651 -0.7822
vn 0.8675 -0.2530 -0.4282
vn 0.2213 -0.5782 -0.7853
vn 0.1714 -0.8790 -0.4449
vn 0.1330 -0.5953 -0.7924
vn 0.1236 -0.6470 -0.7524
vn 0.1190 -0.6620 -0.7400
vn 0.2368 -0.5273 -0.8160
vn 0.2486 -0.5003 -0.8294
vn 0.2968 -0.4823 -0.8242
vn 0.2816 -0.5111 -0.8121
vn 0.2570 -0.4913 -0.8322
vn 0.3085 -0.4721 -0.8258
vn 0.1416 -0.5474 -0.8248
vn 0.1472 -0.5220 -0.8402
vn 0.8754 -0.1829 -0.4475
vn 0.8817 -0.1404 -0.4503
vn 0.8867 -0.1146 -0.4480
vn 0.1506 -0.5139 -0.8445
vn 0.0403 -0.6426 -0.7651
vn 0.0439 0.0568 -0.9974
vn 0.0426 -0.5328 -0.8452
vn -0.0104 -0.8811 -0.4727
vn -0.0403 -0.6426 -0.7651
vn -0.0439 0.0568 -0.9974
vn -0.0418 -0.5993 -0.7995
vn -0.0425 -0.5591 -0.8280
vn 0.0319 -0.4775 -0.8780
vn 0.1028 -0.4639 -0.8799
vn 0.0828 -0.4187 -0.9043
vn 0.0270 -0.4337 -0.9006
vn 0.0294 -0.3005 -0.9533
vn 0.0684 -0.3758 -0.9242
vn 0.0587 -0.3485 -0.9355
vn 0.3366 -0.8496 -0.4059
vn 0.2556 -0.8769 -0.4070
vn 0.4606 -0.8100 -0.3631
vn 0.5733 -0.7206 -0.3899
vn 0.6471 -0.5680 -0.5085
vn 0.0585 -0.3157 -0.9470
vn 0.7144 -0.4521 -0.5340
vn 0.2663 -0.8626 -0.4302
vn -0.0387 -0.6041 -0.7960
vn -0.0410 -0.5571 -0.8294
vn 0.0410 -0.5571 -0.8294
vn 0.0387 -0.6041 -0.7960
vn -0.0319 -0.4775 -0.8780
vn -0.0270 -0.4337 -0.9006
vn 0.1247 -0.3831 -0.9153
vn 0.1623 -0.4307 -0.8878
vn 0.0360 -0.6540 -0.7557
vn 0.0347 -0.6678 -0.7435
vn -0.0426 -0.5328 -0.8452
vn -0.0360 -0.6540 -0.7557
vn -0.0347 -0.6678 -0.7435
vn 0.0421 -0.5320 -0.8457
vn 0.0928 -0.3186 -0.9433
vn 0.1398 -0.3432 -0.9288
vn 0.1877 -0.3935 -0.9000
vn 0.7609 -0.3584 -0.5409
vn 0.7979 -0.3180 -0.5121
vn 0.8300 -0.3162 -0.4594
vn 0.0425 -0.5239 -0.8507
vn -0.0425 -0.5239 -0.8507
vn -0.0421 -0.5320 -0.8457
vn 0.0199 0.2954 0.9552
vn -0.0346 -0.4865 0.8730
vn 0.2574 0.5520 0.7931
vn 0.2664 0.6320 0.7277
vn 0.2940 0.6272 0.7212
vn 0.3221 0.5277 0.7860
vn 0.1652 0.5237 0.8357
vn 0.1632 0.5680 0.8067
vn 0.2596 0.5032 0.8243
vn 0.3134 0.4780 0.8205
vn -0.4102 0.6267 0.6626
vn -0.4115 0.5754 0.7068
vn -0.4018 0.7562 0.5164
vn -0.3136 0.8945 0.3187
vn -0.1064 0.9911 0.0798
vn -0.1968 0.9728 0.1225
vn -0.0594 0.9976 0.0356
vn -0.2598 -0.5323 -0.8057
vn -0.1505 -0.5520 -0.8202
vn -0.1518 -0.5236 -0.8383
vn -0.2612 -0.5013 -0.8249
vn -0.1225 -0.4923 0.8618
vn 0.0634 0.3614 0.9303
vn 0.0352 0.3533 0.9348
vn 0.0615 0.3866 0.9202
vn 0.2735 0.5689 0.7756
vn 0.1950 0.5699 0.7982
vn 0.2191 0.5906 0.7766
vn 0.2442 0.5895 0.7700
vn -0.4100 0.3434 0.8450
vn -0.4598 0.4372 0.7729
vn -0.5128 0.5068 0.6929
vn -0.5234 0.5429 0.6567
vn -0.5305 0.5262 0.6646
vn 0.1295 0.5881 0.7984
vn 0.1434 0.6054 0.7829
vn 0.2442 0.5222 0.8171
vn 0.2809 0.5044 0.8165
vn 0.1580 0.5412 0.8259
vn -0.5119 0.5365 0.6710
vn -0.4580 0.5326 0.7117
vn -0.4464 0.5434 0.7109
vn -0.0247 -0.3404 -0.9400
vn -0.0312 -0.3607 -0.9322
vn 0.0508 0.3722 0.9268
vn 0.0490 0.3504 0.9353
vn 0.0655 0.3610 0.9303
vn -0.2551 -0.3226 0.9115
vn -0.1547 -0.3040 0.9400
vn -0.3395 -0.2604 0.9038
vn -0.4769 -0.2039 0.8550
vn -0.5952 -0.1306 0.7929
vn 0.0832 0.3207 0.9435
vn -0.6402 -0.0392 0.7672
vn 0.0823 0.3603 0.9292
vn -0.1040 -0.3252 0.9399
vn 0.1020 0.4666 0.8786
vn 0.1471 0.4389 0.8864
vn 0.1925 0.3922 0.8995
vn -0.6115 0.0757 0.7876
vn -0.5868 0.1413 0.7973
vn -0.4544 0.2887 0.8427
vn -0.3151 -0.5136 -0.7981
vn -0.3065 -0.5672 -0.7645
vn -0.2507 -0.5842 -0.7719
vn -0.2832 -0.6425 -0.7120
vn -0.2295 -0.6525 -0.7221
vn -0.1455 -0.5967 -0.7892
vn -0.3152 -0.4819 -0.8176
vn -0.8898 -0.0964 -0.4461
vn -0.8855 -0.0655 -0.4599
vn -0.8482 0.0135 -0.5295
vn -0.7301 0.0767 -0.6790
vn -0.5812 0.0518 -0.8121
vn -0.4767 0.0335 -0.8784
vn -0.4148 0.0364 -0.9092
vn -0.2805 0.0370 -0.9591
vn -0.1193 -0.6199 -0.7756
vn -0.1159 -0.5380 -0.8349
vn -0.1887 -0.5119 -0.8381
vn -0.1972 -0.6030 -0.7730
vn -0.1556 0.0489 -0.9866
vn -0.1330 -0.6548 -0.7440
vn -0.0171 -0.2929 -0.9560
vn -0.0513 -0.8816 -0.4693
vn -0.0434 -0.3749 -0.9260
vn -0.0359 -0.3009 -0.9530
vn -0.0408 -0.3516 -0.9353
vn -0.0422 -0.3456 -0.9374
vn -0.0576 -0.3460 -0.9365
vn -0.0867 -0.3567 -0.9302
vn -0.0615 -0.3914 -0.9181
vn -0.2337 -0.5862 -0.7757
vn -0.2341 -0.6401 -0.7318
vn -0.1976 -0.6499 -0.7338
vn -0.2432 -0.6238 -0.7428
vn -0.2054 -0.6337 -0.7458
vn -0.8536 -0.3488 -0.3868
vn -0.8634 -0.3808 -0.3309
vn -0.2222 -0.4834 -0.8467
vn -0.8630 -0.3771 -0.3361
vn -0.8629 -0.3295 -0.3832
vn -0.8675 -0.2530 -0.4282
vn -0.2624 -0.5651 -0.7822
vn -0.2213 -0.5782 -0.7853
vn -0.1715 -0.8791 -0.4446
vn -0.1330 -0.5953 -0.7924
vn -0.1236 -0.6470 -0.7524
vn -0.1190 -0.6620 -0.7400
vn -0.2368 -0.5273 -0.8160
vn -0.2816 -0.5111 -0.8121
vn -0.2968 -0.4823 -0.8242
vn -0.2486 -0.5003 -0.8294
vn -0.3085 -0.4721 -0.8258
vn -0.2570 -0.4913 -0.8322
vn -0.1472 -0.5220 -0.8402
vn -0.1416 -0.5474 -0.8248
vn -0.8754 -0.1829 -0.4475
vn -0.8817 -0.1404 -0.4503
vn -0.8867 -0.1146 -0.4480
vn -0.1506 -0.5139 -0.8445
vn -0.0828 -0.4187 -0.9043
vn -0.1028 -0.4639 -0.8799
vn -0.0276 -0.2945 -0.9553
vn -0.0684 -0.3757 -0.9242
vn -0.0587 -0.3485 -0.9355
vn -0.3358 -0.8468 -0.4125
vn -0.4605 -0.8100 -0.3630
vn -0.2549 -0.8746 -0.4124
vn -0.5733 -0.7206 -0.3899
vn -0.6471 -0.5680 -0.5085
vn -0.7144 -0.4521 -0.5340
vn -0.0585 -0.3157 -0.9470
vn -0.2631 -0.8603 -0.4366
vn -0.1247 -0.3831 -0.9153
vn -0.1623 -0.4307 -0.8878
vn -0.0928 -0.3186 -0.9433
vn -0.1398 -0.3432 -0.9288
vn -0.1877 -0.3935 -0.9000
vn -0.7609 -0.3584 -0.5409
vn -0.7979 -0.3180 -0.5121
vn -0.8300 -0.3162 -0.4594
vn 0.2956 0.8510 0.4340
vn 0.4013 0.8955 0.1926
vn 0.4420 0.8226 0.3577
vn 0.3033 0.7903 0.5325
vn 0.4592 0.8881 0.0224
vn 0.5716 0.8074 0.1463
vn 0.4438 0.8870 0.1277
vn 0.3669 0.8458 0.3873
vn 0.2709 0.7692 0.5788
vn 0.4804 0.8708 -0.1045
vn 0.6270 0.7754 -0.0757
vn 0.4404 0.8701 -0.2213
vn 0.6369 0.7445 -0.2004
vn 0.5215 0.8291 -0.2015
vn 0.4874 0.8672 -0.1018
vn 0.3798 0.9199 -0.0981
vn 0.3659 0.9260 0.0924
vn 0.4137 0.8917 -0.1838
vn 0.1533 0.9734 -0.1703
vn 0.1150 0.9890 -0.0931
vn 0.0954 0.9937 0.0584
vn 0.3406 0.8701 0.3563
vn 0.2401 0.7807 0.5769
vn 0.0862 0.9462 0.3119
vn 0.0839 0.8514 0.5177
vn 0.4267 0.8299 -0.3594
vn 0.4286 0.7933 -0.4324
vn 0.7138 0.6023 -0.3573
vn 0.6460 0.6992 -0.3062
vn 0.4531 0.7712 -0.4472
vn 0.7444 0.5453 -0.3854
vn 0.6354 0.6611 -0.3990
vn 0.6175 0.7097 -0.3392
vn 0.5910 0.7522 -0.2913
vn 0.4711 0.7283 -0.4977
vn 0.7184 0.5191 -0.4631
vn 0.4361 0.5895 -0.6799
vn 0.6449 0.3814 -0.6623
vn 0.5623 0.3933 -0.7274
vn 0.6338 0.5844 -0.5067
vn 0.5920 0.6178 -0.5175
vn 0.5881 0.7082 -0.3907
vn 0.5000 0.4101 -0.7627
vn 0.3753 0.4931 -0.7849
vn 0.3805 0.7087 -0.5941
vn 0.3860 0.8203 -0.4221
vn 0.5704 0.7530 -0.3283
vn 0.5523 0.7851 -0.2802
vn 0.3650 0.8655 -0.3431
vn 0.3322 0.8975 -0.2899
vn -0.0679 0.9488 -0.3084
vn -0.1048 0.9178 -0.3829
vn 0.0755 0.9125 -0.4022
vn 0.0913 0.9408 -0.3264
vn -0.1045 0.8820 -0.4594
vn 0.0768 0.8815 -0.4659
vn 0.2535 0.8570 -0.4487
vn 0.2279 0.8859 -0.4040
vn 0.2061 0.9208 -0.3312
vn -0.0838 0.8193 -0.5672
vn 0.0747 0.8035 -0.5906
vn -0.0687 0.6802 -0.7298
vn 0.0671 0.6634 -0.7453
vn 0.2320 0.6306 -0.7406
vn 0.2594 0.7891 -0.5568
vn 0.0656 0.8586 -0.5085
vn 0.0431 0.9010 -0.4316
vn 0.0834 0.7020 -0.7073
vn 0.0723 0.9064 -0.4161
vn 0.1208 0.9289 -0.3502
vn 0.0685 0.9251 0.3736
vn 0.0883 0.9819 0.1677
vn 0.0839 0.9804 0.1783
vn 0.0585 0.9217 0.3834
vn 0.1004 0.9949 0.0081
vn 0.1153 0.9928 0.0320
vn 0.1595 0.9869 0.0236
vn 0.1448 0.9723 0.1834
vn 0.1111 0.9049 0.4109
vn 0.0917 0.9853 -0.1441
vn 0.1380 0.9812 -0.1347
vn 0.0538 0.9632 -0.2632
vn 0.1524 0.9504 -0.2710
vn 0.1947 0.9484 -0.2501
vn 0.1706 0.9781 -0.1192
vn 0.0700 0.9885 -0.1341
vn 0.1049 0.9933 -0.0481
vn 0.0662 0.9696 -0.2357
vn 0.1447 0.9813 0.1272
vn 0.1504 0.9019 0.4050
vn -0.3085 -0.4110 0.8578
vn -0.4365 -0.3403 0.8328
vn -0.5544 -0.5649 0.6111
vn -0.3779 -0.6594 0.6499
vn -0.5776 -0.2439 0.7790
vn -0.7155 -0.4498 0.5346
vn -0.7784 -0.5300 0.3365
vn -0.6129 -0.6790 0.4041
vn -0.4113 -0.7977 0.4410
vn -0.6888 -0.1050 0.7173
vn -0.8429 -0.2951 0.4500
vn -0.7722 0.0383 0.6342
vn -0.9110 -0.0278 0.4115
vn -0.9718 -0.1037 0.2119
vn -0.9002 -0.3483 0.2613
vn -0.9205 -0.3681 0.1311
vn -0.7988 -0.5739 0.1805
vn -0.9830 -0.1581 0.0934
vn -0.9914 -0.1137 0.0654
vn -0.8619 -0.4963 0.1043
vn -0.6528 -0.7179 0.2418
vn -0.4035 -0.8698 0.2841
vn -0.5420 -0.8188 0.1894
vn -0.5549 -0.7991 0.2312
vn -0.8283 -0.5348 0.1673
vn -0.8003 -0.5989 0.0282
vn -0.5332 -0.8439 0.0596
vn -0.9817 -0.1765 0.0716
vn -0.9662 -0.2383 -0.0988
vn -0.8242 -0.4183 -0.3817
vn -0.6644 -0.6690 -0.3332
vn -0.4311 -0.8423 -0.3235
vn 0.0011 -0.9619 0.2734
vn -0.2297 -0.9362 0.2661
vn -0.2240 -0.9704 0.0905
vn 0.0004 -0.9946 0.1033
vn -0.1816 -0.9383 -0.2943
vn -0.0002 -0.9600 -0.2800
vn -0.0067 -0.6061 0.7954
vn -0.0591 -0.5839 0.8097
vn -0.0520 -0.8243 0.5637
vn -0.0054 -0.8386 0.5447
vn -0.0894 -0.5376 0.8384
vn -0.0919 -0.7967 0.5974
vn -0.0791 -0.9074 0.4127
vn -0.0422 -0.9196 0.3906
vn -0.0063 -0.9223 0.3865
vn -0.1871 -0.4839 0.8549
vn -0.2091 -0.7435 0.6352
vn -0.2066 -0.8745 0.4389
vn -0.2179 -0.9316 0.2908
vn -0.0637 -0.9478 0.3124
vn -0.1609 -0.9526 0.2583
vn -0.0379 -0.9532 0.3001
vn -0.0090 -0.9546 0.2978
vn -0.0000 -0.9612 0.2758
vn -0.0621 -0.2555 0.9648
vn -0.0822 -0.2505 0.9646
vn -0.0786 -0.3032 0.9497
vn -0.0602 -0.3394 0.9387
vn -0.1363 -0.2244 0.9649
vn -0.1530 -0.2669 0.9515
vn -0.2546 -0.2234 0.9409
vn -0.9771 -0.0408 -0.2087
vn -0.8006 -0.3597 -0.4793
vn -0.6659 0.2849 0.6895
vn -0.8365 0.3304 0.4372
vn -0.8840 0.2138 0.4157
vn -0.7043 0.2226 0.6741
vn -0.9690 0.1491 0.1968
vn 0.1641 0.7280 0.6657
vn 0.2007 0.7059 0.6792
vn 0.0326 0.8386 0.5438
vn 0.1980 0.7223 0.6627
vn 0.1708 0.6905 0.7029
vn 0.1396 0.7038 0.6965
vn 0.1934 0.7550 0.6265
vn 0.0889 0.8467 0.5246
vn 0.1772 0.7427 0.6458
vn 0.1071 0.5000 -0.8594
vn 0.3722 0.4273 -0.8239
vn 0.1726 0.4429 -0.8798
vn -0.0444 0.9703 -0.2377
vn -0.0422 0.9749 -0.2187
vn 0.0421 0.9730 -0.2271
vn 0.0582 0.9676 -0.2456
vn 0.1310 0.3553 -0.9255
vn 0.1552 0.4079 -0.8997
vn -0.3217 -0.0829 0.9432
vn -0.3965 0.0432 0.9170
vn -0.4339 -0.0306 0.9004
vn -0.3343 -0.1434 0.9315
vn -0.5073 0.1620 0.8464
vn -0.5352 0.0987 0.8390
vn 0.3457 -0.1390 0.9280
vn 0.2908 -0.0337 0.9562
vn 0.2193 -0.1010 0.9704
vn 0.2512 -0.2095 0.9450
vn -0.9862 0.1596 0.0451
vn -0.9892 0.1412 0.0385
vn -0.9853 -0.1442 0.0911
vn 0.0134 0.9968 -0.0792
vn -0.0048 0.9984 0.0569
vn 0.0179 0.9874 -0.1572
vn -0.0110 0.9542 0.2989
vn 0.0150 0.9532 0.3020
vn -0.0373 0.9872 -0.1549
vn -0.0332 0.9971 -0.0690
vn 0.0439 0.8519 0.5218
vn -0.0738 0.8515 0.5191
vn -0.0946 0.9158 0.3904
vn -0.0867 0.7675 0.6351
vn -0.0848 0.7405 0.6666
vn -0.1441 0.7208 0.6780
vn -0.1627 0.7307 0.6631
vn 0.0183 0.8231 0.5676
vn -0.0536 0.8243 0.5635
vn -0.1317 0.7890 0.6001
vn -0.2048 0.8575 0.4720
vn -0.9916 0.1244 0.0362
vn -0.9821 -0.1593 0.1006
vn -0.2437 -0.1827 0.9525
vn -0.5429 -0.5135 -0.6645
vn -0.4958 -0.6149 -0.6132
vn 0.1168 0.7253 -0.6784
vn 0.1175 0.8834 -0.4537
vn 0.1862 0.4165 -0.8899
vn 0.1048 0.9340 -0.3414
vn -0.0370 0.9427 -0.3317
vn -0.0412 0.9628 -0.2672
vn 0.0769 0.9569 -0.2800
vn 0.0986 0.3662 -0.9253
vn -0.0178 0.6848 -0.7285
vn -0.1270 0.8000 0.5864
vn -0.0186 0.8017 0.5974
vn 0.0926 0.9370 0.3369
vn -0.0996 0.9326 0.3469
vn 0.1261 0.9899 -0.0651
vn 0.1772 0.9823 -0.0604
vn 0.1706 0.9738 -0.1504
vn 0.1166 0.9799 -0.1618
vn -0.0258 0.8228 0.5677
vn 0.0918 0.9370 0.3371
vn 0.1120 0.9884 0.1028
vn -0.0965 0.9895 0.1077
vn -0.9963 0.0853 0.0052
vn -0.1547 -0.6737 -0.7227
vn -0.1645 -0.6740 -0.7202
vn -0.1261 -0.7829 -0.6092
vn -0.2586 -0.7336 -0.6285
vn 0.5195 0.2161 -0.8267
vn 0.4191 0.1726 -0.8914
vn 0.3228 0.2011 -0.9249
vn 0.2429 0.1476 -0.9588
vn 0.3575 0.3679 -0.8584
vn 0.4368 0.1809 -0.8812
vn -0.2252 0.6151 -0.7556
vn -0.1763 0.4022 -0.8984
vn -0.0634 0.4735 -0.8785
vn -0.0758 0.6693 -0.7391
vn 0.1505 0.9700 -0.1907
vn 0.1231 0.9686 -0.2158
vn 0.0365 0.9719 -0.2325
vn 0.0828 0.9754 -0.2042
vn -0.1365 0.3095 -0.9410
vn -0.0477 0.3501 -0.9355
vn -0.0469 0.4974 -0.8662
vn 0.0646 -0.1989 0.9779
vn 0.0311 -0.1938 0.9806
vn 0.0373 -0.3274 0.9442
vn 0.0816 -0.3192 0.9442
vn -0.0024 -0.3457 0.9383
vn 0.0474 -0.5982 0.7999
vn 0.1004 -0.5758 0.8114
vn 0.1499 -0.1709 0.9738
vn 0.1616 -0.2786 0.9467
vn -0.0270 0.9967 0.0764
vn 0.2018 0.7019 0.6831
vn -0.9924 0.0865 0.0877
vn -0.9742 0.2079 0.0876
vn 0.2106 0.9525 -0.2202
vn 0.0240 0.9790 -0.2022
vn 0.2668 0.9328 -0.2423
vn -0.1902 0.6821 0.7061
vn -0.1827 0.6774 0.7126
vn -0.2038 0.7097 0.6744
vn -0.2101 0.6933 0.6894
vn -0.0398 0.9798 -0.1962
vn -0.3922 -0.6472 -0.6537
vn -0.2734 -0.6999 -0.6598
vn -0.0104 -0.7424 -0.6699
vn 0.0290 -0.7382 -0.6740
vn -0.0040 -0.8254 -0.5645
vn 0.1184 -0.7932 -0.5974
vn 0.1833 -0.9374 -0.2960
vn 0.9858 -0.1415 0.0901
vn 0.9809 0.1928 0.0261
vn 0.9749 0.2205 0.0315
vn 0.9915 -0.1129 0.0646
vn 0.0560 0.5002 -0.8641
vn -0.0205 0.3854 -0.9225
vn 0.0527 0.4001 -0.9150
vn 0.3025 0.9183 -0.2553
vn -0.9372 0.2826 0.2044
vn 0.3438 0.1050 -0.9331
vn -0.0431 0.8767 -0.4791
vn 0.1155 0.7453 0.6567
vn 0.0646 0.7677 0.6375
vn 0.0763 0.8068 0.5858
vn 0.1303 0.7937 0.5942
vn -0.1914 -0.9416 0.2770
vn 0.0039 -0.9531 0.3025
vn -0.2172 -0.9327 0.2878
vn 0.0025 -0.9523 0.3053
vn -0.5492 -0.8088 0.2102
vn -0.5528 -0.7985 0.2383
vn -0.8504 -0.5060 0.1443
vn -0.8362 -0.5195 0.1755
vn 0.0163 0.9589 -0.2832
vn 0.1540 0.9460 -0.2852
vn -0.0127 0.9594 -0.2817
vn 0.1291 0.9498 -0.2850
vn 0.2236 0.9344 -0.2771
vn 0.2240 0.9347 -0.2760
vn -0.0380 0.9589 -0.2811
vn 0.1093 0.9524 -0.2846
vn 0.2132 0.9356 -0.2815
vn 0.1367 0.9485 -0.2856
vn 0.1148 0.9559 -0.2705
vn 0.4211 0.8638 -0.2765
vn 0.4179 0.8727 -0.2526
vn 0.0850 0.9599 -0.2673
vn 0.4296 0.8659 -0.2564
vn 0.6389 0.7329 -0.2338
vn 0.6246 0.7451 -0.2340
vn 0.5595 0.7906 -0.2489
vn 0.5494 0.8005 -0.2396
vn 0.6160 0.7463 -0.2523
vn 0.5683 0.7817 -0.2569
vn 0.5319 0.8085 -0.2519
vn 0.5048 0.8274 -0.2462
vn 0.4629 0.8553 -0.2325
vn -0.2355 0.8155 0.5288
vn -0.2925 0.7723 0.5640
vn -0.4097 0.8512 0.3280
vn -0.3418 0.9004 0.2692
vn -0.3043 0.7852 0.5393
vn -0.4219 0.8485 0.3194
vn -0.4747 0.8749 0.0959
vn -0.5225 0.8472 0.0961
vn -0.4158 0.9086 0.0391
vn -0.3227 0.7472 0.5810
vn -0.4473 0.8204 0.3563
vn -0.4760 0.8712 0.1204
vn -0.4497 0.8926 -0.0313
vn -0.5020 0.8638 -0.0417
vn -0.0782 0.9949 -0.0637
vn -0.0825 0.9807 -0.1771
vn -0.4290 0.8886 -0.1624
vn -0.5515 0.8192 -0.1574
vn -0.5951 0.8017 -0.0554
vn -0.4514 0.8866 -0.1006
vn -0.6203 0.7641 -0.1773
vn -0.4635 0.8600 -0.2137
vn -0.4017 0.8363 -0.3731
vn -0.6810 0.6469 -0.3431
vn -0.7157 0.5562 -0.4222
vn -0.3484 0.8282 -0.4389
vn -0.6302 0.7046 -0.3262
vn -0.6788 0.6323 -0.3734
vn -0.7254 0.5475 -0.4171
vn -0.7059 0.5614 -0.4320
vn -0.3519 0.8141 -0.4620
vn -0.5354 0.7853 -0.3108
vn -0.5855 0.7402 -0.3305
vn -0.3150 0.8977 -0.3081
vn -0.3566 0.8747 -0.3283
vn -0.3717 0.8296 -0.4166
vn -0.6290 0.6706 -0.3931
vn -0.6470 0.5526 -0.5254
vn -0.7309 0.4910 -0.4741
vn -0.3635 0.7083 -0.6051
vn -0.3579 0.4834 -0.7989
vn -0.5678 0.3388 -0.7502
vn -0.6729 0.3516 -0.6508
vn -0.6846 0.5832 -0.4373
vn -0.3571 0.8059 -0.4723
vn -0.6397 0.4855 -0.5958
vn -0.3390 0.6784 -0.6518
vn -0.1483 0.9398 -0.3079
vn -0.1203 0.9074 -0.4027
vn -0.1592 0.9330 -0.3226
vn -0.1570 0.8999 -0.4068
vn -0.1860 0.8628 -0.4701
vn -0.0851 0.8644 -0.4955
vn -0.0578 0.9407 -0.3342
vn -0.0110 0.9234 -0.3837
vn -0.0039 0.9138 -0.4063
vn -0.0804 0.8542 -0.5137
vn -0.2260 0.7901 -0.5698
vn -0.1111 0.6604 -0.7426
vn -0.0683 0.8054 -0.5888
vn -0.1220 0.9724 0.1987
vn -0.2811 0.9264 0.2505
vn -0.3172 0.9483 0.0109
vn -0.1231 0.9923 0.0105
vn -0.1075 0.8635 0.4927
vn -0.1235 0.9659 0.2276
vn -0.1073 0.9941 -0.0170
vn -0.1140 0.9819 -0.1511
vn -0.2958 0.9437 -0.1481
vn -0.1571 0.9612 -0.2269
vn -0.2736 0.9368 -0.2183
vn -0.1164 0.9832 -0.1407
vn -0.1170 0.9647 -0.2358
vn 0.3233 -0.4459 0.8347
vn 0.3896 -0.6883 0.6120
vn 0.5697 -0.5817 0.5806
vn 0.4623 -0.3593 0.8106
vn 0.4151 -0.8032 0.4272
vn 0.6166 -0.6818 0.3936
vn 0.7766 -0.5341 0.3341
vn 0.7191 -0.4566 0.5238
vn 0.5914 -0.2551 0.7649
vn 0.4061 -0.8712 0.2760
vn 0.6516 -0.7202 0.2381
vn 0.5401 -0.8200 0.1896
vn 0.8595 -0.4995 0.1086
vn 0.7951 -0.5787 0.1816
vn 0.9183 -0.3728 0.1331
vn 0.8966 -0.3560 0.2633
vn 0.9825 -0.1607 0.0939
vn 0.9710 -0.1069 0.2139
vn 0.8389 -0.2990 0.4548
vn 0.6950 -0.1158 0.7096
vn 0.9067 -0.0325 0.4204
vn 0.7692 0.0256 0.6385
vn 0.5523 -0.8006 0.2325
vn 0.5320 -0.8443 0.0635
vn 0.7987 -0.6010 0.0299
vn 0.8261 -0.5378 0.1680
vn 0.4275 -0.8414 -0.3305
vn 0.6577 -0.6702 -0.3439
vn 0.8229 -0.4203 -0.3824
vn 0.9662 -0.2378 -0.0997
vn 0.9820 -0.1751 0.0706
vn 0.2256 -0.9697 0.0938
vn 0.2316 -0.9355 0.2670
vn 0.0491 -0.8324 0.5520
vn 0.0424 -0.9177 0.3949
vn 0.0911 -0.9066 0.4121
vn 0.1024 -0.8113 0.5756
vn 0.0393 -0.9547 0.2951
vn 0.1668 -0.9539 0.2494
vn 0.0774 -0.9496 0.3038
vn 0.2262 -0.9322 0.2827
vn 0.2138 -0.8775 0.4292
vn 0.2131 -0.7678 0.6042
vn 0.1921 -0.5252 0.8290
vn 0.1739 -0.7009 -0.6918
vn 0.2057 -0.6637 -0.7191
vn 0.2638 -0.7070 -0.6562
vn -0.1747 0.7115 0.6807
vn -0.1398 0.7183 0.6816
vn -0.1291 0.9648 -0.2292
vn -0.0279 0.9638 -0.2653
vn 0.0802 0.9670 -0.2419
vn 0.0369 0.9623 -0.2694
vn -0.0976 0.9521 -0.2899
vn -0.1883 0.9486 -0.2542
vn 0.9304 0.3046 0.2041
vn 0.8411 0.3233 0.4335
vn 0.8900 0.1946 0.4123
vn 0.9705 0.1385 0.1976
vn 0.7174 0.1907 0.6700
vn 0.9651 0.2512 0.0739
vn 0.9930 0.0829 0.0842
vn 0.1529 0.9829 0.1029
vn 0.6818 0.2610 0.6834
vn 0.5176 0.1465 0.8430
vn 0.5602 0.0729 0.8251
vn 0.4505 -0.0501 0.8914
vn -0.1877 0.4134 -0.8910
vn -0.3950 0.1717 -0.9025
vn -0.5526 0.3469 -0.7578
vn -0.4851 0.3113 -0.8172
vn -0.3224 0.4390 -0.8387
vn -0.3119 0.5003 -0.8077
vn -0.1040 0.3667 -0.9245
vn -0.3003 0.1460 -0.9426
vn -0.5457 0.1910 -0.8159
vn 0.9847 0.1730 0.0201
vn 0.9827 -0.1562 0.0996
vn 0.9931 0.1173 -0.0040
vn -0.1334 0.9341 -0.3311
vn -0.1221 0.7214 -0.6817
vn 0.0152 0.6836 -0.7297
vn 0.0255 0.9439 -0.3292
vn -0.1314 0.8827 -0.4512
vn -0.1646 0.3687 -0.9149
vn -0.1225 0.4486 -0.8853
vn -0.0878 0.7698 0.6322
vn 0.2927 -0.6250 -0.7237
vn 0.4997 -0.5259 -0.6882
vn 0.4494 -0.6132 -0.6497
vn 0.2327 -0.6360 -0.7358
vn -0.4577 0.1519 -0.8760
vn 0.0390 0.8775 -0.4779
vn 0.7972 -0.3549 -0.4884
vn 0.9755 -0.0263 -0.2184
vn -0.2492 0.9246 -0.2881
vn 0.0419 -0.7419 -0.6692
vn 0.0407 0.8264 0.5616
vn 0.0237 0.7900 0.6126
vn -0.0232 -0.7466 -0.6648
vn 0.0089 -0.2255 0.9742
vn 0.3895 0.0447 0.9200
vn -0.0544 -0.7428 -0.6673
vn 0.2181 -0.9321 0.2892
vn 0.1926 -0.9406 0.2795
vn 0.5487 -0.8013 0.2384
vn 0.5445 -0.8104 0.2162
vn 0.8343 -0.5227 0.1753
vn 0.8489 -0.5076 0.1476
vn -0.1484 0.9516 -0.2690
vn -0.2575 0.9312 -0.2579
vn -0.2250 0.9337 -0.2786
vn -0.1647 0.9480 -0.2725
vn -0.1765 0.9469 -0.2687
vn -0.4530 0.8530 -0.2594
vn -0.4585 0.8423 -0.2834
vn -0.1737 0.9381 -0.2996
vn -0.1411 0.9361 -0.3221
vn -0.1837 0.9398 -0.2881
vn -0.4340 0.8399 -0.3258
vn -0.1668 0.9466 -0.2758
vn -0.6159 0.7515 -0.2364
vn -0.5814 0.7795 -0.2333
vn -0.5943 0.7654 -0.2469
vn -0.6126 0.7505 -0.2479
vn -0.4420 0.8656 -0.2352
vn -0.4720 0.8441 -0.2545
vn -0.4991 0.8182 -0.2853
vn -0.6042 0.7468 -0.2779
vn -0.6364 0.7159 -0.2871
vn -0.1142 0.4191 0.9007
vn -0.1873 0.5147 0.8366
vn -0.3157 0.6558 0.6857
vn -0.0964 0.3268 0.9402
vn -0.0705 0.2646 0.9618
vn -0.5817 0.7926 0.1831
vn -0.6285 0.7776 0.0185
vn -0.6440 0.7617 -0.0710
vn -0.4696 0.7651 0.4406
vn -0.7920 0.5061 -0.3415
vn -0.6835 0.2567 -0.6833
vn -0.4642 -0.0254 -0.8854
vn -0.8013 0.5625 -0.2038
vn -0.7039 0.6946 -0.1486
vn -0.0433 -0.3122 -0.9490
vn 0.0980 -0.3238 -0.9410
vn 0.1159 -0.2140 -0.9699
vn -0.1824 -0.2093 -0.9607
vn -0.0104 0.2940 0.9558
vn -0.0144 0.2786 0.9603
vn -0.0262 0.3233 0.9459
vn 0.0138 0.3618 0.9322
vn 0.0395 -0.2509 -0.9672
vn 0.0187 -0.2050 -0.9786
vn -0.0129 -0.2124 -0.9771
vn -0.0035 -0.2012 -0.9795
vn -0.6542 0.7461 -0.1239
vn -0.7029 0.6994 -0.1295
vn -0.6489 0.7531 -0.1084
vn 0.1117 0.4032 0.9083
vn 0.0533 0.3671 0.9287
vn 0.0425 0.3512 0.9353
vn 0.2076 0.4911 0.8460
vn 0.3562 0.6239 0.6956
vn 0.6058 0.7747 0.1810
vn 0.5083 0.7381 0.4437
vn 0.6417 0.7669 0.0075
vn 0.6397 0.7648 -0.0770
vn 0.7827 0.5180 -0.3450
vn 0.7906 0.5756 -0.2091
vn 0.6644 0.7305 -0.1577
vn 0.6765 0.2644 -0.6873
vn 0.4557 -0.0181 -0.8900
vn -0.0745 -0.2824 -0.9564
vn 0.1289 -0.2136 -0.9684
vn -0.1425 -0.2220 -0.9646
vn -0.0607 -0.1502 -0.9868
vn -0.0092 0.3314 0.9435
vn -0.0085 0.3883 0.9215
vn 0.0360 0.3194 0.9470
vn -0.0524 -0.2549 -0.9655
vn -0.0098 -0.2314 -0.9728
vn -0.0107 -0.2189 -0.9757
vn 0.6564 0.7445 -0.1222
vn 0.6472 0.7543 -0.1100
vn 0.6726 0.7269 -0.1386
vn -0.4692 -0.7031 -0.5344
vn -0.6897 -0.5978 -0.4086
vn -0.6904 -0.6225 -0.3687
vn -0.4930 -0.6873 -0.5335
vn -1.0000 0.0024 -0.0004
vn -0.9509 0.0898 0.2961
vn -0.9510 0.0897 0.2959
vn -1.0000 0.0024 -0.0003
vn -0.5509 -0.1906 0.8125
vn -0.2903 -0.1622 0.9431
vn -0.2621 -0.3301 0.9068
vn -0.4989 -0.3504 0.7927
vn 0.8853 -0.3059 0.3502
vn 0.9183 -0.3898 0.0690
vn 0.8635 -0.4904 0.1177
vn 0.8179 -0.4329 0.3790
vn -0.1637 -0.8656 0.4731
vn -0.0901 -0.8566 0.5081
vn -0.0504 -0.9159 0.3982
vn -0.0865 -0.9204 0.3813
vn 0.2600 -0.9017 0.3454
vn 0.2725 -0.9247 0.2657
vn 0.1346 -0.9510 0.2782
vn 0.1311 -0.9392 0.3175
vn 0.8498 -0.4891 -0.1966
vn 0.6893 -0.5980 -0.4089
vn 0.6901 -0.6226 -0.3690
vn 0.8201 -0.5544 -0.1418
vn -0.0002 -0.8095 -0.5872
vn -0.2290 -0.7816 -0.5802
vn -0.2530 -0.7377 -0.6259
vn -0.0002 -0.7557 -0.6549
vn -0.8852 -0.3058 0.3507
vn -0.7571 -0.2387 0.6082
vn -0.6905 -0.3859 0.6118
vn -0.8177 -0.4329 0.3795
vn 0.5513 -0.1906 0.8122
vn 0.7574 -0.2388 0.6078
vn 0.6908 -0.3860 0.6115
vn 0.4992 -0.3504 0.7924
vn 0.0002 -0.1532 0.9882
vn 0.2908 -0.1622 0.9429
vn 0.2625 -0.3301 0.9067
vn 0.0002 -0.3228 0.9465
vn -0.8500 -0.4889 -0.1962
vn -0.9183 -0.3896 0.0695
vn -0.8635 -0.4903 0.1182
vn -0.8202 -0.5543 -0.1413
vn 0.4688 -0.7032 -0.5345
vn 0.2286 -0.7817 -0.5802
vn 0.2526 -0.7378 -0.6260
vn 0.4926 -0.6874 -0.5337
vn 0.2584 -0.9476 0.1880
vn 0.2198 -0.9684 0.1178
vn 0.1045 -0.9719 0.2109
vn 0.1249 -0.9621 0.2424
vn -0.0000 -0.8541 0.5200
vn 0.0902 -0.8566 0.5080
vn 0.0505 -0.9159 0.3982
vn 0.0001 -0.9149 0.4037
vn -0.2585 -0.9475 0.1881
vn -0.2725 -0.9247 0.2658
vn -0.1346 -0.9510 0.2783
vn -0.1249 -0.9621 0.2425
vn 0.1612 -0.9850 0.0614
vn 0.0885 -0.9957 0.0272
vn 0.0444 -0.9839 0.1730
vn 0.0765 -0.9796 0.1859
vn 0.1638 -0.8657 0.4731
vn 0.2224 -0.8811 0.4174
vn 0.1144 -0.9284 0.3535
vn 0.0865 -0.9204 0.3812
vn -0.2600 -0.9017 0.3456
vn -0.2223 -0.8811 0.4175
vn -0.1144 -0.9284 0.3536
vn -0.1311 -0.9391 0.3175
vn -0.0000 -0.9999 0.0163
vn -0.0886 -0.9957 0.0273
vn -0.0445 -0.9839 0.1730
vn -0.0001 -0.9854 0.1701
vn 0.4803 -0.6821 0.5514
vn 0.5757 -0.7162 0.3945
vn -0.4801 -0.6821 0.5517
vn -0.3446 -0.6568 0.6707
vn -0.1613 -0.9850 0.0615
vn -0.2100 -0.8889 -0.4072
vn -0.3919 -0.8669 -0.3080
vn 0.6203 -0.7551 0.2122
vn 0.6051 -0.7958 0.0220
vn -0.1821 -0.6416 0.7451
vn 0.0001 -0.6371 0.7708
vn -0.2199 -0.9684 0.1179
vn -0.5275 -0.8347 -0.1583
vn -0.6052 -0.7958 0.0224
vn 0.5273 -0.8348 -0.1586
vn 0.3916 -0.8670 -0.3083
vn 0.1824 -0.6416 0.7451
vn 0.3448 -0.6568 0.6706
vn -0.6203 -0.7550 0.2125
vn -0.5756 -0.7161 0.3948
vn 0.2097 -0.8889 -0.4073
vn -0.0001 -0.8964 -0.4433
vn -0.1046 -0.9719 0.2109
vn -0.0765 -0.9796 0.1859
vn 0.5872 -0.2262 -0.7772
vn 0.3081 -0.2666 -0.9133
vn 0.3095 -0.2664 -0.9128
vn 0.5878 -0.2260 -0.7768
vn -0.0006 -0.2806 -0.9598
vn -0.0001 -0.2806 -0.9598
vn -0.5877 -0.2261 -0.7768
vn -0.8091 -0.1638 -0.5644
vn -0.8093 -0.1637 -0.5640
vn -0.5884 -0.2259 -0.7764
vn -0.9511 -0.0851 -0.2970
vn -0.9512 -0.0849 -0.2965
vn 0.9509 -0.0853 -0.2976
vn 0.8087 -0.1640 -0.5649
vn 0.8090 -0.1639 -0.5646
vn 0.9510 -0.0851 -0.2971
vn -0.3087 -0.2663 -0.9131
vn -0.3101 -0.2662 -0.9127
vn 0.9511 0.0896 0.2956
vn 1.0000 0.0022 -0.0010
vn 0.9512 0.0895 0.2953
vn 0.5876 0.2306 0.7756
vn 0.8090 0.1683 0.5631
vn 0.8094 0.1682 0.5626
vn 0.5886 0.2304 0.7749
vn 0.0006 0.2836 0.9590
vn 0.3086 0.2702 0.9120
vn 0.3102 0.2701 0.9115
vn 0.0001 0.2836 0.9590
vn -0.5871 0.2307 0.7760
vn -0.3079 0.2701 0.9123
vn -0.3095 0.2700 0.9118
vn -0.5881 0.2305 0.7753
vn -0.8087 0.1685 0.5636
vn -0.8090 0.1683 0.5631
vn -0.0000 -1.0000 0.0014
vn -0.0000 0.9593 -0.2825
vn -0.0000 0.9577 -0.2879
vn 0.0081 0.9578 -0.2872
vn -0.0038 0.9585 -0.2851
vn -0.0081 0.9578 -0.2872
vn -0.0033 0.9586 -0.2849
vn -0.0029 0.9585 -0.2851
vn -0.0029 0.9594 -0.2820
vn -0.0028 0.9592 -0.2827
vn -0.0061 0.9604 -0.2785
vn -0.0038 0.9598 -0.2806
vn -0.0000 0.9610 -0.2765
vn -0.0091 0.9608 -0.2770
vn 0.0061 0.9604 -0.2784
vn 0.0091 0.9608 -0.2770
vn 0.0029 0.9594 -0.2820
vn 0.0039 0.9598 -0.2806
vn 0.0033 0.9586 -0.2849
vn 0.0028 0.9592 -0.2827
vn 0.0038 0.9585 -0.2851
vn 0.0029 0.9585 -0.2851
vt 0.057336 0.714810
vt 0.074752 0.714810
vt 0.074752 0.725144
vt 0.057336 0.725144
vt 0.640414 0.680040
vt 0.640414 0.669705
vt 0.647103 0.669705
vt 0.647103 0.680040
vt 0.640414 0.659371
vt 0.647103 0.659371
vt 0.640414 0.649036
vt 0.647103 0.649036
vt 0.640414 0.638701
vt 0.647103 0.638701
vt 0.640414 0.628367
vt 0.647103 0.628367
vt 0.640414 0.618032
vt 0.647103 0.618032
vt 0.640414 0.607697
vt 0.647103 0.607697
vt 0.640414 0.597362
vt 0.647103 0.597362
vt 0.640414 0.587028
vt 0.647103 0.587028
vt 0.057335 0.642467
vt 0.074752 0.642467
vt 0.074752 0.652801
vt 0.057335 0.652801
vt 0.892386 0.830777
vt 0.844454 0.826577
vt 0.844454 0.821409
vt 0.887741 0.825091
vt 0.057335 0.632132
vt 0.074752 0.632132
vt 0.996797 0.180464
vt 0.996797 0.190003
vt 0.995723 0.190003
vt 0.995723 0.180464
vt 0.057336 0.704475
vt 0.074752 0.704475
vt 0.057336 0.694140
vt 0.074752 0.694140
vt 0.057336 0.683806
vt 0.074752 0.683806
vt 0.057335 0.673471
vt 0.074752 0.673471
vt 0.057335 0.663136
vt 0.074752 0.663136
vt 0.074752 0.735479
vt 0.057336 0.735479
vt 0.598054 0.280543
vt 0.589254 0.274167
vt 0.596834 0.268490
vt 0.601096 0.271299
vt 0.695219 0.628367
vt 0.695219 0.638701
vt 0.121955 0.928914
vt 0.117755 0.880982
vt 0.123441 0.885627
vt 0.127122 0.928915
vt 0.695219 0.587028
vt 0.695219 0.597362
vt 0.078064 0.949499
vt 0.030132 0.953699
vt 0.034777 0.948013
vt 0.078064 0.944332
vt 0.695219 0.649036
vt 0.695219 0.659371
vt 0.505621 0.976029
vt 0.457690 0.980234
vt 0.462334 0.974547
vt 0.505621 0.970861
vt 0.695219 0.607697
vt 0.695219 0.618032
vt 0.996448 0.764118
vt 0.986113 0.764118
vt 0.986113 0.758951
vt 0.996448 0.758951
vt 0.695219 0.669705
vt 0.695219 0.680040
vt 0.282861 0.928532
vt 0.281885 0.917416
vt 0.287703 0.917394
vt 0.290816 0.927836
vt 0.077682 0.788593
vt 0.066566 0.789569
vt 0.066544 0.783751
vt 0.076986 0.780638
vt 0.191499 0.885604
vt 0.192476 0.896720
vt 0.186657 0.896742
vt 0.183544 0.886300
vt 0.505222 0.815122
vt 0.494107 0.816100
vt 0.494084 0.810282
vt 0.504525 0.807167
vt 0.269662 0.829695
vt 0.268685 0.818580
vt 0.274503 0.818557
vt 0.277618 0.828998
vt 0.505621 0.965702
vt 0.465553 0.969141
vt 0.467563 0.963919
vt 0.505620 0.960749
vt 0.996448 0.753791
vt 0.986113 0.753791
vt 0.986113 0.748839
vt 0.996448 0.748839
vt 0.884522 0.819685
vt 0.844454 0.816250
vt 0.844454 0.811297
vt 0.882511 0.814463
vt 0.844455 0.453760
vt 0.854790 0.453760
vt 0.854790 0.461102
vt 0.844455 0.461102
vt 0.206454 0.969591
vt 0.206454 0.979926
vt 0.199111 0.979926
vt 0.199111 0.969591
vt 0.282268 0.015566
vt 0.281965 0.012865
vt 0.283032 0.012793
vt 0.283351 0.015444
vt 0.970569 0.969585
vt 0.970568 0.979919
vt 0.963226 0.979919
vt 0.963226 0.969585
vt 0.132282 0.928915
vt 0.128847 0.888846
vt 0.134068 0.890857
vt 0.137234 0.928915
vt 0.761455 0.752810
vt 0.809387 0.757015
vt 0.809387 0.762183
vt 0.766100 0.758497
vt 0.133441 0.864386
vt 0.132464 0.875502
vt 0.124509 0.874805
vt 0.127623 0.864363
vt 0.982662 0.034059
vt 0.982970 0.031322
vt 0.984077 0.031455
vt 0.983734 0.034128
vt 0.026086 0.972205
vt 0.026086 0.977311
vt 0.025401 0.974758
vt 0.957748 0.940662
vt 0.957748 0.950997
vt 0.952581 0.950997
vt 0.952581 0.940662
vt 0.956935 0.969585
vt 0.956934 0.979919
vt 0.951339 0.979919
vt 0.951339 0.969585
vt 0.212277 0.996795
vt 0.212277 0.986460
vt 0.217444 0.986460
vt 0.217444 0.996795
vt 0.434598 0.948382
vt 0.434598 0.943276
vt 0.435283 0.945829
vt 0.003009 0.077528
vt 0.003308 0.074818
vt 0.004404 0.074947
vt 0.004071 0.077593
vt 0.797873 0.916944
vt 0.808989 0.917922
vt 0.808291 0.925877
vt 0.797850 0.922762
vt 0.832351 0.763054
vt 0.821235 0.762077
vt 0.821932 0.754122
vt 0.832374 0.757236
vt 0.855952 0.666647
vt 0.844836 0.665670
vt 0.845533 0.657715
vt 0.855974 0.660828
vt 0.352406 0.885221
vt 0.356606 0.933153
vt 0.350920 0.928508
vt 0.347238 0.885221
vt 0.868783 0.927185
vt 0.820851 0.922984
vt 0.820851 0.917816
vt 0.864138 0.921499
vt 0.844455 0.623879
vt 0.854790 0.623879
vt 0.854729 0.629698
vt 0.844517 0.629698
vt 0.432404 0.967873
vt 0.432404 0.957538
vt 0.438223 0.957600
vt 0.438222 0.967812
vt 0.262285 0.967873
vt 0.262285 0.957538
vt 0.269627 0.957538
vt 0.269627 0.967873
vt 0.790201 0.972199
vt 0.790201 0.977305
vt 0.789516 0.974752
vt 0.319550 0.842694
vt 0.318574 0.853810
vt 0.310619 0.853113
vt 0.313732 0.842672
vt 0.442652 0.965259
vt 0.442652 0.960153
vt 0.443338 0.962706
vt 0.483680 0.806260
vt 0.479480 0.854192
vt 0.474313 0.854192
vt 0.477994 0.810905
vt 0.982628 0.042069
vt 0.983704 0.042073
vt 0.800449 0.979919
vt 0.800449 0.969585
vt 0.822052 0.969585
vt 0.822052 0.979919
vt 0.847342 0.969585
vt 0.847342 0.979919
vt 0.874697 0.969585
vt 0.874697 0.979919
vt 0.902332 0.969585
vt 0.902332 0.979919
vt 0.928442 0.969585
vt 0.928442 0.979919
vt 0.797416 0.895345
vt 0.809378 0.893679
vt 0.795045 0.870167
vt 0.809380 0.869402
vt 0.790923 0.843125
vt 0.809381 0.845125
vt 0.785330 0.816061
vt 0.809383 0.820848
vt 0.778646 0.790821
vt 0.809385 0.796572
vt 0.771329 0.769125
vt 0.809386 0.772295
vt 0.373186 0.986460
vt 0.373186 0.996795
vt 0.348940 0.996795
vt 0.348940 0.986460
vt 0.324664 0.996795
vt 0.324664 0.986460
vt 0.300387 0.996795
vt 0.300387 0.986460
vt 0.276110 0.996795
vt 0.276110 0.986460
vt 0.251833 0.996795
vt 0.251833 0.986460
vt 0.227556 0.996795
vt 0.227556 0.986460
vt 0.245420 0.830085
vt 0.247086 0.818122
vt 0.221143 0.830086
vt 0.221908 0.815752
vt 0.196866 0.830087
vt 0.194866 0.811629
vt 0.172589 0.830088
vt 0.167802 0.806035
vt 0.148312 0.830090
vt 0.142562 0.799351
vt 0.124035 0.830091
vt 0.120866 0.792033
vt 0.796839 0.950997
vt 0.796839 0.940662
vt 0.821085 0.940662
vt 0.821085 0.950997
vt 0.845361 0.940662
vt 0.845361 0.950997
vt 0.869638 0.940662
vt 0.869638 0.950997
vt 0.893915 0.940662
vt 0.893915 0.950997
vt 0.918192 0.940662
vt 0.918192 0.950997
vt 0.942469 0.940662
vt 0.942469 0.950997
vt 0.215742 0.885216
vt 0.214074 0.897179
vt 0.240019 0.885217
vt 0.239253 0.899551
vt 0.264296 0.885218
vt 0.266294 0.903677
vt 0.288572 0.885219
vt 0.293357 0.909273
vt 0.312849 0.885220
vt 0.318597 0.915959
vt 0.337126 0.885221
vt 0.340293 0.923279
vt 0.856411 0.688245
vt 0.844449 0.689913
vt 0.858784 0.713424
vt 0.844450 0.714190
vt 0.862909 0.740465
vt 0.844451 0.738467
vt 0.868506 0.767528
vt 0.844452 0.762743
vt 0.875192 0.792767
vt 0.844453 0.787020
vt 0.424350 0.940661
vt 0.424350 0.950996
vt 0.402746 0.950996
vt 0.402746 0.940661
vt 0.377457 0.950996
vt 0.377457 0.940661
vt 0.350102 0.950996
vt 0.350102 0.940661
vt 0.322467 0.950996
vt 0.322467 0.940661
vt 0.296357 0.950996
vt 0.296357 0.940661
vt 0.273459 0.950996
vt 0.273459 0.940661
vt 0.258619 0.928920
vt 0.260286 0.916957
vt 0.234342 0.928919
vt 0.235108 0.914584
vt 0.210065 0.928918
vt 0.208066 0.910459
vt 0.185788 0.928917
vt 0.181003 0.904863
vt 0.161511 0.928916
vt 0.155764 0.898177
vt 0.036334 0.979926
vt 0.036334 0.969591
vt 0.057937 0.969591
vt 0.057937 0.979926
vt 0.083227 0.969591
vt 0.083227 0.979926
vt 0.110582 0.969591
vt 0.110582 0.979926
vt 0.138217 0.969591
vt 0.138217 0.979926
vt 0.164327 0.969591
vt 0.164327 0.979926
vt 0.187224 0.969591
vt 0.187224 0.979926
vt 0.832810 0.784653
vt 0.820848 0.786320
vt 0.835183 0.809831
vt 0.820848 0.810597
vt 0.839307 0.836873
vt 0.820849 0.834874
vt 0.844903 0.863936
vt 0.820849 0.859151
vt 0.851589 0.889175
vt 0.820850 0.883428
vt 0.858908 0.910871
vt 0.820850 0.907704
vt 0.935983 0.986454
vt 0.935983 0.996789
vt 0.911737 0.996789
vt 0.911737 0.986454
vt 0.887460 0.996789
vt 0.887460 0.986454
vt 0.863184 0.996789
vt 0.863184 0.986454
vt 0.838907 0.996789
vt 0.838907 0.986454
vt 0.814630 0.996789
vt 0.814630 0.986454
vt 0.790353 0.996789
vt 0.790353 0.986454
vt 0.410801 0.967873
vt 0.410801 0.957538
vt 0.385511 0.967873
vt 0.385511 0.957538
vt 0.358157 0.967873
vt 0.358157 0.957538
vt 0.330521 0.967873
vt 0.330521 0.957538
vt 0.304411 0.967873
vt 0.304411 0.957538
vt 0.281514 0.967873
vt 0.281514 0.957538
vt 0.986113 0.603209
vt 0.996448 0.603209
vt 0.996448 0.627455
vt 0.986113 0.627455
vt 0.996448 0.651731
vt 0.986113 0.651731
vt 0.996448 0.676008
vt 0.986113 0.676008
vt 0.996448 0.700285
vt 0.986113 0.700285
vt 0.996448 0.724562
vt 0.986113 0.724562
vt 0.155039 0.863927
vt 0.156707 0.875889
vt 0.180218 0.861553
vt 0.180984 0.875888
vt 0.207260 0.857428
vt 0.205261 0.875887
vt 0.234322 0.851832
vt 0.229538 0.875886
vt 0.259562 0.845146
vt 0.253814 0.875885
vt 0.281258 0.837826
vt 0.278091 0.875884
vt 0.078069 0.812836
vt 0.066107 0.811168
vt 0.078069 0.837112
vt 0.063734 0.836346
vt 0.078068 0.861389
vt 0.059609 0.863388
vt 0.078067 0.885666
vt 0.054013 0.890451
vt 0.078066 0.909943
vt 0.047327 0.915690
vt 0.078065 0.934220
vt 0.040007 0.937386
vt 0.341149 0.842235
vt 0.342817 0.854197
vt 0.366327 0.839862
vt 0.367094 0.854196
vt 0.393369 0.835737
vt 0.391370 0.854196
vt 0.420432 0.830141
vt 0.415647 0.854195
vt 0.445671 0.823455
vt 0.439924 0.854194
vt 0.467367 0.816135
vt 0.464201 0.854193
vt 0.844455 0.602276
vt 0.854790 0.602276
vt 0.844455 0.576986
vt 0.854790 0.576986
vt 0.844455 0.549632
vt 0.854790 0.549632
vt 0.844455 0.521996
vt 0.854790 0.521996
vt 0.844455 0.495886
vt 0.854790 0.495886
vt 0.844455 0.472989
vt 0.854790 0.472989
vt 0.505612 0.839365
vt 0.493650 0.837699
vt 0.505614 0.863642
vt 0.491279 0.862877
vt 0.505615 0.887919
vt 0.487157 0.889919
vt 0.505617 0.912196
vt 0.481564 0.916983
vt 0.505619 0.936472
vt 0.474880 0.942223
vt 0.996988 0.426651
vt 0.986654 0.426651
vt 0.986654 0.402406
vt 0.996988 0.402406
vt 0.986654 0.378129
vt 0.996988 0.378129
vt 0.986654 0.353852
vt 0.996988 0.353852
vt 0.986654 0.329575
vt 0.996988 0.329575
vt 0.986654 0.305298
vt 0.996988 0.305298
vt 0.986654 0.281021
vt 0.996988 0.281021
vt 0.794631 0.979858
vt 0.794631 0.969646
vt 0.267864 0.950996
vt 0.267864 0.940661
vt 0.108756 0.830091
vt 0.104552 0.782160
vt 0.110238 0.786804
vt 0.113923 0.830091
vt 0.342079 0.885221
vt 0.345514 0.925289
vt 0.947421 0.940662
vt 0.947421 0.950997
vt 0.119083 0.830091
vt 0.115644 0.790023
vt 0.222604 0.996795
vt 0.222604 0.986460
vt 0.297571 0.827952
vt 0.293371 0.875884
vt 0.288203 0.875884
vt 0.291885 0.832597
vt 0.769319 0.763903
vt 0.809386 0.767342
vt 0.286479 0.835816
vt 0.283044 0.875884
vt 0.275919 0.967873
vt 0.275919 0.957538
vt 0.078065 0.939172
vt 0.037996 0.942607
vt 0.986654 0.265742
vt 0.996988 0.265742
vt 0.996988 0.270909
vt 0.986654 0.270909
vt 0.986654 0.276069
vt 0.996988 0.276069
vt 0.775074 0.996789
vt 0.775074 0.986454
vt 0.780241 0.986454
vt 0.780241 0.996789
vt 0.472588 0.814125
vt 0.469153 0.854193
vt 0.844455 0.467394
vt 0.854790 0.467394
vt 0.785401 0.996789
vt 0.785401 0.986454
vt 0.860919 0.916092
vt 0.820850 0.912657
vt 0.192819 0.969591
vt 0.192819 0.979926
vt 0.822188 0.751460
vt 0.832473 0.754590
vt 0.822594 0.748816
vt 0.832764 0.751961
vt 0.823251 0.746223
vt 0.833373 0.749389
vt 0.290349 0.917295
vt 0.293479 0.927580
vt 0.292978 0.917004
vt 0.296123 0.927174
vt 0.295550 0.916394
vt 0.298716 0.926517
vt 0.178810 0.897741
vt 0.175645 0.887619
vt 0.178238 0.886962
vt 0.181382 0.897132
vt 0.180882 0.886556
vt 0.184012 0.896841
vt 0.806971 0.933776
vt 0.796849 0.930609
vt 0.797459 0.928037
vt 0.807628 0.931183
vt 0.797750 0.925408
vt 0.808035 0.928539
vt 0.121847 0.874549
vt 0.124977 0.864264
vt 0.119203 0.874143
vt 0.122347 0.863973
vt 0.116610 0.873486
vt 0.119775 0.863364
vt 0.066445 0.781105
vt 0.076730 0.777975
vt 0.066154 0.778476
vt 0.076323 0.775331
vt 0.065544 0.775904
vt 0.075667 0.772738
vt 0.493083 0.802435
vt 0.503205 0.799268
vt 0.503862 0.801861
vt 0.493693 0.805007
vt 0.504269 0.804505
vt 0.493984 0.807636
vt 0.845789 0.655052
vt 0.856074 0.658183
vt 0.846195 0.652408
vt 0.856364 0.655553
vt 0.846852 0.649816
vt 0.856974 0.652981
vt 0.282350 0.817557
vt 0.285517 0.827679
vt 0.282924 0.828336
vt 0.279778 0.818166
vt 0.280280 0.828742
vt 0.277149 0.818457
vt 0.307956 0.852857
vt 0.311086 0.842573
vt 0.305312 0.852452
vt 0.308457 0.842282
vt 0.302719 0.851795
vt 0.305885 0.841672
vt 0.847070 0.634128
vt 0.852176 0.634128
vt 0.849623 0.634813
vt 0.430168 0.940723
vt 0.430168 0.950935
vt 0.030516 0.979864
vt 0.030516 0.969652
vt 0.261573 0.950996
vt 0.261573 0.940661
vt 0.254230 0.950996
vt 0.254230 0.940661
vt 0.792073 0.979174
vt 0.792073 0.970330
vt 0.052018 0.003016
vt 0.054752 0.003312
vt 0.054624 0.004417
vt 0.051954 0.004087
vt 0.052023 0.017117
vt 0.044027 0.017191
vt 0.044020 0.016103
vt 0.051943 0.016051
vt 0.042140 0.015279
vt 0.042154 0.004903
vt 0.043231 0.004904
vt 0.043216 0.015280
vt 0.058346 0.007179
vt 0.058899 0.010044
vt 0.057764 0.010075
vt 0.057284 0.007548
vt 0.994890 0.043946
vt 0.984526 0.043946
vt 0.984526 0.042871
vt 0.994890 0.042871
vt 0.058455 0.013003
vt 0.057324 0.012651
vt 0.432726 0.950250
vt 0.432726 0.941407
vt 0.027958 0.979180
vt 0.027958 0.970336
vt 0.292012 0.019137
vt 0.289136 0.019782
vt 0.289082 0.018631
vt 0.291613 0.018083
vt 0.984110 0.029068
vt 0.986766 0.027746
vt 0.987149 0.028811
vt 0.984640 0.030132
vt 0.286103 0.019377
vt 0.286442 0.018224
vt 0.825676 0.012845
vt 0.825377 0.015561
vt 0.824279 0.015431
vt 0.824612 0.012780
vt 0.044025 0.003016
vt 0.044025 0.004089
vt 0.057071 0.004511
vt 0.056001 0.005022
vt 0.845201 0.632255
vt 0.854044 0.632255
vt 0.440780 0.958284
vt 0.440780 0.967127
vt 0.296097 0.004895
vt 0.296043 0.012870
vt 0.294977 0.012798
vt 0.295026 0.004888
vt 0.003009 0.085470
vt 0.004075 0.085470
vt 0.825682 0.004890
vt 0.824613 0.004889
vt 0.283849 0.003010
vt 0.294208 0.003010
vt 0.294208 0.004085
vt 0.283849 0.004085
vt 0.815708 0.019351
vt 0.812885 0.017996
vt 0.813462 0.016856
vt 0.816057 0.018207
vt 0.996440 0.031420
vt 0.996752 0.034107
vt 0.995688 0.034181
vt 0.995363 0.031545
vt 0.294627 0.017788
vt 0.294086 0.016739
vt 0.996788 0.042071
vt 0.995704 0.042074
vt 0.057106 0.015837
vt 0.055961 0.015264
vt 0.017071 0.077475
vt 0.017140 0.085475
vt 0.016051 0.085482
vt 0.016003 0.077554
vt 0.295725 0.015588
vt 0.294627 0.015452
vt 0.813439 0.003017
vt 0.823802 0.003017
vt 0.823802 0.004092
vt 0.813439 0.004092
vt 0.811909 0.015621
vt 0.811589 0.012913
vt 0.812659 0.012835
vt 0.812995 0.015493
vt 0.016752 0.074773
vt 0.015668 0.074901
vt 0.818736 0.019804
vt 0.818688 0.018650
vt 0.992650 0.027651
vt 0.995483 0.029009
vt 0.994906 0.030154
vt 0.992289 0.028789
vt 0.006583 0.077791
vt 0.013476 0.077764
vt 0.013449 0.083703
vt 0.006652 0.083674
vt 0.989661 0.027165
vt 0.989691 0.028310
vt 0.007023 0.071193
vt 0.009939 0.070557
vt 0.009987 0.071716
vt 0.007422 0.072262
vt 0.986272 0.034339
vt 0.993178 0.034380
vt 0.993116 0.040292
vt 0.986306 0.040272
vt 0.281945 0.004877
vt 0.283032 0.004877
vt 0.821644 0.019159
vt 0.821254 0.018098
vt 0.283228 0.018039
vt 0.283798 0.016878
vt 0.015225 0.087354
vt 0.004881 0.087336
vt 0.004883 0.086263
vt 0.015226 0.086280
vt 0.012977 0.070999
vt 0.015862 0.072405
vt 0.015264 0.073569
vt 0.012616 0.072155
vt 0.811524 0.004897
vt 0.812615 0.004890
vt 0.054717 0.016791
vt 0.054586 0.015711
vt 0.822094 0.012582
vt 0.815190 0.012624
vt 0.815220 0.006692
vt 0.822029 0.006671
vt 0.004373 0.072554
vt 0.004919 0.073616
vt 0.292455 0.012585
vt 0.285556 0.012595
vt 0.285621 0.006683
vt 0.292428 0.006662
vt 0.824244 0.017836
vt 0.823714 0.016794
vt 0.285953 0.014581
vt 0.284665 0.015138
vt 0.284294 0.012700
vt 0.051733 0.013532
vt 0.053703 0.013125
vt 0.054270 0.014403
vt 0.051843 0.014791
vt 0.054955 0.011690
vt 0.056105 0.012234
vt 0.054723 0.014338
vt 0.815599 0.014612
vt 0.817028 0.015832
vt 0.816527 0.016999
vt 0.814359 0.015594
vt 0.818637 0.016215
vt 0.818661 0.017397
vt 0.821693 0.014552
vt 0.823352 0.012686
vt 0.822971 0.015115
vt 0.986684 0.032348
vt 0.985004 0.034227
vt 0.985396 0.031776
vt 0.988100 0.031130
vt 0.985519 0.031337
vt 0.987572 0.030007
vt 0.820229 0.015767
vt 0.822869 0.015584
vt 0.820773 0.016916
vt 0.284346 0.005384
vt 0.293711 0.005384
vt 0.014732 0.084983
vt 0.005382 0.084967
vt 0.814311 0.015178
vt 0.813925 0.012735
vt 0.813936 0.005392
vt 0.823304 0.005392
vt 0.994393 0.041571
vt 0.985023 0.041571
vt 0.045830 0.006682
vt 0.045800 0.013500
vt 0.044518 0.014784
vt 0.044531 0.005404
vt 0.287395 0.015810
vt 0.286891 0.016987
vt 0.284695 0.015585
vt 0.289014 0.016206
vt 0.289018 0.017395
vt 0.292042 0.014554
vt 0.293715 0.012697
vt 0.293318 0.015127
vt 0.290607 0.015762
vt 0.293201 0.015554
vt 0.291155 0.016904
vt 0.010036 0.074164
vt 0.008433 0.074611
vt 0.007879 0.073456
vt 0.010013 0.072975
vt 0.006985 0.075826
vt 0.005812 0.074817
vt 0.005329 0.077686
vt 0.005710 0.075262
vt 0.992780 0.032413
vt 0.994057 0.031854
vt 0.994433 0.034276
vt 0.991307 0.031183
vt 0.991859 0.030023
vt 0.993980 0.031394
vt 0.989694 0.030736
vt 0.989697 0.029525
vt 0.055363 0.010092
vt 0.054932 0.008491
vt 0.056089 0.007961
vt 0.056545 0.010086
vt 0.053744 0.007026
vt 0.054783 0.005878
vt 0.051753 0.006621
vt 0.051859 0.005354
vt 0.054309 0.005736
vt 0.013069 0.075779
vt 0.014355 0.075214
vt 0.014740 0.077654
vt 0.011656 0.074553
vt 0.012174 0.073378
vt 0.014303 0.074822
vt 0.638019 0.308209
vt 0.628190 0.311402
vt 0.628190 0.310115
vt 0.637262 0.307167
vt 0.618361 0.281152
vt 0.628190 0.277959
vt 0.628190 0.279246
vt 0.619118 0.282194
vt 0.025063 0.003011
vt 0.033424 0.009086
vt 0.032382 0.009842
vt 0.024665 0.004236
vt 0.014728 0.034818
vt 0.006367 0.028744
vt 0.007409 0.027987
vt 0.015126 0.033594
vt 0.638019 0.281152
vt 0.644094 0.289513
vt 0.642869 0.289911
vt 0.637262 0.282194
vt 0.618361 0.308209
vt 0.612286 0.299848
vt 0.613511 0.299450
vt 0.619118 0.307167
vt 0.033424 0.028744
vt 0.025063 0.034818
vt 0.024665 0.033594
vt 0.032382 0.027987
vt 0.644094 0.299848
vt 0.642869 0.299450
vt 0.612286 0.289513
vt 0.613511 0.289911
vt 0.006367 0.009086
vt 0.014728 0.003011
vt 0.015126 0.004236
vt 0.007409 0.009842
vt 0.640414 0.576693
vt 0.647103 0.576693
vt 0.996797 0.094613
vt 0.996797 0.104152
vt 0.995723 0.104152
vt 0.995723 0.094613
vt 0.996797 0.113691
vt 0.995723 0.113691
vt 0.996797 0.123230
vt 0.995723 0.123230
vt 0.996797 0.132769
vt 0.995723 0.132769
vt 0.996797 0.142308
vt 0.995723 0.142308
vt 0.996797 0.151847
vt 0.995723 0.151847
vt 0.996797 0.161386
vt 0.995723 0.161386
vt 0.996797 0.170925
vt 0.995723 0.170925
vt 0.003174 0.018915
vt 0.004461 0.018915
vt 0.036617 0.018915
vt 0.035330 0.018915
vt 0.573318 0.473410
vt 0.582031 0.470579
vt 0.583147 0.472116
vt 0.573318 0.475309
vt 0.564606 0.470579
vt 0.563489 0.472116
vt 0.559221 0.463168
vt 0.557415 0.463755
vt 0.559221 0.454007
vt 0.557415 0.453420
vt 0.564606 0.446596
vt 0.563489 0.445059
vt 0.573318 0.443765
vt 0.573318 0.441865
vt 0.582031 0.446596
vt 0.583147 0.445059
vt 0.587416 0.454007
vt 0.589222 0.453420
vt 0.587416 0.463168
vt 0.589222 0.463755
vt 0.621635 0.264113
vt 0.617830 0.274541
vt 0.610308 0.268459
vt 0.611813 0.263602
vt 0.597962 0.246459
vt 0.609269 0.246459
vt 0.606229 0.255699
vt 0.601179 0.255957
vt 0.585706 0.263971
vt 0.595370 0.263544
vt 0.608921 0.280638
vt 0.606192 0.271569
vt 0.618367 0.253173
vt 0.610138 0.258905
vt 0.588836 0.253321
vt 0.597043 0.258743
vt 0.603620 0.263628
vt 0.134497 0.479302
vt 0.129330 0.495206
vt 0.120969 0.489131
vt 0.139664 0.495206
vt 0.148025 0.489131
vt 0.151219 0.479302
vt 0.148025 0.469474
vt 0.139664 0.463399
vt 0.129330 0.463399
vt 0.120969 0.469474
vt 0.117775 0.479302
vt 0.539719 0.418319
vt 0.539540 0.431038
vt 0.514731 0.431093
vt 0.515030 0.418630
vt 0.449934 0.418235
vt 0.442854 0.430521
vt 0.423343 0.430399
vt 0.424903 0.418172
vt 0.405804 0.882791
vt 0.406159 0.861102
vt 0.416025 0.861104
vt 0.415344 0.882774
vt 0.566092 0.418570
vt 0.565844 0.431341
vt 0.565770 0.435443
vt 0.539503 0.435129
vt 0.514672 0.435164
vt 0.007893 0.705058
vt 0.010872 0.716571
vt 0.007078 0.718251
vt 0.003830 0.705828
vt 0.015909 0.729119
vt 0.024735 0.745554
vt 0.021142 0.747727
vt 0.012812 0.732215
vt 0.411923 0.247225
vt 0.401509 0.300155
vt 0.389353 0.300441
vt 0.400498 0.247736
vt 0.424022 0.882731
vt 0.425005 0.861107
vt 0.433405 0.861121
vt 0.432052 0.882656
vt 0.616239 0.418863
vt 0.638357 0.418442
vt 0.633274 0.430967
vt 0.616831 0.431405
vt 0.397326 0.430256
vt 0.399329 0.418120
vt 0.454932 0.364780
vt 0.431664 0.365107
vt 0.492918 0.418524
vt 0.486440 0.430901
vt 0.477298 0.430775
vt 0.472256 0.418313
vt 0.751023 0.603631
vt 0.752560 0.613245
vt 0.748451 0.614099
vt 0.746831 0.603971
vt 0.422810 0.434337
vt 0.396675 0.434152
vt 0.374802 0.434032
vt 0.375528 0.430164
vt 0.377869 0.418090
vt 0.395732 0.931982
vt 0.395734 0.909958
vt 0.405334 0.909954
vt 0.404962 0.931975
vt 0.408117 0.365461
vt 0.388338 0.365758
vt 0.334514 0.414343
vt 0.332095 0.426339
vt 0.326664 0.425180
vt 0.328884 0.413258
vt 0.321856 0.423895
vt 0.323599 0.412161
vt 0.345440 0.362336
vt 0.339651 0.361265
vt 0.340628 0.415435
vt 0.338162 0.427442
vt 0.337432 0.431297
vt 0.331392 0.430182
vt 0.326161 0.428939
vt 0.321950 0.427410
vt 0.318916 0.425462
vt 0.317459 0.422504
vt 0.317557 0.416633
vt 0.319417 0.405476
vt 0.482754 0.241327
vt 0.479963 0.296358
vt 0.460676 0.297266
vt 0.465026 0.242676
vt 0.334163 0.360201
vt 0.328823 0.359139
vt 0.372397 0.232112
vt 0.369847 0.244610
vt 0.363810 0.243573
vt 0.366490 0.231230
vt 0.358152 0.242576
vt 0.361196 0.230620
vt 0.379817 0.228897
vt 0.378982 0.233141
vt 0.373253 0.227901
vt 0.376430 0.245669
vt 0.359053 0.297155
vt 0.353100 0.296085
vt 0.347468 0.295014
vt 0.341993 0.293941
vt 0.351355 0.247244
vt 0.351702 0.363419
vt 0.354016 0.235962
vt 0.356291 0.230232
vt 0.362710 0.227087
vt 0.358926 0.227841
vt 0.367512 0.227194
vt 0.365505 0.298229
vt 0.439952 0.298305
vt 0.466125 0.229548
vt 0.446396 0.244306
vt 0.447965 0.231338
vt 0.427802 0.245943
vt 0.429859 0.233143
vt 0.483805 0.223507
vt 0.483516 0.228085
vt 0.466548 0.225024
vt 0.419127 0.299337
vt 0.476171 0.364522
vt 0.414353 0.234564
vt 0.430575 0.228757
vt 0.415164 0.230236
vt 0.448541 0.226882
vt 0.414448 0.909917
vt 0.542726 0.227091
vt 0.542455 0.240427
vt 0.520544 0.240192
vt 0.521066 0.226976
vt 0.500729 0.240471
vt 0.501336 0.227235
vt 0.565480 0.222540
vt 0.565481 0.227158
vt 0.542805 0.222470
vt 0.565489 0.240459
vt 0.413735 0.931920
vt 0.422741 0.909816
vt 0.421721 0.931769
vt 0.430305 0.909623
vt 0.428932 0.931472
vt 0.395735 0.882794
vt 0.395736 0.861101
vt 0.501538 0.222631
vt 0.521213 0.222361
vt 0.375230 0.365780
vt 0.366182 0.365326
vt 0.380387 0.300078
vt 0.358577 0.364480
vt 0.372598 0.299268
vt 0.391597 0.247454
vt 0.363966 0.417921
vt 0.354814 0.417391
vt 0.347340 0.416513
vt 0.760413 0.244429
vt 0.771263 0.296731
vt 0.764840 0.297815
vt 0.753860 0.245495
vt 0.777189 0.295651
vt 0.790748 0.360526
vt 0.784985 0.361608
vt 0.383679 0.246683
vt 0.403083 0.235145
vt 0.394198 0.234893
vt 0.386258 0.234142
vt 0.403927 0.230853
vt 0.387097 0.229886
vt 0.395042 0.230622
vt 0.361471 0.429964
vt 0.352296 0.429412
vt 0.344846 0.428523
vt 0.360726 0.433822
vt 0.351558 0.433267
vt 0.344114 0.432378
vt 0.591959 0.419725
vt 0.592146 0.432002
vt 0.681152 0.417731
vt 0.706068 0.417518
vt 0.707684 0.429676
vt 0.688278 0.429908
vt 0.385666 0.882790
vt 0.376126 0.882772
vt 0.375447 0.861102
vt 0.385313 0.861101
vt 0.367447 0.882728
vt 0.366467 0.861104
vt 0.359418 0.882652
vt 0.358067 0.861117
vt 0.718521 0.247103
vt 0.729899 0.247595
vt 0.741090 0.300069
vt 0.728978 0.299809
vt 0.498215 0.431019
vt 0.665689 0.430222
vt 0.676443 0.430062
vt 0.676861 0.434032
vt 0.666009 0.434210
vt 0.616988 0.435464
vt 0.592164 0.436086
vt 0.007221 0.692206
vt 0.011414 0.692546
vt 0.011955 0.704289
vt 0.731523 0.417347
vt 0.733567 0.429416
vt 0.675805 0.364423
vt 0.699052 0.364653
vt 0.722546 0.364918
vt 0.742265 0.365146
vt 0.752883 0.417232
vt 0.386503 0.931974
vt 0.386133 0.909953
vt 0.755258 0.429241
vt 0.755994 0.433087
vt 0.734231 0.433290
vt 0.708234 0.433591
vt 0.009060 0.681714
vt 0.003029 0.691865
vt 0.005252 0.679981
vt 0.658929 0.417993
vt 0.654050 0.430439
vt 0.644972 0.430670
vt 0.796030 0.413355
vt 0.801631 0.412257
vt 0.803879 0.424118
vt 0.798476 0.425289
vt 0.806889 0.411148
vt 0.808661 0.422824
vt 0.796209 0.359450
vt 0.801523 0.358378
vt 0.811032 0.404480
vt 0.665638 0.242615
vt 0.669988 0.297015
vt 0.650766 0.296116
vt 0.647981 0.241273
vt 0.812918 0.415581
vt 0.813034 0.421426
vt 0.811593 0.424375
vt 0.808579 0.426323
vt 0.804391 0.427859
vt 0.799188 0.429113
vt 0.792440 0.426407
vt 0.793179 0.430242
vt 0.789946 0.414462
vt 0.757850 0.231990
vt 0.763730 0.231101
vt 0.766422 0.243385
vt 0.768999 0.230484
vt 0.772053 0.242381
vt 0.750457 0.228804
vt 0.756990 0.227799
vt 0.751296 0.233027
vt 0.762705 0.227084
vt 0.767485 0.226969
vt 0.771254 0.227712
vt 0.773882 0.230088
vt 0.776158 0.235788
vt 0.778830 0.247016
vt 0.778753 0.362706
vt 0.788244 0.293492
vt 0.782795 0.294572
vt 0.690655 0.298030
vt 0.664542 0.229541
vt 0.682622 0.231319
vt 0.684192 0.244230
vt 0.700648 0.233103
vt 0.702709 0.245845
vt 0.646937 0.223524
vt 0.664120 0.225037
vt 0.647224 0.228083
vt 0.682046 0.226883
vt 0.699932 0.228738
vt 0.715273 0.230193
vt 0.716086 0.234500
vt 0.654545 0.364264
vt 0.711418 0.299027
vt 0.377020 0.909915
vt 0.588213 0.227075
vt 0.609813 0.226962
vt 0.610331 0.240138
vt 0.588498 0.240378
vt 0.629474 0.227229
vt 0.630075 0.240418
vt 0.588134 0.222463
vt 0.609668 0.222361
vt 0.629275 0.222642
vt 0.362533 0.931469
vt 0.361162 0.909619
vt 0.368727 0.909814
vt 0.369744 0.931767
vt 0.377730 0.931919
vt 0.750021 0.299689
vt 0.764337 0.364648
vt 0.755325 0.365127
vt 0.757778 0.298865
vt 0.771909 0.363782
vt 0.738762 0.247300
vt 0.746645 0.246518
vt 0.766722 0.417014
vt 0.783267 0.415556
vt 0.775830 0.416455
vt 0.359518 0.191045
vt 0.348916 0.138408
vt 0.354804 0.137485
vt 0.365569 0.190122
vt 0.727306 0.235064
vt 0.736151 0.234798
vt 0.744055 0.234036
vt 0.726460 0.230792
vt 0.735303 0.230547
vt 0.743212 0.229801
vt 0.778376 0.428412
vt 0.769246 0.428992
vt 0.785789 0.427503
vt 0.786530 0.431338
vt 0.779123 0.432247
vt 0.770001 0.432829
vt 0.530926 0.020957
vt 0.505228 0.020950
vt 0.504895 0.008163
vt 0.530770 0.008151
vt 0.424928 0.020655
vt 0.405433 0.020512
vt 0.403931 0.008022
vt 0.423853 0.008072
vt 0.531757 0.075147
vt 0.506901 0.075049
vt 0.557351 0.020979
vt 0.557372 0.008167
vt 0.530751 0.003965
vt 0.557380 0.003980
vt 0.504839 0.003978
vt 0.450061 0.020813
vt 0.438962 0.020748
vt 0.437895 0.008100
vt 0.449322 0.008124
vt 0.437530 0.003972
vt 0.449067 0.003975
vt 0.483172 0.074875
vt 0.460152 0.074582
vt 0.463857 0.020880
vt 0.473826 0.020908
vt 0.393693 0.190420
vt 0.384784 0.189258
vt 0.373239 0.136654
vt 0.382833 0.137631
vt 0.688708 0.433858
vt 0.487696 0.020935
vt 0.487190 0.008153
vt 0.436465 0.074145
vt 0.411877 0.073599
vt 0.379459 0.020231
vt 0.377504 0.007863
vt 0.607638 0.075105
vt 0.609406 0.021111
vt 0.626905 0.021213
vt 0.633477 0.028254
vt 0.631365 0.074938
vt 0.486252 0.434947
vt 0.477040 0.434812
vt 0.498082 0.435078
vt 0.376880 0.003856
vt 0.403421 0.003966
vt 0.356618 0.007500
vt 0.355920 0.003538
vt 0.358946 0.019775
vt 0.533745 0.198032
vt 0.532829 0.143015
vt 0.557260 0.143049
vt 0.557239 0.198045
vt 0.388081 0.072953
vt 0.369421 0.072174
vt 0.325077 0.021046
vt 0.319862 0.022004
vt 0.317704 0.010059
vt 0.322729 0.009027
vt 0.314854 0.023009
vt 0.313171 0.011257
vt 0.335651 0.073150
vt 0.330275 0.074096
vt 0.330578 0.020126
vt 0.328184 0.008090
vt 0.322042 0.005178
vt 0.327478 0.004225
vt 0.317213 0.006294
vt 0.313281 0.007739
vt 0.308875 0.012602
vt 0.310346 0.009651
vt 0.308942 0.018475
vt 0.310726 0.029648
vt 0.447581 0.195491
vt 0.442511 0.141142
vt 0.464425 0.141985
vt 0.468072 0.196760
vt 0.325061 0.075068
vt 0.319809 0.076076
vt 0.362018 0.203587
vt 0.356491 0.204381
vt 0.353869 0.191980
vt 0.351457 0.204917
vt 0.348471 0.192901
vt 0.368903 0.206937
vt 0.362849 0.207817
vt 0.368085 0.202681
vt 0.343368 0.139365
vt 0.337999 0.140354
vt 0.341783 0.188172
vt 0.332612 0.141381
vt 0.341317 0.072235
vt 0.344399 0.199489
vt 0.346649 0.205258
vt 0.352954 0.208478
vt 0.349273 0.207679
vt 0.357486 0.208443
vt 0.420329 0.140081
vt 0.448873 0.208424
vt 0.429049 0.206682
vt 0.427316 0.193876
vt 0.410541 0.204778
vt 0.408351 0.192108
vt 0.469324 0.214274
vt 0.449331 0.212868
vt 0.469005 0.209789
vt 0.399234 0.138880
vt 0.463128 0.008144
vt 0.473303 0.008149
vt 0.396245 0.202977
vt 0.411289 0.209109
vt 0.397085 0.207263
vt 0.429655 0.211074
vt 0.509013 0.142872
vt 0.533949 0.211131
vt 0.511249 0.211008
vt 0.510828 0.197910
vt 0.489622 0.210612
vt 0.488964 0.197534
vt 0.557230 0.215679
vt 0.533998 0.215667
vt 0.557233 0.211142
vt 0.486287 0.142549
vt 0.557288 0.075186
vt 0.489827 0.215127
vt 0.511365 0.215539
vt 0.366900 0.136343
vt 0.352634 0.071146
vt 0.358860 0.071429
vt 0.360886 0.136703
vt 0.347053 0.071473
vt 0.378293 0.188939
vt 0.341331 0.019024
vt 0.347529 0.019238
vt 0.336063 0.019359
vt 0.759728 0.137534
vt 0.765618 0.138455
vt 0.755031 0.191116
vt 0.748977 0.190195
vt 0.778844 0.073170
vt 0.784222 0.074112
vt 0.771171 0.139411
vt 0.371925 0.189328
vt 0.387469 0.201784
vt 0.380937 0.201483
vt 0.374494 0.201884
vt 0.388337 0.206053
vt 0.375326 0.206146
vt 0.381790 0.205749
vt 0.338824 0.006913
vt 0.345022 0.007047
vt 0.333620 0.007299
vt 0.344305 0.003116
vt 0.338114 0.003015
vt 0.332917 0.003424
vt 0.583761 0.021037
vt 0.583963 0.008248
vt 0.609800 0.008371
vt 0.678071 0.074234
vt 0.682010 0.027972
vt 0.691952 0.020854
vt 0.709016 0.020643
vt 0.702648 0.073687
vt 0.582809 0.075179
vt 0.627458 0.008455
vt 0.720841 0.190500
vt 0.731693 0.137693
vt 0.741288 0.136712
vt 0.729754 0.189336
vt 0.654374 0.074654
vt 0.657187 0.028237
vt 0.664589 0.021133
vt 0.676995 0.021027
vt 0.442446 0.434496
vt 0.665317 0.008458
vt 0.678010 0.008390
vt 0.583999 0.004065
vt 0.609876 0.004195
vt 0.710471 0.008168
vt 0.736893 0.007933
vt 0.734965 0.020304
vt 0.693022 0.008290
vt 0.726420 0.073022
vt 0.755477 0.019813
vt 0.745071 0.072226
vt 0.581691 0.143035
vt 0.580734 0.198053
vt 0.757786 0.007531
vt 0.737507 0.003924
vt 0.758478 0.003564
vt 0.710965 0.004111
vt 0.633483 0.435000
vt 0.638916 0.021241
vt 0.639459 0.008489
vt 0.651430 0.008500
vt 0.650713 0.021212
vt 0.789360 0.021038
vt 0.791694 0.009011
vt 0.796722 0.010037
vt 0.794576 0.021990
vt 0.801259 0.011230
vt 0.799590 0.022989
vt 0.789439 0.075079
vt 0.803726 0.029626
vt 0.794693 0.076083
vt 0.646426 0.196829
vt 0.650096 0.142048
vt 0.672008 0.141211
vt 0.666926 0.195569
vt 0.805498 0.018446
vt 0.805558 0.012570
vt 0.801144 0.007710
vt 0.804083 0.009620
vt 0.797209 0.006269
vt 0.792376 0.005159
vt 0.786235 0.008080
vt 0.786936 0.004212
vt 0.783855 0.020124
vt 0.752535 0.203665
vt 0.760683 0.192050
vt 0.758064 0.204457
vt 0.766085 0.192969
vt 0.763100 0.204991
vt 0.745647 0.207019
vt 0.746465 0.202760
vt 0.751704 0.207898
vt 0.757071 0.208522
vt 0.761605 0.208555
vt 0.767911 0.205331
vt 0.765286 0.207754
vt 0.770160 0.199558
vt 0.772773 0.188236
vt 0.773176 0.072261
vt 0.776538 0.140396
vt 0.781929 0.141420
vt 0.694192 0.140151
vt 0.665629 0.208508
vt 0.687201 0.193959
vt 0.685465 0.206771
vt 0.706176 0.192191
vt 0.703985 0.204867
vt 0.645164 0.214351
vt 0.645486 0.209864
vt 0.665169 0.212954
vt 0.684858 0.211165
vt 0.703236 0.209201
vt 0.718289 0.203064
vt 0.717450 0.207353
vt 0.715290 0.138947
vt 0.605505 0.142910
vt 0.580519 0.211154
vt 0.603656 0.197950
vt 0.603223 0.211051
vt 0.625527 0.197591
vt 0.624858 0.210674
vt 0.580465 0.215691
vt 0.603104 0.215584
vt 0.624650 0.215190
vt 0.628235 0.142600
vt 0.755630 0.071471
vt 0.761856 0.071182
vt 0.747628 0.136398
vt 0.767438 0.071504
vt 0.753644 0.136756
vt 0.736247 0.189016
vt 0.742618 0.189403
vt 0.766897 0.019259
vt 0.778367 0.019364
vt 0.773097 0.019035
vt 0.138509 0.990664
vt 0.185764 0.990647
vt 0.185764 0.994840
vt 0.138511 0.994857
vt 0.727070 0.201869
vt 0.733605 0.201566
vt 0.740051 0.201965
vt 0.726202 0.206140
vt 0.732753 0.205835
vt 0.739220 0.206230
vt 0.769387 0.007058
vt 0.775588 0.006916
vt 0.780795 0.007296
vt 0.781494 0.003417
vt 0.776294 0.003015
vt 0.770099 0.003125
vt 0.791070 0.474895
vt 0.794544 0.479581
vt 0.791060 0.481923
vt 0.787773 0.477489
vt 0.787767 0.470921
vt 0.784605 0.473677
vt 0.784855 0.467710
vt 0.781793 0.470575
vt 0.782398 0.465141
vt 0.779372 0.468043
vt 0.815844 0.671195
vt 0.813334 0.677633
vt 0.809483 0.675965
vt 0.811832 0.669940
vt 0.817530 0.664164
vt 0.813342 0.663647
vt 0.817645 0.656436
vt 0.813440 0.657097
vt 0.814486 0.646883
vt 0.810669 0.648709
vt 0.462911 0.003974
vt 0.473162 0.003969
vt 0.423467 0.003973
vt 0.783377 0.528449
vt 0.768537 0.550283
vt 0.764944 0.548109
vt 0.779888 0.526123
vt 0.795143 0.510515
vt 0.791396 0.508581
vt 0.806423 0.634306
vt 0.802937 0.636638
vt 0.795994 0.619252
vt 0.792412 0.621446
vt 0.787073 0.602505
vt 0.783120 0.604007
vt 0.782755 0.584289
vt 0.778498 0.584519
vt 0.781307 0.659937
vt 0.799893 0.678728
vt 0.796950 0.681716
vt 0.778204 0.662762
vt 0.765023 0.640477
vt 0.761547 0.642856
vt 0.487083 0.003968
vt 0.654350 0.434443
vt 0.645213 0.434684
vt 0.785221 0.565275
vt 0.781132 0.564193
vt 0.793090 0.546168
vt 0.789325 0.544298
vt 0.804354 0.527052
vt 0.800806 0.524813
vt 0.817249 0.507947
vt 0.813796 0.505568
vt 0.261015 0.976209
vt 0.308270 0.976217
vt 0.308269 0.980410
vt 0.261016 0.980402
vt 0.012782 0.990711
vt 0.024384 0.990717
vt 0.024383 0.994910
vt 0.012777 0.994904
vt 0.006604 0.990699
vt 0.006589 0.994892
vt 0.003039 0.990678
vt 0.003021 0.994871
vt 0.202945 0.990653
vt 0.206242 0.990651
vt 0.206238 0.994844
vt 0.202942 0.994846
vt 0.197072 0.990650
vt 0.197069 0.994843
vt 0.072029 0.990701
vt 0.072031 0.994894
vt 0.374750 0.976243
vt 0.374749 0.980436
vt 0.799854 0.498540
vt 0.795655 0.497754
vt 0.799818 0.490838
vt 0.795627 0.491553
vt 0.797729 0.484827
vt 0.793914 0.486623
vt 0.805533 0.692316
vt 0.803501 0.695542
vt 0.799956 0.693302
vt 0.801962 0.690118
vt 0.807921 0.688306
vt 0.804278 0.686226
vt 0.810586 0.683390
vt 0.806850 0.681483
vt 0.050742 0.816256
vt 0.047268 0.820942
vt 0.043971 0.818348
vt 0.047259 0.813914
vt 0.043965 0.824915
vt 0.040803 0.822160
vt 0.041053 0.828127
vt 0.037991 0.825262
vt 0.038596 0.830696
vt 0.035570 0.827794
vt 0.912126 0.648594
vt 0.914636 0.655033
vt 0.910624 0.656287
vt 0.908275 0.650262
vt 0.916322 0.662064
vt 0.912134 0.662580
vt 0.916437 0.669791
vt 0.912232 0.669131
vt 0.913278 0.679344
vt 0.909461 0.677519
vt 0.665567 0.004318
vt 0.678360 0.004271
vt 0.693403 0.004199
vt 0.039575 0.767388
vt 0.036086 0.769714
vt 0.051341 0.785322
vt 0.047594 0.787256
vt 0.905215 0.691921
vt 0.901729 0.689590
vt 0.894786 0.706975
vt 0.891204 0.704782
vt 0.885865 0.723723
vt 0.881912 0.722221
vt 0.881547 0.741938
vt 0.877290 0.741709
vt 0.056089 0.617107
vt 0.037504 0.635900
vt 0.034401 0.633075
vt 0.053146 0.614120
vt 0.021221 0.655360
vt 0.017745 0.652980
vt 0.627581 0.004283
vt 0.639606 0.004321
vt 0.651644 0.004342
vt 0.884013 0.760952
vt 0.879924 0.762034
vt 0.891882 0.780059
vt 0.888117 0.781930
vt 0.903146 0.799175
vt 0.899598 0.801414
vt 0.916041 0.818280
vt 0.912588 0.820659
vt 0.422395 0.976251
vt 0.433997 0.976243
vt 0.434003 0.980436
vt 0.422396 0.980444
vt 0.440175 0.976230
vt 0.440190 0.980423
vt 0.443739 0.976209
vt 0.443759 0.980402
vt 0.240537 0.976216
vt 0.243834 0.976218
vt 0.243838 0.980411
vt 0.240542 0.980409
vt 0.249707 0.976213
vt 0.249710 0.980406
vt 0.056052 0.797297
vt 0.051853 0.798083
vt 0.056016 0.804999
vt 0.051825 0.804284
vt 0.053927 0.811009
vt 0.050112 0.809213
vt 0.902292 0.630686
vt 0.904325 0.633911
vt 0.900754 0.636109
vt 0.898748 0.632925
vt 0.906713 0.637922
vt 0.903070 0.640001
vt 0.909378 0.642838
vt 0.905642 0.644745
vt 0.465579 0.430671
vt 0.465292 0.434688
vt 0.454368 0.434593
vt 0.454759 0.430595
vt 0.759124 0.567810
vt 0.755441 0.565807
vt 0.756741 0.625421
vt 0.752976 0.627278
vt 0.012938 0.670416
vt 0.009174 0.668558
vt 0.754398 0.579939
vt 0.762807 0.569814
vt 0.758468 0.580946
vt 0.016703 0.672273
vt 0.012867 0.683447
vt 0.751612 0.590835
vt 0.755757 0.591548
vt 0.755216 0.603290
vt 0.756669 0.612390
vt 0.760505 0.623564
vt 0.014666 0.714890
vt 0.019005 0.726023
vt 0.747466 0.590123
vt 0.750327 0.578931
vt 0.503893 0.668632
vt 0.533938 0.667300
vt 0.533698 0.683950
vt 0.506963 0.690934
vt 0.548328 0.667043
vt 0.548088 0.678649
vt 0.545858 0.696279
vt 0.531541 0.701271
vt 0.508023 0.708307
vt 0.559511 0.666726
vt 0.558399 0.677480
vt 0.569036 0.666010
vt 0.567195 0.677082
vt 0.565418 0.691533
vt 0.556666 0.692849
vt 0.554653 0.705882
vt 0.544580 0.708969
vt 0.562370 0.704372
vt 0.560456 0.711817
vt 0.554620 0.714600
vt 0.544630 0.718681
vt 0.530493 0.714034
vt 0.508194 0.721274
vt 0.530380 0.724174
vt 0.508738 0.731219
vt 0.168659 0.609315
vt 0.168643 0.620838
vt 0.154786 0.622475
vt 0.155681 0.610317
vt 0.167335 0.637969
vt 0.154514 0.638018
vt 0.144100 0.637802
vt 0.143998 0.623426
vt 0.144546 0.610753
vt 0.170969 0.656248
vt 0.156611 0.652855
vt 0.176975 0.672095
vt 0.160175 0.668880
vt 0.147796 0.665901
vt 0.145355 0.651848
vt 0.138024 0.651011
vt 0.136822 0.637638
vt 0.140097 0.663899
vt 0.132675 0.662510
vt 0.130681 0.650322
vt 0.129475 0.637441
vt 0.136466 0.623865
vt 0.136624 0.610851
vt 0.128934 0.624153
vt 0.128808 0.610862
vt 0.281576 0.743193
vt 0.276591 0.732817
vt 0.299553 0.734879
vt 0.304588 0.747117
vt 0.272165 0.715060
vt 0.294601 0.716564
vt 0.317124 0.717494
vt 0.322670 0.737198
vt 0.327060 0.749954
vt 0.268097 0.689692
vt 0.292245 0.690961
vt 0.264181 0.677823
vt 0.288362 0.678552
vt 0.305335 0.679446
vt 0.310523 0.692695
vt 0.334036 0.692040
vt 0.340600 0.719398
vt 0.329447 0.679507
vt 0.351591 0.678614
vt 0.356177 0.690754
vt 0.360366 0.718805
vt 0.346396 0.737808
vt 0.349744 0.751548
vt 0.365438 0.736962
vt 0.371758 0.751195
vt 0.389253 0.675338
vt 0.408550 0.671812
vt 0.415314 0.690677
vt 0.394198 0.689338
vt 0.423499 0.672975
vt 0.430401 0.691206
vt 0.436130 0.711304
vt 0.421491 0.711716
vt 0.400996 0.715192
vt 0.457233 0.673344
vt 0.463409 0.692594
vt 0.470043 0.712303
vt 0.475559 0.726660
vt 0.442572 0.728486
vt 0.478846 0.737129
vt 0.446629 0.741276
vt 0.425978 0.728719
vt 0.405275 0.732188
vt 0.429759 0.743148
vt 0.409086 0.746535
vt 0.144454 0.699250
vt 0.141466 0.692479
vt 0.148362 0.695801
vt 0.149647 0.702701
vt 0.138482 0.683769
vt 0.146007 0.686673
vt 0.153958 0.690141
vt 0.155984 0.700574
vt 0.157251 0.708892
vt 0.135563 0.673777
vt 0.143438 0.675946
vt 0.151357 0.678095
vt 0.163751 0.680444
vt 0.165621 0.693824
vt 0.179887 0.681791
vt 0.181612 0.697581
vt 0.167467 0.706348
vt 0.169004 0.716043
vt 0.183671 0.712320
vt 0.185753 0.723432
vt 0.249401 0.606823
vt 0.250454 0.615960
vt 0.227819 0.615826
vt 0.227815 0.607922
vt 0.255128 0.640314
vt 0.230685 0.640259
vt 0.205521 0.637873
vt 0.205074 0.616759
vt 0.204839 0.608791
vt 0.260720 0.668057
vt 0.235670 0.667774
vt 0.240478 0.678000
vt 0.215671 0.676675
vt 0.210567 0.666180
vt 0.189963 0.662287
vt 0.184840 0.637064
vt 0.195029 0.674212
vt 0.185418 0.618404
vt 0.185840 0.609026
vt 0.336316 0.605042
vt 0.338190 0.612381
vt 0.314804 0.614654
vt 0.313295 0.605257
vt 0.340894 0.642299
vt 0.318938 0.640046
vt 0.295392 0.640764
vt 0.292024 0.616455
vt 0.291051 0.605706
vt 0.347575 0.670129
vt 0.324993 0.670982
vt 0.301731 0.670401
vt 0.283474 0.669593
vt 0.276202 0.640022
vt 0.272173 0.616324
vt 0.270464 0.606149
vt 0.203630 0.719528
vt 0.207343 0.730633
vt 0.200309 0.700358
vt 0.224881 0.704994
vt 0.228637 0.726349
vt 0.232134 0.736329
vt 0.198740 0.683905
vt 0.220495 0.684877
vt 0.245029 0.687070
vt 0.248449 0.711489
vt 0.253382 0.730130
vt 0.257364 0.739703
vt 0.502060 0.274988
vt 0.488150 0.276033
vt 0.491537 0.257668
vt 0.504215 0.256537
vt 0.194217 0.758049
vt 0.180235 0.774439
vt 0.158164 0.768003
vt 0.148530 0.747399
vt 0.142605 0.762693
vt 0.132738 0.758299
vt 0.128319 0.743297
vt 0.127491 0.755199
vt 0.123802 0.748422
vt 0.022032 0.968552
vt 0.015699 0.971448
vt 0.016284 0.958500
vt 0.493587 0.249775
vt 0.505447 0.248183
vt 0.024271 0.938480
vt 0.016852 0.944101
vt 0.017338 0.927946
vt 0.536137 0.403491
vt 0.536244 0.412105
vt 0.522119 0.412105
vt 0.521072 0.403577
vt 0.166559 0.953150
vt 0.166594 0.945832
vt 0.199477 0.946060
vt 0.200793 0.953318
vt 0.166718 0.961194
vt 0.202297 0.961225
vt 0.223868 0.947123
vt 0.226998 0.954331
vt 0.230720 0.962058
vt 0.510865 0.411259
vt 0.508494 0.402706
vt 0.398574 0.800318
vt 0.375145 0.802472
vt 0.364123 0.780246
vt 0.412250 0.778076
vt 0.352455 0.801808
vt 0.330738 0.799207
vt 0.320431 0.775910
vt 0.310278 0.796312
vt 0.484918 0.343949
vt 0.484400 0.326558
vt 0.499556 0.324899
vt 0.499941 0.342633
vt 0.487574 0.362852
vt 0.501873 0.362253
vt 0.500019 0.310150
vt 0.485147 0.311660
vt 0.486188 0.297349
vt 0.500693 0.296202
vt 0.283254 0.770593
vt 0.275746 0.790539
vt 0.257756 0.788010
vt 0.247459 0.765744
vt 0.237168 0.784790
vt 0.209128 0.781049
vt 0.518002 0.255642
vt 0.517042 0.274092
vt 0.518679 0.246981
vt 0.017596 0.911642
vt 0.025587 0.905125
vt 0.017711 0.895460
vt 0.534723 0.246461
vt 0.534840 0.255110
vt 0.017960 0.879416
vt 0.025971 0.864640
vt 0.018171 0.864665
vt 0.535248 0.273491
vt 0.542979 0.755001
vt 0.537001 0.757753
vt 0.541592 0.746329
vt 0.549880 0.744610
vt 0.528425 0.763315
vt 0.532449 0.749883
vt 0.515948 0.770042
vt 0.510399 0.757296
vt 0.498674 0.777330
vt 0.500903 0.409761
vt 0.497089 0.401417
vt 0.245061 0.948962
vt 0.250152 0.955732
vt 0.256418 0.963173
vt 0.535831 0.361439
vt 0.535997 0.384833
vt 0.519126 0.384878
vt 0.517200 0.361768
vt 0.505039 0.384418
vt 0.535463 0.322488
vt 0.535577 0.340764
vt 0.516020 0.341489
vt 0.515754 0.323392
vt 0.476330 0.784608
vt 0.465494 0.768971
vt 0.450819 0.791253
vt 0.424370 0.796727
vt 0.491916 0.383761
vt 0.516402 0.294977
vt 0.515976 0.308704
vt 0.535692 0.294173
vt 0.535567 0.307770
vt 0.498404 0.792409
vt 0.475777 0.800693
vt 0.475577 0.792326
vt 0.497900 0.784503
vt 0.450171 0.799437
vt 0.330838 0.808044
vt 0.332052 0.817232
vt 0.310608 0.814260
vt 0.310077 0.804976
vt 0.186648 0.730877
vt 0.169392 0.722858
vt 0.148972 0.707163
vt 0.145919 0.711910
vt 0.139451 0.702880
vt 0.185986 0.739021
vt 0.168009 0.730321
vt 0.157149 0.714732
vt 0.411731 0.755163
vt 0.394167 0.757474
vt 0.391590 0.749418
vt 0.292057 0.811382
vt 0.275052 0.808503
vt 0.276177 0.799382
vt 0.292671 0.802080
vt 0.414160 0.764758
vt 0.396229 0.767163
vt 0.375290 0.759678
vt 0.134412 0.693781
vt 0.130259 0.684260
vt 0.123245 0.764254
vt 0.115107 0.754946
vt 0.119736 0.750033
vt 0.126220 0.758388
vt 0.011559 0.956989
vt 0.011385 0.970338
vt 0.013161 0.878910
vt 0.006180 0.878697
vt 0.005870 0.865094
vt 0.012955 0.864889
vt 0.563871 0.714837
vt 0.556979 0.720962
vt 0.531759 0.732028
vt 0.534641 0.740926
vt 0.511490 0.747374
vt 0.509343 0.739368
vt 0.570347 0.719148
vt 0.562034 0.727560
vt 0.546629 0.726233
vt 0.572900 0.691972
vt 0.568987 0.705087
vt 0.004565 0.971052
vt 0.004557 0.956453
vt 0.582109 0.694193
vt 0.577147 0.708204
vt 0.237196 0.802187
vt 0.208185 0.797601
vt 0.208555 0.789273
vt 0.237063 0.793346
vt 0.180211 0.782926
vt 0.483290 0.753939
vt 0.452899 0.757511
vt 0.449533 0.749232
vt 0.480985 0.744819
vt 0.539656 0.767386
vt 0.529677 0.775449
vt 0.528016 0.769055
vt 0.537130 0.762315
vt 0.154958 0.721085
vt 0.547500 0.759495
vt 0.132868 0.764429
vt 0.131465 0.771905
vt 0.573961 0.630983
vt 0.583521 0.631204
vt 0.580895 0.649484
vt 0.571801 0.650572
vt 0.005220 0.910327
vt 0.005789 0.894422
vt 0.012910 0.894482
vt 0.012605 0.910876
vt 0.594824 0.631849
vt 0.592821 0.648236
vt 0.577390 0.665376
vt 0.121793 0.650671
vt 0.120519 0.637811
vt 0.004646 0.927073
vt 0.012139 0.926987
vt 0.423835 0.805272
vt 0.423852 0.814308
vt 0.398391 0.818425
vt 0.398268 0.809160
vt 0.574905 0.677825
vt 0.588759 0.665238
vt 0.585259 0.679743
vt 0.119856 0.624529
vt 0.119534 0.611048
vt 0.123852 0.662783
vt 0.142159 0.778690
vt 0.142849 0.770227
vt 0.550721 0.734250
vt 0.814229 0.085289
vt 0.805838 0.085074
vt 0.814185 0.062374
vt 0.822076 0.062895
vt 0.005793 0.850010
vt 0.012902 0.849580
vt 0.012784 0.834222
vt 0.017787 0.833739
vt 0.017952 0.849244
vt 0.573792 0.603750
vt 0.582700 0.602805
vt 0.582667 0.614358
vt 0.573194 0.613987
vt 0.593999 0.601704
vt 0.594301 0.615419
vt 0.234147 0.743765
vt 0.208982 0.738042
vt 0.450222 0.808173
vt 0.234898 0.752542
vt 0.208997 0.746521
vt 0.004527 0.942184
vt 0.011878 0.942880
vt 0.375104 0.819779
vt 0.375085 0.810888
vt 0.352474 0.810337
vt 0.180191 0.792182
vt 0.284890 0.751826
vt 0.260068 0.748109
vt 0.286885 0.761038
vt 0.261519 0.757148
vt 0.330138 0.758248
vt 0.307719 0.755566
vt 0.353075 0.819663
vt 0.332132 0.767512
vt 0.309965 0.764533
vt 0.516255 0.783874
vt 0.515273 0.776577
vt 0.292303 0.793333
vt 0.803966 0.268351
vt 0.795077 0.268418
vt 0.792000 0.250001
vt 0.801161 0.250241
vt 0.350847 0.759133
vt 0.376563 0.767944
vt 0.353707 0.767697
vt 0.127366 0.537407
vt 0.131112 0.527768
vt 0.138392 0.528884
vt 0.135826 0.537580
vt 0.157764 0.785474
vt 0.158438 0.776179
vt 0.557253 0.747383
vt 0.431590 0.751540
vt 0.432819 0.761072
vt 0.222702 0.938643
vt 0.244012 0.941121
vt 0.126724 0.673961
vt 0.119276 0.597578
vt 0.119352 0.584186
vt 0.128283 0.584212
vt 0.128427 0.597598
vt 0.134411 0.937465
vt 0.166617 0.937286
vt 0.133844 0.945974
vt 0.500249 0.653186
vt 0.533159 0.653983
vt 0.497390 0.631586
vt 0.533045 0.630845
vt 0.550948 0.631748
vt 0.549719 0.652662
vt 0.497960 0.614247
vt 0.531548 0.614962
vt 0.495473 0.601254
vt 0.531949 0.605664
vt 0.551186 0.604866
vt 0.550970 0.614228
vt 0.563124 0.613925
vt 0.563181 0.631310
vt 0.563281 0.604479
vt 0.561858 0.651636
vt 0.387529 0.666347
vt 0.406998 0.659967
vt 0.384686 0.641642
vt 0.406943 0.637871
vt 0.418275 0.635549
vt 0.419896 0.655224
vt 0.378978 0.613564
vt 0.402820 0.614826
vt 0.376891 0.605186
vt 0.401088 0.603899
vt 0.414346 0.602147
vt 0.416243 0.616548
vt 0.446859 0.614636
vt 0.449669 0.632907
vt 0.446758 0.598106
vt 0.451819 0.650825
vt 0.498837 0.536011
vt 0.502551 0.515682
vt 0.527934 0.519398
vt 0.529511 0.538527
vt 0.502707 0.498670
vt 0.526138 0.505556
vt 0.541758 0.509053
vt 0.544721 0.523674
vt 0.546987 0.540720
vt 0.502753 0.487352
vt 0.524740 0.492361
vt 0.503516 0.475434
vt 0.525360 0.480714
vt 0.540458 0.485297
vt 0.540554 0.497092
vt 0.550524 0.499357
vt 0.551804 0.510516
vt 0.550251 0.489405
vt 0.555800 0.492369
vt 0.557600 0.499833
vt 0.560114 0.511087
vt 0.554836 0.526105
vt 0.556245 0.540256
vt 0.563078 0.526421
vt 0.565258 0.539243
vt 0.155635 0.598188
vt 0.168309 0.598177
vt 0.143839 0.597687
vt 0.142798 0.583415
vt 0.153154 0.583443
vt 0.166965 0.584382
vt 0.136052 0.597526
vt 0.135629 0.583770
vt 0.136310 0.570061
vt 0.143554 0.568538
vt 0.128959 0.571197
vt 0.130662 0.558938
vt 0.138379 0.556995
vt 0.146299 0.554456
vt 0.154136 0.566052
vt 0.168267 0.561700
vt 0.158076 0.550737
vt 0.172924 0.546845
vt 0.277036 0.471611
vt 0.299917 0.467714
vt 0.295092 0.478248
vt 0.271789 0.481912
vt 0.321088 0.463848
vt 0.316109 0.475302
vt 0.310541 0.495030
vt 0.290088 0.497727
vt 0.266362 0.500287
vt 0.343415 0.462940
vt 0.340846 0.474138
vt 0.366014 0.461757
vt 0.361577 0.473294
vt 0.356086 0.495843
vt 0.337292 0.496126
vt 0.331752 0.521879
vt 0.308287 0.522898
vt 0.352097 0.520687
vt 0.348186 0.530142
vt 0.325235 0.529598
vt 0.301896 0.531530
vt 0.285522 0.524375
vt 0.263198 0.527424
vt 0.279297 0.533502
vt 0.257792 0.536102
vt 0.387004 0.532484
vt 0.392186 0.521282
vt 0.412452 0.519666
vt 0.405671 0.533592
vt 0.398297 0.496767
vt 0.420360 0.498719
vt 0.434652 0.496984
vt 0.428315 0.516083
vt 0.421898 0.534019
vt 0.401516 0.475811
vt 0.423582 0.480637
vt 0.404069 0.463953
vt 0.425121 0.468155
vt 0.441110 0.469889
vt 0.438312 0.481330
vt 0.470612 0.482366
vt 0.467108 0.495565
vt 0.472798 0.469193
vt 0.461972 0.512865
vt 0.457797 0.534099
vt 0.141001 0.521973
vt 0.146034 0.518315
vt 0.145207 0.525390
vt 0.153301 0.511769
vt 0.152590 0.520390
vt 0.151299 0.531054
vt 0.143480 0.534589
vt 0.164750 0.504237
vt 0.163802 0.514230
vt 0.180798 0.496051
vt 0.179027 0.507715
vt 0.177703 0.522899
vt 0.162697 0.527077
vt 0.161445 0.540029
vt 0.149618 0.542390
vt 0.176584 0.536701
vt 0.141129 0.545097
vt 0.133112 0.547611
vt 0.228397 0.601104
vt 0.250304 0.599881
vt 0.204049 0.600819
vt 0.202263 0.579321
vt 0.228424 0.576843
vt 0.251295 0.575817
vt 0.183885 0.599055
vt 0.183099 0.583230
vt 0.186124 0.555825
vt 0.207371 0.550356
vt 0.190686 0.543373
vt 0.211695 0.541675
vt 0.229976 0.548228
vt 0.253481 0.546884
vt 0.235433 0.538929
vt 0.314099 0.597293
vt 0.335869 0.596493
vt 0.291445 0.597799
vt 0.293594 0.574825
vt 0.316715 0.574405
vt 0.338431 0.573984
vt 0.271514 0.598575
vt 0.272661 0.574890
vt 0.275034 0.545711
vt 0.296948 0.544184
vt 0.320949 0.543867
vt 0.343470 0.543866
vt 0.202132 0.487441
vt 0.198590 0.499482
vt 0.226848 0.480890
vt 0.222743 0.492203
vt 0.218713 0.510761
vt 0.195103 0.518127
vt 0.253113 0.475755
vt 0.248704 0.485949
vt 0.243953 0.504898
vt 0.240905 0.531521
vt 0.216024 0.534264
vt 0.193552 0.534719
vt 0.568043 0.274394
vt 0.565484 0.255956
vt 0.578194 0.256855
vt 0.581865 0.275205
vt 0.024589 0.791064
vt 0.017475 0.801716
vt 0.017069 0.785620
vt 0.016568 0.770917
vt 0.022286 0.761080
vt 0.564075 0.247565
vt 0.576051 0.249015
vt 0.015793 0.758281
vt 0.861972 0.432657
vt 0.856776 0.437253
vt 0.850090 0.433428
vt 0.847046 0.428234
vt 0.858001 0.412500
vt 0.842676 0.418344
vt 0.837398 0.402737
vt 0.847843 0.366590
vt 0.831277 0.380265
vt 0.551461 0.403273
vt 0.550451 0.411857
vt 0.563808 0.402028
vt 0.561652 0.410674
vt 0.130934 0.961146
vt 0.102566 0.962167
vt 0.106321 0.954316
vt 0.132504 0.953231
vt 0.109469 0.947085
vt 0.805784 0.162783
vt 0.828606 0.149041
vt 0.826278 0.196339
vt 0.804204 0.186388
vt 0.804435 0.207631
vt 0.583933 0.361736
vt 0.569680 0.361675
vt 0.571152 0.342074
vt 0.586269 0.343106
vt 0.571259 0.324308
vt 0.586485 0.325670
vt 0.830480 0.240153
vt 0.807065 0.229583
vt 0.810048 0.250555
vt 0.570682 0.309635
vt 0.569912 0.295552
vt 0.584250 0.296376
vt 0.585534 0.310751
vt 0.825409 0.351177
vt 0.840462 0.313498
vt 0.821408 0.323382
vt 0.818323 0.302666
vt 0.835550 0.277434
vt 0.814850 0.285368
vt 0.553243 0.273757
vt 0.551684 0.255346
vt 0.550843 0.246687
vt 0.025619 0.824425
vt 0.017715 0.817888
vt 0.851760 0.018050
vt 0.862134 0.011246
vt 0.860400 0.019497
vt 0.848994 0.023985
vt 0.856904 0.028644
vt 0.843445 0.032518
vt 0.088327 0.948934
vt 0.083255 0.955689
vt 0.077049 0.963173
vt 0.571512 0.409020
vt 0.575065 0.400607
vt 0.849721 0.050648
vt 0.836730 0.044931
vt 0.829291 0.062138
vt 0.554593 0.361502
vt 0.553161 0.384578
vt 0.566901 0.383809
vt 0.555295 0.323060
vt 0.555391 0.341160
vt 0.837992 0.095528
vt 0.821922 0.084561
vt 0.815139 0.110381
vt 0.579896 0.382840
vt 0.809575 0.137202
vt 0.554929 0.308442
vt 0.554574 0.294679
vt 0.203459 0.471691
vt 0.229316 0.464566
vt 0.228847 0.473483
vt 0.203895 0.479795
vt 0.798288 0.110881
vt 0.806994 0.110996
vt 0.855021 0.440811
vt 0.850233 0.445697
vt 0.841068 0.437757
vt 0.846912 0.434673
vt 0.847299 0.013511
vt 0.859403 0.003890
vt 0.145091 0.513806
vt 0.152848 0.505829
vt 0.164719 0.497155
vt 0.162919 0.489548
vt 0.180570 0.480054
vt 0.181517 0.488170
vt 0.135702 0.518446
vt 0.141721 0.509103
vt 0.302326 0.459292
vt 0.323421 0.455684
vt 0.280176 0.463131
vt 0.345617 0.453689
vt 0.348843 0.444123
vt 0.370306 0.443432
vt 0.368548 0.452657
vt 0.281484 0.453861
vt 0.303820 0.449690
vt 0.572392 0.494495
vt 0.578422 0.507471
vt 0.568143 0.510161
vt 0.564057 0.498218
vt 0.004781 0.772243
vt 0.004885 0.758170
vt 0.011808 0.758877
vt 0.011739 0.772041
vt 0.813691 0.380329
vt 0.808193 0.351865
vt 0.817090 0.350497
vt 0.822548 0.379765
vt 0.813091 0.323138
vt 0.526692 0.472186
vt 0.541825 0.477468
vt 0.504594 0.466419
vt 0.552023 0.482642
vt 0.556611 0.475854
vt 0.565308 0.483849
vt 0.559039 0.488914
vt 0.505706 0.458041
vt 0.528758 0.463684
vt 0.120056 0.571281
vt 0.150300 0.499461
vt 0.831300 0.031186
vt 0.839389 0.021270
vt 0.844445 0.023827
vt 0.837707 0.032892
vt 0.110638 0.938608
vt 0.121714 0.559113
vt 0.124153 0.547802
vt 0.385597 0.461866
vt 0.387158 0.453592
vt 0.405342 0.455386
vt 0.389668 0.443932
vt 0.591181 0.554520
vt 0.593494 0.569923
vt 0.582377 0.570097
vt 0.580094 0.555517
vt 0.005732 0.834704
vt 0.005262 0.819383
vt 0.012543 0.818774
vt 0.012368 0.802868
vt 0.833398 0.429498
vt 0.826555 0.418552
vt 0.835092 0.417872
vt 0.840942 0.428154
vt 0.544968 0.469423
vt 0.255546 0.468288
vt 0.256075 0.459144
vt 0.571414 0.525556
vt 0.574513 0.538710
vt 0.004505 0.787433
vt 0.011965 0.786812
vt 0.582806 0.522988
vt 0.004835 0.803314
vt 0.325390 0.446736
vt 0.787434 0.206923
vt 0.786046 0.185561
vt 0.795654 0.186348
vt 0.795655 0.207387
vt 0.796988 0.163035
vt 0.822831 0.044559
vt 0.830139 0.045564
vt 0.829245 0.402528
vt 0.819920 0.402955
vt 0.257046 0.805437
vt 0.257871 0.796197
vt 0.198924 0.937548
vt 0.407858 0.445675
vt 0.798717 0.285898
vt 0.806217 0.285302
vt 0.812848 0.268716
vt 0.792144 0.137507
vt 0.801055 0.137643
vt 0.787789 0.162961
vt 0.473302 0.461321
vt 0.444193 0.460927
vt 0.804054 0.323625
vt 0.447413 0.450801
vt 0.476387 0.453586
vt 0.789181 0.229415
vt 0.797966 0.229223
vt 0.809572 0.302694
vt 0.800872 0.303886
vt 0.587371 0.538041
vt 0.089371 0.941110
vt 0.572951 0.570194
vt 0.570081 0.555030
vt 0.583891 0.587453
vt 0.594849 0.586156
vt 0.530728 0.547614
vt 0.497384 0.547059
vt 0.548117 0.549891
vt 0.551017 0.568995
vt 0.531229 0.568429
vt 0.495522 0.565855
vt 0.558350 0.552247
vt 0.562195 0.569960
vt 0.563622 0.588820
vt 0.551330 0.589236
vt 0.574817 0.588218
vt 0.531128 0.588678
vt 0.494510 0.583813
vt 0.404103 0.548923
vt 0.383679 0.545377
vt 0.417917 0.550561
vt 0.415284 0.567954
vt 0.405049 0.570409
vt 0.380414 0.572371
vt 0.452738 0.548501
vt 0.447758 0.566827
vt 0.445963 0.582145
vt 0.414663 0.587021
vt 0.402727 0.592354
vt 0.377609 0.596332
vt 0.360218 0.572985
vt 0.357302 0.597038
vt 0.356531 0.605292
vt 0.369455 0.531299
vt 0.364962 0.544143
vt 0.427017 0.448363
vt 0.426119 0.458841
vt 0.381695 0.473461
vt 0.377568 0.495436
vt 0.374114 0.521460
vt 0.358344 0.613281
vt 0.363468 0.642416
vt 0.369002 0.669558
vt 0.371400 0.676925
vt 0.382114 0.717419
vt 0.386838 0.735357
vt 0.375476 0.689053
vt 0.530381 0.776677
vt 0.516798 0.785202
vt 0.498811 0.793800
vt 0.185547 0.740424
vt 0.167392 0.731642
vt 0.154152 0.722266
vt 0.144931 0.712896
vt 0.138298 0.703652
vt 0.548515 0.760442
vt 0.540524 0.768474
vt 0.141856 0.780116
vt 0.130916 0.773294
vt 0.122469 0.765470
vt 0.571685 0.720037
vt 0.563174 0.728632
vt 0.551582 0.735480
vt 0.535282 0.742336
vt 0.512013 0.748695
vt 0.180084 0.793571
vt 0.157492 0.786990
vt 0.561521 0.743999
vt 0.555333 0.752373
vt 0.133122 0.694367
vt 0.128870 0.684701
vt 0.125276 0.674297
vt 0.122378 0.663036
vt 0.217134 0.936779
vt 0.228391 0.937631
vt 0.239077 0.938866
vt 0.003101 0.956515
vt 0.003093 0.942102
vt 0.003152 0.927178
vt 0.590684 0.665272
vt 0.587045 0.680214
vt 0.583758 0.694651
vt 0.578639 0.708835
vt 0.114130 0.756096
vt 0.003028 0.971273
vt 0.004186 0.894465
vt 0.004590 0.878680
vt 0.004326 0.865197
vt 0.595879 0.601566
vt 0.596192 0.615560
vt 0.596564 0.631940
vt 0.594690 0.648268
vt 0.003677 0.910322
vt 0.450495 0.809610
vt 0.424144 0.815744
vt 0.398646 0.819878
vt 0.286974 0.762539
vt 0.261446 0.758630
vt 0.234758 0.753998
vt 0.208722 0.747963
vt 0.476086 0.802116
vt 0.353251 0.821258
vt 0.332183 0.818684
vt 0.310658 0.815732
vt 0.376920 0.769585
vt 0.354310 0.769424
vt 0.332405 0.769044
vt 0.310188 0.766085
vt 0.375311 0.821473
vt 0.237144 0.803646
vt 0.208087 0.799234
vt 0.483644 0.755446
vt 0.453585 0.759017
vt 0.433081 0.762641
vt 0.414528 0.766305
vt 0.274883 0.810043
vt 0.256939 0.806860
vt 0.192664 0.935970
vt 0.205199 0.936238
vt 0.120298 0.650863
vt 0.119002 0.637949
vt 0.118313 0.624617
vt 0.117966 0.611084
vt 0.166697 0.935843
vt 0.179747 0.935870
vt 0.830068 0.030472
vt 0.838303 0.020396
vt 0.846356 0.012491
vt 0.134483 0.517698
vt 0.140663 0.508137
vt 0.149430 0.498295
vt 0.162235 0.488233
vt 0.180073 0.478677
vt 0.812800 0.061970
vt 0.821510 0.044016
vt 0.825083 0.418894
vt 0.818369 0.403191
vt 0.812273 0.380492
vt 0.506081 0.456739
vt 0.529285 0.462315
vt 0.545700 0.468234
vt 0.557646 0.474770
vt 0.566607 0.482943
vt 0.839826 0.438538
vt 0.832002 0.430045
vt 0.094280 0.938866
vt 0.104948 0.937626
vt 0.116211 0.936713
vt 0.120221 0.558926
vt 0.122667 0.547535
vt 0.125916 0.537020
vt 0.129753 0.527214
vt 0.854435 0.005770
vt 0.084103 0.940542
vt 0.003123 0.772097
vt 0.003336 0.757934
vt 0.849088 0.446706
vt 0.573964 0.493694
vt 0.580121 0.506913
vt 0.584608 0.522285
vt 0.589241 0.537845
vt 0.003308 0.803263
vt 0.003011 0.787580
vt 0.004192 0.834701
vt 0.003737 0.819440
vt 0.592903 0.554235
vt 0.595272 0.569890
vt 0.596564 0.585895
vt 0.004319 0.850136
vt 0.796844 0.110626
vt 0.804412 0.084771
vt 0.203074 0.470224
vt 0.229144 0.463061
vt 0.255987 0.457451
vt 0.281438 0.452337
vt 0.786324 0.162752
vt 0.790694 0.137272
vt 0.786006 0.206759
vt 0.784565 0.185368
vt 0.303941 0.448067
vt 0.325649 0.445157
vt 0.348955 0.442572
vt 0.370574 0.441714
vt 0.790582 0.249969
vt 0.787838 0.229384
vt 0.802447 0.323777
vt 0.799368 0.303984
vt 0.796974 0.285762
vt 0.408364 0.444166
vt 0.427271 0.446657
vt 0.447917 0.449068
vt 0.476963 0.451900
vt 0.806521 0.351996
vt 0.140676 0.935874
vt 0.153654 0.935840
vt 0.117724 0.597545
vt 0.117836 0.584115
vt 0.118561 0.571158
vt 0.128138 0.936173
vt 0.396610 0.768640
vt 0.291994 0.812855
vt 0.793562 0.268435
vt 0.390091 0.442344
vt 0.938271 0.406984
vt 0.954002 0.401685
vt 0.957204 0.416768
vt 0.931580 0.374927
vt 0.948106 0.380922
vt 0.021608 0.474753
vt 0.007123 0.476207
vt 0.009085 0.457890
vt 0.022534 0.456525
vt 0.974681 0.049239
vt 0.938629 0.054312
vt 0.947936 0.008601
vt 0.980290 0.003590
vt 0.932595 0.039679
vt 0.937574 0.017140
vt 0.922463 0.365067
vt 0.937057 0.369091
vt 0.946043 0.374292
vt 0.952021 0.381377
vt 0.954468 0.386337
vt 0.961217 0.403604
vt 0.964733 0.417729
vt 0.112625 0.401086
vt 0.113447 0.423272
vt 0.065856 0.418793
vt 0.063447 0.396546
vt 0.930765 0.569106
vt 0.923695 0.576171
vt 0.927627 0.550588
vt 0.933666 0.542139
vt 0.915573 0.524550
vt 0.928935 0.523349
vt 0.913931 0.554427
vt 0.059396 0.550471
vt 0.058332 0.581413
vt 0.036530 0.581378
vt 0.035497 0.550428
vt 0.057155 0.605894
vt 0.037674 0.605892
vt 0.915576 0.480061
vt 0.928937 0.481265
vt 0.961134 0.449579
vt 0.962246 0.484804
vt 0.943833 0.475735
vt 0.942516 0.440480
vt 0.957227 0.588970
vt 0.961155 0.556127
vt 0.969179 0.555898
vt 0.964762 0.588006
vt 0.877892 0.526662
vt 0.876425 0.559977
vt 0.920192 0.244451
vt 0.920057 0.194052
vt 0.961797 0.187732
vt 0.961138 0.240391
vt 0.912805 0.270846
vt 0.909908 0.249918
vt 0.908421 0.230496
vt 0.908597 0.209111
vt 0.910701 0.182365
vt 0.003344 0.552777
vt 0.003009 0.531717
vt 0.019347 0.529487
vt 0.019498 0.551293
vt 0.967450 0.120989
vt 0.927694 0.127125
vt 0.004646 0.504973
vt 0.020311 0.502995
vt 0.914961 0.148024
vt 0.920616 0.109486
vt 0.926777 0.071711
vt 0.970632 0.484825
vt 0.969151 0.449806
vt 0.149469 0.165010
vt 0.189201 0.164980
vt 0.189677 0.189650
vt 0.148990 0.189674
vt 0.934204 0.488653
vt 0.934204 0.515961
vt 0.962259 0.520875
vt 0.970652 0.520848
vt 0.036650 0.456167
vt 0.036332 0.474302
vt 0.916993 0.600894
vt 0.902719 0.615565
vt 0.909481 0.584782
vt 0.920698 0.597716
vt 0.915107 0.607007
vt 0.922931 0.590803
vt 0.905390 0.620781
vt 0.894829 0.628409
vt 0.877158 0.637327
vt 0.866756 0.631646
vt 0.872542 0.595087
vt 0.928413 0.575423
vt 0.024345 0.605415
vt 0.021781 0.581407
vt 0.059478 0.528312
vt 0.035449 0.528300
vt 0.035844 0.502084
vt 0.059103 0.502106
vt 0.058636 0.474304
vt 0.943833 0.529949
vt 0.943229 0.364421
vt 0.930046 0.310330
vt 0.969216 0.311226
vt 0.980049 0.368443
vt 0.853233 0.644284
vt 0.929875 0.351592
vt 0.923034 0.324177
vt 0.917346 0.296131
vt 0.006586 0.581130
vt 0.010296 0.604088
vt 0.058327 0.456167
vt 0.068003 0.433070
vt 0.038892 0.427564
vt 0.034952 0.413696
vt 0.070152 0.442022
vt 0.043595 0.435707
vt 0.114055 0.437967
vt 0.031006 0.391495
vt 0.026723 0.412175
vt 0.022315 0.389983
vt 0.031238 0.425921
vt 0.036865 0.433793
vt 0.049298 0.441423
vt 0.044229 0.439072
vt 0.062866 0.446371
vt 0.081699 0.451364
vt 0.108094 0.188064
vt 0.052918 0.183703
vt 0.055412 0.161766
vt 0.109500 0.163967
vt 0.114532 0.447729
vt 0.114913 0.455429
vt 0.154750 0.014828
vt 0.125625 0.015831
vt 0.127632 0.008689
vt 0.155271 0.007915
vt 0.129504 0.003488
vt 0.155720 0.003014
vt 0.153328 0.044675
vt 0.185341 0.044678
vt 0.186311 0.071040
vt 0.152357 0.071041
vt 0.154118 0.026322
vt 0.184553 0.026328
vt 0.183926 0.014836
vt 0.183407 0.007926
vt 0.120818 0.045714
vt 0.123388 0.027436
vt 0.091811 0.012965
vt 0.086839 0.020976
vt 0.080745 0.033060
vt 0.074835 0.051076
vt 0.117868 0.071773
vt 0.069197 0.076021
vt 0.150599 0.423672
vt 0.150741 0.438520
vt 0.015458 0.180031
vt 0.051712 0.204158
vt 0.013707 0.198901
vt 0.051649 0.226914
vt 0.013396 0.220663
vt 0.008696 0.159662
vt 0.018632 0.160157
vt 0.005336 0.178951
vt 0.003420 0.197376
vt 0.003014 0.218845
vt 0.014666 0.248251
vt 0.004339 0.246312
vt 0.052673 0.254888
vt 0.102246 0.005493
vt 0.108174 0.262105
vt 0.107599 0.233872
vt 0.107523 0.210154
vt 0.054739 0.289645
vt 0.057520 0.327856
vt 0.021793 0.321921
vt 0.017624 0.283196
vt 0.060568 0.365047
vt 0.026484 0.359663
vt 0.109125 0.296431
vt 0.110309 0.333821
vt 0.007550 0.281300
vt 0.012127 0.320161
vt 0.017304 0.358056
vt 0.989245 0.094150
vt 0.988848 0.121254
vt 0.977694 0.121066
vt 0.978098 0.093641
vt 0.111536 0.370156
vt 0.150832 0.448628
vt 0.150895 0.456733
vt 0.150379 0.401596
vt 0.182960 0.003026
vt 0.187825 0.448635
vt 0.187762 0.456733
vt 0.187916 0.438532
vt 0.188058 0.423685
vt 0.150282 0.135188
vt 0.111839 0.134795
vt 0.114763 0.102755
vt 0.151297 0.102525
vt 0.070243 0.017776
vt 0.060467 0.026496
vt 0.050986 0.038858
vt 0.073261 0.013773
vt 0.080221 0.011829
vt 0.064120 0.019498
vt 0.050563 0.029729
vt 0.042844 0.040522
vt 0.042354 0.056553
vt 0.033453 0.058110
vt 0.092123 0.008466
vt 0.189640 0.264350
vt 0.189332 0.298342
vt 0.149332 0.298357
vt 0.149029 0.264365
vt 0.188390 0.135168
vt 0.187373 0.102517
vt 0.063914 0.105191
vt 0.059200 0.134984
vt 0.148836 0.236151
vt 0.148801 0.212206
vt 0.188280 0.401606
vt 0.189837 0.236164
vt 0.189865 0.212197
vt 0.149697 0.335237
vt 0.034930 0.080427
vt 0.028544 0.107907
vt 0.023077 0.135615
vt 0.025556 0.081663
vt 0.018911 0.108650
vt 0.013287 0.135761
vt 0.150067 0.371049
vt 0.188592 0.371051
vt 0.188965 0.335230
vt 0.923613 0.786387
vt 0.923613 0.749518
vt 0.934762 0.749950
vt 0.934762 0.785956
vt 0.971992 0.581601
vt 0.974942 0.562012
vt 0.986005 0.563443
vt 0.983019 0.583291
vt 0.976010 0.549019
vt 0.987112 0.550141
vt 0.978008 0.532278
vt 0.989140 0.533182
vt 0.978969 0.521483
vt 0.990651 0.522458
vt 0.979589 0.977296
vt 0.977707 0.968209
vt 0.988691 0.966182
vt 0.990519 0.975066
vt 0.976196 0.957921
vt 0.987278 0.956577
vt 0.974923 0.942813
vt 0.986059 0.942105
vt 0.974051 0.919709
vt 0.985202 0.919406
vt 0.937486 0.820906
vt 0.942860 0.852851
vt 0.931962 0.855244
vt 0.926413 0.822276
vt 0.988681 0.147436
vt 0.977526 0.147408
vt 0.991258 0.063972
vt 0.991137 0.071233
vt 0.979423 0.070675
vt 0.979549 0.063421
vt 0.990323 0.087502
vt 0.978801 0.083073
vt 0.946208 0.867037
vt 0.936585 0.874108
vt 0.951134 0.884930
vt 0.940419 0.888034
vt 0.952694 0.890244
vt 0.941995 0.893401
vt 0.988681 0.174752
vt 0.977526 0.174780
vt 0.927634 0.454022
vt 0.933672 0.462474
vt 0.956728 0.687611
vt 0.958666 0.662069
vt 0.969783 0.663116
vt 0.967909 0.687552
vt 0.962782 0.633928
vt 0.973830 0.635517
vt 0.967655 0.606158
vt 0.978671 0.607935
vt 0.969926 0.775233
vt 0.965991 0.748659
vt 0.976971 0.746662
vt 0.981024 0.774012
vt 0.961550 0.727746
vt 0.972484 0.725533
vt 0.957995 0.708655
vt 0.969077 0.707215
vt 0.973677 0.887110
vt 0.984831 0.886959
vt 0.973299 0.848783
vt 0.984453 0.848547
vt 0.972265 0.809801
vt 0.983409 0.809245
vt 0.938277 0.598766
vt 0.954024 0.604067
vt 0.948127 0.624851
vt 0.931587 0.630854
vt 0.073365 0.474766
vt 0.072449 0.456531
vt 0.085904 0.457904
vt 0.087857 0.476231
vt 0.911182 0.322644
vt 0.916790 0.368293
vt 0.884436 0.363283
vt 0.875130 0.317571
vt 0.874075 0.354743
vt 0.869096 0.332205
vt 0.937070 0.636694
vt 0.922463 0.640725
vt 0.946063 0.631487
vt 0.954494 0.619430
vt 0.952045 0.624395
vt 0.961245 0.602144
vt 0.272804 0.418815
vt 0.225208 0.423285
vt 0.226033 0.401098
vt 0.275219 0.396565
vt 0.930775 0.435501
vt 0.923705 0.428434
vt 0.913936 0.450181
vt 0.942520 0.565238
vt 0.877886 0.477952
vt 0.876421 0.444627
vt 0.856692 0.127433
vt 0.897638 0.131492
vt 0.898297 0.184151
vt 0.856557 0.177831
vt 0.849305 0.101037
vt 0.846408 0.121965
vt 0.844921 0.141387
vt 0.845097 0.162772
vt 0.847201 0.189518
vt 0.091557 0.552860
vt 0.075400 0.551352
vt 0.075581 0.529527
vt 0.091925 0.531782
vt 0.903950 0.250895
vt 0.864195 0.244758
vt 0.074643 0.503026
vt 0.090315 0.505018
vt 0.851462 0.223859
vt 0.857116 0.262398
vt 0.863278 0.300172
vt 0.213041 0.015845
vt 0.215276 0.027445
vt 0.917004 0.403704
vt 0.909488 0.419819
vt 0.902728 0.389027
vt 0.920709 0.406884
vt 0.922943 0.413798
vt 0.915118 0.397589
vt 0.905401 0.383811
vt 0.894838 0.376178
vt 0.866758 0.372937
vt 0.877164 0.367256
vt 0.872541 0.409507
vt 0.928423 0.429183
vt 0.073073 0.581460
vt 0.070472 0.605442
vt 0.879729 0.007462
vt 0.916549 0.003440
vt 0.905716 0.060657
vt 0.866546 0.061553
vt 0.853233 0.360294
vt 0.866375 0.020291
vt 0.859534 0.047706
vt 0.853846 0.075753
vt 0.088263 0.581209
vt 0.084511 0.604143
vt 0.303716 0.413725
vt 0.299771 0.427594
vt 0.270653 0.433093
vt 0.295065 0.435738
vt 0.268501 0.442046
vt 0.224597 0.437980
vt 0.307668 0.391519
vt 0.316361 0.390009
vt 0.311946 0.412205
vt 0.307427 0.425953
vt 0.301796 0.433825
vt 0.294430 0.439103
vt 0.289358 0.441453
vt 0.275787 0.446398
vt 0.256950 0.451386
vt 0.230576 0.188046
vt 0.229169 0.163946
vt 0.283256 0.161744
vt 0.285754 0.183681
vt 0.223735 0.455440
vt 0.224118 0.447742
vt 0.211034 0.008705
vt 0.209164 0.003505
vt 0.217845 0.045717
vt 0.245717 0.012770
vt 0.251813 0.020985
vt 0.257906 0.033064
vt 0.263816 0.051074
vt 0.269457 0.076011
vt 0.220795 0.071770
vt 0.323217 0.180002
vt 0.324972 0.198875
vt 0.286963 0.204139
vt 0.325288 0.220641
vt 0.287029 0.226899
vt 0.329974 0.159629
vt 0.333340 0.178919
vt 0.320038 0.160127
vt 0.335262 0.197347
vt 0.335672 0.218821
vt 0.334351 0.246295
vt 0.324021 0.248236
vt 0.286007 0.254877
vt 0.236410 0.005511
vt 0.230499 0.262096
vt 0.231074 0.233864
vt 0.231149 0.210142
vt 0.283941 0.289640
vt 0.321065 0.283190
vt 0.316893 0.321926
vt 0.281157 0.327860
vt 0.312197 0.359679
vt 0.278103 0.365059
vt 0.228358 0.333820
vt 0.229545 0.296423
vt 0.331141 0.281293
vt 0.326562 0.320167
vt 0.321380 0.358073
vt 0.989245 0.228037
vt 0.978098 0.228547
vt 0.977694 0.201122
vt 0.988848 0.200934
vt 0.227127 0.370162
vt 0.223902 0.102745
vt 0.226828 0.134778
vt 0.268402 0.017784
vt 0.278176 0.026500
vt 0.287656 0.038856
vt 0.265384 0.013793
vt 0.274523 0.019505
vt 0.258425 0.011852
vt 0.288077 0.029730
vt 0.295795 0.040518
vt 0.305188 0.058097
vt 0.296289 0.056544
vt 0.246528 0.008492
vt 0.274744 0.105175
vt 0.279464 0.134963
vt 0.303717 0.080409
vt 0.310110 0.107882
vt 0.315586 0.135586
vt 0.313089 0.081641
vt 0.319742 0.108622
vt 0.325375 0.135729
vt 0.095987 0.857219
vt 0.107014 0.855530
vt 0.109999 0.875378
vt 0.098935 0.876808
vt 0.111104 0.888681
vt 0.100002 0.889801
vt 0.113130 0.905640
vt 0.101999 0.906543
vt 0.114675 0.916355
vt 0.102958 0.917338
vt 0.103625 0.461525
vt 0.114554 0.463756
vt 0.112726 0.472640
vt 0.101742 0.470611
vt 0.111311 0.482244
vt 0.100229 0.480899
vt 0.110091 0.496716
vt 0.098955 0.496007
vt 0.109232 0.519415
vt 0.098080 0.519111
vt 0.937486 0.714999
vt 0.926413 0.713630
vt 0.931962 0.680662
vt 0.942860 0.683054
vt 0.991257 0.258216
vt 0.979512 0.258771
vt 0.979386 0.251516
vt 0.991136 0.250955
vt 0.978764 0.239118
vt 0.990323 0.234686
vt 0.936585 0.661798
vt 0.946208 0.668868
vt 0.940419 0.647871
vt 0.951134 0.650976
vt 0.941995 0.642504
vt 0.952694 0.645661
vt 0.080734 0.751207
vt 0.091915 0.751267
vt 0.093787 0.775704
vt 0.082670 0.776750
vt 0.097831 0.803303
vt 0.086783 0.804891
vt 0.102669 0.830886
vt 0.091653 0.832662
vt 0.093941 0.663587
vt 0.105039 0.664809
vt 0.100983 0.692159
vt 0.090003 0.690160
vt 0.096494 0.713287
vt 0.085560 0.711073
vt 0.093085 0.731604
vt 0.082004 0.730164
vt 0.108857 0.551862
vt 0.097703 0.551710
vt 0.108475 0.590274
vt 0.097322 0.590037
vt 0.107427 0.629577
vt 0.096283 0.629019
vt 0.592231 0.768578
vt 0.594446 0.776288
vt 0.580055 0.776864
vt 0.578402 0.769940
vt 0.596828 0.785815
vt 0.582075 0.786374
vt 0.567396 0.788912
vt 0.567430 0.779440
vt 0.566517 0.773141
vt 0.598287 0.798539
vt 0.583582 0.800284
vt 0.600107 0.817949
vt 0.584463 0.819510
vt 0.567647 0.821033
vt 0.567527 0.802907
vt 0.555334 0.804777
vt 0.556288 0.791489
vt 0.554445 0.822630
vt 0.545307 0.823061
vt 0.546875 0.805491
vt 0.548472 0.792684
vt 0.557274 0.782375
vt 0.557013 0.776606
vt 0.550172 0.784126
vt 0.551715 0.779305
vt 0.594828 0.918391
vt 0.592297 0.940820
vt 0.579686 0.941238
vt 0.578838 0.919070
vt 0.590004 0.954407
vt 0.577695 0.955611
vt 0.555881 0.954793
vt 0.558219 0.940095
vt 0.561493 0.919787
vt 0.588119 0.964335
vt 0.573755 0.965391
vt 0.587072 0.971874
vt 0.570503 0.972405
vt 0.553404 0.971447
vt 0.554425 0.964403
vt 0.543008 0.963659
vt 0.544069 0.954395
vt 0.542011 0.969860
vt 0.535373 0.968127
vt 0.533937 0.963463
vt 0.533459 0.954631
vt 0.545366 0.940552
vt 0.547356 0.920731
vt 0.534154 0.940912
vt 0.535967 0.921687
vt 0.651758 0.916667
vt 0.650388 0.937649
vt 0.639232 0.938347
vt 0.640584 0.916701
vt 0.651342 0.953546
vt 0.638165 0.953958
vt 0.625719 0.953841
vt 0.626671 0.937965
vt 0.624756 0.916475
vt 0.652289 0.965307
vt 0.637606 0.965459
vt 0.653048 0.974064
vt 0.637300 0.972549
vt 0.621155 0.974270
vt 0.623275 0.965553
vt 0.600089 0.964814
vt 0.600694 0.953878
vt 0.600087 0.972742
vt 0.602872 0.938660
vt 0.606359 0.916963
vt 0.655348 0.765681
vt 0.656323 0.772758
vt 0.636663 0.772991
vt 0.637516 0.765981
vt 0.656572 0.782380
vt 0.636110 0.782206
vt 0.625727 0.782326
vt 0.623911 0.772793
vt 0.622387 0.765937
vt 0.656438 0.796146
vt 0.636950 0.796475
vt 0.655997 0.815625
vt 0.638158 0.816276
vt 0.626835 0.816343
vt 0.627038 0.796398
vt 0.605684 0.797087
vt 0.605394 0.784072
vt 0.606860 0.816684
vt 0.606860 0.774294
vt 0.606880 0.766626
vt 0.621778 0.524760
vt 0.623109 0.508622
vt 0.629185 0.508234
vt 0.628203 0.524318
vt 0.624409 0.494984
vt 0.630174 0.493977
vt 0.639027 0.492378
vt 0.638502 0.507487
vt 0.637675 0.523803
vt 0.625794 0.483867
vt 0.630820 0.482255
vt 0.627169 0.476941
vt 0.630955 0.473812
vt 0.638942 0.469915
vt 0.638990 0.479707
vt 0.664225 0.477844
vt 0.664729 0.472405
vt 0.670313 0.471710
vt 0.669849 0.477413
vt 0.665157 0.468206
vt 0.670738 0.467174
vt 0.678693 0.464720
vt 0.677766 0.474068
vt 0.663427 0.491077
vt 0.663776 0.484196
vt 0.669412 0.483923
vt 0.669057 0.490882
vt 0.676812 0.487226
vt 0.720657 0.487813
vt 0.723309 0.474268
vt 0.735507 0.475717
vt 0.732747 0.488521
vt 0.725932 0.464086
vt 0.738356 0.466804
vt 0.742188 0.469904
vt 0.740515 0.476570
vt 0.738286 0.488980
vt 0.718769 0.521858
vt 0.719161 0.502416
vt 0.731308 0.502728
vt 0.731110 0.521861
vt 0.736962 0.503101
vt 0.736824 0.521867
vt 0.616249 0.599031
vt 0.617440 0.579338
vt 0.624091 0.579406
vt 0.622976 0.599326
vt 0.618644 0.559601
vt 0.625560 0.559916
vt 0.635461 0.560210
vt 0.633888 0.579764
vt 0.632715 0.599721
vt 0.620425 0.541902
vt 0.627065 0.541465
vt 0.636655 0.541333
vt 0.663029 0.506048
vt 0.663180 0.498386
vt 0.668810 0.498239
vt 0.668654 0.505948
vt 0.676228 0.502021
vt 0.662924 0.522122
vt 0.662947 0.513989
vt 0.668553 0.513939
vt 0.668530 0.522139
vt 0.675978 0.521870
vt 0.605498 0.579582
vt 0.607298 0.560601
vt 0.613592 0.559836
vt 0.612287 0.579402
vt 0.608257 0.542822
vt 0.615264 0.542247
vt 0.616882 0.524872
vt 0.816942 0.457278
vt 0.821087 0.445619
vt 0.833078 0.455928
vt 0.826508 0.462794
vt 0.621258 0.470730
vt 0.627455 0.462350
vt 0.630137 0.468365
vt 0.625328 0.474647
vt 0.638560 0.462996
vt 0.555646 0.772361
vt 0.564734 0.768583
vt 0.549124 0.777578
vt 0.576976 0.764285
vt 0.574705 0.757509
vt 0.588715 0.754428
vt 0.590663 0.762018
vt 0.544827 0.774257
vt 0.552383 0.767600
vt 0.599920 0.979480
vt 0.586434 0.977380
vt 0.619731 0.981409
vt 0.522462 0.897773
vt 0.525429 0.871373
vt 0.533923 0.871851
vt 0.531106 0.898238
vt 0.618153 0.990037
vt 0.599740 0.988494
vt 0.611527 0.509036
vt 0.613623 0.493996
vt 0.620006 0.495115
vt 0.618225 0.508913
vt 0.616786 0.481314
vt 0.622149 0.483517
vt 0.614302 0.686301
vt 0.607771 0.686537
vt 0.605974 0.670891
vt 0.612725 0.671153
vt 0.672249 0.445976
vt 0.698065 0.443285
vt 0.696717 0.457727
vt 0.671449 0.459834
vt 0.540681 0.805303
vt 0.542641 0.792796
vt 0.538658 0.823049
vt 0.545263 0.783780
vt 0.539620 0.781636
vt 0.530602 0.822439
vt 0.533074 0.804364
vt 0.654557 0.759584
vt 0.669854 0.761961
vt 0.669300 0.767685
vt 0.702048 0.759562
vt 0.703521 0.752276
vt 0.718641 0.754584
vt 0.716769 0.761810
vt 0.654101 0.751746
vt 0.670837 0.752863
vt 0.686053 0.759246
vt 0.684050 0.765308
vt 0.741032 0.441349
vt 0.739100 0.455682
vt 0.610232 0.525273
vt 0.836695 0.468160
vt 0.829743 0.477362
vt 0.742889 0.476541
vt 0.528271 0.964148
vt 0.526479 0.954936
vt 0.532329 0.970102
vt 0.526695 0.941281
vt 0.518509 0.941423
vt 0.519883 0.921846
vt 0.528348 0.922049
vt 0.527534 0.973781
vt 0.521952 0.966244
vt 0.755516 0.778956
vt 0.757870 0.777299
vt 0.762072 0.783692
vt 0.757349 0.783951
vt 0.767587 0.805264
vt 0.774183 0.804127
vt 0.776755 0.822103
vt 0.769664 0.823017
vt 0.762147 0.774275
vt 0.767397 0.781744
vt 0.765004 0.792521
vt 0.759523 0.792453
vt 0.790466 0.440954
vt 0.787826 0.454945
vt 0.833899 0.519314
vt 0.833804 0.535875
vt 0.826394 0.544915
vt 0.827306 0.509125
vt 0.740991 0.489298
vt 0.739639 0.503426
vt 0.568362 0.978604
vt 0.552121 0.977443
vt 0.540129 0.974407
vt 0.536860 0.980029
vt 0.584406 0.985988
vt 0.566182 0.986964
vt 0.686909 0.974402
vt 0.687969 0.981417
vt 0.672217 0.979598
vt 0.671471 0.973256
vt 0.779347 0.844820
vt 0.782303 0.870719
vt 0.774353 0.871207
vt 0.771796 0.845448
vt 0.689063 0.990022
vt 0.672622 0.989284
vt 0.653347 0.981105
vt 0.603921 0.636312
vt 0.603913 0.617450
vt 0.610670 0.618093
vt 0.610747 0.637007
vt 0.611259 0.598773
vt 0.615714 0.618573
vt 0.615839 0.637591
vt 0.604678 0.654051
vt 0.611491 0.654703
vt 0.535931 0.791268
vt 0.562119 0.762375
vt 0.652180 0.458477
vt 0.651846 0.449706
vt 0.543592 0.845837
vt 0.536417 0.846011
vt 0.541420 0.871683
vt 0.732349 0.757760
vt 0.744534 0.762248
vt 0.742218 0.768783
vt 0.729958 0.764302
vt 0.528197 0.845343
vt 0.837028 0.483417
vt 0.835941 0.500722
vt 0.836384 0.592093
vt 0.835750 0.612026
vt 0.829087 0.592038
vt 0.739652 0.540749
vt 0.736971 0.541111
vt 0.739443 0.521877
vt 0.694353 0.730265
vt 0.696378 0.744209
vt 0.671017 0.743058
vt 0.669483 0.729588
vt 0.637055 0.978716
vt 0.653503 0.989677
vt 0.636288 0.988149
vt 0.538657 0.897864
vt 0.637239 0.455285
vt 0.651958 0.466201
vt 0.550009 0.984678
vt 0.519079 0.956094
vt 0.604214 0.752661
vt 0.620086 0.752230
vt 0.621254 0.760027
vt 0.606266 0.760574
vt 0.685520 0.502027
vt 0.685204 0.521858
vt 0.700882 0.502127
vt 0.700489 0.521873
vt 0.686282 0.487135
vt 0.702022 0.487221
vt 0.687493 0.473716
vt 0.703858 0.473528
vt 0.688650 0.463977
vt 0.705591 0.463403
vt 0.655653 0.839262
vt 0.638396 0.839539
vt 0.654280 0.865049
vt 0.639532 0.864843
vt 0.626539 0.864948
vt 0.627518 0.839158
vt 0.652680 0.891684
vt 0.640409 0.891016
vt 0.625073 0.891062
vt 0.607800 0.891357
vt 0.608705 0.865825
vt 0.596966 0.892726
vt 0.598453 0.867145
vt 0.608687 0.839937
vt 0.599333 0.841287
vt 0.584454 0.842652
vt 0.582431 0.868252
vt 0.566140 0.869853
vt 0.567536 0.844074
vt 0.580560 0.894143
vt 0.563900 0.895698
vt 0.549888 0.896830
vt 0.552168 0.871050
vt 0.553594 0.845386
vt 0.714929 0.767825
vt 0.727993 0.769746
vt 0.725811 0.776529
vt 0.713060 0.775443
vt 0.741596 0.774073
vt 0.740656 0.779471
vt 0.738911 0.787670
vt 0.722897 0.785979
vt 0.711377 0.785778
vt 0.748716 0.776116
vt 0.749882 0.781902
vt 0.751346 0.790775
vt 0.752763 0.804118
vt 0.736894 0.801628
vt 0.761604 0.805248
vt 0.763326 0.822887
vt 0.753769 0.822296
vt 0.737235 0.820908
vt 0.720417 0.799899
vt 0.710062 0.798936
vt 0.719905 0.819209
vt 0.709230 0.818028
vt 0.713658 0.918517
vt 0.728076 0.920394
vt 0.727475 0.942701
vt 0.717358 0.942146
vt 0.746112 0.921261
vt 0.748773 0.939888
vt 0.749667 0.955792
vt 0.729626 0.955709
vt 0.720354 0.953552
vt 0.760835 0.921502
vt 0.762929 0.940115
vt 0.771715 0.921604
vt 0.773593 0.940417
vt 0.774628 0.954143
vt 0.764772 0.953982
vt 0.765630 0.963323
vt 0.751302 0.964423
vt 0.774206 0.962997
vt 0.772733 0.967606
vt 0.766209 0.969325
vt 0.752685 0.970039
vt 0.733428 0.963985
vt 0.722309 0.962502
vt 0.736524 0.970354
vt 0.723247 0.970259
vt 0.668268 0.916348
vt 0.669843 0.938698
vt 0.683572 0.916666
vt 0.684363 0.939039
vt 0.685159 0.954137
vt 0.669540 0.955526
vt 0.703584 0.916448
vt 0.705835 0.938912
vt 0.708062 0.952676
vt 0.705833 0.964681
vt 0.685975 0.965712
vt 0.704668 0.973882
vt 0.670250 0.966194
vt 0.668935 0.773809
vt 0.681596 0.772202
vt 0.680005 0.782382
vt 0.668501 0.782268
vt 0.701094 0.765685
vt 0.701376 0.773192
vt 0.702901 0.783728
vt 0.702820 0.797359
vt 0.679919 0.796539
vt 0.700662 0.816626
vt 0.680346 0.815615
vt 0.668459 0.795814
vt 0.667703 0.815708
vt 0.617652 0.671523
vt 0.623826 0.671989
vt 0.624893 0.686845
vt 0.618997 0.686441
vt 0.632576 0.672453
vt 0.633378 0.687410
vt 0.634317 0.701098
vt 0.626143 0.700215
vt 0.620741 0.699661
vt 0.663417 0.553181
vt 0.669056 0.553358
vt 0.669411 0.560332
vt 0.663767 0.560076
vt 0.676818 0.557035
vt 0.677776 0.570218
vt 0.669835 0.566878
vt 0.664174 0.566470
vt 0.670296 0.572645
vt 0.664681 0.571936
vt 0.678709 0.579602
vt 0.670737 0.577171
vt 0.665131 0.576142
vt 0.627583 0.711165
vt 0.622754 0.709987
vt 0.635532 0.712815
vt 0.636512 0.722123
vt 0.628506 0.719128
vt 0.624597 0.716407
vt 0.720692 0.556418
vt 0.732770 0.555694
vt 0.735546 0.568496
vt 0.723347 0.569971
vt 0.738264 0.555242
vt 0.740545 0.567622
vt 0.742241 0.574283
vt 0.738415 0.577399
vt 0.725984 0.580143
vt 0.731326 0.541489
vt 0.719198 0.541804
vt 0.622392 0.619090
vt 0.632153 0.619525
vt 0.631742 0.638617
vt 0.622375 0.638115
vt 0.668542 0.530309
vt 0.662925 0.530237
vt 0.676212 0.542219
vt 0.668641 0.538304
vt 0.663009 0.538191
vt 0.668803 0.546008
vt 0.663167 0.545864
vt 0.622888 0.655767
vt 0.616538 0.655246
vt 0.631919 0.656218
vt 0.828754 0.639636
vt 0.836330 0.647653
vt 0.836243 0.666372
vt 0.829277 0.674692
vt 0.750705 0.772620
vt 0.754508 0.767894
vt 0.765083 0.845423
vt 0.777118 0.897556
vt 0.785175 0.897021
vt 0.787916 0.921226
vt 0.779394 0.921577
vt 0.767346 0.871196
vt 0.636050 0.736446
vt 0.626188 0.730396
vt 0.628296 0.724501
vt 0.636814 0.728836
vt 0.623015 0.718749
vt 0.650765 0.740667
vt 0.650498 0.732040
vt 0.771251 0.791166
vt 0.619405 0.722853
vt 0.614336 0.713038
vt 0.619348 0.710694
vt 0.616505 0.699708
vt 0.775730 0.969606
vt 0.767824 0.973715
vt 0.738675 0.976015
vt 0.740892 0.984218
vt 0.724904 0.985199
vt 0.723840 0.976012
vt 0.780486 0.973357
vt 0.770963 0.979362
vt 0.754217 0.975506
vt 0.739196 0.744586
vt 0.736785 0.730021
vt 0.789078 0.743537
vt 0.786165 0.729367
vt 0.781177 0.940702
vt 0.779830 0.963755
vt 0.786189 0.965859
vt 0.789532 0.940889
vt 0.781502 0.954633
vt 0.706948 0.989594
vt 0.705481 0.980932
vt 0.687750 0.751571
vt 0.837080 0.700249
vt 0.835872 0.716086
vt 0.829581 0.706389
vt 0.742896 0.567617
vt 0.836702 0.683201
vt 0.756636 0.982560
vt 0.789070 0.955643
vt 0.831639 0.728092
vt 0.819626 0.738336
vt 0.815352 0.726688
vt 0.825069 0.720999
vt 0.769801 0.897631
vt 0.835888 0.629407
vt 0.740921 0.554997
vt 0.637159 0.759458
vt 0.636909 0.751610
vt 0.834774 0.573975
vt 0.604600 0.598692
vt 0.610410 0.700830
vt 0.834325 0.554894
vt 0.649647 0.724345
vt 0.700895 0.542112
vt 0.685502 0.542212
vt 0.702027 0.557028
vt 0.686286 0.557086
vt 0.703882 0.570706
vt 0.687514 0.570569
vt 0.705630 0.580866
vt 0.688679 0.580321
vt 0.667609 0.838759
vt 0.681521 0.839200
vt 0.682868 0.865252
vt 0.667627 0.864865
vt 0.700166 0.839819
vt 0.709441 0.840801
vt 0.710115 0.867506
vt 0.699870 0.866305
vt 0.702810 0.892370
vt 0.683431 0.891685
vt 0.710162 0.893942
vt 0.667985 0.891384
vt 0.721170 0.842529
vt 0.738211 0.843943
vt 0.739924 0.869778
vt 0.723781 0.868377
vt 0.754823 0.844851
vt 0.756470 0.870552
vt 0.758793 0.897370
vt 0.742569 0.896508
vt 0.726149 0.894863
vt 0.612297 0.493649
vt 0.615465 0.480774
vt 0.620230 0.469827
vt 0.543973 0.773416
vt 0.551653 0.766593
vt 0.561671 0.761238
vt 0.574205 0.756290
vt 0.588293 0.753138
vt 0.608678 0.525414
vt 0.610041 0.509040
vt 0.636777 0.453922
vt 0.651629 0.448220
vt 0.672207 0.444469
vt 0.529305 0.822184
vt 0.531801 0.804049
vt 0.534806 0.790774
vt 0.538596 0.780937
vt 0.626687 0.461140
vt 0.816402 0.442169
vt 0.826992 0.446721
vt 0.834216 0.455045
vt 0.526648 0.974631
vt 0.520844 0.966798
vt 0.517830 0.956321
vt 0.517203 0.941441
vt 0.518556 0.921741
vt 0.780541 0.439300
vt 0.800711 0.439926
vt 0.838452 0.483296
vt 0.837353 0.500797
vt 0.835228 0.519520
vt 0.583931 0.987715
vt 0.565898 0.988402
vt 0.549651 0.985948
vt 0.536258 0.981130
vt 0.838061 0.467699
vt 0.605954 0.560750
vt 0.606817 0.542927
vt 0.603867 0.751272
vt 0.619805 0.750843
vt 0.636825 0.750243
vt 0.654061 0.750281
vt 0.603227 0.598666
vt 0.604142 0.579612
vt 0.835708 0.555032
vt 0.836107 0.574031
vt 0.837746 0.592056
vt 0.653510 0.991048
vt 0.636117 0.989772
vt 0.617964 0.991400
vt 0.599705 0.990029
vt 0.835181 0.536008
vt 0.726933 0.440331
vt 0.755072 0.439513
vt 0.521118 0.897614
vt 0.524077 0.871207
vt 0.526830 0.845184
vt 0.698092 0.441790
vt 0.609045 0.701139
vt 0.606391 0.686620
vt 0.604597 0.670890
vt 0.718957 0.753305
vt 0.732830 0.756543
vt 0.745142 0.761132
vt 0.755303 0.766861
vt 0.763027 0.773442
vt 0.618355 0.723817
vt 0.613045 0.713646
vt 0.635728 0.737837
vt 0.625486 0.731679
vt 0.768371 0.781058
vt 0.772323 0.790685
vt 0.775301 0.803831
vt 0.778005 0.821820
vt 0.671076 0.744501
vt 0.650629 0.742090
vt 0.814954 0.741832
vt 0.799459 0.744307
vt 0.779055 0.745460
vt 0.789281 0.921104
vt 0.790866 0.940900
vt 0.790339 0.955874
vt 0.787301 0.966409
vt 0.781376 0.974231
vt 0.832750 0.728996
vt 0.825536 0.737198
vt 0.838452 0.700386
vt 0.837211 0.716616
vt 0.771552 0.980496
vt 0.757092 0.983851
vt 0.741213 0.985734
vt 0.725037 0.986962
vt 0.837556 0.666330
vt 0.838037 0.683193
vt 0.602590 0.636204
vt 0.602561 0.617323
vt 0.671001 0.751242
vt 0.687945 0.750292
vt 0.703800 0.751012
vt 0.603293 0.653937
vt 0.837215 0.629187
vt 0.837686 0.647490
vt 0.707185 0.991014
vt 0.689302 0.991400
vt 0.672646 0.990598
vt 0.837052 0.611964
vt 0.725035 0.746050
vt 0.696485 0.745580
vt 0.780552 0.844624
vt 0.783611 0.870539
vt 0.786471 0.896902
vt 0.753461 0.745957
vt 0.717971 0.692367
vt 0.721358 0.691634
vt 0.722709 0.695470
vt 0.718258 0.695641
vt 0.994905 0.916023
vt 0.994871 0.906421
vt 0.996428 0.906417
vt 0.996463 0.916018
vt 0.731804 0.678380
vt 0.732461 0.674886
vt 0.742196 0.676323
vt 0.740721 0.681121
vt 0.729135 0.657785
vt 0.727045 0.654972
vt 0.731399 0.650448
vt 0.735187 0.653453
vt 0.752051 0.685294
vt 0.754236 0.678475
vt 0.763552 0.680303
vt 0.760684 0.688707
vt 0.743821 0.645933
vt 0.738162 0.641721
vt 0.743081 0.634962
vt 0.750207 0.640025
vt 0.724436 0.652670
vt 0.721363 0.651068
vt 0.722714 0.647234
vt 0.727162 0.648365
vt 0.711216 0.691016
vt 0.714506 0.692147
vt 0.714006 0.694858
vt 0.710049 0.693369
vt 0.729131 0.684917
vt 0.730706 0.681757
vt 0.738359 0.685509
vt 0.735184 0.689253
vt 0.731806 0.664323
vt 0.730709 0.660945
vt 0.738362 0.657196
vt 0.740723 0.661585
vt 0.732709 0.671351
vt 0.732462 0.667817
vt 0.742197 0.666383
vt 0.742625 0.671354
vt 0.724431 0.690032
vt 0.727040 0.687730
vt 0.731395 0.692257
vt 0.727158 0.694339
vt 0.717976 0.650335
vt 0.714512 0.650555
vt 0.714012 0.647844
vt 0.718264 0.647062
vt 0.731796 0.638778
vt 0.725010 0.637241
vt 0.726504 0.629719
vt 0.735070 0.631468
vt 0.754932 0.671358
vt 0.754237 0.664233
vt 0.763553 0.662404
vt 0.764555 0.671351
vt 0.731791 0.703927
vt 0.738157 0.700986
vt 0.743079 0.707744
vt 0.735067 0.711238
vt 0.718145 0.637204
vt 0.711555 0.638646
vt 0.709323 0.631928
vt 0.717770 0.629843
vt 0.752053 0.657414
vt 0.748517 0.651230
vt 0.756162 0.646450
vt 0.760686 0.654000
vt 0.743817 0.696774
vt 0.748514 0.691477
vt 0.756160 0.696257
vt 0.750205 0.702682
vt 0.705760 0.701193
vt 0.711549 0.704057
vt 0.709319 0.710777
vt 0.701709 0.706692
vt 0.743841 0.654066
vt 0.739900 0.649458
vt 0.743838 0.688640
vt 0.746796 0.683291
vt 0.718139 0.705500
vt 0.712712 0.700108
vt 0.718253 0.701163
vt 0.735132 0.645761
vt 0.729763 0.643142
vt 0.748606 0.677427
vt 0.749157 0.671356
vt 0.725004 0.705464
vt 0.724041 0.700989
vt 0.729759 0.699562
vt 0.724046 0.641716
vt 0.718258 0.641540
vt 0.748607 0.665280
vt 0.746797 0.659416
vt 0.735128 0.696944
vt 0.739897 0.693248
vt 0.705773 0.641505
vt 0.712717 0.642595
vt 0.707852 0.644731
vt 0.710056 0.649333
vt 0.726501 0.712986
vt 0.717766 0.712863
vt 0.707842 0.697969
vt 0.701709 0.636016
vt 0.711221 0.651686
vt 0.994937 0.791194
vt 0.994926 0.781592
vt 0.996488 0.781599
vt 0.996499 0.791201
vt 0.994882 0.771985
vt 0.996444 0.771999
vt 0.994937 0.944829
vt 0.994916 0.935227
vt 0.996475 0.935222
vt 0.996499 0.944822
vt 0.994926 0.925625
vt 0.996484 0.925620
vt 0.994926 0.810398
vt 0.994916 0.800796
vt 0.996474 0.800801
vt 0.996485 0.810403
vt 0.994926 0.954431
vt 0.996488 0.954424
vt 0.994871 0.829602
vt 0.994905 0.820000
vt 0.996464 0.820005
vt 0.996428 0.829606
vt 0.994767 0.848806
vt 0.994834 0.839204
vt 0.996391 0.839208
vt 0.996324 0.848810
vt 0.994562 0.868008
vt 0.994674 0.858407
vt 0.996231 0.858411
vt 0.996119 0.868012
vt 0.994766 0.887217
vt 0.994674 0.877616
vt 0.996231 0.877612
vt 0.996323 0.887213
vt 0.994833 0.896819
vt 0.996390 0.896815
vt 0.994882 0.964033
vt 0.996444 0.964026
vt 0.014853 0.053418
vt 0.012958 0.041580
vt 0.016709 0.041574
vt 0.020278 0.042727
vt 0.023316 0.044926
vt 0.025526 0.047957
vt 0.026691 0.051522
vt 0.026697 0.055273
vt 0.025544 0.058842
vt 0.023344 0.061881
vt 0.020313 0.064090
vt 0.016748 0.065255
vt 0.012997 0.065261
vt 0.009428 0.064108
vt 0.006390 0.061909
vt 0.004180 0.058878
vt 0.003015 0.055313
vt 0.003009 0.051562
vt 0.004162 0.047993
vt 0.006362 0.044955
vt 0.009393 0.042745
vt 0.618513 0.375601
vt 0.591167 0.361670
vt 0.596811 0.353903
vt 0.588204 0.380402
vt 0.588202 0.370801
vt 0.596815 0.397301
vt 0.591170 0.389533
vt 0.613714 0.405910
vt 0.604583 0.402944
vt 0.632448 0.402943
vt 0.623316 0.405910
vt 0.645860 0.389533
vt 0.640216 0.397300
vt 0.648824 0.370800
vt 0.648825 0.380402
vt 0.640211 0.353901
vt 0.645856 0.361668
vt 0.623312 0.345291
vt 0.632444 0.348258
vt 0.604580 0.348260
vt 0.613710 0.345291
vt 0.024697 0.657740
vt 0.768500 0.638097
vt 0.772129 0.552456
vt 0.913114 0.640931
vt 0.915976 0.646927
vt 0.910355 0.635842
vt 0.907896 0.631713
vt 0.905837 0.628446
vt 0.057742 0.812805
vt 0.054226 0.818598
vt 0.060207 0.805713
vt 0.060251 0.796512
vt 0.055088 0.783388
vt 0.374752 0.972050
vt 0.422394 0.972058
vt 0.249704 0.972020
vt 0.261014 0.972016
vt 0.243830 0.972025
vt 0.240531 0.972023
vt 0.440160 0.972037
vt 0.443720 0.972016
vt 0.433992 0.972050
vt 0.072027 0.986508
vt 0.138507 0.986470
vt 0.906693 0.796936
vt 0.919493 0.815901
vt 0.895646 0.778189
vt 0.888102 0.759871
vt 0.885804 0.742168
vt 0.040608 0.638725
vt 0.059032 0.620094
vt 0.889817 0.725224
vt 0.898368 0.709169
vt 0.908701 0.694253
vt 0.917094 0.681169
vt 0.043064 0.765062
vt 0.028327 0.743381
vt 0.920641 0.670452
vt 0.920511 0.661548
vt 0.918647 0.653779
vt 0.044115 0.830992
vt 0.041622 0.833599
vt 0.047126 0.827671
vt 0.050565 0.823536
vt 0.817184 0.679300
vt 0.814322 0.685296
vt 0.811563 0.690385
vt 0.809104 0.694514
vt 0.807045 0.697781
vt 0.798027 0.477239
vt 0.801544 0.483031
vt 0.804009 0.490123
vt 0.804053 0.499325
vt 0.798890 0.512449
vt 0.308272 0.972024
vt 0.024385 0.986524
vt 0.185764 0.986454
vt 0.197074 0.986457
vt 0.202948 0.986460
vt 0.206247 0.986458
vt 0.003058 0.986485
vt 0.006618 0.986506
vt 0.012787 0.986518
vt 0.820702 0.510326
vt 0.807902 0.529291
vt 0.796855 0.548038
vt 0.789310 0.566357
vt 0.787013 0.584059
vt 0.784411 0.657112
vt 0.802836 0.675741
vt 0.791025 0.601003
vt 0.799576 0.617059
vt 0.809909 0.631974
vt 0.818302 0.645058
vt 0.786866 0.530775
vt 0.821849 0.655776
vt 0.821719 0.664680
vt 0.819855 0.672449
vt 0.785424 0.462238
vt 0.787917 0.464845
vt 0.790928 0.468165
vt 0.794367 0.472301
s 1
usemtl mid_century_lounge_chair
f 435/1/1 477/2/1 469/3/2 418/4/2
f 420/5/3 422/6/4 13/7/5 12/8/6
f 422/6/4 424/9/7 14/10/8 13/7/5
f 424/9/7 426/11/9 15/12/10 14/10/8
f 426/11/9 428/13/11 16/14/12 15/12/10
f 428/13/11 430/15/13 17/16/14 16/14/12
f 430/15/13 432/17/15 18/18/16 17/16/14
f 432/17/15 434/19/17 19/20/18 18/18/16
f 434/19/17 436/21/1 20/22/19 19/20/18
f 436/21/1 417/23/2 11/24/20 20/22/19
f 421/25/4 470/26/4 471/27/7 423/28/7
f 18/29/1 454/30/1 246/31/1 243/32/1
f 419/33/3 468/34/3 470/26/4 421/25/4
f 9/35/2 8/36/3 7/37/3 10/38/2
f 433/39/17 476/40/17 477/2/1 435/1/1
f 431/41/15 475/42/15 476/40/17 433/39/17
f 429/43/13 474/44/13 475/42/15 431/41/15
f 427/45/11 473/46/11 474/44/13 429/43/13
f 425/47/9 472/48/9 473/46/11 427/45/11
f 418/4/2 469/3/2 468/49/3 419/50/3
f 423/28/7 471/27/7 472/48/9 425/47/9
f 23/51/21 24/52/22 461/53/22 460/54/21
f 16/14/12 17/16/14 453/55/23 452/56/23
f 455/57/24 19/58/24 278/59/13 275/60/13
f 20/22/19 11/24/20 447/61/25 456/62/25
f 449/63/2 13/64/2 264/65/2 261/66/2
f 14/10/8 15/12/10 451/67/26 450/68/26
f 447/69/17 11/70/17 270/71/17 267/72/17
f 18/18/16 19/20/18 455/73/27 454/74/27
f 450/75/28 449/76/28 261/77/29 259/78/29
f 12/8/6 13/7/5 449/79/30 448/80/30
f 87/81/31 109/82/32 199/83/33 234/84/34
f 137/85/35 129/86/36 178/87/37 213/88/38
f 81/89/39 67/90/40 193/91/41 227/92/42
f 143/93/43 157/94/44 171/95/45 206/96/46
f 39/97/47 31/98/48 185/99/49 220/100/50
f 268/101/17 269/102/17 158/103/17 144/104/17
f 260/105/29 262/106/29 136/107/29 116/108/29
f 244/109/1 245/110/1 74/111/1 60/112/1
f 11/113/20 12/114/6 272/115/51 270/116/51
f 19/117/18 20/118/19 280/119/52 278/120/52
f 219/121/53 217/122/54 350/123/55 354/124/56
f 15/125/10 16/126/12 254/127/57 251/128/57
f 276/129/13 277/130/13 108/131/13 88/132/13
f 16/133/15 452/134/15 256/135/15 254/136/15
f 123/137/58 115/138/59 217/139/60 181/140/61
f 227/141/62 228/142/63 335/143/64 339/144/65
f 200/145/66 205/146/66 203/147/66
f 454/148/67 453/149/67 248/150/68 246/151/68
f 252/152/69 253/153/69 52/154/70 32/155/70
f 452/156/71 451/157/71 249/158/72 256/159/72
f 194/160/73 198/161/73 192/162/73
f 206/163/74 208/164/75 378/165/76 381/166/77
f 53/167/78 46/168/79 224/169/80 188/170/81
f 102/171/82 95/172/83 238/173/84 202/174/85
f 59/175/86 73/176/87 231/177/88 196/178/89
f 453/179/9 17/180/9 241/181/9 248/182/9
f 20/183/90 456/184/90 273/185/90 280/186/90
f 157/187/91 164/188/91 174/189/92 171/190/92
f 129/191/93 123/192/93 181/193/94 178/194/94
f 13/195/5 14/196/8 257/197/95 264/198/95
f 186/199/96 191/200/96 189/201/97
f 164/202/98 151/203/99 210/204/100 174/205/101
f 179/206/102 184/207/102 182/208/102
f 12/209/7 448/210/7 265/211/7 272/212/7
f 81/213/103 227/141/62 339/144/65 287/214/104
f 53/215/105 31/216/105 33/217/106 58/218/106
f 58/218/106 33/217/106 34/219/107 57/220/107
f 57/220/107 34/219/107 35/221/108 56/222/108
f 56/222/108 35/221/108 36/223/109 55/224/109
f 55/224/109 36/223/109 37/225/110 54/226/110
f 54/226/110 37/225/110 32/155/70 52/154/70
f 46/168/79 53/167/78 58/227/15 51/228/15
f 51/228/15 58/227/15 57/229/15 50/230/15
f 50/230/15 57/229/15 56/231/15 49/232/15
f 49/232/15 56/231/15 55/233/15 48/234/15
f 48/234/15 55/233/15 54/235/15 47/236/15
f 47/236/15 54/235/15 52/237/15 45/238/15
f 39/239/111 46/240/111 51/241/112 44/242/112
f 44/242/112 51/241/112 50/243/72 43/244/72
f 43/244/72 50/243/72 49/245/72 42/246/72
f 42/246/72 49/245/72 48/247/72 41/248/72
f 41/248/72 48/247/72 47/249/72 40/250/72
f 40/250/72 47/249/72 45/251/72 38/252/72
f 31/98/48 39/97/47 44/253/4 33/254/4
f 33/254/4 44/253/4 43/255/4 34/256/4
f 34/256/4 43/255/4 42/257/4 35/258/4
f 35/258/4 42/257/4 41/259/4 36/260/4
f 36/260/4 41/259/4 40/261/4 37/262/4
f 37/262/4 40/261/4 38/263/4 32/264/4
f 81/265/113 73/266/113 75/267/114 86/268/114
f 86/268/114 75/267/114 76/269/68 85/270/68
f 85/270/68 76/269/68 77/271/68 84/272/68
f 84/272/68 77/271/68 78/273/68 83/274/68
f 83/274/68 78/273/68 79/275/68 82/276/68
f 82/276/68 79/275/68 74/277/68 80/278/68
f 67/90/40 81/89/39 86/279/9 72/280/9
f 72/280/9 86/279/9 85/281/9 71/282/9
f 71/282/9 85/281/9 84/283/9 70/284/9
f 70/284/9 84/283/9 83/285/9 69/286/9
f 69/286/9 83/285/9 82/287/9 68/288/9
f 68/288/9 82/287/9 80/289/9 66/290/9
f 73/176/87 59/175/86 61/291/1 75/292/1
f 75/292/1 61/291/1 62/293/1 76/294/1
f 76/294/1 62/293/1 63/295/1 77/296/1
f 77/296/1 63/295/1 64/297/1 78/298/1
f 78/298/1 64/297/1 65/299/1 79/300/1
f 79/300/1 65/299/1 60/112/1 74/111/1
f 59/301/115 67/302/115 72/303/116 61/304/116
f 61/304/116 72/303/116 71/305/117 62/306/117
f 62/306/117 71/305/117 70/307/118 63/308/118
f 63/308/118 70/307/118 69/309/119 64/310/119
f 64/310/119 69/309/119 68/311/120 65/312/120
f 65/312/120 68/311/120 66/313/121 60/314/121
f 109/82/32 87/81/31 89/315/13 114/316/13
f 114/316/13 89/315/13 90/317/13 113/318/13
f 113/318/13 90/317/13 91/319/13 112/320/13
f 112/320/13 91/319/13 92/321/13 111/322/13
f 111/322/13 92/321/13 93/323/13 110/324/13
f 110/324/13 93/323/13 88/132/13 108/131/13
f 102/325/122 109/326/122 114/327/123 107/328/123
f 107/328/123 114/327/123 113/329/124 106/330/124
f 106/330/124 113/329/124 112/331/125 105/332/125
f 105/332/125 112/331/125 111/333/126 104/334/126
f 104/334/126 111/333/126 110/335/127 103/336/127
f 103/336/127 110/335/127 108/337/128 101/338/128
f 95/172/83 102/171/82 107/339/3 100/340/3
f 100/340/3 107/339/3 106/341/3 99/342/3
f 99/342/3 106/341/3 105/343/3 98/344/3
f 98/344/3 105/343/3 104/345/3 97/346/3
f 97/346/3 104/345/3 103/347/3 96/348/3
f 96/348/3 103/347/3 101/349/3 94/350/3
f 87/351/129 95/352/129 100/353/130 89/354/130
f 89/354/130 100/353/130 99/355/131 90/356/131
f 90/356/131 99/355/131 98/357/131 91/358/131
f 91/358/131 98/357/131 97/359/131 92/360/131
f 92/360/131 97/359/131 96/361/131 93/362/131
f 93/362/131 96/361/131 94/363/131 88/364/131
f 123/192/93 129/191/93 131/365/132 128/366/132
f 128/366/132 131/365/132 132/367/133 127/368/133
f 127/368/133 132/367/133 133/369/134 126/370/134
f 126/370/134 133/369/134 134/371/135 125/372/135
f 125/372/135 134/371/135 135/373/136 124/374/136
f 124/374/136 135/373/136 130/375/137 122/376/137
f 137/377/138 115/378/138 117/379/139 142/380/139
f 142/380/139 117/379/139 118/381/29 141/382/29
f 141/382/29 118/381/29 119/383/29 140/384/29
f 140/384/29 119/383/29 120/385/29 139/386/29
f 139/386/29 120/385/29 121/387/29 138/388/29
f 138/388/29 121/387/29 116/108/29 136/107/29
f 115/138/59 123/137/58 128/389/11 117/390/11
f 117/390/11 128/389/11 127/391/11 118/392/11
f 118/392/11 127/391/11 126/393/11 119/394/11
f 119/394/11 126/393/11 125/395/11 120/396/11
f 120/396/11 125/395/11 124/397/11 121/398/11
f 121/398/11 124/397/11 122/399/11 116/400/11
f 129/86/36 137/85/35 142/401/2 131/402/2
f 131/402/2 142/401/2 141/403/2 132/404/2
f 132/404/2 141/403/2 140/405/2 133/406/2
f 133/406/2 140/405/2 139/407/2 134/408/2
f 134/408/2 139/407/2 138/409/2 135/410/2
f 135/410/2 138/409/2 136/411/2 130/412/2
f 151/203/99 164/202/98 166/413/7 156/414/7
f 156/414/7 166/413/7 167/415/7 155/416/7
f 155/416/7 167/415/7 168/417/7 154/418/7
f 154/418/7 168/417/7 169/419/7 153/420/7
f 153/420/7 169/419/7 170/421/7 152/422/7
f 152/422/7 170/421/7 165/423/7 150/424/7
f 164/188/91 157/187/91 159/425/140 166/426/140
f 166/426/140 159/425/140 160/427/141 167/428/141
f 167/428/141 160/427/141 161/429/142 168/430/142
f 168/430/142 161/429/142 162/431/143 169/432/143
f 169/432/143 162/431/143 163/433/144 170/434/144
f 170/434/144 163/433/144 158/435/145 165/436/145
f 157/94/44 143/93/43 145/437/17 159/438/17
f 159/438/17 145/437/17 146/439/17 160/440/17
f 160/440/17 146/439/17 147/441/17 161/442/17
f 161/442/17 147/441/17 148/443/17 162/444/17
f 162/444/17 148/443/17 149/445/17 163/446/17
f 163/446/17 149/445/17 144/104/17 158/103/17
f 143/447/146 151/448/146 156/449/147 145/450/147
f 145/450/147 156/449/147 155/451/148 146/452/148
f 146/452/148 155/451/148 154/453/148 147/454/148
f 147/454/148 154/453/148 153/455/148 148/456/148
f 148/456/148 153/455/148 152/457/148 149/458/148
f 149/458/148 152/457/148 150/459/148 144/460/148
f 31/216/105 53/215/105 188/461/149 185/462/149
f 242/463/150 244/464/151 60/314/121 66/313/121
f 451/465/4 15/466/4 251/467/4 249/468/4
f 247/469/9 242/470/9 66/290/9 80/289/9
f 245/471/68 247/472/68 80/278/68 74/277/68
f 250/473/4 252/474/4 32/264/4 38/263/4
f 255/475/72 250/476/72 38/252/72 45/251/72
f 14/477/11 450/478/11 259/479/11 257/480/11
f 253/481/15 255/482/15 45/238/15 52/237/15
f 258/483/11 260/484/11 116/400/11 122/399/11
f 263/485/152 258/486/152 122/376/137 130/375/137
f 262/487/2 263/488/2 130/412/2 136/411/2
f 448/489/153 447/490/153 267/491/148 265/492/148
f 266/493/148 268/494/148 144/460/148 150/459/148
f 456/495/154 455/496/154 275/497/131 273/498/131
f 271/499/7 266/500/7 150/424/7 165/423/7
f 269/501/155 271/502/155 165/436/145 158/435/145
f 274/503/131 276/504/131 88/364/131 94/363/131
f 279/505/3 274/506/3 94/350/3 101/349/3
f 277/507/156 279/508/157 101/338/128 108/337/128
f 202/174/85 238/173/84 240/509/158 204/510/159
f 204/510/159 240/509/158 239/511/160 205/512/161
f 205/512/161 239/511/160 237/513/162 203/514/162
f 234/84/34 199/83/33 201/515/163 235/516/164
f 235/516/164 201/515/163 200/517/165 236/518/166
f 236/518/166 200/517/165 203/519/162 237/520/162
f 192/521/167 230/522/167 229/523/168 194/524/169
f 194/524/169 229/523/168 228/525/170 195/526/171
f 195/526/171 228/525/170 227/92/42 193/91/41
f 221/527/172 189/528/172 191/529/173 225/530/174
f 225/530/174 191/529/173 190/531/175 226/532/176
f 226/532/176 190/531/175 188/170/81 224/169/80
f 181/140/61 217/139/60 219/533/177 183/534/178
f 183/534/178 219/533/177 218/535/179 184/536/180
f 184/536/180 218/535/179 216/537/181 182/538/181
f 213/88/38 178/87/37 180/539/182 214/540/183
f 214/540/183 180/539/182 179/541/184 215/542/185
f 215/542/185 179/541/184 182/543/181 216/544/181
f 175/545/186 207/546/186 209/547/187 172/548/188
f 172/548/188 209/547/187 208/549/189 173/550/190
f 173/550/190 208/549/189 206/96/46 171/95/45
f 196/178/89 231/177/88 233/551/191 197/552/192
f 197/552/192 233/551/191 232/553/193 198/554/194
f 198/554/194 232/553/193 230/555/167 192/556/167
f 189/557/172 221/558/172 223/559/195 186/560/196
f 186/560/196 223/559/195 222/561/197 187/562/198
f 187/562/198 222/561/197 220/100/50 185/99/49
f 174/205/101 210/204/100 212/563/199 176/564/200
f 176/564/200 212/563/199 211/565/201 177/566/202
f 177/566/202 211/565/201 207/567/186 175/568/186
f 172/569/203 177/570/203 175/571/204
f 67/302/115 59/301/115 196/572/205 193/573/205
f 109/326/122 102/325/122 202/574/206 199/575/206
f 242/470/9 247/469/9 248/182/9 241/181/9
f 247/472/68 245/471/68 246/151/68 248/150/68
f 244/464/151 242/463/150 241/576/207 243/577/207
f 245/110/1 244/109/1 243/32/1 246/31/1
f 250/476/72 255/475/72 256/159/72 249/158/72
f 252/474/4 250/473/4 249/468/4 251/467/4
f 255/482/15 253/481/15 254/136/15 256/135/15
f 253/153/69 252/152/69 251/128/57 254/127/57
f 258/486/152 263/485/152 264/198/95 257/197/95
f 260/484/11 258/483/11 257/480/11 259/479/11
f 262/106/29 260/105/29 259/78/29 261/77/29
f 263/488/2 262/487/2 261/66/2 264/65/2
f 266/500/7 271/499/7 272/212/7 265/211/7
f 271/502/155 269/501/155 270/116/51 272/115/51
f 268/494/148 266/493/148 265/492/148 267/491/148
f 269/102/17 268/101/17 267/72/17 270/71/17
f 274/506/3 279/505/3 280/186/90 273/185/90
f 276/504/131 274/503/131 273/498/131 275/497/131
f 279/508/157 277/507/156 278/120/52 280/119/52
f 277/130/13 276/129/13 275/60/13 278/59/13
f 17/578/14 18/579/16 243/577/207 241/576/207
f 185/462/149 188/461/149 190/580/96 187/581/96
f 187/581/96 190/580/96 191/200/96 186/199/96
f 220/582/208 222/583/209 402/584/210 405/585/211
f 224/586/212 46/587/213 285/588/214 347/589/215
f 46/590/213 39/591/216 281/592/217 285/593/214
f 223/594/218 221/595/219 395/596/220 399/597/221
f 73/598/222 81/599/103 287/600/104 291/601/223
f 221/595/219 225/602/224 345/603/225 395/596/220
f 195/604/73 197/605/73 198/161/73 194/160/73
f 193/573/205 196/572/205 197/605/73 195/604/73
f 199/575/206 202/574/206 204/606/66 201/607/66
f 201/607/66 204/606/66 205/146/66 200/145/66
f 215/608/226 216/609/227 360/610/228 368/611/229
f 228/612/63 229/613/230 332/614/231 335/615/64
f 216/609/227 218/616/232 357/617/233 360/610/228
f 234/618/234 235/619/235 323/620/236 327/621/237
f 39/622/216 220/582/208 405/585/211 281/623/217
f 222/624/209 223/594/218 399/597/221 402/625/210
f 173/626/203 176/627/203 177/570/203 172/569/203
f 171/190/92 174/189/92 176/627/203 173/626/203
f 178/194/94 181/193/94 183/628/102 180/629/102
f 180/629/102 183/628/102 184/207/102 179/206/102
f 137/630/238 213/631/239 366/632/240 299/633/241
f 143/634/242 206/163/74 381/166/77 305/635/243
f 87/636/244 234/618/234 327/621/237 293/637/245
f 115/638/246 137/639/238 299/640/241 303/641/247
f 239/642/248 240/643/249 314/644/250 318/645/251
f 233/646/252 231/647/253 383/648/254 387/649/255
f 214/650/256 215/608/226 368/611/229 362/651/257
f 231/647/253 73/652/222 291/653/223 383/648/254
f 225/602/224 226/654/258 342/655/259 345/603/225
f 210/656/260 151/657/261 309/658/262 407/659/263
f 213/631/239 214/660/256 362/661/257 366/632/240
f 95/662/264 87/663/244 293/664/245 297/665/265
f 240/666/249 238/667/266 311/668/267 314/669/250
f 212/670/268 210/656/260 407/659/263 411/671/269
f 237/672/270 239/642/248 318/645/251 321/673/271
f 232/674/272 233/675/252 387/676/255 390/677/273
f 380/678/274 408/679/275 308/680/276 306/681/277
f 229/613/230 230/682/278 393/683/279 332/614/231
f 209/684/280 207/685/281 371/686/282 375/687/283
f 338/688/284 384/689/285 290/690/286 288/691/287
f 217/122/54 115/692/246 303/693/247 350/123/55
f 236/694/288 237/672/270 321/673/271 329/695/289
f 218/616/232 219/696/53 354/697/56 357/617/233
f 151/698/261 143/699/242 305/700/243 309/701/262
f 211/702/290 212/703/268 411/704/269 414/705/291
f 238/667/266 95/706/264 297/707/265 311/668/267
f 230/682/278 232/674/272 390/677/273 393/683/279
f 226/708/258 224/586/212 347/589/215 342/709/259
f 326/710/292 312/711/293 296/712/294 294/713/295
f 208/714/75 209/684/280 375/687/283 378/715/76
f 207/685/281 211/702/290 414/705/291 371/686/282
f 365/716/296 351/717/297 302/718/298 300/719/299
f 235/720/235 236/694/288 329/695/289 323/721/236
f 351/717/297 353/722/300 355/723/301 352/724/302
f 352/724/302 355/723/301 354/124/56 350/123/55
f 348/725/303 341/726/304 343/727/305 349/728/306
f 349/728/306 343/727/305 342/709/259 347/589/215
f 341/726/304 344/729/307 346/730/308 343/731/305
f 343/731/305 346/730/308 345/603/225 342/655/259
f 315/732/309 317/733/310 319/734/311 316/735/312
f 316/735/312 319/734/311 318/645/251 314/644/250
f 317/733/310 320/736/313 322/737/314 319/734/311
f 319/734/311 322/737/314 321/673/271 318/645/251
f 324/738/315 326/710/292 328/739/316 325/740/317
f 325/740/317 328/739/316 327/621/237 323/620/236
f 336/741/318 338/688/284 340/742/319 337/743/320
f 337/743/320 340/742/319 339/144/65 335/143/64
f 333/744/321 336/741/318 337/745/320 334/746/322
f 334/746/322 337/745/320 335/615/64 332/614/231
f 330/747/323 324/738/315 325/748/317 331/749/324
f 331/749/324 325/748/317 323/721/236 329/695/289
f 300/719/299 302/718/298 304/750/325 301/751/326
f 301/751/326 304/750/325 303/641/247 299/640/241
f 306/681/277 308/680/276 310/752/327 307/753/328
f 307/753/328 310/752/327 309/701/262 305/700/243
f 312/711/293 315/732/309 316/754/312 313/755/329
f 313/755/329 316/754/312 314/669/250 311/668/267
f 294/713/295 296/712/294 298/756/330 295/757/331
f 295/757/331 298/756/330 297/665/265 293/664/245
f 288/691/287 290/690/286 292/758/332 289/759/333
f 289/759/333 292/758/332 291/601/223 287/600/104
f 282/760/334 284/761/335 286/762/336 283/763/337
f 283/763/337 286/762/336 285/593/214 281/592/217
f 353/722/300 356/764/338 358/765/339 355/766/301
f 355/766/301 358/765/339 357/617/233 354/697/56
f 356/764/338 359/767/340 361/768/341 358/765/339
f 358/765/339 361/768/341 360/610/228 357/617/233
f 363/769/342 365/716/296 367/770/343 364/771/344
f 364/771/344 367/770/343 366/632/240 362/661/257
f 369/772/345 363/769/342 364/773/344 370/774/346
f 370/774/346 364/773/344 362/651/257 368/611/229
f 372/775/347 374/776/348 376/777/349 373/778/350
f 373/778/350 376/777/349 375/687/283 371/686/282
f 374/776/348 377/779/351 379/780/352 376/777/349
f 376/777/349 379/780/352 378/715/76 375/687/283
f 377/779/351 380/678/274 382/781/353 379/782/352
f 379/782/352 382/781/353 381/166/77 378/165/76
f 384/689/285 386/783/354 388/784/355 385/785/356
f 385/785/356 388/784/355 387/649/255 383/648/254
f 386/783/354 389/786/357 391/787/358 388/788/355
f 388/788/355 391/787/358 390/677/273 387/676/255
f 389/786/357 392/789/359 394/790/360 391/787/358
f 391/787/358 394/790/360 393/683/279 390/677/273
f 396/791/361 398/792/362 400/793/363 397/794/364
f 397/794/364 400/793/363 399/597/221 395/596/220
f 398/792/362 401/795/365 403/796/366 400/793/363
f 400/793/363 403/796/366 402/625/210 399/597/221
f 401/795/365 404/797/367 406/798/368 403/799/366
f 403/799/366 406/798/368 405/585/211 402/584/210
f 408/679/275 410/800/369 412/801/370 409/802/371
f 409/802/371 412/801/370 411/671/269 407/659/263
f 410/800/369 413/803/372 415/804/373 412/805/370
f 412/805/370 415/804/373 414/705/291 411/704/269
f 380/678/274 306/681/277 307/753/328 382/781/353
f 382/781/353 307/753/328 305/635/243 381/166/77
f 308/680/276 408/679/275 409/802/371 310/752/327
f 310/752/327 409/802/371 407/659/263 309/658/262
f 365/716/296 300/719/299 301/751/326 367/770/343
f 367/770/343 301/751/326 299/633/241 366/632/240
f 302/718/298 351/717/297 352/724/302 304/750/325
f 304/750/325 352/724/302 350/123/55 303/693/247
f 404/797/367 282/760/334 283/763/337 406/798/368
f 406/798/368 283/763/337 281/623/217 405/585/211
f 284/761/335 348/725/303 349/728/306 286/762/336
f 286/762/336 349/728/306 347/589/215 285/588/214
f 338/688/284 288/691/287 289/759/333 340/742/319
f 340/742/319 289/759/333 287/214/104 339/144/65
f 290/690/286 384/689/285 385/785/356 292/758/332
f 292/758/332 385/785/356 383/648/254 291/653/223
f 326/710/292 294/713/295 295/757/331 328/739/316
f 328/739/316 295/757/331 293/637/245 327/621/237
f 296/712/294 312/711/293 313/755/329 298/756/330
f 298/756/330 313/755/329 311/668/267 297/707/265
f 320/736/313 330/747/323 331/749/324 322/737/314
f 322/737/314 331/749/324 329/695/289 321/673/271
f 392/789/359 333/744/321 334/746/322 394/790/360
f 394/790/360 334/746/322 332/614/231 393/683/279
f 344/729/307 396/791/361 397/794/364 346/730/308
f 346/730/308 397/794/364 395/596/220 345/603/225
f 359/767/340 369/772/345 370/774/346 361/768/341
f 361/768/341 370/774/346 368/611/229 360/610/228
f 413/803/372 372/775/347 373/778/350 415/804/373
f 415/804/373 373/778/350 371/686/282 414/705/291
f 404/797/367 348/725/303 284/761/335 282/760/334
f 433/806/374 435/807/374 445/808/374 443/809/374
f 423/810/374 425/811/374 2/812/374 4/813/374
f 434/814/375 432/815/375 442/816/375 444/817/375
f 424/818/375 422/819/375 5/820/375 3/821/375
f 427/822/374 429/823/374 439/824/374 437/825/374
f 418/826/374 419/827/374 8/828/374 9/829/374
f 428/830/375 426/831/375 1/832/375 438/833/375
f 431/834/374 433/806/374 443/809/374 441/835/374
f 421/836/374 423/810/374 4/813/374 6/837/374
f 417/838/375 436/839/375 446/840/375 10/841/375
f 417/23/2 420/842/3 12/843/6 11/24/20
f 8/844/3 6/845/4 5/846/4 7/847/3
f 6/845/4 4/848/7 3/849/7 5/846/4
f 4/848/7 2/850/9 1/851/9 3/849/7
f 2/850/9 437/852/11 438/853/11 1/851/9
f 437/852/11 439/854/13 440/855/13 438/853/11
f 439/854/13 441/856/15 442/857/15 440/855/13
f 441/856/15 443/858/17 444/859/17 442/857/15
f 443/858/17 445/860/1 446/861/1 444/859/17
f 445/860/1 9/35/2 10/38/2 446/861/1
f 420/862/375 417/838/375 10/841/375 7/863/375
f 430/864/375 428/830/375 438/833/375 440/865/375
f 419/827/374 421/836/374 6/837/374 8/828/374
f 429/823/374 431/834/374 441/835/374 439/824/374
f 426/831/375 424/818/375 3/821/375 1/832/375
f 436/839/375 434/814/375 444/817/375 446/840/375
f 425/811/374 427/822/374 437/825/374 2/812/374
f 435/807/374 418/826/374 9/829/374 445/808/374
f 422/819/375 420/862/375 7/863/375 5/820/375
f 432/815/375 430/864/375 440/865/375 442/816/375
f 22/866/374 21/867/374 447/868/153 448/869/153
f 23/870/374 22/866/374 448/869/153 449/871/28
f 24/872/374 23/870/374 449/871/28 450/873/28
f 25/874/374 24/872/374 450/873/28 451/875/71
f 26/876/374 25/874/374 451/875/71 452/877/71
f 27/878/374 26/876/374 452/877/71 453/879/67
f 28/880/374 27/878/374 453/879/67 454/881/67
f 29/882/374 28/880/374 454/881/67 455/883/154
f 30/884/374 29/882/374 455/883/154 456/885/154
f 21/867/374 30/884/374 456/885/154 447/868/153
f 30/886/376 21/887/377 458/888/377 467/889/376
f 27/890/378 28/891/379 465/892/379 464/893/378
f 24/52/22 25/894/380 462/895/380 461/53/22
f 21/887/377 22/896/381 459/897/381 458/888/377
f 28/891/379 29/898/382 466/899/382 465/892/379
f 25/894/380 26/900/383 463/901/383 462/895/380
f 22/896/381 23/51/21 460/54/21 459/897/381
f 29/898/382 30/886/376 467/889/376 466/899/382
f 26/900/383 27/890/378 464/893/378 463/901/383
f 457/902/374 458/888/374 459/897/374
f 457/902/374 459/897/374 460/54/374
f 457/902/374 460/54/374 461/53/374
f 457/902/374 461/53/374 462/895/374
f 457/902/374 462/895/374 463/901/374
f 457/902/374 463/901/374 464/893/374
f 457/902/374 464/893/374 465/892/374
f 457/902/374 465/892/374 466/899/374
f 457/902/374 466/899/374 467/889/374
f 457/902/374 467/889/374 458/888/374
f 401/795/365 341/726/304 348/725/303 404/797/367
f 398/792/362 396/791/361 344/729/307
f 401/795/365 398/792/362 344/729/307 341/726/304
f 336/741/318 386/783/354 384/689/285 338/688/284
f 333/744/321 392/789/359 389/786/357
f 336/741/318 333/744/321 389/786/357 386/783/354
f 324/738/315 315/732/309 312/711/293 326/710/292
f 330/747/323 320/736/313 317/733/310
f 324/738/315 330/747/323 317/733/310 315/732/309
f 377/779/351 410/800/369 408/679/275 380/678/274
f 374/776/348 372/775/347 413/803/372
f 377/779/351 374/776/348 413/803/372 410/800/369
f 363/769/342 353/722/300 351/717/297 365/716/296
f 369/772/345 359/767/340 356/764/338
f 363/769/342 369/772/345 356/764/338 353/722/300
f 416/903/375 468/904/375 469/905/375
f 416/903/375 470/906/375 468/904/375
f 416/903/375 471/907/375 470/906/375
f 416/903/375 472/908/375 471/907/375
f 416/903/375 473/909/375 472/908/375
f 416/903/375 474/910/375 473/909/375
f 416/903/375 475/911/375 474/910/375
f 416/903/375 476/912/375 475/911/375
f 416/903/375 477/913/375 476/912/375
f 416/903/375 469/905/375 477/913/375
f 594/914/384 595/915/385 597/916/386 596/917/387
f 599/918/388 1042/919/389 601/920/390 600/921/391
f 641/922/392 594/923/384 596/924/387 643/925/393
f 516/926/394 517/927/395 595/915/385 594/914/384
f 517/927/395 484/928/396 505/929/397 595/915/385
f 595/915/385 505/929/397 506/930/398 597/916/386
f 3079/931/399 3080/932/400 997/933/401 986/934/402
f 3085/935/403 3051/936/404 808/937/405 996/938/406
f 519/939/407 520/940/408 646/941/409 653/942/410
f 645/943/411 598/944/412 509/945/413 525/946/414
f 643/925/393 596/924/387 598/944/412 645/943/411
f 665/947/415 666/948/416 1044/949/417 668/950/418
f 600/921/391 601/920/390 603/951/419 602/952/420
f 629/953/421 599/918/388 600/921/391 631/954/422
f 598/955/412 1040/956/423 1031/957/424 509/958/413
f 3077/959/425 3078/960/426 991/961/427 984/962/428
f 601/920/390 500/963/429 501/964/430 603/951/419
f 603/951/419 501/964/430 481/965/431 508/966/432
f 602/952/420 603/951/419 508/966/432 507/967/433
f 532/968/434 533/969/435 640/970/436 635/971/437
f 633/972/438 602/952/420 507/967/433 521/973/439
f 631/954/422 600/921/391 602/952/420 633/972/438
f 604/974/440 605/975/441 607/976/442 606/977/443
f 606/977/443 607/976/442 609/978/444 608/979/445
f 617/980/446 604/974/440 606/977/443 619/981/447
f 546/982/448 545/983/449 605/975/441 604/974/440
f 545/983/449 485/984/450 494/985/451 605/975/441
f 605/975/441 494/985/451 495/986/452 607/976/442
f 607/976/442 495/986/452 496/987/453 609/978/444
f 609/978/444 496/987/453 479/988/454 526/989/455
f 608/979/445 609/978/444 526/989/455 527/990/456
f 608/979/445 527/990/456 528/991/457
f 523/992/458 524/993/459 628/994/460 623/995/461
f 621/996/462 608/979/445 528/991/457 529/997/463
f 619/981/447 606/977/443 608/979/445 621/996/462
f 610/998/464 611/999/465 613/1000/466 612/1001/467
f 612/1001/467 613/1000/466 615/1002/468 614/1003/469
f 486/1004/470 544/1005/471 610/998/464 540/1006/472
f 544/1005/471 543/1007/473 611/999/465 610/998/464
f 611/999/465 616/1008/474 618/1009/475 613/1000/466
f 613/1000/466 618/1009/475 620/1010/476 615/1002/468
f 615/1002/468 620/1010/476 530/1011/477 513/1012/478
f 541/1013/479 546/982/448 604/974/440 617/980/446
f 615/1002/468 513/1012/478 514/1014/480
f 614/1003/469 615/1002/468 514/1014/480 515/1015/481
f 538/1016/482 614/1003/469 515/1015/481 478/1017/483
f 539/1018/484 612/1001/467 614/1003/469 538/1016/482
f 540/1006/472 610/998/464 612/1001/467 539/1018/484
f 618/1009/475 619/981/447 621/996/462 620/1010/476
f 541/1013/479 617/980/446 616/1008/474 542/1019/485
f 620/1010/476 621/996/462 529/997/463 530/1011/477
f 628/994/460 629/953/421 631/954/422 630/1020/486
f 622/1021/487 623/995/461 625/1022/488 624/1023/489
f 624/1023/489 625/1022/488 627/1024/490 626/1025/491
f 482/1026/492 522/1027/493 622/1021/487 504/1028/494
f 522/1027/493 523/992/458 623/995/461 622/1021/487
f 623/995/461 628/994/460 630/1020/486 625/1022/488
f 625/1022/488 630/1020/486 632/1029/495 627/1024/490
f 627/1024/490 632/1029/495 520/940/408 519/939/407
f 525/1030/414 509/958/413 599/918/388 629/953/421
f 626/1025/491 627/1024/490 519/939/407 518/1031/496
f 502/1032/497 626/1025/491 518/1031/496 480/1033/498
f 503/1034/499 624/1023/489 626/1025/491 502/1032/497
f 504/1028/494 622/1021/487 624/1023/489 503/1034/499
f 630/1020/486 631/954/422 633/972/438 632/1029/495
f 524/993/459 525/1030/414 629/953/421 628/994/460
f 632/1029/495 633/972/438 521/973/439 520/940/408
f 640/970/436 641/922/392 643/925/393 642/1035/500
f 634/1036/501 635/1037/437 637/1038/502 636/1039/503
f 636/1039/503 637/1038/502 639/1040/504 638/1041/505
f 483/1042/506 531/1043/507 634/1036/501 512/1044/508
f 531/1043/507 532/1045/434 635/1037/437 634/1036/501
f 635/971/437 640/970/436 642/1035/500 637/1046/502
f 637/1046/502 642/1035/500 644/1047/509 639/1048/504
f 639/1048/504 644/1047/509 524/1049/459 523/1050/458
f 534/1051/510 516/1052/394 594/923/384 641/922/392
f 638/1041/505 639/1040/504 523/992/458 522/1027/493
f 510/1053/511 638/1041/505 522/1027/493 482/1026/492
f 511/1054/512 636/1039/503 638/1041/505 510/1053/511
f 512/1044/508 634/1036/501 636/1039/503 511/1054/512
f 642/1035/500 643/925/393 645/943/411 644/1047/509
f 533/969/435 534/1051/510 641/922/392 640/970/436
f 644/1047/509 645/943/411 525/946/414 524/1049/459
f 646/941/409 647/1055/513 649/1056/514 648/1057/515
f 648/1057/515 649/1056/514 651/1058/516 650/1059/517
f 520/940/408 521/973/439 647/1055/513 646/941/409
f 653/942/410 646/941/409 648/1057/515 655/1060/518
f 650/1059/517 651/1058/516 541/1013/479 542/1019/485
f 647/1055/513 658/1061/519 660/1062/520 649/1056/514
f 649/1056/514 660/1062/520 662/1063/521 651/1058/516
f 651/1058/516 662/1063/521 546/982/448 541/1013/479
f 683/1064/522 686/1065/523 589/1066/524 590/1067/525
f 687/1068/526 690/1069/527 689/1070/528 686/1065/523
f 521/973/439 507/967/433 658/1061/519 647/1055/513
f 657/1071/529 650/1059/517 542/1019/485 543/1007/473
f 655/1060/518 648/1057/515 650/1059/517 657/1071/529
f 652/1072/530 653/942/410 655/1060/518 654/1073/531
f 654/1073/531 655/1060/518 657/1071/529 656/1074/532
f 480/1033/498 518/1031/496 652/1072/530 499/1075/533
f 518/1031/496 519/939/407 653/942/410 652/1072/530
f 656/1074/532 657/1071/529 543/1007/473 544/1005/471
f 497/1076/534 656/1074/532 544/1005/471 486/1004/470
f 498/1077/535 654/1073/531 656/1074/532 497/1076/534
f 499/1075/533 652/1072/530 654/1073/531 498/1077/535
f 658/1061/519 659/1078/536 661/1079/537 660/1062/520
f 660/1062/520 661/1079/537 663/1080/538 662/1063/521
f 507/967/433 508/966/432 659/1078/536 658/1061/519
f 508/966/432 481/965/431 535/1081/539 659/1078/536
f 659/1078/536 535/1081/539 536/1082/540 661/1079/537
f 661/1079/537 536/1082/540 537/1083/541 663/1080/538
f 663/1080/538 537/1083/541 485/984/450 545/983/449
f 662/1063/521 663/1080/538 545/983/449 546/982/448
f 664/1084/542 665/947/415 668/950/418 667/1085/543
f 669/1086/544 670/1087/545 672/1088/546 1045/1089/547
f 713/1090/548 714/1091/549 665/1092/415 664/1093/542
f 714/1091/549 715/1094/550 666/1095/416 665/1092/415
f 715/1094/550 576/1096/551 562/1097/552 666/1095/416
f 570/1098/553 725/1099/554 716/1100/555 571/1101/556
f 596/917/387 597/916/386 1039/1102/557 598/955/412
f 1037/1103/558 1046/1104/559 1033/1105/560 1026/1106/561
f 667/1085/543 668/950/418 559/1107/562 558/1108/563
f 517/927/395 667/1085/543 558/1108/563 484/928/396
f 516/926/394 664/1084/542 667/1085/543 517/927/395
f 3079/931/399 3082/1109/564 1025/1110/565 1026/1111/561
f 670/1087/545 671/1112/566 673/1113/567 672/1088/546
f 701/1114/568 702/1115/569 670/1087/545 669/1086/544
f 702/1115/569 703/1116/570 671/1112/566 670/1087/545
f 703/1116/570 572/1117/571 560/1118/572 671/1112/566
f 707/1119/573 710/1120/574 533/969/435 532/968/434
f 671/1112/566 560/1118/572 561/1121/575 673/1113/567
f 673/1113/567 561/1121/575 490/1122/576 554/1123/577
f 672/1088/546 673/1113/567 554/1123/577 553/1124/578
f 3081/1125/579 3082/1109/564 987/1126/580 998/1127/581
f 666/948/416 562/1128/552 1038/1129/582 1043/1130/583
f 674/1131/584 675/1132/585 678/1133/586 677/1134/587
f 675/1132/585 676/1135/588 679/1136/589 678/1133/586
f 689/1070/528 690/1069/527 675/1132/585 674/1131/584
f 690/1069/527 691/1137/590 676/1135/588 675/1132/585
f 691/1137/590 580/1138/591 579/1139/592 676/1135/588
f 695/1140/593 698/1141/594 575/1142/595 574/1143/596
f 676/1135/588 579/1139/592 578/1144/597
f 676/1135/588 578/1144/597 577/1145/598 679/1136/589
f 679/1136/589 577/1145/598 488/1146/599 549/1147/600
f 678/1133/586 679/1136/589 549/1147/600 548/1148/601
f 677/1134/587 678/1133/586 548/1148/601 547/1149/602
f 592/1150/603 677/1134/587 547/1149/602 492/1151/604
f 593/1152/605 674/1131/584 677/1134/587 592/1150/603
f 680/1153/606 681/1154/607 684/1155/608 683/1064/522
f 681/1154/607 682/1156/609 685/1157/610 684/1155/608
f 493/1158/611 587/1159/612 680/1153/606 591/1160/613
f 587/1159/612 586/1161/614 681/1154/607 680/1153/606
f 586/1161/614 585/1162/615 682/1156/609 681/1154/607
f 585/1162/615 487/1163/616 568/1164/617 682/1156/609
f 682/1156/609 568/1164/617 567/1165/618 685/1157/610
f 685/1157/610 567/1165/618 566/1166/619
f 588/1167/620 689/1070/528 674/1131/584 593/1152/605
f 566/1166/619 581/1168/621 688/1169/622 685/1157/610
f 685/1157/610 688/1169/622 687/1068/526 684/1155/608
f 684/1155/608 687/1068/526 686/1065/523 683/1064/522
f 591/1160/613 680/1153/606 683/1064/522 590/1067/525
f 688/1169/622 691/1137/590 690/1069/527 687/1068/526
f 580/1138/591 691/1137/590 688/1169/622 581/1168/621
f 589/1066/524 686/1065/523 689/1070/528 588/1167/620
f 699/1170/623 702/1115/569 701/1114/568 698/1141/594
f 692/1171/624 693/1172/625 696/1173/626 695/1140/593
f 693/1172/625 694/1174/627 697/1175/628 696/1173/626
f 491/1176/629 557/1177/630 692/1171/624 573/1178/631
f 557/1177/630 556/1179/632 693/1172/625 692/1171/624
f 556/1179/632 555/1180/633 694/1174/627 693/1172/625
f 555/1180/633 489/1181/634 569/1182/635 694/1174/627
f 694/1174/627 569/1182/635 570/1098/553 697/1175/628
f 576/1183/551 701/1114/568 669/1086/544 562/1128/552
f 570/1098/553 571/1101/556 700/1184/636 697/1175/628
f 697/1175/628 700/1184/636 699/1170/623 696/1173/626
f 696/1173/626 699/1170/623 698/1141/594 695/1140/593
f 573/1178/631 692/1171/624 695/1140/593 574/1143/596
f 700/1184/636 703/1116/570 702/1115/569 699/1170/623
f 571/1101/556 572/1117/571 703/1116/570 700/1184/636
f 575/1142/595 698/1141/594 701/1114/568 576/1183/551
f 711/1185/637 714/1091/549 713/1090/548 710/1120/574
f 704/1186/638 705/1187/639 708/1188/640 707/1189/573
f 705/1187/639 706/1190/641 709/1191/642 708/1188/640
f 483/1042/506 565/1192/643 704/1186/638 531/1043/507
f 565/1192/643 564/1193/644 705/1187/639 704/1186/638
f 564/1193/644 563/1194/645 706/1190/641 705/1187/639
f 563/1194/645 491/1176/629 573/1178/631 706/1190/641
f 706/1190/641 573/1178/631 574/1143/596 709/1191/642
f 534/1051/510 713/1090/548 664/1093/542 516/1052/394
f 574/1195/596 575/1196/595 712/1197/646 709/1198/642
f 709/1198/642 712/1197/646 711/1185/637 708/1199/640
f 708/1199/640 711/1185/637 710/1120/574 707/1119/573
f 531/1043/507 704/1186/638 707/1189/573 532/1045/434
f 712/1197/646 715/1094/550 714/1091/549 711/1185/637
f 575/1196/595 576/1096/551 715/1094/550 712/1197/646
f 533/969/435 710/1120/574 713/1090/548 534/1051/510
f 717/1200/647 720/1201/648 719/1202/649 716/1100/555
f 718/1203/650 721/1204/651 720/1201/648 717/1200/647
f 588/1167/620 721/1204/651 718/1203/650 589/1066/524
f 725/1099/554 726/1205/652 717/1200/647 716/1100/555
f 726/1205/652 727/1206/653 718/1203/650 717/1200/647
f 727/1206/653 590/1067/525 589/1066/524 718/1203/650
f 719/1202/649 728/1207/654 560/1118/572 572/1117/571
f 571/1101/556 716/1100/555 719/1202/649 572/1117/571
f 616/1008/474 617/980/446 619/981/447 618/1009/475
f 588/1167/620 593/1152/605 730/1208/655 721/1204/651
f 721/1204/651 730/1208/655 729/1209/656 720/1201/648
f 720/1201/648 729/1209/656 728/1207/654 719/1202/649
f 863/1210/657 868/1211/658 797/1212/659 798/1213/660
f 722/1214/661 723/1215/662 726/1205/652 725/1099/554
f 723/1215/662 724/1216/663 727/1206/653 726/1205/652
f 489/1181/634 552/1217/664 722/1214/661 569/1182/635
f 552/1217/664 551/1218/665 723/1215/662 722/1214/661
f 551/1218/665 550/1219/666 724/1216/663 723/1215/662
f 550/1219/666 493/1158/611 591/1160/613 724/1216/663
f 724/1216/663 591/1160/613 590/1067/525 727/1206/653
f 569/1182/635 722/1214/661 725/1099/554 570/1098/553
f 728/1207/654 729/1209/656 732/1220/667 731/1221/668
f 729/1209/656 730/1208/655 733/1222/669 732/1220/667
f 730/1208/655 593/1152/605 592/1150/603 733/1222/669
f 733/1222/669 592/1150/603 492/1151/604 584/1223/670
f 732/1220/667 733/1222/669 584/1223/670 583/1224/671
f 731/1221/668 732/1220/667 583/1224/671 582/1225/672
f 561/1121/575 731/1221/668 582/1225/672 490/1122/576
f 560/1118/572 728/1207/654 731/1221/668 561/1121/575
f 848/1226/673 850/1227/674 851/1228/675 849/1229/676
f 1009/1230/677 852/1231/678 853/1232/679 1011/1233/680
f 893/1234/681 895/1235/682 850/1227/674 848/1226/673
f 771/1236/683 848/1226/673 849/1229/676 772/1237/684
f 772/1237/684 849/1229/676 761/1238/685 740/1239/686
f 849/1229/676 851/1228/675 762/1240/687 761/1238/685
f 992/1241/688 1010/1242/689 1012/1243/690 994/1244/691
f 994/1244/691 1012/1243/690 988/1245/692 985/1246/693
f 897/1247/694 780/1248/695 993/1249/696 1005/1250/697
f 774/1251/698 905/1252/699 898/1253/700 775/1254/701
f 1045/1089/547 672/1088/546 553/1124/578 1034/1255/702
f 850/1227/674 1006/1256/703 1008/1257/704 851/1228/675
f 881/1258/705 883/1259/706 852/1231/678 1009/1230/677
f 852/1231/678 854/1260/707 855/1261/708 853/1232/679
f 964/1262/709 917/1263/710 1013/1264/711 1015/1265/712 965/1266/713
f 780/1248/695 881/1258/705 1010/1242/689 992/1241/688
f 1040/956/423 1029/1267/714 1024/1268/715 1031/957/424
f 597/916/386 506/930/398 1030/1269/716 1039/1102/557
f 853/1232/679 855/1261/708 757/1270/717 756/1271/718
f 855/1261/708 764/1272/719 737/1273/720 757/1270/717
f 854/1260/707 763/1274/721 764/1272/719 855/1261/708
f 887/1275/722 892/1276/723 788/1277/724 787/1278/725
f 885/1279/726 776/1280/727 763/1274/721 854/1260/707
f 883/1259/706 885/1279/726 854/1260/707 852/1231/678
f 856/1281/728 858/1282/729 859/1283/730 857/1284/731
f 858/1282/729 860/1285/732 861/1286/733 859/1283/730
f 869/1287/734 871/1288/735 858/1282/729 856/1281/728
f 801/1289/736 856/1281/728 857/1284/731 800/1290/737
f 800/1290/737 857/1284/731 750/1291/738 741/1292/739
f 857/1284/731 859/1283/730 751/1293/740 750/1291/738
f 859/1283/730 861/1286/733 752/1294/741 751/1293/740
f 861/1286/733 781/1295/742 735/1296/743 752/1294/741
f 860/1285/732 782/1297/744 781/1295/742 861/1286/733
f 860/1285/732 783/1298/745 782/1297/744
f 875/1299/746 880/1300/747 779/1301/748 778/1302/749
f 873/1303/750 784/1304/751 783/1298/745 860/1285/732
f 871/1288/735 873/1303/750 860/1285/732 858/1282/729
f 862/1305/752 864/1306/753 865/1307/754 863/1210/657
f 864/1306/753 866/1308/755 867/1309/756 865/1307/754
f 742/1310/757 795/1311/758 862/1305/752 799/1312/759
f 799/1312/759 862/1305/752 863/1210/657 798/1213/660
f 865/1307/754 870/1313/760 868/1211/658 863/1210/657
f 867/1309/756 872/1314/761 870/1313/760 865/1307/754
f 768/1315/762 785/1316/763 872/1314/761 867/1309/756
f 796/1317/764 869/1287/734 856/1281/728 801/1289/736
f 867/1309/756 769/1318/765 768/1315/762
f 866/1308/755 770/1319/766 769/1318/765 867/1309/756
f 793/1320/767 734/1321/768 770/1319/766 866/1308/755
f 794/1322/769 793/1320/767 866/1308/755 864/1306/753
f 795/1311/758 794/1322/769 864/1306/753 862/1305/752
f 872/1314/761 873/1303/750 871/1288/735 870/1313/760
f 868/1211/658 869/1287/734 796/1317/764 797/1212/659
f 872/1314/761 785/1316/763 784/1304/751 873/1303/750
f 882/1323/770 883/1259/706 881/1258/705 880/1300/747
f 874/1324/771 876/1325/772 877/1326/773 875/1299/746
f 876/1325/772 878/1327/774 879/1328/775 877/1326/773
f 738/1329/776 760/1330/777 874/1324/771 777/1331/778
f 777/1331/778 874/1324/771 875/1299/746 778/1302/749
f 877/1326/773 882/1323/770 880/1300/747 875/1299/746
f 879/1328/775 884/1332/779 882/1323/770 877/1326/773
f 774/1251/698 775/1254/701 884/1332/779 879/1328/775
f 1005/1250/697 993/1249/696 995/1333/780 1007/1334/781
f 878/1327/774 773/1335/782 774/1251/698 879/1328/775
f 758/1336/783 736/1337/784 773/1335/782 878/1327/774
f 759/1338/785 758/1336/783 878/1327/774 876/1325/772
f 760/1330/777 759/1338/785 876/1325/772 874/1324/771
f 884/1332/779 885/1279/726 883/1259/706 882/1323/770
f 880/1300/747 881/1258/705 780/1248/695 779/1301/748
f 884/1332/779 775/1254/701 776/1280/727 885/1279/726
f 894/1339/786 895/1235/682 893/1234/681 892/1276/723
f 886/1340/787 888/1341/788 889/1342/789 887/1275/722
f 888/1341/788 890/1343/790 891/1344/791 889/1342/789
f 739/1345/792 767/1346/793 886/1340/787 786/1347/794
f 786/1347/794 886/1340/787 887/1275/722 787/1278/725
f 889/1342/789 894/1339/786 892/1276/723 887/1275/722
f 891/1344/791 896/1348/795 894/1339/786 889/1342/789
f 778/1302/749 779/1301/748 896/1348/795 891/1344/791
f 789/1349/796 893/1234/681 848/1226/673 771/1236/683
f 890/1343/790 777/1331/778 778/1302/749 891/1344/791
f 765/1350/797 738/1329/776 777/1331/778 890/1343/790
f 766/1351/798 765/1350/797 890/1343/790 888/1341/788
f 767/1346/793 766/1351/798 888/1341/788 886/1340/787
f 896/1348/795 897/1247/694 895/1235/682 894/1339/786
f 892/1276/723 893/1234/681 789/1349/796 788/1277/724
f 896/1348/795 779/1301/748 780/1248/695 897/1247/694
f 900/1352/799 901/1353/800 899/1354/801 898/1253/700
f 902/1355/802 903/1356/803 901/1353/800 900/1352/799
f 898/1253/700 899/1354/801 776/1280/727 775/1254/701
f 905/1252/699 907/1357/804 900/1352/799 898/1253/700
f 902/1355/802 797/1212/659 796/1317/764 903/1356/803
f 901/1353/800 912/1358/805 910/1359/806 899/1354/801
f 903/1356/803 914/1360/807 912/1358/805 901/1353/800
f 796/1317/764 801/1289/736 914/1360/807 903/1356/803
f 843/1361/808 936/1362/809 933/1363/810 844/1364/811
f 936/1362/809 939/1365/812 940/1366/813 937/1367/814
f 899/1354/801 910/1359/806 763/1274/721 776/1280/727
f 909/1368/815 798/1213/660 797/1212/659 902/1355/802
f 907/1357/804 909/1368/815 902/1355/802 900/1352/799
f 904/1369/816 906/1370/817 907/1357/804 905/1252/699
f 906/1370/817 908/1371/818 909/1368/815 907/1357/804
f 736/1337/784 755/1372/819 904/1369/816 773/1335/782
f 773/1335/782 904/1369/816 905/1252/699 774/1251/698
f 908/1371/818 799/1312/759 798/1213/660 909/1368/815
f 753/1373/820 742/1310/757 799/1312/759 908/1371/818
f 754/1374/821 753/1373/820 908/1371/818 906/1370/817
f 755/1372/819 754/1374/821 906/1370/817 904/1369/816
f 910/1359/806 912/1358/805 913/1375/822 911/1376/823
f 912/1358/805 914/1360/807 915/1377/824 913/1375/822
f 763/1274/721 910/1359/806 911/1376/823 764/1272/719
f 764/1272/719 911/1376/823 790/1378/825 737/1273/720
f 911/1376/823 913/1375/822 791/1379/826 790/1378/825
f 913/1375/822 915/1377/824 792/1380/827 791/1379/826
f 915/1377/824 800/1290/737 741/1292/739 792/1380/827
f 914/1360/807 801/1289/736 800/1290/737 915/1377/824
f 916/1381/828 918/1382/829 919/1383/830 917/1263/710
f 951/1384/831 1020/1385/832 1019/1386/833 920/1387/834 952/1388/835
f 963/1389/836 916/1381/828 917/1263/710 964/1262/709
f 917/1263/710 919/1383/830 1016/1390/837 1013/1264/711
f 895/1235/682 897/1247/694 1006/1256/703 850/1227/674
f 824/1391/838 825/1392/839 966/1393/840 975/1394/841
f 830/1395/842 1002/1396/843 1001/1397/844 1018/1398/845 1020/1385/832 951/1384/831
f 1042/919/389 1027/1399/846 500/963/429 601/920/390
f 1001/1397/844 1004/1400/847 1021/1401/848 1018/1398/845
f 918/1382/829 813/1402/849 814/1403/850 919/1383/830
f 772/1237/684 740/1239/686 813/1402/849 918/1382/829
f 771/1236/683 772/1237/684 918/1382/829 916/1381/828
f 920/1387/834 922/1404/851 923/1405/852 921/1406/853
f 1019/1386/833 1022/1407/854 922/1404/851 920/1387/834
f 952/1388/835 920/1387/834 921/1406/853 953/1408/855
f 953/1408/855 921/1406/853 815/1409/856 826/1410/857
f 787/1278/725 788/1277/724 960/1411/858 957/1412/859
f 921/1406/853 923/1405/852 816/1413/860 815/1409/856
f 923/1405/852 809/1414/861 746/1415/862 816/1413/860
f 922/1404/851 808/1416/405 809/1414/861 923/1405/852
f 668/950/418 1044/949/417 1035/1417/863 559/1107/562
f 1014/1418/864 1017/1419/865 1003/1420/866 1000/1421/867
f 924/1422/868 927/1423/869 928/1424/870 925/1425/871
f 925/1425/871 928/1424/870 929/1426/872 926/1427/873
f 939/1365/812 924/1422/868 925/1425/871 940/1366/813
f 940/1366/813 925/1425/871 926/1427/873 941/1428/874
f 941/1428/874 926/1427/873 833/1429/875 834/1430/876
f 828/1431/877 829/1432/878 948/1433/879 945/1434/880
f 926/1427/873 832/1435/881 833/1429/875
f 926/1427/873 929/1426/872 831/1436/882 832/1435/881
f 929/1426/872 804/1437/883 744/1438/884 831/1436/882
f 928/1424/870 803/1439/885 804/1437/883 929/1426/872
f 927/1423/869 802/1440/886 803/1439/885 928/1424/870
f 846/1441/887 748/1442/888 802/1440/886 927/1423/869
f 847/1443/889 846/1441/887 927/1423/869 924/1422/868
f 930/1444/890 933/1363/810 934/1445/891 931/1446/892
f 931/1446/892 934/1445/891 935/1447/893 932/1448/894
f 749/1449/895 845/1450/896 930/1444/890 841/1451/897
f 841/1451/897 930/1444/890 931/1446/892 840/1452/898
f 840/1452/898 931/1446/892 932/1448/894 839/1453/899
f 839/1453/899 932/1448/894 822/1454/900 743/1455/901
f 932/1448/894 935/1447/893 821/1456/902 822/1454/900
f 935/1447/893 820/1457/903 821/1456/902
f 842/1458/904 847/1443/889 924/1422/868 939/1365/812
f 935/1447/893 938/1459/905 835/1460/906 820/1457/903
f 934/1445/891 937/1367/814 938/1459/905 935/1447/893
f 933/1363/810 936/1362/809 937/1367/814 934/1445/891
f 845/1450/896 844/1364/811 933/1363/810 930/1444/890
f 937/1367/814 940/1366/813 941/1428/874 938/1459/905
f 938/1459/905 941/1428/874 834/1430/876 835/1460/906
f 843/1361/808 842/1458/904 939/1365/812 936/1362/809
f 948/1433/879 951/1384/831 952/1388/835 949/1461/907
f 942/1462/908 945/1434/880 946/1463/909 943/1464/910
f 943/1464/910 946/1463/909 947/1465/911 944/1466/912
f 747/1467/913 827/1468/914 942/1462/908 812/1469/915
f 812/1469/915 942/1462/908 943/1464/910 811/1470/916
f 811/1470/916 943/1464/910 944/1466/912 810/1471/917
f 810/1471/917 944/1466/912 823/1472/918 745/1473/919
f 944/1466/912 947/1465/911 824/1391/838 823/1472/918
f 965/1266/713 1015/1265/712 1014/1418/864 1000/1421/867 1002/1396/843 830/1395/842
f 947/1465/911 950/1474/920 825/1392/839 824/1391/838
f 946/1463/909 949/1461/907 950/1474/920 947/1465/911
f 945/1434/880 948/1433/879 949/1461/907 946/1463/909
f 827/1468/914 828/1431/877 945/1434/880 942/1462/908
f 949/1461/907 952/1388/835 953/1408/855 950/1474/920
f 950/1474/920 953/1408/855 826/1410/857 825/1392/839
f 829/1432/878 830/1395/842 951/1384/831 948/1433/879
f 960/1411/858 963/1389/836 964/1262/709 961/1475/921
f 954/1476/922 957/1412/859 958/1477/923 955/1478/924
f 955/1478/924 958/1477/923 959/1479/925 956/1480/926
f 739/1345/792 786/1347/794 954/1476/922 819/1481/927
f 819/1481/927 954/1476/922 955/1478/924 818/1482/928
f 818/1482/928 955/1478/924 956/1480/926 817/1483/929
f 817/1483/929 956/1480/926 827/1468/914 747/1467/913
f 956/1480/926 959/1479/925 828/1431/877 827/1468/914
f 789/1349/796 771/1236/683 916/1381/828 963/1389/836
f 959/1479/925 962/1484/930 829/1432/878 828/1431/877
f 958/1477/923 961/1475/921 962/1484/930 959/1479/925
f 957/1412/859 960/1411/858 961/1475/921 958/1477/923
f 786/1347/794 787/1278/725 957/1412/859 954/1476/922
f 961/1475/921 964/1262/709 965/1266/713 962/1484/930
f 962/1484/930 965/1266/713 830/1395/842 829/1432/878
f 788/1277/724 789/1349/796 963/1389/836 960/1411/858
f 966/1393/840 969/1485/931 970/1486/932 967/1487/933
f 967/1487/933 970/1486/932 971/1488/934 968/1489/935
f 968/1489/935 971/1488/934 842/1458/904 843/1361/808
f 975/1394/841 966/1393/840 967/1487/933 976/1490/936
f 976/1490/936 967/1487/933 968/1489/935 977/1491/937
f 977/1491/937 968/1489/935 843/1361/808 844/1364/811
f 826/1410/857 815/1409/856 978/1492/938 969/1485/931
f 825/1392/839 826/1410/857 969/1485/931 966/1393/840
f 870/1313/760 871/1288/735 869/1287/734 868/1211/658
f 971/1488/934 980/1493/939 847/1443/889 842/1458/904
f 970/1486/932 979/1494/940 980/1493/939 971/1488/934
f 969/1485/931 978/1492/938 979/1494/940 970/1486/932
f 3037/1495/941 3036/1496/942 783/1497/745 784/1498/751
f 972/1499/943 975/1394/841 976/1490/936 973/1500/944
f 973/1500/944 976/1490/936 977/1491/937 974/1501/945
f 745/1473/919 823/1472/918 972/1499/943 807/1502/946
f 807/1502/946 972/1499/943 973/1500/944 806/1503/947
f 806/1503/947 973/1500/944 974/1501/945 805/1504/948
f 805/1504/948 974/1501/945 845/1450/896 749/1449/895
f 974/1501/945 977/1491/937 844/1364/811 845/1450/896
f 823/1472/918 824/1391/838 975/1394/841 972/1499/943
f 978/1492/938 981/1505/949 982/1506/950 979/1494/940
f 979/1494/940 982/1506/950 983/1507/951 980/1493/939
f 980/1493/939 983/1507/951 846/1441/887 847/1443/889
f 983/1507/951 838/1508/952 748/1442/888 846/1441/887
f 982/1506/950 837/1509/953 838/1508/952 983/1507/951
f 981/1505/949 836/1510/954 837/1509/953 982/1506/950
f 816/1413/860 746/1415/862 836/1510/954 981/1505/949
f 815/1409/856 816/1413/860 981/1505/949 978/1492/938
f 3015/1511/955 3006/1512/956 741/1513/739 750/1514/738
f 3016/1515/957 3015/1511/955 750/1514/738 751/1516/740
f 3017/1517/958 3016/1515/957 751/1516/740 752/1518/741
f 3000/1519/959 3017/1517/958 752/1518/741 735/1520/743
f 3018/1521/960 3007/1522/961 742/1523/757 753/1524/820
f 3019/1525/962 3018/1521/960 753/1524/820 754/1526/821
f 3020/1527/963 3019/1525/962 754/1526/821 755/1528/819
f 3001/1529/964 3020/1527/963 755/1528/819 736/1530/784
f 1007/1334/781 995/1333/780 984/1531/428 991/1532/427
f 1011/1233/680 853/1232/679 756/1271/718 989/1533/965
f 3022/1534/966 3021/1535/967 756/1536/718 757/1537/717
f 3002/1538/968 3022/1534/966 757/1537/717 737/1539/720
f 3023/1540/969 3001/1529/964 736/1530/784 758/1541/783
f 3024/1542/970 3023/1540/969 758/1541/783 759/1543/785
f 3025/1544/971 3024/1542/970 759/1543/785 760/1545/777
f 3003/1546/972 3025/1544/971 760/1545/777 738/1547/776
f 3026/1548/973 3005/1549/974 740/1550/686 761/1551/685
f 3027/1552/975 3026/1548/973 761/1551/685 762/1553/687
f 851/1228/675 1008/1257/704 990/1554/976 762/1240/687
f 1043/1130/583 1038/1129/582 1025/1555/565 1036/1556/977
f 3028/1557/978 3003/1546/972 738/1547/776 765/1558/797
f 3029/1559/979 3028/1557/978 765/1558/797 766/1560/798
f 3030/1561/980 3029/1559/979 766/1560/798 767/1562/793
f 3004/1563/981 3030/1561/980 767/1562/793 739/1564/792
f 3066/1565/982 3067/1566/983 834/1567/876 833/1568/875
f 3032/1569/984 3031/1570/985 768/1571/762 769/1572/765
f 3033/1573/986 3032/1569/984 769/1572/765 770/1574/766
f 2999/1575/987 3033/1573/986 770/1574/766 734/1576/768
f 3034/1577/988 3000/1578/959 735/1579/743 781/1580/742
f 3035/1581/989 3034/1577/988 781/1580/742 782/1582/744
f 3036/1496/942 3035/1581/989 782/1582/744 783/1497/745
f 3031/1570/985 3038/1583/990 785/1584/763 768/1571/762
f 3067/1566/983 3068/1585/991 835/1586/906 834/1567/876
f 3039/1587/992 3002/1538/968 737/1539/720 790/1588/825
f 3040/1589/993 3039/1587/992 790/1588/825 791/1590/826
f 3041/1591/994 3040/1589/993 791/1590/826 792/1592/827
f 3006/1512/956 3041/1591/994 792/1592/827 741/1513/739
f 3042/1593/995 2999/1594/987 734/1595/768 793/1596/767
f 3043/1597/996 3042/1593/995 793/1596/767 794/1598/769
f 3044/1599/997 3043/1597/996 794/1598/769 795/1600/758
f 3007/1522/961 3044/1599/997 795/1600/758 742/1523/757
f 3013/1601/998 3045/1602/999 802/1603/886 748/1604/888
f 3045/1602/999 3046/1605/1000 803/1606/885 802/1603/886
f 3046/1605/1000 3047/1607/1001 804/1608/883 803/1606/885
f 3047/1607/1001 3009/1609/1002 744/1610/884 804/1608/883
f 3014/1611/1003 3048/1612/1004 805/1613/948 749/1614/895
f 3048/1612/1004 3049/1615/1005 806/1616/947 805/1613/948
f 3049/1615/1005 3050/1617/1006 807/1618/946 806/1616/947
f 3050/1617/1006 3010/1619/1007 745/1620/919 807/1618/946
f 1004/1400/847 986/1621/402 997/1622/401 1021/1401/848
f 1022/1407/854 996/1623/406 808/1416/405 922/1404/851
f 3051/936/404 3052/1624/1008 809/1625/861 808/937/405
f 3052/1624/1008 3011/1626/1009 746/1627/862 809/1625/861
f 3010/1619/1007 3053/1628/1010 810/1629/917 745/1620/919
f 3053/1628/1010 3054/1630/1011 811/1631/916 810/1629/917
f 3054/1630/1011 3055/1632/1012 812/1633/915 811/1631/916
f 3055/1632/1012 3012/1634/1013 747/1635/913 812/1633/915
f 3005/1636/974 3056/1637/1014 813/1638/849 740/1639/686
f 3056/1637/1014 3057/1640/1015 814/1641/850 813/1638/849
f 919/1383/830 814/1403/850 999/1642/1016 1016/1390/837
f 1017/1419/865 998/1643/581 987/1644/580 1003/1420/866
f 3012/1634/1013 3058/1645/1017 817/1646/929 747/1635/913
f 3058/1645/1017 3059/1647/1018 818/1648/928 817/1646/929
f 3059/1647/1018 3060/1649/1019 819/1650/927 818/1648/928
f 3060/1649/1019 3004/1651/981 739/1652/792 819/1650/927
f 3038/1583/990 3037/1495/941 784/1498/751 785/1584/763
f 3061/1653/1020 3062/1654/1021 821/1655/902 820/1656/903
f 3062/1654/1021 3063/1657/1022 822/1658/900 821/1655/902
f 3063/1657/1022 3008/1659/1023 743/1660/901 822/1658/900
f 3009/1661/1002 3064/1662/1024 831/1663/882 744/1664/884
f 3064/1662/1024 3065/1665/1025 832/1666/881 831/1663/882
f 3065/1665/1025 3066/1565/982 833/1568/875 832/1666/881
f 3068/1585/991 3061/1653/1020 820/1656/903 835/1586/906
f 3011/1626/1009 3069/1667/1026 836/1668/954 746/1627/862
f 3069/1667/1026 3070/1669/1027 837/1670/953 836/1668/954
f 3070/1669/1027 3071/1671/1028 838/1672/952 837/1670/953
f 3071/1671/1028 3013/1601/998 748/1604/888 838/1672/952
f 3008/1673/1023 3072/1674/1029 839/1675/899 743/1676/901
f 3072/1674/1029 3073/1677/1030 840/1678/898 839/1675/899
f 3073/1677/1030 3074/1679/1031 841/1680/897 840/1678/898
f 3074/1679/1031 3014/1611/1003 749/1614/895 841/1680/897
f 542/1019/485 616/1008/474 611/999/465 543/1007/473
f 1032/1681/1032 1023/1682/1033 1028/1683/1034 1041/1684/1035
f 3021/1535/967 3083/1685/1036 989/1686/965 756/1536/718
f 3084/1687/1037 3027/1552/975 762/1553/687 990/1688/976
f 509/958/413 1032/1681/1032 1041/1684/1035 599/918/388
f 992/1241/688 993/1249/696 780/1248/695
f 3057/1640/1015 3086/1689/1038 999/1690/1016 814/1641/850
f 562/1128/552 669/1086/544 1046/1104/559 1037/1103/558
f 1000/1421/867 1001/1397/844 1002/1396/843
f 1005/1250/697 1006/1256/703 897/1247/694
f 1009/1230/677 1010/1242/689 881/1258/705
f 1013/1264/711 1014/1418/864 1015/1265/712
f 1018/1398/845 1019/1386/833 1020/1385/832
f 992/1241/688 994/1244/691 995/1333/780 993/1249/696
f 994/1244/691 985/1246/693 984/1531/428 995/1333/780
f 1000/1421/867 1003/1420/866 1004/1400/847 1001/1397/844
f 1003/1420/866 987/1644/580 986/1621/402 1004/1400/847
f 1005/1250/697 1007/1334/781 1008/1257/704 1006/1256/703
f 990/1554/976 1008/1257/704 1007/1334/781 991/1532/427
f 1009/1230/677 1011/1233/680 1012/1243/690 1010/1242/689
f 988/1245/692 1012/1243/690 1011/1233/680 989/1533/965
f 1013/1264/711 1016/1390/837 1017/1419/865 1014/1418/864
f 998/1643/581 1017/1419/865 1016/1390/837 999/1642/1016
f 1018/1398/845 1021/1401/848 1022/1407/854 1019/1386/833
f 996/1623/406 1022/1407/854 1021/1401/848 997/1622/401
f 3075/1691/1039 3083/1685/1036 1027/1692/846 1028/1693/1034
f 3081/1125/579 3086/1689/1038 1035/1694/863 1036/1695/977
f 3077/959/425 3076/1696/1040 1023/1697/1033 1024/1698/715
f 1031/957/424 1032/1681/1032 509/958/413
f 3084/1687/1037 3078/960/426 1029/1699/714 1030/1700/716
f 3085/935/403 3080/932/400 1033/1701/560 1034/1702/702
f 1037/1103/558 1038/1129/582 562/1128/552
f 1039/1102/557 1040/956/423 598/955/412
f 1041/1684/1035 1042/919/389 599/918/388
f 1043/1130/583 1044/949/417 666/948/416
f 1045/1089/547 1046/1104/559 669/1086/544
f 1031/957/424 1024/1268/715 1023/1682/1033 1032/1681/1032
f 1037/1103/558 1026/1106/561 1025/1555/565 1038/1129/582
f 1029/1267/714 1040/956/423 1039/1102/557 1030/1269/716
f 1027/1399/846 1042/919/389 1041/1684/1035 1028/1683/1034
f 1035/1417/863 1044/949/417 1043/1130/583 1036/1556/977
f 1033/1105/560 1046/1104/559 1045/1089/547 1034/1255/702
f 3075/1691/1039 3076/1696/1040 985/1703/693 988/1704/692
f 1057/1705/1041 1239/1706/1042 1623/1707/1043 1248/1708/1044
f 1239/1706/1042 1094/1709/1045 1341/1710/1046 1623/1707/1043
f 1623/1707/1043 1341/1710/1046 1145/1711/1047 1344/1712/1048
f 1248/1708/1044 1623/1707/1043 1344/1712/1048 1098/1713/1049
f 1094/1709/1045 1240/1714/1050 1624/1715/1051 1341/1710/1046
f 1240/1714/1050 1058/1716/1052 1249/1717/1053 1624/1715/1051
f 1624/1715/1051 1249/1717/1053 1099/1718/1054 1342/1719/1055
f 1341/1710/1046 1624/1715/1051 1342/1719/1055 1145/1711/1047
f 1145/1711/1047 1342/1719/1055 1625/1720/1056 1343/1721/1057
f 1342/1719/1055 1099/1718/1054 1250/1722/1058 1625/1720/1056
f 1625/1720/1056 1250/1722/1058 1055/1723/1059 1235/1724/1060
f 1343/1721/1057 1625/1720/1056 1235/1724/1060 1092/1725/1061
f 1098/1713/1049 1344/1712/1048 1626/1726/1062 1247/1727/1063
f 1344/1712/1048 1145/1711/1047 1343/1721/1057 1626/1726/1062
f 1626/1726/1062 1343/1721/1057 1092/1725/1061 1236/1728/1064
f 1247/1727/1063 1626/1726/1062 1236/1728/1064 1054/1729/1065
f 1051/1730/1066 1259/1731/1067 1627/1732/1068 1226/1733/1069
f 1259/1731/1067 1104/1734/1070 1345/1735/1071 1627/1732/1068
f 1627/1732/1068 1345/1735/1071 1146/1736/1072 1348/1737/1073
f 1226/1733/1069 1627/1732/1068 1348/1737/1073 1087/1738/1074
f 1104/1734/1070 1260/1739/1075 1628/1740/1076 1345/1735/1071
f 1260/1739/1075 1060/1741/1077 1256/1742/1078 1628/1740/1076
f 1628/1740/1076 1256/1742/1078 1102/1743/1079 1346/1744/1080
f 1345/1735/1071 1628/1740/1076 1346/1744/1080 1146/1736/1072
f 1146/1736/1072 1346/1744/1080 1629/1745/1081 1347/1746/1082
f 1346/1744/1080 1102/1743/1079 1255/1747/1083 1629/1745/1081
f 1629/1745/1081 1255/1747/1083 1584/1748/1084 1699/1749/1085
f 1347/1746/1082 1629/1745/1081 1699/1749/1085 1562/1750/1086
f 1087/1738/1074 1348/1737/1073 1630/1751/1087 1225/1752/1088
f 1348/1737/1073 1146/1736/1072 1347/1746/1082 1630/1751/1087
f 1630/1751/1087 1347/1746/1082 1562/1750/1086 1825/1753/1089
f 1225/1752/1088 1630/1751/1087 1825/1753/1089 1561/1754/1090
f 1062/1755/1091 1267/1756/1092 1631/1757/1093 1264/1758/1094
f 1267/1756/1092 1108/1759/1095 1349/1760/1096 1631/1757/1093
f 1631/1757/1093 1349/1760/1096 1147/1761/1097 1352/1762/1098
f 1264/1758/1094 1631/1757/1093 1352/1762/1098 1106/1763/1099
f 1108/1759/1095 1268/1764/1100 1632/1765/1101 1349/1760/1096
f 1268/1764/1100 1061/1766/1102 1243/1767/1103 1632/1765/1101
f 1632/1765/1101 1243/1767/1103 1096/1768/1104 1350/1769/1105
f 1349/1760/1096 1632/1765/1101 1350/1769/1105 1147/1761/1097
f 1147/1761/1097 1350/1769/1105 1633/1770/1106 1351/1771/1107
f 1350/1769/1105 1096/1768/1104 1244/1772/1108 1633/1770/1106
f 1633/1770/1106 1244/1772/1108 1056/1773/1109 1246/1774/1110
f 1351/1771/1107 1633/1770/1106 1246/1774/1110 1097/1775/1111
f 1106/1763/1099 1352/1762/1098 1634/1776/1112 1263/1777/1113
f 1352/1762/1098 1147/1761/1097 1351/1771/1107 1634/1776/1112
f 1634/1776/1112 1351/1771/1107 1097/1775/1111 1245/1778/1114
f 1263/1777/1113 1634/1776/1112 1245/1778/1114 1053/1779/1115
f 1167/1780/1116 1271/1781/1117 1635/1782/1118 1446/1783/1119
f 1271/1781/1117 1110/1784/1120 1353/1785/1121 1635/1782/1118
f 1635/1782/1118 1353/1785/1121 1148/1786/1122 1356/1787/1123
f 1446/1783/1119 1635/1782/1118 1356/1787/1123 1172/1788/1124
f 1110/1784/1120 1272/1789/1125 1636/1790/1126 1353/1785/1121
f 1272/1789/1125 1057/1705/1041 1248/1708/1044 1636/1790/1126
f 1636/1790/1126 1248/1708/1044 1098/1713/1049 1354/1791/1127
f 1353/1785/1121 1636/1790/1126 1354/1791/1127 1148/1786/1122
f 1148/1786/1122 1354/1791/1127 1637/1792/1128 1355/1793/1129
f 1354/1791/1127 1098/1713/1049 1247/1727/1063 1637/1792/1128
f 1637/1792/1128 1247/1727/1063 1054/1729/1065 1269/1794/1130
f 1355/1793/1129 1637/1792/1128 1269/1794/1130 1109/1795/1131
f 1172/1788/1124 1356/1787/1123 1638/1796/1132 1445/1797/1133
f 1356/1787/1123 1148/1786/1122 1355/1793/1129 1638/1796/1132
f 1638/1796/1132 1355/1793/1129 1109/1795/1131 1429/1798/1134
f 1445/1797/1133 1638/1796/1132 1429/1798/1134 1166/1799/1135
f 1563/1800/1136 1719/1801/1137 1639/1802/1138 1234/1803/1139
f 1719/1801/1137 1564/1804/1140 1357/1805/1141 1639/1802/1138
f 1639/1802/1138 1357/1805/1141 1149/1806/1142 1360/1807/1143
f 1234/1803/1139 1639/1802/1138 1360/1807/1143 1091/1808/1144
f 1564/1804/1140 1717/1809/1145 1640/1810/1146 1357/1805/1141
f 1717/1809/1145 1584/1748/1084 1255/1747/1083 1640/1810/1146
f 1640/1810/1146 1255/1747/1083 1102/1743/1079 1358/1811/1147
f 1357/1805/1141 1640/1810/1146 1358/1811/1147 1149/1806/1142
f 1149/1806/1142 1358/1811/1147 1641/1812/1148 1359/1813/1149
f 1358/1811/1147 1102/1743/1079 1256/1742/1078 1641/1812/1148
f 1641/1812/1148 1256/1742/1078 1060/1741/1077 1258/1814/1150
f 1359/1813/1149 1641/1812/1148 1258/1814/1150 1103/1815/1151
f 1091/1808/1144 1360/1807/1143 1642/1816/1152 1233/1817/1153
f 1360/1807/1143 1149/1806/1142 1359/1813/1149 1642/1816/1152
f 1642/1816/1152 1359/1813/1149 1103/1815/1151 1257/1818/1154
f 1233/1817/1153 1642/1816/1152 1257/1818/1154 1059/1819/1155
f 1052/1820/1156 1265/1821/1157 1643/1822/1158 1224/1823/1159
f 1265/1821/1157 1107/1824/1160 1361/1825/1161 1643/1822/1158
f 1643/1822/1158 1361/1825/1161 1150/1826/1162 1364/1827/1163
f 1224/1823/1159 1643/1822/1158 1364/1827/1163 1086/1828/1164
f 1107/1824/1160 1266/1829/1165 1644/1830/1166 1361/1825/1161
f 1266/1829/1165 1061/1766/1102 1262/1831/1167 1644/1830/1166
f 1644/1830/1166 1262/1831/1167 1105/1832/1168 1362/1833/1169
f 1361/1825/1161 1644/1830/1166 1362/1833/1169 1150/1826/1162
f 1150/1826/1162 1362/1833/1169 1645/1834/1170 1363/1835/1171
f 1362/1833/1169 1105/1832/1168 1261/1836/1172 1645/1834/1170
f 1645/1834/1170 1261/1836/1172 1060/1741/1077 1260/1739/1075
f 1363/1835/1171 1645/1834/1170 1260/1739/1075 1104/1734/1070
f 1086/1828/1164 1364/1827/1163 1646/1837/1173 1223/1838/1174
f 1364/1827/1163 1150/1826/1162 1363/1835/1171 1646/1837/1173
f 1646/1837/1173 1363/1835/1171 1104/1734/1070 1259/1731/1067
f 1223/1838/1174 1646/1837/1173 1259/1731/1067 1051/1730/1066
f 1049/1839/1175 1241/1840/1176 1647/1841/1177 1228/1842/1178
f 1241/1840/1176 1095/1843/1179 1365/1844/1180 1647/1841/1177
f 1647/1841/1177 1365/1844/1180 1151/1845/1181 1368/1846/1182
f 1228/1842/1178 1647/1841/1177 1368/1846/1182 1088/1847/1183
f 1095/1843/1179 1242/1848/1184 1648/1849/1185 1365/1844/1180
f 1242/1848/1184 1056/1773/1109 1244/1772/1108 1648/1849/1185
f 1648/1849/1185 1244/1772/1108 1096/1768/1104 1366/1850/1186
f 1365/1844/1180 1648/1849/1185 1366/1850/1186 1151/1845/1181
f 1151/1845/1181 1366/1850/1186 1649/1851/1187 1367/1852/1188
f 1366/1850/1186 1096/1768/1104 1243/1767/1103 1649/1851/1187
f 1649/1851/1187 1243/1767/1103 1061/1766/1102 1266/1829/1165
f 1367/1852/1188 1649/1851/1187 1266/1829/1165 1107/1824/1160
f 1088/1847/1183 1368/1846/1182 1650/1853/1189 1227/1854/1190
f 1368/1846/1182 1151/1845/1181 1367/1852/1188 1650/1853/1189
f 1650/1853/1189 1367/1852/1188 1107/1824/1160 1265/1821/1157
f 1227/1854/1190 1650/1853/1189 1265/1821/1157 1052/1820/1156
f 1059/1819/1155 1257/1818/1154 1651/1855/1191 1254/1856/1192
f 1257/1818/1154 1103/1815/1151 1369/1857/1193 1651/1855/1191
f 1651/1855/1191 1369/1857/1193 1152/1858/1194 1372/1859/1195
f 1254/1856/1192 1651/1855/1191 1372/1859/1195 1101/1860/1196
f 1103/1815/1151 1258/1814/1150 1652/1861/1197 1369/1857/1193
f 1258/1814/1150 1060/1741/1077 1261/1836/1172 1652/1861/1197
f 1652/1861/1197 1261/1836/1172 1105/1832/1168 1370/1862/1198
f 1369/1857/1193 1652/1861/1197 1370/1862/1198 1152/1858/1194
f 1152/1858/1194 1370/1862/1198 1653/1863/1199 1371/1864/1200
f 1370/1862/1198 1105/1832/1168 1262/1831/1167 1653/1863/1199
f 1653/1863/1199 1262/1831/1167 1061/1766/1102 1268/1764/1100
f 1371/1864/1200 1653/1863/1199 1268/1764/1100 1108/1759/1095
f 1101/1860/1196 1372/1859/1195 1654/1865/1201 1253/1866/1202
f 1372/1859/1195 1152/1858/1194 1371/1864/1200 1654/1865/1201
f 1654/1865/1201 1371/1864/1200 1108/1759/1095 1267/1756/1092
f 1253/1866/1202 1654/1865/1201 1267/1756/1092 1062/1755/1091
f 1668/1867/1203 1667/1868/1204 1656/1869/1205 1655/1870/1206
f 1667/1871/1204 1064/1872/1207 1276/1873/1208 1656/1874/1205
f 1656/1874/1205 1276/1873/1208 1112/1875/1209
f 1656/1874/1205 1112/1875/1209 1275/1876/1210 1657/1877/1211
f 1657/1877/1211 1275/1876/1210 1065/1878/1212 1278/1879/1213
f 1657/1880/1211 1278/1881/1213 1113/1882/1214
f 1655/1870/1206 1656/1869/1205 1657/1883/1211 1658/1884/1215
f 1658/1885/1215 1657/1880/1211 1113/1882/1214 1277/1886/1216
f 1658/1885/1215 1277/1886/1216 1066/1887/1217
f 1218/1888/1218 1085/1889/1219 1373/1890/1220 1660/1891/1221
f 1767/1892/1222 1720/1893/1223 1696/1894/1224 1659/1895/1225
f 1085/1896/1219 1767/1892/1222 1659/1895/1225 1373/1897/1220
f 1659/1895/1225 1696/1894/1224 1718/1898/1226 1674/1899/1227
f 1373/1897/1220 1659/1895/1225 1674/1899/1227 1375/1900/1228
f 1660/1891/1221 1373/1890/1220 1375/1901/1228 1673/1902/1229
f 1068/1903/1230 1284/1904/1231 1661/1905/1232 1680/1906/1233
f 1284/1904/1231 1116/1907/1234 1661/1905/1232
f 1116/1907/1234 1283/1908/1235 1662/1909/1236 1661/1905/1232
f 1283/1908/1235 1063/1910/1237 1662/1909/1236
f 1661/1911/1232 1662/1912/1236 1663/1913/1238 1664/1914/1239
f 1680/1915/1233 1661/1911/1232 1664/1914/1239 1681/1916/1240
f 1849/1917/1241 1848/1918/1242 1666/1919/1243 1665/1920/1244
f 1848/1921/1242 1168/1922/1245 1431/1923/1246 1666/1924/1243
f 1666/1924/1243 1431/1923/1246 1117/1925/1247
f 1666/1924/1243 1117/1925/1247 1285/1926/1248 1667/1871/1204
f 1667/1871/1204 1285/1926/1248 1064/1872/1207
f 1665/1920/1244 1666/1919/1243 1667/1868/1204 1668/1867/1203
f 1668/1867/1203 1655/1870/1206 1669/1927/1249 1684/1928/1250
f 1655/1870/1206 1658/1884/1215 1670/1929/1251 1669/1927/1249
f 1658/1885/1215 1066/1887/1217 1280/1930/1252 1670/1931/1251
f 1670/1931/1251 1280/1930/1252 1114/1932/1253
f 1669/1927/1249 1670/1929/1251 1217/1933/1254 1216/1934/1255
f 1670/1931/1251 1114/1932/1253 1279/1935/1256 1217/1936/1254
f 1217/1936/1254 1279/1935/1256 1047/1937/1257
f 1684/1928/1250 1669/1927/1249 1216/1934/1255 1222/1938/1258
f 1566/1939/1259 1274/1940/1260 1671/1941/1261 1688/1942/1262
f 1274/1940/1260 1111/1943/1263 1374/1944/1264 1671/1941/1261
f 1111/1943/1263 1273/1945/1265 1672/1946/1266 1374/1944/1264
f 1273/1945/1265 1067/1947/1267 1672/1946/1266
f 1374/1948/1264 1672/1949/1266 1673/1902/1229 1375/1901/1228
f 1688/1950/1262 1671/1951/1261 1674/1899/1227 1718/1898/1226
f 1671/1951/1261 1374/1952/1264 1375/1900/1228 1674/1899/1227
f 1220/1953/1268 1219/1954/1269 1675/1955/1270 1676/1956/1271
f 1219/1954/1269 1218/1888/1218 1660/1891/1221 1675/1955/1270
f 1675/1955/1270 1660/1891/1221 1673/1902/1229 1682/1957/1272
f 1676/1956/1271 1675/1955/1270 1682/1957/1272 1681/1916/1240
f 1215/1958/1273 1214/1959/1274 1677/1960/1275 1678/1961/1276
f 1214/1959/1274 1220/1953/1268 1676/1956/1271 1677/1960/1275
f 1677/1960/1275 1676/1956/1271 1681/1916/1240 1664/1914/1239
f 1678/1961/1276 1677/1960/1275 1664/1914/1239 1663/1913/1238
f 1067/1947/1267 1282/1962/1277 1679/1963/1278 1672/1946/1266
f 1282/1962/1277 1115/1964/1279 1679/1963/1278
f 1115/1964/1279 1281/1965/1280 1680/1906/1233 1679/1963/1278
f 1281/1965/1280 1068/1903/1230 1680/1906/1233
f 1679/1966/1278 1680/1915/1233 1681/1916/1240 1682/1957/1272
f 1672/1949/1266 1679/1966/1278 1682/1957/1272 1673/1902/1229
f 1849/1917/1241 1665/1920/1244 1683/1967/1281 1847/1968/1282
f 1665/1920/1244 1668/1867/1203 1684/1928/1250 1683/1967/1281
f 1683/1967/1281 1684/1928/1250 1222/1938/1258 1221/1969/1283
f 1847/1968/1282 1683/1967/1281 1221/1969/1283 1427/1970/1284
f 1447/1971/1285 1875/1972/1286 1685/1973/1287 1589/1974/1288
f 1590/1975/1289 1115/1964/1279 1282/1962/1277 1685/1973/1287
f 1685/1973/1287 1282/1962/1277 1067/1947/1267 1589/1974/1288
f 1716/1976/1290 1876/1977/1291 1485/1978/1292 1570/1979/1293
f 1059/1819/1155 1588/1980/1294 1686/1981/1295 1233/1817/1153
f 1693/1982/1296 1854/1983/1297 1452/1984/1298 1563/1800/1136
f 1450/1985/1299 1853/1986/1300 1686/1981/1295 1588/1980/1294
f 1233/1817/1153 1686/1981/1295 1565/1987/1301 1091/1808/1144
f 1166/1799/1135 1568/1988/1302 1687/1989/1303 1270/1990/1304
f 1924/1991/1305 1496/1992/1306 1573/1993/1307 1709/1994/1308
f 1494/1995/1309 1923/1996/1310 1687/1989/1303 1568/1988/1302
f 1270/1990/1304 1687/1989/1303 1569/1997/1311 1053/1779/1115
f 1861/1998/1312 1464/1999/1313 1564/1804/1140 1719/1801/1137
f 1455/2000/1314 1867/2001/1315 1689/2002/1316 1582/2003/1317
f 1583/2004/1318 1113/1882/1214 1278/1881/1213 1689/2005/1316
f 1689/2002/1316 1278/1879/1213 1065/1878/1212 1582/2003/1317
f 1808/2006/1319 1868/2007/1320 1473/2008/1321 1556/2009/1322
f 1055/1723/1059 1581/2010/1323 1690/2011/1324 1235/1724/1060
f 1713/2012/1325 1858/2013/1326 1460/2014/1327 1574/2015/1328
f 1458/2016/1329 1857/2017/1330 1690/2011/1324 1581/2010/1323
f 1235/1724/1060 1690/2011/1324 1576/2018/1331 1092/1725/1061
f 1099/1718/1054 1580/2019/1332 1691/2020/1333 1250/1722/1058
f 1867/2021/1315 1468/2022/1334 1583/2004/1318 1689/2005/1316
f 1471/2023/1335 1866/2024/1336 1691/2020/1333 1580/2019/1332
f 1250/1722/1058 1691/2020/1333 1581/2010/1323 1055/1723/1059
f 1491/2025/1337 1880/2026/1338 1692/2027/1339 1578/2028/1340
f 1577/2029/1341 1064/1872/1207 1285/1926/1248 1692/2027/1339
f 1692/2027/1339 1285/1926/1248 1117/1925/1247 1578/2028/1340
f 1881/2030/1342 1493/2031/1343 1575/2032/1344 1715/2033/1345
f 1091/1808/1144 1565/1987/1301 1693/1982/1296 1234/1803/1139
f 1855/2034/1346 1448/2035/1347 1567/2036/1348 1694/2037/1349
f 1451/2038/1350 1854/1983/1297 1693/1982/1296 1565/1987/1301
f 1234/1803/1139 1693/1982/1296 1563/1800/1136
f 1454/2039/1351 1855/2034/1346 1694/2037/1349 1566/1939/1259
f 1567/2036/1348 1111/1943/1263 1274/1940/1260 1694/2037/1349
f 1694/2037/1349 1274/1940/1260 1566/1939/1259
f 1700/2040/1352 1856/2041/1353 1455/2000/1314 1582/2003/1317
f 1100/2042/1354 1558/2043/1355 1695/2044/1356 1252/2045/1357
f 1871/2046/1358 1474/2047/1359 1557/2048/1360 1697/2049/1361
f 1477/2050/1362 1870/2051/1363 1695/2044/1356 1558/2043/1355
f 1252/2045/1357 1695/2044/1356 1585/2052/1364 1058/1716/1052
f 1885/2053/1365 1498/2054/1366 1562/1750/1086 1699/1749/1085
f 1467/2055/1367 1871/2046/1358 1697/2049/1361 1586/2056/1368
f 1557/2048/1360 1114/1932/1253 1280/1930/1252 1697/2049/1361
f 1697/2049/1361 1280/1930/1252 1066/1887/1217 1586/2056/1368
f 1712/2057/1369 1872/2058/1370 1479/2059/1371 1592/2060/1372
f 1058/1716/1052 1585/2052/1364 1698/2061/1373 1249/1717/1053
f 1691/2020/1333 1866/2024/1336 1458/2016/1329 1581/2010/1323
f 1470/2062/1374 1865/2063/1375 1698/2061/1373 1585/2052/1364
f 1249/1717/1053 1698/2061/1373 1580/2019/1332 1099/1718/1054
f 1825/1753/1089 1886/2064/1376 1499/2065/1377 1561/1754/1090
f 1465/2066/1378 1885/2053/1365 1699/1749/1085 1584/1748/1084
f 1456/2067/1379 1856/2041/1353 1700/2040/1352 1579/2068/1380
f 1582/2003/1317 1065/1878/1212 1275/1876/1210 1700/2040/1352
f 1700/2040/1352 1275/1876/1210 1112/1875/1209 1579/2068/1380
f 1857/2017/1330 1459/2069/1381 1576/2018/1331 1690/2011/1324
f 1792/2070/1382 1907/2071/1383 1508/2072/1384 1620/2073/1385
f 1473/2008/1321 1906/2074/1386 1701/2075/1387 1556/2009/1322
f 1701/2075/1387 1559/2076/1388 1141/2077/1389 1333/2078/1390
f 1556/2009/1322 1701/2075/1387 1333/2078/1390 1047/1937/1257
f 1050/2079/1391 1554/2080/1392 1702/2081/1393 1251/2082/1394
f 1695/2044/1356 1870/2051/1363 1470/2062/1374 1585/2052/1364
f 1476/2083/1395 1869/2084/1396 1702/2081/1393 1554/2080/1392
f 1251/2082/1394 1702/2081/1393 1558/2043/1355 1100/2042/1354
f 1101/1860/1196 1587/2085/1397 1703/2086/1398 1254/1856/1192
f 1875/1972/1286 1480/2087/1399 1590/1975/1289 1685/1973/1287
f 1483/2088/1400 1874/2089/1401 1703/2086/1398 1587/2085/1397
f 1254/1856/1192 1703/2086/1398 1588/1980/1294 1059/1819/1155
f 1468/2022/1334 1864/2090/1402 1704/2091/1403 1583/2004/1318
f 1586/2056/1368 1066/1887/1217 1277/1886/1216 1704/2091/1403
f 1704/2091/1403 1277/1886/1216 1113/1882/1214 1583/2004/1318
f 1865/2063/1375 1471/2023/1335 1580/2019/1332 1698/2061/1373
f 1479/2059/1371 1879/2092/1404 1705/2093/1405 1592/2060/1372
f 1571/2094/1406 1116/1907/1234 1284/1904/1231 1705/2093/1405
f 1705/2093/1405 1284/1904/1231 1068/1903/1230 1592/2060/1372
f 1692/2027/1339 1880/2026/1338 1462/2095/1407 1577/2029/1341
f 1062/1755/1091 1591/2096/1408 1706/2097/1409 1253/1866/1202
f 1703/2086/1398 1874/2089/1401 1450/1985/1299 1588/1980/1294
f 1482/2098/1410 1873/2099/1411 1706/2097/1409 1591/2096/1408
f 1253/1866/1202 1706/2097/1409 1587/2085/1397 1101/1860/1196
f 1106/1763/1099 1572/2100/1412 1707/2101/1413 1264/1758/1094
f 1879/2092/1404 1486/2102/1414 1571/2094/1406 1705/2093/1405
f 1489/2103/1415 1878/2104/1416 1707/2101/1413 1572/2100/1412
f 1264/1758/1094 1707/2101/1413 1591/2096/1408 1062/1755/1091
f 1448/2035/1347 1852/2105/1417 1708/2106/1418 1567/2036/1348
f 1589/1974/1288 1067/1947/1267 1273/1945/1265 1708/2106/1418
f 1708/2106/1418 1273/1945/1265 1111/1943/1263 1567/2036/1348
f 1853/1986/1300 1451/2038/1350 1565/1987/1301 1686/1981/1295
f 1485/1978/1292 1924/1991/1305 1709/1994/1308 1570/1979/1293
f 1573/1993/1307 1168/1922/1245 1286/2107/1419 1709/1994/1308
f 1709/1994/1308 1286/2107/1419 1063/1910/1237 1570/1979/1293
f 1816/2108/1420 1925/2109/1421 1542/2110/1422 1602/2111/1423
f 1053/1779/1115 1569/1997/1311 1710/2112/1424 1263/1777/1113
f 1707/2101/1413 1878/2104/1416 1482/2098/1410 1591/2096/1408
f 1488/2113/1425 1877/2114/1426 1710/2112/1424 1569/1997/1311
f 1263/1777/1113 1710/2112/1424 1572/2100/1412 1106/1763/1099
f 1519/2115/1427 1897/2116/1428 1711/2117/1429 1594/2118/1430
f 1480/2087/1399 1872/2058/1370 1712/2057/1369 1590/1975/1289
f 1592/2060/1372 1068/1903/1230 1281/1965/1280 1712/2057/1369
f 1712/2057/1369 1281/1965/1280 1115/1964/1279 1590/1975/1289
f 1873/2099/1411 1483/2088/1400 1587/2085/1397 1706/2097/1409
f 1092/1725/1061 1576/2018/1331 1713/2012/1325 1236/1728/1064
f 1859/2119/1431 1456/2067/1379 1579/2068/1380 1714/2120/1432
f 1459/2069/1381 1858/2013/1326 1713/2012/1325 1576/2018/1331
f 1236/1728/1064 1713/2012/1325 1574/2015/1328 1054/1729/1065
f 1462/2095/1407 1859/2119/1431 1714/2120/1432 1577/2029/1341
f 1579/2068/1380 1112/1875/1209 1276/1873/1208 1714/2120/1432
f 1714/2120/1432 1276/1873/1208 1064/1872/1207 1577/2029/1341
f 1688/1942/1262 1860/2121/1433 1454/2039/1351 1566/1939/1259
f 1054/1729/1065 1574/2015/1328 1715/2033/1345 1269/1794/1130
f 1846/2122/1434 1882/2123/1435 1494/1995/1309 1568/1988/1302
f 1460/2014/1327 1881/2030/1342 1715/2033/1345 1574/2015/1328
f 1269/1794/1130 1715/2033/1345 1575/2032/1344 1109/1795/1131
f 1486/2102/1414 1876/1977/1291 1716/1976/1290 1571/2094/1406
f 1570/1979/1293 1063/1910/1237 1283/1908/1235 1716/1976/1290
f 1716/1976/1290 1283/1908/1235 1116/1907/1234 1571/2094/1406
f 1877/2114/1426 1489/2103/1415 1572/2100/1412 1710/2112/1424
f 1863/2124/1436 1860/2125/1433 1688/1950/1262 1718/1898/1226
f 1464/1999/1313 1862/2126/1437 1717/1809/1145 1564/1804/1140
f 1704/2091/1403 1864/2090/1402 1467/2055/1367 1586/2056/1368
f 1717/1809/1145 1862/2126/1437 1465/2066/1378 1584/1748/1084
f 1452/1984/1298 1861/1998/1312 1719/1801/1137 1563/1800/1136
f 1920/2127/1438 1550/2128/1439 1560/2129/1440 1811/2130/1441
f 1922/2131/1442 1919/2132/1443 1720/1893/1223 1801/2133/1444
f 1057/1705/1041 1238/2134/1445 1721/2135/1446 1239/1706/1042
f 1238/2134/1445 1093/2136/1447 1376/2137/1448 1721/2135/1446
f 1721/2135/1446 1376/2137/1448 1153/2138/1449 1379/2139/1450
f 1239/1706/1042 1721/2135/1446 1379/2139/1450 1094/1709/1045
f 1093/2136/1447 1237/2140/1451 1722/2141/1452 1376/2137/1448
f 1237/2140/1451 1048/2142/1453 1230/2143/1454 1722/2141/1452
f 1722/2141/1452 1230/2143/1454 1089/2144/1455 1377/2145/1456
f 1376/2137/1448 1722/2141/1452 1377/2145/1456 1153/2138/1449
f 1153/2138/1449 1377/2145/1456 1723/2146/1457 1378/2147/1458
f 1377/2145/1456 1089/2144/1455 1229/2148/1459 1723/2146/1457
f 1723/2146/1457 1229/2148/1459 1050/2079/1391 1251/2082/1394
f 1378/2147/1458 1723/2146/1457 1251/2082/1394 1100/2042/1354
f 1094/1709/1045 1379/2139/1450 1724/2149/1460 1240/1714/1050
f 1379/2139/1450 1153/2138/1449 1378/2147/1458 1724/2149/1460
f 1724/2149/1460 1378/2147/1458 1100/2042/1354 1252/2045/1357
f 1240/1714/1050 1724/2149/1460 1252/2045/1357 1058/1716/1052
f 1167/1780/1116 1444/2150/1461 1725/2151/1462 1271/1781/1117
f 1444/2150/1461 1173/2152/1463 1380/2153/1464 1725/2151/1462
f 1725/2151/1462 1380/2153/1464 1154/2154/1465 1383/2155/1466
f 1271/1781/1117 1725/2151/1462 1383/2155/1466 1110/1784/1120
f 1173/2152/1463 1443/2156/1467 1726/2157/1468 1380/2153/1464
f 1443/2156/1467 1165/2158/1469 1428/2159/1470 1726/2157/1468
f 1726/2157/1468 1428/2159/1470 1090/2160/1471 1381/2161/1472
f 1380/2153/1464 1726/2157/1468 1381/2161/1472 1154/2154/1465
f 1154/2154/1465 1381/2161/1472 1727/2162/1473 1382/2163/1474
f 1381/2161/1472 1090/2160/1471 1231/2164/1475 1727/2162/1473
f 1727/2162/1473 1231/2164/1475 1048/2142/1453 1237/2140/1451
f 1382/2163/1474 1727/2162/1473 1237/2140/1451 1093/2136/1447
f 1110/1784/1120 1383/2155/1466 1728/2165/1476 1272/1789/1125
f 1383/2155/1466 1154/2154/1465 1382/2163/1474 1728/2165/1476
f 1728/2165/1476 1382/2163/1474 1093/2136/1447 1238/2134/1445
f 1272/1789/1125 1728/2165/1476 1238/2134/1445 1057/1705/1041
f 1073/2166/1477 1302/2167/1478 1729/2168/1479 1293/2169/1480
f 1302/2167/1478 1125/2170/1481 1384/2171/1482 1729/2168/1479
f 1729/2168/1479 1384/2171/1482 1155/2172/1483 1387/2173/1484
f 1293/2169/1480 1729/2168/1479 1387/2173/1484 1121/2174/1485
f 1125/2170/1481 1301/2175/1486 1730/2176/1487 1384/2171/1482
f 1301/2175/1486 1070/2177/1488 1290/2178/1489 1730/2176/1487
f 1730/2176/1487 1290/2178/1489 1119/2179/1490 1385/2180/1491
f 1384/2171/1482 1730/2176/1487 1385/2180/1491 1155/2172/1483
f 1155/2172/1483 1385/2180/1491 1731/2181/1492 1386/2182/1493
f 1385/2180/1491 1119/2179/1490 1289/2183/1494 1731/2181/1492
f 1731/2181/1492 1289/2183/1494 1071/2184/1495 1304/2185/1496
f 1386/2182/1493 1731/2181/1492 1304/2185/1496 1126/2186/1497
f 1121/2174/1485 1387/2173/1484 1732/2187/1498 1294/2188/1499
f 1387/2173/1484 1155/2172/1483 1386/2182/1493 1732/2187/1498
f 1732/2187/1498 1386/2182/1493 1126/2186/1497 1303/2189/1500
f 1294/2188/1499 1732/2187/1498 1303/2189/1500 1074/2190/1501
f 1051/1730/1066 1226/1733/1069 1733/2191/1502 1313/2192/1503
f 1226/1733/1069 1087/1738/1074 1388/2193/1504 1733/2191/1502
f 1733/2191/1502 1388/2193/1504 1156/2194/1505 1391/2195/1506
f 1313/2192/1503 1733/2191/1502 1391/2195/1506 1131/2196/1507
f 1087/1738/1074 1225/1752/1088 1734/2197/1508 1388/2193/1504
f 1225/1752/1088 1561/1754/1090 1811/2130/1441 1734/2197/1508
f 1734/2197/1508 1811/2130/1441 1560/2129/1440 1389/2198/1509
f 1388/2193/1504 1734/2197/1508 1389/2198/1509 1156/2194/1505
f 1156/2194/1505 1389/2198/1509 1735/2199/1510 1390/2200/1511
f 1389/2198/1509 1560/2129/1440 1799/2201/1512 1735/2199/1510
f 1735/2199/1510 1799/2201/1512 1614/2202/1513 1309/2203/1514
f 1390/2200/1511 1735/2199/1510 1309/2203/1514 1129/2204/1515
f 1131/2196/1507 1391/2195/1506 1736/2205/1516 1314/2206/1517
f 1391/2195/1506 1156/2194/1505 1390/2200/1511 1736/2205/1516
f 1736/2205/1516 1390/2200/1511 1129/2204/1515 1310/2207/1518
f 1314/2206/1517 1736/2205/1516 1310/2207/1518 1076/2208/1519
f 1078/2209/1520 1318/2210/1521 1737/2211/1522 1321/2212/1523
f 1318/2210/1521 1133/2213/1524 1392/2214/1525 1737/2211/1522
f 1737/2211/1522 1392/2214/1525 1157/2215/1526 1395/2216/1527
f 1321/2212/1523 1737/2211/1522 1395/2216/1527 1135/2217/1528
f 1133/2213/1524 1317/2218/1529 1738/2219/1530 1392/2214/1525
f 1317/2218/1529 1069/2220/1531 1299/2221/1532 1738/2219/1530
f 1738/2219/1530 1299/2221/1532 1124/2222/1533 1393/2223/1534
f 1392/2214/1525 1738/2219/1530 1393/2223/1534 1157/2215/1526
f 1157/2215/1526 1393/2223/1534 1739/2224/1535 1394/2225/1536
f 1393/2223/1534 1124/2222/1533 1300/2226/1537 1739/2224/1535
f 1739/2224/1535 1300/2226/1537 1072/2227/1538 1298/2228/1539
f 1394/2225/1536 1739/2224/1535 1298/2228/1539 1123/2229/1540
f 1135/2217/1528 1395/2216/1527 1740/2230/1541 1322/2231/1542
f 1395/2216/1527 1157/2215/1526 1394/2225/1536 1740/2230/1541
f 1740/2230/1541 1394/2225/1536 1123/2229/1540 1297/2232/1543
f 1322/2231/1542 1740/2230/1541 1297/2232/1543 1077/2233/1544
f 1170/2234/1545 1442/2235/1546 1741/2236/1547 1325/2237/1548
f 1442/2235/1546 1174/2238/1549 1396/2239/1550 1741/2236/1547
f 1741/2236/1547 1396/2239/1550 1158/2240/1551 1399/2241/1552
f 1325/2237/1548 1741/2236/1547 1399/2241/1552 1137/2242/1553
f 1174/2238/1549 1441/2243/1554 1742/2244/1555 1396/2239/1550
f 1441/2243/1554 1169/2245/1556 1432/2246/1557 1742/2244/1555
f 1742/2244/1555 1432/2246/1557 1136/2247/1558 1397/2248/1559
f 1396/2239/1550 1742/2244/1555 1397/2248/1559 1158/2240/1551
f 1158/2240/1551 1397/2248/1559 1743/2249/1560 1398/2250/1561
f 1397/2248/1559 1136/2247/1558 1323/2251/1562 1743/2249/1560
f 1743/2249/1560 1323/2251/1562 1070/2177/1488 1301/2175/1486
f 1398/2250/1561 1743/2249/1560 1301/2175/1486 1125/2170/1481
f 1137/2242/1553 1399/2241/1552 1744/2252/1563 1326/2253/1564
f 1399/2241/1552 1158/2240/1551 1398/2250/1561 1744/2252/1563
f 1744/2252/1563 1398/2250/1561 1125/2170/1481 1302/2167/1478
f 1326/2253/1564 1744/2252/1563 1302/2167/1478 1073/2166/1477
f 1593/2254/1565 1288/2255/1566 1745/2256/1567 1711/2117/1429
f 1288/2255/1566 1118/2257/1568 1400/2258/1569 1745/2256/1567
f 1745/2256/1567 1400/2258/1569 1159/2259/1570 1403/2260/1571
f 1711/2117/1429 1745/2256/1567 1403/2260/1571 1594/2118/1430
f 1118/2257/1568 1287/2261/1572 1746/2262/1573 1400/2258/1569
f 1287/2261/1572 1075/2263/1574 1311/2264/1575 1746/2262/1573
f 1746/2262/1573 1311/2264/1575 1130/2265/1576 1401/2266/1577
f 1400/2258/1569 1746/2262/1573 1401/2266/1577 1159/2259/1570
f 1159/2259/1570 1401/2266/1577 1747/2267/1578 1402/2268/1579
f 1401/2266/1577 1130/2265/1576 1312/2269/1580 1747/2267/1578
f 1747/2267/1578 1312/2269/1580 1076/2208/1519 1310/2207/1518
f 1402/2268/1579 1747/2267/1578 1310/2207/1518 1129/2204/1515
f 1594/2118/1430 1403/2260/1571 1748/2270/1581 1802/2271/1582
f 1403/2260/1571 1159/2259/1570 1402/2268/1579 1748/2270/1581
f 1748/2270/1581 1402/2268/1579 1129/2204/1515 1309/2203/1514
f 1802/2271/1582 1748/2270/1581 1309/2203/1514 1614/2202/1513
f 1052/1820/1156 1224/1823/1159 1749/2272/1583 1319/2273/1584
f 1224/1823/1159 1086/1828/1164 1404/2274/1585 1749/2272/1583
f 1749/2272/1583 1404/2274/1585 1160/2275/1586 1407/2276/1587
f 1319/2273/1584 1749/2272/1583 1407/2276/1587 1134/2277/1588
f 1086/1828/1164 1223/1838/1174 1750/2278/1589 1404/2274/1585
f 1223/1838/1174 1051/1730/1066 1313/2192/1503 1750/2278/1589
f 1750/2278/1589 1313/2192/1503 1131/2196/1507 1405/2279/1590
f 1404/2274/1585 1750/2278/1589 1405/2279/1590 1160/2275/1586
f 1160/2275/1586 1405/2279/1590 1751/2280/1591 1406/2281/1592
f 1405/2279/1590 1131/2196/1507 1314/2206/1517 1751/2280/1591
f 1751/2280/1591 1314/2206/1517 1076/2208/1519 1315/2282/1593
f 1406/2281/1592 1751/2280/1591 1315/2282/1593 1132/2283/1594
f 1134/2277/1588 1407/2276/1587 1752/2284/1595 1320/2285/1596
f 1407/2276/1587 1160/2275/1586 1406/2281/1592 1752/2284/1595
f 1752/2284/1595 1406/2281/1592 1132/2283/1594 1316/2286/1597
f 1320/2285/1596 1752/2284/1595 1316/2286/1597 1077/2233/1544
f 1049/1839/1175 1228/1842/1178 1753/2287/1598 1295/2288/1599
f 1228/1842/1178 1088/1847/1183 1408/2289/1600 1753/2287/1598
f 1753/2287/1598 1408/2289/1600 1161/2290/1601 1411/2291/1602
f 1295/2288/1599 1753/2287/1598 1411/2291/1602 1122/2292/1603
f 1088/1847/1183 1227/1854/1190 1754/2293/1604 1408/2289/1600
f 1227/1854/1190 1052/1820/1156 1319/2273/1584 1754/2293/1604
f 1754/2293/1604 1319/2273/1584 1134/2277/1588 1409/2294/1605
f 1408/2289/1600 1754/2293/1604 1409/2294/1605 1161/2290/1601
f 1161/2290/1601 1409/2294/1605 1755/2295/1606 1410/2296/1607
f 1409/2294/1605 1134/2277/1588 1320/2285/1596 1755/2295/1606
f 1755/2295/1606 1320/2285/1596 1077/2233/1544 1297/2232/1543
f 1410/2296/1607 1755/2295/1606 1297/2232/1543 1123/2229/1540
f 1122/2292/1603 1411/2291/1602 1756/2297/1608 1296/2298/1609
f 1411/2291/1602 1161/2290/1601 1410/2296/1607 1756/2297/1608
f 1756/2297/1608 1410/2296/1607 1123/2229/1540 1298/2228/1539
f 1296/2298/1609 1756/2297/1608 1298/2228/1539 1072/2227/1538
f 1075/2263/1574 1308/2299/1610 1757/2300/1611 1311/2264/1575
f 1308/2299/1610 1128/2301/1612 1412/2302/1613 1757/2300/1611
f 1757/2300/1611 1412/2302/1613 1162/2303/1614 1415/2304/1615
f 1311/2264/1575 1757/2300/1611 1415/2304/1615 1130/2265/1576
f 1128/2301/1612 1307/2305/1616 1758/2306/1617 1412/2302/1613
f 1307/2305/1616 1078/2209/1520 1321/2212/1523 1758/2306/1617
f 1758/2306/1617 1321/2212/1523 1135/2217/1528 1413/2307/1618
f 1412/2302/1613 1758/2306/1617 1413/2307/1618 1162/2303/1614
f 1162/2303/1614 1413/2307/1618 1759/2308/1619 1414/2309/1620
f 1413/2307/1618 1135/2217/1528 1322/2231/1542 1759/2308/1619
f 1759/2308/1619 1322/2231/1542 1077/2233/1544 1316/2286/1597
f 1414/2309/1620 1759/2308/1619 1316/2286/1597 1132/2283/1594
f 1130/2265/1576 1415/2304/1615 1760/2310/1621 1312/2269/1580
f 1415/2304/1615 1162/2303/1614 1414/2309/1620 1760/2310/1621
f 1760/2310/1621 1414/2309/1620 1132/2283/1594 1315/2282/1593
f 1312/2269/1580 1760/2310/1621 1315/2282/1593 1076/2208/1519
f 1773/2311/1622 1761/2312/1623 1764/2313/1624 1774/2314/1625
f 1762/2315/1626 1082/2316/1627 1331/2317/1628
f 1762/2315/1626 1331/2317/1628 1140/2318/1629 1763/2319/1630
f 1761/2312/1623 1762/2320/1626 1763/2321/1630 1764/2313/1624
f 1763/2319/1630 1140/2318/1629 1332/2322/1631
f 1763/2323/1630 1332/2324/1631 1081/2325/1632 1329/2326/1633
f 1764/2327/1624 1763/2323/1630 1329/2326/1633 1139/2328/1634
f 1764/2327/1624 1139/2328/1634 1330/2329/1635
f 1774/2330/1625 1764/2327/1624 1330/2329/1635 1080/2331/1636
f 1218/1888/1218 1765/2332/1637 1416/2333/1638 1085/1889/1219
f 1765/2332/1637 1780/2334/1639 1417/2335/1640 1416/2333/1638
f 1416/2336/1638 1417/2337/1640 1779/2338/1641 1766/2339/1642
f 1766/2339/1642 1779/2338/1641 1824/2340/1643 1801/2133/1444
f 1085/1896/1219 1416/2336/1638 1766/2339/1642 1767/1892/1222
f 1767/1892/1222 1766/2339/1642 1801/2133/1444 1720/1893/1223
f 1084/2341/1644 1789/2342/1645 1768/2343/1646 1338/2344/1647
f 1338/2344/1647 1768/2343/1646 1143/2345/1648
f 1789/2346/1645 1788/2347/1649 1769/2348/1650 1768/2349/1646
f 1768/2349/1646 1769/2348/1650 1770/2350/1651 1771/2351/1652
f 1143/2345/1648 1768/2343/1646 1771/2352/1652 1337/2353/1653
f 1337/2353/1653 1771/2352/1652 1079/2354/1654
f 1840/2355/1655 1772/2356/1656 1775/2357/1657 1839/2358/1658
f 1772/2356/1656 1773/2311/1622 1774/2314/1625 1775/2357/1657
f 1774/2330/1625 1080/2331/1636 1339/2359/1659
f 1775/2360/1657 1774/2330/1625 1339/2359/1659 1144/2361/1660
f 1775/2360/1657 1144/2361/1660 1434/2362/1661
f 1839/2363/1658 1775/2360/1657 1434/2362/1661 1171/2364/1662
f 1773/2311/1622 1791/2365/1663 1776/2366/1664 1761/2312/1623
f 1791/2365/1663 1222/1938/1258 1216/1934/1255 1776/2366/1664
f 1776/2366/1664 1216/1934/1255 1217/1933/1254 1777/2367/1665
f 1217/1936/1254 1047/1937/1257 1333/2078/1390
f 1777/2368/1665 1217/1936/1254 1333/2078/1390 1141/2077/1389
f 1761/2312/1623 1776/2366/1664 1777/2367/1665 1762/2320/1626
f 1777/2368/1665 1141/2077/1389 1334/2369/1666
f 1762/2315/1626 1777/2368/1665 1334/2369/1666 1082/2316/1627
f 1596/2370/1667 1793/2371/1668 1778/2372/1669 1328/2373/1670
f 1328/2373/1670 1778/2372/1669 1418/2374/1671 1138/2375/1672
f 1793/2376/1668 1824/2340/1643 1779/2338/1641 1778/2377/1669
f 1778/2377/1669 1779/2338/1641 1417/2337/1640 1418/2378/1671
f 1418/2379/1671 1417/2335/1640 1780/2334/1639 1781/2380/1673
f 1138/2375/1672 1418/2374/1671 1781/2381/1673 1327/2382/1674
f 1327/2382/1674 1781/2381/1673 1083/2383/1675
f 1220/1953/1268 1782/2384/1676 1783/2385/1677 1219/1954/1269
f 1782/2384/1676 1788/2347/1649 1787/2386/1678 1783/2385/1677
f 1783/2385/1677 1787/2386/1678 1780/2334/1639 1765/2332/1637
f 1219/1954/1269 1783/2385/1677 1765/2332/1637 1218/1888/1218
f 1215/1958/1273 1784/2387/1679 1785/2388/1680 1214/1959/1274
f 1784/2387/1679 1770/2350/1651 1769/2348/1650 1785/2388/1680
f 1785/2388/1680 1769/2348/1650 1788/2347/1649 1782/2384/1676
f 1214/1959/1274 1785/2388/1680 1782/2384/1676 1220/1953/1268
f 1083/2383/1675 1781/2381/1673 1786/2389/1681 1336/2390/1682
f 1336/2390/1682 1786/2389/1681 1142/2391/1683
f 1781/2380/1673 1780/2334/1639 1787/2386/1678 1786/2392/1681
f 1786/2392/1681 1787/2386/1678 1788/2347/1649 1789/2346/1645
f 1142/2391/1683 1786/2389/1681 1789/2342/1645 1335/2393/1684
f 1335/2393/1684 1789/2342/1645 1084/2341/1644
f 1840/2355/1655 1838/2394/1685 1790/2395/1686 1772/2356/1656
f 1838/2394/1685 1427/1970/1284 1221/1969/1283 1790/2395/1686
f 1790/2395/1686 1221/1969/1283 1222/1938/1258 1791/2365/1663
f 1772/2356/1656 1790/2395/1686 1791/2365/1663 1773/2311/1622
f 1908/2396/1687 1533/2397/1688 1617/2398/1689 1807/2399/1690
f 1531/2400/1691 1907/2071/1383 1792/2070/1382 1619/2401/1692
f 1792/2070/1382 1620/2073/1385 1083/2383/1675 1336/2390/1682
f 1619/2401/1692 1792/2070/1382 1336/2390/1682 1142/2391/1683
f 1796/2402/1693 1899/2403/1694 1516/2404/1695 1613/2405/1696
f 1501/2406/1697 1898/2407/1698 1793/2371/1668 1596/2370/1667
f 1118/2257/1568 1288/2255/1566 1794/2408/1699 1597/2409/1700
f 1288/2255/1566 1593/2254/1565 1794/2408/1699
f 1813/2410/1701 1889/2411/1702 1506/2412/1703 1618/2413/1704
f 1504/2414/1705 1888/2415/1706 1794/2408/1699 1593/2254/1565
f 1133/2213/1524 1318/2210/1521 1795/2416/1707 1600/2417/1708
f 1318/2210/1521 1078/2209/1520 1621/2418/1709 1795/2416/1707
f 1821/2419/1710 1913/2420/1711 1540/2421/1712 1599/2422/1713
f 1534/2423/1714 1912/2424/1715 1795/2416/1707 1621/2418/1709
f 1900/2425/1716 1523/2426/1717 1610/2427/1718 1823/2428/1719
f 1521/2429/1720 1899/2430/1694 1796/2431/1693 1612/2432/1721
f 1796/2402/1693 1613/2405/1696 1081/2325/1632 1332/2324/1631
f 1612/2432/1721 1796/2431/1693 1332/2322/1631 1140/2318/1629
f 1509/2433/1722 1918/2434/1723 1797/2435/1724 1607/2436/1725
f 1797/2435/1724 1609/2437/1726 1144/2361/1660 1339/2359/1659
f 1607/2436/1725 1797/2435/1724 1339/2359/1659 1080/2331/1636
f 1119/2179/1490 1290/2178/1489 1798/2438/1727 1608/2439/1728
f 1290/2178/1489 1070/2177/1488 1604/2440/1729 1798/2438/1727
f 1805/2441/1730 1893/2442/1731 1514/2443/1732 1611/2444/1733
f 1512/2445/1734 1892/2446/1735 1798/2438/1727 1604/2440/1729
f 1550/2128/1439 1921/2447/1736 1799/2201/1512 1560/2129/1440
f 1888/2415/1706 1505/2448/1737 1597/2409/1700 1794/2408/1699
f 1502/2449/1738 1887/2450/1739 1800/2451/1740 1595/2452/1741
f 1800/2451/1740 1596/2370/1667 1328/2373/1670
f 1595/2452/1741 1800/2451/1740 1328/2373/1670 1138/2375/1672
f 1687/1989/1303 1923/1996/1310 1488/2113/1425 1569/1997/1311
f 1895/2453/1742 1922/2131/1442 1801/2133/1444 1824/2340/1643
f 1711/2117/1429 1897/2116/1428 1504/2414/1705 1593/2254/1565
f 1518/2454/1743 1896/2455/1744 1802/2271/1582 1614/2202/1513
f 1169/2245/1556 1324/2456/1745 1803/2457/1746 1598/2458/1747
f 1324/2456/1745 1069/2220/1531 1599/2422/1713 1803/2457/1746
f 1540/2421/1712 1926/2459/1748 1803/2457/1746 1599/2422/1713
f 1904/2460/1749 1529/2461/1750 1555/2462/1751 1826/2463/1752
f 1527/2464/1753 1903/2465/1754 1804/2466/1755 1559/2076/1388
f 1804/2466/1755 1616/2467/1756 1082/2316/1627 1334/2369/1666
f 1559/2076/1388 1804/2466/1755 1334/2369/1666 1141/2077/1389
f 1071/2184/1495 1289/2183/1494 1805/2441/1730 1611/2444/1733
f 1289/2183/1494 1119/2179/1490 1608/2439/1728 1805/2441/1730
f 1894/2468/1757 1510/2469/1758 1606/2470/1759 1806/2471/1760
f 1513/2472/1761 1893/2442/1731 1805/2441/1730 1608/2439/1728
f 1516/2404/1695 1894/2468/1757 1806/2471/1760 1613/2405/1696
f 1806/2471/1760 1606/2470/1759 1139/2328/1634 1329/2326/1633
f 1613/2405/1696 1806/2471/1760 1329/2326/1633 1081/2325/1632
f 1128/2301/1612 1308/2299/1610 1807/2399/1690 1617/2398/1689
f 1308/2299/1610 1075/2263/1574 1618/2413/1704 1807/2399/1690
f 1817/2473/1762 1909/2474/1763 1534/2423/1714 1621/2418/1709
f 1506/2412/1703 1908/2396/1687 1807/2399/1690 1618/2413/1704
f 1474/2047/1359 1868/2007/1320 1808/2006/1319 1557/2048/1360
f 1556/2009/1322 1047/1937/1257 1279/1935/1256 1808/2006/1319
f 1808/2006/1319 1279/1935/1256 1114/1932/1253 1557/2048/1360
f 1869/2084/1396 1477/2050/1362 1558/2043/1355 1702/2081/1393
f 1074/2190/1501 1303/2189/1500 1809/2475/1764 1615/2476/1765
f 1303/2189/1500 1126/2186/1497 1610/2427/1718 1809/2475/1764
f 1902/2477/1766 1521/2429/1720 1612/2432/1721 1810/2478/1767
f 1523/2426/1717 1901/2479/1768 1809/2475/1764 1610/2427/1718
f 1804/2466/1755 1903/2465/1754 1526/2480/1769 1616/2467/1756
f 1526/2480/1769 1902/2477/1766 1810/2478/1767 1616/2467/1756
f 1810/2478/1767 1612/2432/1721 1140/2318/1629 1331/2317/1628
f 1616/2467/1756 1810/2478/1767 1331/2317/1628 1082/2316/1627
f 1799/2201/1512 1921/2447/1736 1518/2454/1743 1614/2202/1513
f 1499/2065/1377 1920/2127/1438 1811/2130/1441 1561/1754/1090
f 1912/2424/1715 1539/2481/1770 1600/2417/1708 1795/2416/1707
f 1537/2482/1771 1911/2483/1772 1812/2484/1773 1603/2485/1774
f 1812/2484/1773 1622/2486/1775 1084/2341/1644 1338/2344/1647
f 1603/2485/1774 1812/2484/1773 1338/2344/1647 1143/2345/1648
f 1075/2263/1574 1287/2261/1572 1813/2410/1701 1618/2413/1704
f 1287/2261/1572 1118/2257/1568 1597/2409/1700 1813/2410/1701
f 1890/2487/1776 1502/2449/1738 1595/2452/1741 1814/2488/1777
f 1505/2448/1737 1889/2411/1702 1813/2410/1701 1597/2409/1700
f 1820/2489/1778 1891/2490/1779 1509/2433/1722 1607/2436/1725
f 1508/2072/1384 1890/2487/1776 1814/2488/1777 1620/2073/1385
f 1814/2488/1777 1595/2452/1741 1138/2375/1672 1327/2382/1674
f 1620/2073/1385 1814/2488/1777 1327/2382/1674 1083/2383/1675
f 1496/1992/1306 1883/2491/1780 1815/2492/1781 1573/1993/1307
f 1578/2028/1340 1117/1925/1247 1431/1923/1246 1815/2492/1781
f 1815/2492/1781 1431/1923/1246 1168/1922/1245 1573/1993/1307
f 1696/1894/1224 1884/2493/1782 1863/2124/1436 1718/1898/1226
f 1926/2459/1748 1546/2494/1783 1598/2458/1747 1803/2457/1746
f 1543/2495/1784 1925/2109/1421 1816/2108/1420 1601/2496/1785
f 1816/2108/1420 1602/2111/1423 1079/2354/1654 1340/2497/1786
f 1601/2496/1785 1816/2108/1420 1340/2497/1786 1171/2364/1662
f 1078/2209/1520 1307/2305/1616 1817/2473/1762 1621/2418/1709
f 1307/2305/1616 1128/2301/1612 1617/2398/1689 1817/2473/1762
f 1910/2498/1787 1531/2400/1691 1619/2401/1692 1818/2499/1788
f 1533/2397/1688 1909/2474/1763 1817/2473/1762 1617/2398/1689
f 1812/2484/1773 1911/2483/1772 1536/2500/1789 1622/2486/1775
f 1536/2500/1789 1910/2498/1787 1818/2499/1788 1622/2486/1775
f 1818/2499/1788 1619/2401/1692 1142/2391/1683 1335/2393/1684
f 1622/2486/1775 1818/2499/1788 1335/2393/1684 1084/2341/1644
f 1070/2177/1488 1323/2251/1562 1819/2501/1790 1604/2440/1729
f 1323/2251/1562 1136/2247/1558 1605/2502/1791 1819/2501/1790
f 1918/2434/1723 1544/2503/1792 1609/2437/1726 1797/2435/1724
f 1547/2504/1793 1917/2505/1794 1819/2501/1790 1605/2502/1791
f 1892/2446/1735 1513/2472/1761 1608/2439/1728 1798/2438/1727
f 1510/2469/1758 1891/2490/1779 1820/2489/1778 1606/2470/1759
f 1820/2489/1778 1607/2436/1725 1080/2331/1636 1330/2329/1635
f 1606/2470/1759 1820/2489/1778 1330/2329/1635 1139/2328/1634
f 1069/2220/1531 1317/2218/1529 1821/2419/1710 1599/2422/1713
f 1317/2218/1529 1133/2213/1524 1600/2417/1708 1821/2419/1710
f 1914/2506/1795 1537/2482/1771 1603/2485/1774 1822/2507/1796
f 1539/2481/1770 1913/2420/1711 1821/2419/1710 1600/2417/1708
f 1837/2508/1797 1915/2509/1798 1543/2495/1784 1601/2496/1785
f 1542/2110/1422 1914/2506/1795 1822/2507/1796 1602/2111/1423
f 1822/2507/1796 1603/2485/1774 1143/2345/1648 1337/2353/1653
f 1602/2111/1423 1822/2507/1796 1337/2353/1653 1079/2354/1654
f 1126/2186/1497 1304/2185/1496 1823/2428/1719 1610/2427/1718
f 1304/2185/1496 1071/2184/1495 1611/2444/1733 1823/2428/1719
f 1809/2475/1764 1901/2479/1768 1524/2510/1799 1615/2476/1765
f 1514/2443/1732 1900/2425/1716 1823/2428/1719 1611/2444/1733
f 1896/2455/1744 1519/2115/1427 1594/2118/1430 1802/2271/1582
f 1898/2511/1698 1895/2453/1742 1824/2340/1643 1793/2376/1668
f 1919/2132/1443 1884/2493/1782 1696/1894/1224 1720/1893/1223
f 1498/2054/1366 1886/2064/1376 1825/1753/1089 1562/1750/1086
f 1800/2451/1740 1887/2450/1739 1501/2406/1697 1596/2370/1667
f 1127/2512/1800 1306/2513/1801 1826/2463/1752 1555/2462/1751
f 1306/2513/1801 1074/2190/1501 1615/2476/1765 1826/2463/1752
f 1554/2080/1392 1927/2514/1802 1905/2515/1803 1476/2083/1395
f 1524/2510/1799 1904/2460/1749 1826/2463/1752 1615/2476/1765
f 1073/2166/1477 1293/2169/1480 1827/2516/1804 1292/2517/1805
f 1293/2169/1480 1121/2174/1485 1419/2518/1806 1827/2516/1804
f 1827/2516/1804 1419/2518/1806 1163/2519/1807 1422/2520/1808
f 1292/2517/1805 1827/2516/1804 1422/2520/1808 1120/2521/1809
f 1121/2174/1485 1294/2188/1499 1828/2522/1810 1419/2518/1806
f 1294/2188/1499 1074/2190/1501 1306/2513/1801 1828/2522/1810
f 1828/2522/1810 1306/2513/1801 1127/2512/1800 1420/2523/1811
f 1419/2518/1806 1828/2522/1810 1420/2523/1811 1163/2519/1807
f 1163/2519/1807 1420/2523/1811 1829/2524/1812 1421/2525/1813
f 1420/2523/1811 1127/2512/1800 1305/2526/1814 1829/2524/1812
f 1829/2524/1812 1305/2526/1814 1050/2079/1391 1229/2148/1459
f 1421/2525/1813 1829/2524/1812 1229/2148/1459 1089/2144/1455
f 1120/2521/1809 1422/2520/1808 1830/2527/1815 1291/2528/1816
f 1422/2520/1808 1163/2519/1807 1421/2525/1813 1830/2527/1815
f 1830/2527/1815 1421/2525/1813 1089/2144/1455 1230/2143/1454
f 1291/2528/1816 1830/2527/1815 1230/2143/1454 1048/2142/1453
f 1170/2234/1545 1325/2237/1548 1831/2529/1817 1440/2530/1818
f 1325/2237/1548 1137/2242/1553 1423/2531/1819 1831/2529/1817
f 1831/2529/1817 1423/2531/1819 1164/2532/1820 1426/2533/1821
f 1440/2530/1818 1831/2529/1817 1426/2533/1821 1175/2534/1822
f 1137/2242/1553 1326/2253/1564 1832/2535/1823 1423/2531/1819
f 1326/2253/1564 1073/2166/1477 1292/2517/1805 1832/2535/1823
f 1832/2535/1823 1292/2517/1805 1120/2521/1809 1424/2536/1824
f 1423/2531/1819 1832/2535/1823 1424/2536/1824 1164/2532/1820
f 1164/2532/1820 1424/2536/1824 1833/2537/1825 1425/2538/1826
f 1424/2536/1824 1120/2521/1809 1291/2528/1816 1833/2537/1825
f 1833/2537/1825 1291/2528/1816 1048/2142/1453 1231/2164/1475
f 1425/2538/1826 1833/2537/1825 1231/2164/1475 1090/2160/1471
f 1175/2534/1822 1426/2533/1821 1834/2539/1827 1439/2540/1828
f 1426/2533/1821 1164/2532/1820 1425/2538/1826 1834/2539/1827
f 1834/2539/1827 1425/2538/1826 1090/2160/1471 1428/2159/1470
f 1439/2540/1828 1834/2539/1827 1428/2159/1470 1165/2158/1469
f 1122/2292/1603 1438/2541/1829 1835/2542/1830 1295/2288/1599
f 1438/2541/1829 1175/2534/1822 1439/2540/1828 1835/2542/1830
f 1835/2542/1830 1439/2540/1828 1165/2158/1469 1232/2543/1831
f 1295/2288/1599 1835/2542/1830 1232/2543/1831 1049/1839/1175
f 1072/2227/1538 1433/2544/1832 1836/2545/1833 1296/2298/1609
f 1433/2544/1832 1170/2234/1545 1440/2530/1818 1836/2545/1833
f 1836/2545/1833 1440/2530/1818 1175/2534/1822 1438/2541/1829
f 1296/2298/1609 1836/2545/1833 1438/2541/1829 1122/2292/1603
f 1916/2546/1834 1547/2504/1793 1605/2502/1791 1845/2547/1835
f 1544/2503/1792 1915/2509/1798 1837/2508/1797 1609/2437/1726
f 1837/2508/1797 1601/2496/1785 1171/2364/1662 1434/2362/1661
f 1609/2437/1726 1837/2508/1797 1434/2362/1661 1144/2361/1660
f 1784/2387/1679 1215/1958/1273 1427/1970/1284 1838/2394/1685
f 1770/2350/1651 1784/2387/1679 1838/2394/1685 1840/2355/1655
f 1839/2363/1658 1171/2364/1662 1340/2497/1786
f 1771/2352/1652 1839/2363/1658 1340/2497/1786 1079/2354/1654
f 1770/2350/1651 1840/2355/1655 1839/2358/1658 1771/2351/1652
f 1124/2222/1533 1299/2221/1532 1841/2548/1836 1437/2549/1837
f 1299/2221/1532 1069/2220/1531 1324/2456/1745 1841/2548/1836
f 1841/2548/1836 1324/2456/1745 1169/2245/1556 1441/2243/1554
f 1437/2549/1837 1841/2548/1836 1441/2243/1554 1174/2238/1549
f 1072/2227/1538 1300/2226/1537 1842/2550/1838 1433/2544/1832
f 1300/2226/1537 1124/2222/1533 1437/2549/1837 1842/2550/1838
f 1842/2550/1838 1437/2549/1837 1174/2238/1549 1442/2235/1546
f 1433/2544/1832 1842/2550/1838 1442/2235/1546 1170/2234/1545
f 1095/1843/1179 1241/1840/1176 1843/2551/1839 1436/2552/1840
f 1241/1840/1176 1049/1839/1175 1232/2543/1831 1843/2551/1839
f 1843/2551/1839 1232/2543/1831 1165/2158/1469 1443/2156/1467
f 1436/2552/1840 1843/2551/1839 1443/2156/1467 1173/2152/1463
f 1056/1773/1109 1242/1848/1184 1844/2553/1841 1430/2554/1842
f 1242/1848/1184 1095/1843/1179 1436/2552/1840 1844/2553/1841
f 1844/2553/1841 1436/2552/1840 1173/2152/1463 1444/2150/1461
f 1430/2554/1842 1844/2553/1841 1444/2150/1461 1167/1780/1116
f 1136/2247/1558 1432/2246/1557 1845/2547/1835 1605/2502/1791
f 1432/2246/1557 1169/2245/1556 1598/2458/1747 1845/2547/1835
f 1819/2501/1790 1917/2505/1794 1512/2445/1734 1604/2440/1729
f 1546/2494/1783 1916/2546/1834 1845/2547/1835 1598/2458/1747
f 1109/1795/1131 1575/2032/1344 1846/2122/1434 1429/1798/1134
f 1883/2491/1780 1491/2025/1337 1578/2028/1340 1815/2492/1781
f 1493/2031/1343 1882/2123/1435 1846/2122/1434 1575/2032/1344
f 1429/1798/1134 1846/2122/1434 1568/1988/1302 1166/1799/1135
f 1678/1961/1276 1847/1968/1282 1427/1970/1284 1215/1958/1273
f 1663/1913/1238 1849/1917/1241 1847/1968/1282 1678/1961/1276
f 1662/1909/1236 1063/1910/1237 1286/2107/1419 1848/1921/1242
f 1848/1921/1242 1286/2107/1419 1168/1922/1245
f 1663/1913/1238 1662/1912/1236 1848/1918/1242 1849/1917/1241
f 1097/1775/1111 1435/2555/1843 1850/2556/1844 1245/1778/1114
f 1435/2555/1843 1172/1788/1124 1445/1797/1133 1850/2556/1844
f 1850/2556/1844 1445/1797/1133 1166/1799/1135 1270/1990/1304
f 1245/1778/1114 1850/2556/1844 1270/1990/1304 1053/1779/1115
f 1056/1773/1109 1430/2554/1842 1851/2557/1845 1246/1774/1110
f 1430/2554/1842 1167/1780/1116 1446/1783/1119 1851/2557/1845
f 1851/2557/1845 1446/1783/1119 1172/1788/1124 1435/2555/1843
f 1246/1774/1110 1851/2557/1845 1435/2555/1843 1097/1775/1111
f 1852/2105/1417 1448/2035/1347 1194/2558/1846 1449/2559/1847
f 1447/1971/1285 1852/2105/1417 1449/2559/1847 1184/2560/1848
f 1184/2561/1848 1449/2562/1847 1853/1986/1300 1450/1985/1299
f 1449/2562/1847 1194/2563/1846 1451/2038/1350 1853/1986/1300
f 1854/1983/1297 1451/2038/1350 1194/2563/1846 1453/2564/1849
f 1452/1984/1298 1854/1983/1297 1453/2564/1849 1178/2565/1850
f 1178/2566/1850 1453/2567/1849 1855/2034/1346 1454/2039/1351
f 1453/2567/1849 1194/2558/1846 1448/2035/1347 1855/2034/1346
f 1856/2041/1353 1456/2067/1379 1195/2568/1851 1457/2569/1852
f 1455/2000/1314 1856/2041/1353 1457/2569/1852 1181/2570/1853
f 1181/2571/1853 1457/2572/1852 1857/2017/1330 1458/2016/1329
f 1457/2572/1852 1195/2573/1851 1459/2069/1381 1857/2017/1330
f 1858/2013/1326 1459/2069/1381 1195/2573/1851 1461/2574/1854
f 1460/2014/1327 1858/2013/1326 1461/2574/1854 1180/2575/1855
f 1180/2576/1855 1461/2577/1854 1859/2119/1431 1462/2095/1407
f 1461/2577/1854 1195/2568/1851 1456/2067/1379 1859/2119/1431
f 1860/2121/1433 1196/2578/1856 1463/2579/1857
f 1454/2039/1351 1860/2121/1433 1463/2579/1857 1178/2566/1850
f 1178/2565/1850 1463/2580/1857 1861/1998/1312 1452/1984/1298
f 1463/2580/1857 1196/2581/1856 1464/1999/1313 1861/1998/1312
f 1862/2126/1437 1464/1999/1313 1196/2581/1856 1466/2582/1858
f 1465/2066/1378 1862/2126/1437 1466/2582/1858 1182/2583/1859
f 1182/2584/1859 1466/2585/1858 1863/2124/1436
f 1466/2585/1858 1196/2586/1856 1860/2125/1433 1863/2124/1436
f 1864/2090/1402 1468/2022/1334 1197/2587/1860 1469/2588/1861
f 1467/2055/1367 1864/2090/1402 1469/2588/1861 1183/2589/1862
f 1183/2590/1862 1469/2591/1861 1865/2063/1375 1470/2062/1374
f 1469/2591/1861 1197/2592/1860 1471/2023/1335 1865/2063/1375
f 1866/2024/1336 1471/2023/1335 1197/2592/1860 1472/2593/1863
f 1458/2016/1329 1866/2024/1336 1472/2593/1863 1181/2571/1853
f 1181/2570/1853 1472/2594/1863 1867/2001/1315 1455/2000/1314
f 1472/2595/1863 1197/2587/1860 1468/2022/1334 1867/2021/1315
f 1868/2007/1320 1474/2047/1359 1198/2596/1864 1475/2597/1865
f 1473/2008/1321 1868/2007/1320 1475/2597/1865 1176/2598/1866
f 1176/2599/1866 1475/2600/1865 1869/2084/1396 1476/2083/1395
f 1475/2600/1865 1198/2601/1864 1477/2050/1362 1869/2084/1396
f 1870/2051/1363 1477/2050/1362 1198/2601/1864 1478/2602/1867
f 1470/2062/1374 1870/2051/1363 1478/2602/1867 1183/2590/1862
f 1183/2589/1862 1478/2603/1867 1871/2046/1358 1467/2055/1367
f 1478/2603/1867 1198/2596/1864 1474/2047/1359 1871/2046/1358
f 1872/2058/1370 1480/2087/1399 1199/2604/1868 1481/2605/1869
f 1479/2059/1371 1872/2058/1370 1481/2605/1869 1185/2606/1870
f 1185/2607/1870 1481/2608/1869 1873/2099/1411 1482/2098/1410
f 1481/2608/1869 1199/2609/1868 1483/2088/1400 1873/2099/1411
f 1874/2089/1401 1483/2088/1400 1199/2609/1868 1484/2610/1871
f 1450/1985/1299 1874/2089/1401 1484/2610/1871 1184/2561/1848
f 1184/2560/1848 1484/2611/1871 1875/1972/1286 1447/1971/1285
f 1484/2611/1871 1199/2604/1868 1480/2087/1399 1875/1972/1286
f 1876/1977/1291 1486/2102/1414 1200/2612/1872 1487/2613/1873
f 1485/1978/1292 1876/1977/1291 1487/2613/1873 1179/2614/1874
f 1179/2615/1874 1487/2616/1873 1877/2114/1426 1488/2113/1425
f 1487/2616/1873 1200/2617/1872 1489/2103/1415 1877/2114/1426
f 1878/2104/1416 1489/2103/1415 1200/2617/1872 1490/2618/1875
f 1482/2098/1410 1878/2104/1416 1490/2618/1875 1185/2607/1870
f 1185/2606/1870 1490/2619/1875 1879/2092/1404 1479/2059/1371
f 1490/2619/1875 1200/2612/1872 1486/2102/1414 1879/2092/1404
f 1880/2026/1338 1491/2025/1337 1201/2620/1876 1492/2621/1877
f 1462/2095/1407 1880/2026/1338 1492/2621/1877 1180/2576/1855
f 1180/2575/1855 1492/2622/1877 1881/2030/1342 1460/2014/1327
f 1492/2622/1877 1201/2623/1876 1493/2031/1343 1881/2030/1342
f 1882/2123/1435 1493/2031/1343 1201/2623/1876 1495/2624/1878
f 1494/1995/1309 1882/2123/1435 1495/2624/1878 1212/2625/1879
f 1212/2626/1879 1495/2627/1878 1883/2491/1780 1496/1992/1306
f 1495/2627/1878 1201/2620/1876 1491/2025/1337 1883/2491/1780
f 1884/2493/1782 1202/2628/1880 1497/2629/1881
f 1863/2124/1436 1884/2493/1782 1497/2629/1881 1182/2584/1859
f 1182/2583/1859 1497/2630/1881 1885/2053/1365 1465/2066/1378
f 1497/2630/1881 1202/2631/1880 1498/2054/1366 1885/2053/1365
f 1886/2064/1376 1498/2054/1366 1202/2631/1880 1500/2632/1882
f 1499/2065/1377 1886/2064/1376 1500/2632/1882 1177/2633/1883
f 1177/2634/1883 1500/2635/1882 1919/2132/1443
f 1500/2635/1882 1202/2628/1880 1884/2493/1782 1919/2132/1443
f 1887/2450/1739 1502/2449/1738 1203/2636/1884 1503/2637/1885
f 1501/2406/1697 1887/2450/1739 1503/2637/1885 1186/2638/1886
f 1186/2639/1886 1503/2640/1885 1888/2415/1706 1504/2414/1705
f 1503/2640/1885 1203/2641/1884 1505/2448/1737 1888/2415/1706
f 1889/2411/1702 1505/2448/1737 1203/2641/1884 1507/2642/1887
f 1506/2412/1703 1889/2411/1702 1507/2642/1887 1192/2643/1888
f 1192/2644/1888 1507/2645/1887 1890/2487/1776 1508/2072/1384
f 1507/2645/1887 1203/2636/1884 1502/2449/1738 1890/2487/1776
f 1891/2490/1779 1510/2469/1758 1204/2646/1889 1511/2647/1890
f 1509/2433/1722 1891/2490/1779 1511/2647/1890 1188/2648/1891
f 1188/2649/1891 1511/2650/1890 1892/2446/1735 1512/2445/1734
f 1511/2650/1890 1204/2651/1889 1513/2472/1761 1892/2446/1735
f 1893/2442/1731 1513/2472/1761 1204/2651/1889 1515/2652/1892
f 1514/2443/1732 1893/2442/1731 1515/2652/1892 1189/2653/1893
f 1189/2654/1893 1515/2655/1892 1894/2468/1757 1516/2404/1695
f 1515/2655/1892 1204/2646/1889 1510/2469/1758 1894/2468/1757
f 1895/2453/1742 1898/2511/1698 1205/2656/1894 1517/2657/1895
f 1895/2453/1742 1517/2657/1895 1190/2658/1896
f 1190/2659/1896 1517/2660/1895 1896/2455/1744 1518/2454/1743
f 1517/2660/1895 1205/2661/1894 1519/2115/1427 1896/2455/1744
f 1897/2116/1428 1519/2115/1427 1205/2661/1894 1520/2662/1897
f 1504/2414/1705 1897/2116/1428 1520/2662/1897 1186/2639/1886
f 1186/2638/1886 1520/2663/1897 1898/2407/1698 1501/2406/1697
f 1520/2664/1897 1205/2656/1894 1898/2511/1698
f 1899/2430/1694 1521/2429/1720 1206/2665/1898 1522/2666/1899
f 1516/2404/1695 1899/2403/1694 1522/2667/1899 1189/2654/1893
f 1189/2653/1893 1522/2668/1899 1900/2425/1716 1514/2443/1732
f 1522/2668/1899 1206/2669/1898 1523/2426/1717 1900/2425/1716
f 1901/2479/1768 1523/2426/1717 1206/2669/1898 1525/2670/1900
f 1524/2510/1799 1901/2479/1768 1525/2670/1900 1191/2671/1901
f 1191/2672/1901 1525/2673/1900 1902/2477/1766 1526/2480/1769
f 1525/2673/1900 1206/2665/1898 1521/2429/1720 1902/2477/1766
f 1903/2465/1754 1527/2464/1753 1207/2674/1902 1528/2675/1903
f 1526/2480/1769 1903/2465/1754 1528/2675/1903 1191/2672/1901
f 1191/2671/1901 1528/2676/1903 1904/2460/1749 1524/2510/1799
f 1528/2676/1903 1207/2677/1902 1529/2461/1750 1904/2460/1749
f 1927/2514/1802 1555/2462/1751 1529/2461/1750 1905/2515/1803
f 1906/2074/1386 1527/2464/1753 1559/2076/1388 1701/2075/1387
f 1905/2515/1803 1529/2461/1750 1207/2677/1902 1530/2678/1904
f 1476/2083/1395 1905/2515/1803 1530/2678/1904 1176/2599/1866
f 1176/2598/1866 1530/2679/1904 1906/2074/1386 1473/2008/1321
f 1530/2679/1904 1207/2674/1902 1527/2464/1753 1906/2074/1386
f 1907/2071/1383 1531/2400/1691 1208/2680/1905 1532/2681/1906
f 1508/2072/1384 1907/2071/1383 1532/2681/1906 1192/2644/1888
f 1192/2643/1888 1532/2682/1906 1908/2396/1687 1506/2412/1703
f 1532/2682/1906 1208/2683/1905 1533/2397/1688 1908/2396/1687
f 1909/2474/1763 1533/2397/1688 1208/2683/1905 1535/2684/1907
f 1534/2423/1714 1909/2474/1763 1535/2684/1907 1193/2685/1908
f 1193/2686/1908 1535/2687/1907 1910/2498/1787 1536/2500/1789
f 1535/2687/1907 1208/2680/1905 1531/2400/1691 1910/2498/1787
f 1911/2483/1772 1537/2482/1771 1209/2688/1909 1538/2689/1910
f 1536/2500/1789 1911/2483/1772 1538/2689/1910 1193/2686/1908
f 1193/2685/1908 1538/2690/1910 1912/2424/1715 1534/2423/1714
f 1538/2690/1910 1209/2691/1909 1539/2481/1770 1912/2424/1715
f 1913/2420/1711 1539/2481/1770 1209/2691/1909 1541/2692/1911
f 1540/2421/1712 1913/2420/1711 1541/2692/1911 1187/2693/1912
f 1187/2694/1912 1541/2695/1911 1914/2506/1795 1542/2110/1422
f 1541/2695/1911 1209/2688/1909 1537/2482/1771 1914/2506/1795
f 1915/2509/1798 1544/2503/1792 1210/2696/1913 1545/2697/1914
f 1543/2495/1784 1915/2509/1798 1545/2697/1914 1213/2698/1915
f 1213/2699/1915 1545/2700/1914 1916/2546/1834 1546/2494/1783
f 1545/2700/1914 1210/2701/1913 1547/2504/1793 1916/2546/1834
f 1917/2505/1794 1547/2504/1793 1210/2701/1913 1548/2702/1916
f 1512/2445/1734 1917/2505/1794 1548/2702/1916 1188/2649/1891
f 1188/2648/1891 1548/2703/1916 1918/2434/1723 1509/2433/1722
f 1548/2703/1916 1210/2696/1913 1544/2503/1792 1918/2434/1723
f 1919/2132/1443 1922/2131/1442 1211/2704/1917 1549/2705/1918
f 1919/2132/1443 1549/2705/1918 1177/2634/1883
f 1177/2633/1883 1549/2706/1918 1920/2127/1438 1499/2065/1377
f 1549/2706/1918 1211/2707/1917 1550/2128/1439 1920/2127/1438
f 1921/2447/1736 1550/2128/1439 1211/2707/1917 1551/2708/1919
f 1518/2454/1743 1921/2447/1736 1551/2708/1919 1190/2659/1896
f 1190/2658/1896 1551/2709/1919 1922/2131/1442 1895/2453/1742
f 1551/2709/1919 1211/2704/1917 1922/2131/1442
f 1923/1996/1310 1494/1995/1309 1212/2625/1879 1552/2710/1920
f 1488/2113/1425 1923/1996/1310 1552/2710/1920 1179/2615/1874
f 1179/2614/1874 1552/2711/1920 1924/1991/1305 1485/1978/1292
f 1552/2711/1920 1212/2626/1879 1496/1992/1306 1924/1991/1305
f 1925/2109/1421 1543/2495/1784 1213/2698/1915 1553/2712/1921
f 1542/2110/1422 1925/2109/1421 1553/2712/1921 1187/2694/1912
f 1187/2693/1912 1553/2713/1921 1926/2459/1748 1540/2421/1712
f 1553/2713/1921 1213/2699/1915 1546/2494/1783 1926/2459/1748
f 1050/2079/1391 1305/2526/1814 1927/2514/1802 1554/2080/1392
f 1305/2526/1814 1127/2512/1800 1555/2462/1751 1927/2514/1802
f 1708/2106/1418 1852/2105/1417 1447/1971/1285 1589/1974/1288
f 1959/2714/1922 1962/2715/1923 1961/2716/1924
f 1959/2714/1922 1960/2717/1925 1963/2718/1926 1962/2715/1923
f 1997/2719/1927 1974/2720/1928 1959/2721/1922 1976/2722/1929
f 1974/2723/1928 1975/2724/1930 1960/2725/1925 1959/2726/1922
f 1975/2724/1930 1930/2727/1931 1939/2728/1932 1960/2725/1925
f 1960/2717/1925 1939/2729/1932 1938/2730/1933
f 1960/2717/1925 1938/2730/1933 1937/2731/1934 1963/2718/1926
f 1963/2718/1926 1937/2731/1934 1931/2732/1935 1947/2733/1936
f 1962/2715/1923 1963/2718/1926 1947/2733/1936 1946/2734/1937
f 1961/2716/1924 1962/2715/1923 1946/2734/1937 1945/2735/1938
f 2013/2736/1939 2071/2737/1940 2047/2738/1941 2024/2739/1942
f 1944/2740/1943 1982/2741/1944 1967/2742/1945 1940/2743/1946
f 1964/2744/1947 1965/2745/1948 1967/2742/1945 1966/2746/1949
f 2168/2747/1950 2163/2748/1951 1984/2749/1952 1989/2750/1953
f 2163/2748/1951 2164/2751/1954 1985/2752/1955 1984/2749/1952
f 2143/2753/1956 2144/2754/1957 1965/2745/1948 1964/2744/1947
f 1977/2755/1958 1979/2756/1959 1978/2757/1960 1976/2758/1929
f 2140/2759/1961 2156/2760/1962 2128/2761/1963 2124/2762/1964
f 1985/2763/1955 1964/2744/1947 1966/2746/1949 1987/2764/1965
f 1968/2765/1966 1969/2766/1967 1971/2767/1968 1970/2768/1969
f 1933/2769/1970 1955/2770/1971 1968/2765/1966
f 1955/2770/1971 1954/2771/1972 1968/2765/1966
f 1954/2771/1972 1953/2772/1973 1969/2766/1967 1968/2765/1966
f 1953/2772/1973 1929/2773/1974 1969/2766/1967
f 1970/2774/1969 1971/2775/1968 1990/2776/1975 1991/2777/1976
f 1972/2778/1977 1973/2779/1978 1975/2724/1930 1974/2723/1928
f 1990/2776/1975 1971/2775/1968 1972/2780/1977 1996/2781/1979
f 1971/2767/1968 1969/2766/1967 1973/2779/1978 1972/2778/1977
f 1969/2766/1967 1929/2773/1974 1958/2782/1980 1973/2779/1978
f 1973/2779/1978 1958/2782/1980 1957/2783/1981
f 1973/2779/1978 1957/2783/1981 1956/2784/1982 1975/2724/1930
f 1975/2724/1930 1956/2784/1982 1930/2727/1931
f 1996/2781/1979 1972/2780/1977 1974/2720/1928 1997/2719/1927
f 1948/2785/1983 1979/2756/1959 1977/2755/1958 1949/2786/1984
f 2040/2787/1985 2219/2788/1986 2270/2789/1987 2091/2790/1988
f 2144/2754/1957 2120/2791/1989 1941/2792/1990 1965/2745/1948
f 2158/2793/1991 1979/2756/1959 1948/2785/1983 2127/2794/1992
f 1997/2719/1927 1976/2722/1929 1978/2795/1960 1999/2796/1993
f 1980/2797/1994 1981/2798/1995 1983/2799/1996 1982/2741/1944
f 1928/2800/1997 1936/2801/1998 1980/2797/1994 1942/2802/1999
f 1936/2801/1998 1935/2803/2000 1981/2798/1995 1980/2797/1994
f 1935/2803/2000 1934/2804/2001 1981/2798/1995
f 1934/2804/2001 1932/2805/2002 1992/2806/2003 1981/2798/1995
f 1981/2798/1995 1992/2806/2003 1994/2807/2004 1983/2799/1996
f 1983/2799/1996 1994/2807/2004 1987/2764/1965 1966/2746/1949
f 1982/2741/1944 1983/2799/1996 1966/2746/1949 1967/2742/1945
f 1943/2808/2005 1982/2741/1944 1944/2740/1943
f 1942/2802/1999 1980/2797/1994 1982/2741/1944 1943/2808/2005
f 1984/2749/1952 1985/2752/1955 1987/2809/1965 1986/2810/2006
f 2167/2811/2007 1988/2812/2008 1998/2813/2009 2177/2814/2010
f 2177/2814/2010 1998/2813/2009 1999/2796/1993 2178/2815/2011
f 1989/2750/1953 1984/2749/1952 1986/2810/2006 1991/2777/1976
f 1988/2812/2008 1989/2750/1953 1991/2777/1976 1990/2776/1975
f 2157/2816/2012 1978/2757/1960 1979/2756/1959 2158/2793/1991
f 1992/2817/2003 1993/2818/2013 1995/2819/2014 1994/2820/2004
f 1932/2805/2002 1952/2821/2015 1992/2806/2003
f 1952/2822/2015 1951/2823/2016 1993/2818/2013 1992/2817/2003
f 1951/2823/2016 1950/2824/2017 1993/2818/2013
f 1950/2824/2017 1933/2769/1970 1968/2765/1966 1993/2818/2013
f 1993/2818/2013 1968/2765/1966 1970/2768/1969 1995/2819/2014
f 1995/2825/2014 1970/2774/1969 1991/2777/1976 1986/2810/2006
f 1994/2826/2004 1995/2825/2014 1986/2810/2006 1987/2809/1965
f 1996/2781/1979 1997/2719/1927 1999/2796/1993 1998/2813/2009
f 1940/2743/1946 1967/2742/1945 1965/2745/1948 1941/2792/1990
f 2178/2815/2011 1999/2796/1993 1978/2795/1960 2157/2827/2012
f 1990/2776/1975 1996/2781/1979 1998/2813/2009 1988/2812/2008
f 2047/2738/1941 2049/2828/2018 2050/2829/2019 2048/2830/2020
f 2049/2828/2018 2051/2831/2021 2052/2832/2022 2050/2829/2019
f 2047/2738/1941 2071/2737/1940 2072/2833/2023 2049/2828/2018
f 2024/2739/1942 2047/2738/1941 2048/2830/2020 2023/2834/2024
f 2023/2834/2024 2048/2830/2020 2011/2835/2025 2002/2836/2026
f 2048/2830/2020 2050/2829/2019 2010/2837/2027 2011/2835/2025
f 2050/2829/2019 2052/2832/2022 2009/2838/2028 2010/2837/2027
f 2052/2832/2022 2027/2839/2029 2003/2840/2030 2009/2838/2028
f 2051/2831/2021 2026/2841/2031 2027/2839/2029 2052/2832/2022
f 2051/2831/2021 2025/2842/2032 2026/2841/2031
f 2094/2843/2033 2062/2844/2034 2043/2845/2035 2041/2846/2036
f 2051/2831/2021 2073/2847/2037 2029/2848/2038 2025/2842/2032
f 2049/2828/2018 2072/2833/2023 2073/2847/2037 2051/2831/2021
f 2054/2849/2039 2057/2850/2040 2058/2851/2041 2055/2852/2042
f 2055/2852/2042 2058/2851/2041 2016/2853/2043 2017/2854/2044
f 2035/2855/2045 2214/2856/2046 2264/2857/2047 2085/2858/2048
f 2053/2859/2049 2232/2860/2050 2214/2856/2046 2035/2855/2045
f 2054/2849/2039 2233/2861/2051 2232/2860/2050 2053/2859/2049
f 2055/2852/2042 2234/2862/2052 2233/2861/2051 2054/2849/2039
f 2035/2855/2045 2036/2863/2053 2056/2864/2054 2053/2859/2049
f 2080/2865/2055 2058/2851/2041 2057/2850/2040 2081/2866/2056
f 2081/2866/2056 2057/2850/2040 2056/2864/2054 2082/2867/2057
f 2082/2867/2057 2056/2864/2054 2036/2863/2053 2034/2868/2058
f 2034/2868/2058 2036/2863/2053 2088/2869/2059 2098/2870/2060
f 2071/2737/1940 2074/2871/2061 2075/2872/2062 2072/2833/2023
f 2059/2873/2063 2062/2844/2034 2063/2874/2064 2060/2875/2065
f 2060/2875/2065 2063/2874/2064 2064/2876/2066 2061/2877/2067
f 2005/2878/2068 2042/2879/2069 2059/2873/2063 2039/2880/2070
f 2039/2880/2070 2059/2873/2063 2060/2875/2065 2038/2881/2071
f 2038/2881/2071 2060/2875/2065 2061/2877/2067 2037/2882/2072
f 2037/2882/2072 2061/2877/2067 2021/2883/2073 2001/2884/2074
f 2061/2877/2067 2064/2876/2066 2022/2885/2075 2021/2883/2073
f 2020/2886/2076 2016/2853/2043 2058/2851/2041 2080/2865/2055
f 2015/2887/2077 2022/2885/2075 2064/2876/2066 2092/2888/2078
f 2092/2888/2078 2064/2876/2066 2063/2874/2064 2093/2889/2079
f 2093/2889/2079 2063/2874/2064 2062/2844/2034 2094/2843/2033
f 2042/2879/2069 2043/2845/2035 2062/2844/2034 2059/2873/2063
f 2065/2890/2080 2067/2891/2081 2068/2892/2082 2066/2893/2083
f 2067/2891/2081 2069/2894/2084 2070/2895/2085 2068/2892/2082
f 2065/2890/2080 2101/2896/2086 2102/2897/2087 2067/2891/2081
f 2022/2885/2075 2065/2890/2080 2066/2893/2083 2021/2883/2073
f 2021/2883/2073 2066/2893/2083 2046/2898/2088 2001/2884/2074
f 2066/2893/2083 2068/2892/2082 2045/2899/2089 2046/2898/2088
f 2068/2892/2082 2070/2895/2085 2044/2900/2090 2045/2899/2089
f 2070/2895/2085 2023/2834/2024 2002/2836/2026 2044/2900/2090
f 2069/2894/2084 2024/2739/1942 2023/2834/2024 2070/2895/2085
f 1944/2901/1943 1940/2902/1946 2016/2903/2043 2020/2904/2076
f 2069/2894/2084 2103/2905/2091 2013/2736/1939 2024/2739/1942
f 2067/2891/2081 2102/2897/2087 2103/2905/2091 2069/2894/2084
f 2072/2833/2023 2075/2872/2062 2076/2906/2092 2073/2847/2037
f 2073/2847/2037 2076/2906/2092 2028/2907/2093 2029/2848/2038
f 2013/2736/1939 2012/2908/2094 2074/2871/2061 2071/2737/1940
f 2017/2854/2044 2196/2909/2095 2234/2862/2052 2055/2852/2042
f 2255/2910/2096 2207/2911/2097 2028/2907/2093 2076/2906/2092
f 2254/2912/2098 2255/2910/2096 2076/2906/2092 2075/2872/2062
f 2253/2913/2099 2254/2912/2098 2075/2872/2062 2074/2871/2061
f 2083/2914/2100 2086/2915/2101 2087/2916/2102 2084/2917/2103
f 2077/2918/2104 2080/2865/2055 2081/2866/2056 2078/2919/2105
f 2078/2919/2105 2081/2866/2056 2082/2867/2057 2079/2920/2106
f 2000/2921/2107 2018/2922/2108 2077/2918/2104 2008/2923/2109
f 2008/2923/2109 2077/2918/2104 2078/2919/2105 2007/2924/2110
f 2007/2924/2110 2078/2919/2105 2079/2920/2106 2006/2925/2111
f 2006/2925/2111 2079/2920/2106 2033/2926/2112 2004/2927/2113
f 2079/2920/2106 2082/2867/2057 2034/2868/2058 2033/2926/2112
f 2019/2928/2114 2020/2886/2076 2080/2865/2055
f 2018/2922/2108 2019/2928/2114 2080/2865/2055 2077/2918/2104
f 2084/2917/2103 2087/2916/2102 2088/2869/2059 2085/2858/2048
f 2085/2858/2048 2088/2869/2059 2036/2863/2053 2035/2855/2045
f 2193/2929/2115 2283/2930/2116 2104/2931/2117 2014/2932/2118
f 2083/2914/2100 2262/2933/2119 2219/2788/1986 2040/2787/1985
f 2084/2917/2103 2263/2934/2120 2262/2933/2119 2083/2914/2100
f 2085/2858/2048 2264/2857/2047 2263/2934/2120 2084/2917/2103
f 2040/2787/1985 2041/2846/2036 2086/2915/2101 2083/2914/2100
f 2098/2870/2060 2088/2869/2059 2087/2916/2102 2099/2935/2121
f 2099/2935/2121 2087/2916/2102 2086/2915/2101 2100/2936/2122
f 2100/2936/2122 2086/2915/2101 2041/2846/2036 2043/2845/2035
f 2015/2887/2077 2101/2896/2086 2065/2890/2080 2022/2885/2075
f 2089/2937/2123 2092/2888/2078 2093/2889/2079 2090/2938/2124
f 2090/2938/2124 2093/2889/2079 2094/2843/2033 2091/2790/1988
f 2091/2790/1988 2094/2843/2033 2041/2846/2036 2040/2787/1985
f 2191/2939/2125 2253/2913/2099 2074/2871/2061 2012/2908/2094
f 2089/2937/2123 2268/2940/2126 2193/2929/2115 2014/2932/2118
f 2090/2938/2124 2269/2941/2127 2268/2940/2126 2089/2937/2123
f 2091/2790/1988 2270/2789/1987 2269/2941/2127 2090/2938/2124
f 2014/2932/2118 2015/2887/2077 2092/2888/2078 2089/2937/2123
f 2101/2896/2086 2104/2931/2117 2105/2942/2128 2102/2897/2087
f 2095/2943/2129 2098/2870/2060 2099/2935/2121 2096/2944/2130
f 2096/2944/2130 2099/2935/2121 2100/2936/2122 2097/2945/2131
f 2004/2927/2113 2033/2926/2112 2095/2943/2129 2032/2946/2132
f 2032/2946/2132 2095/2943/2129 2096/2944/2130 2031/2947/2133
f 2031/2947/2133 2096/2944/2130 2097/2945/2131 2030/2948/2134
f 2030/2948/2134 2097/2945/2131 2042/2879/2069 2005/2878/2068
f 2097/2945/2131 2100/2936/2122 2043/2845/2035 2042/2879/2069
f 2033/2926/2112 2034/2868/2058 2098/2870/2060 2095/2943/2129
f 2102/2897/2087 2105/2942/2128 2106/2949/2135 2103/2905/2091
f 2103/2905/2091 2106/2949/2135 2012/2908/2094 2013/2736/1939
f 2015/2887/2077 2014/2932/2118 2104/2931/2117 2101/2896/2086
f 2053/2859/2049 2056/2864/2054 2057/2850/2040 2054/2849/2039
f 2285/2950/2136 2191/2939/2125 2012/2908/2094 2106/2949/2135
f 2284/2951/2137 2285/2950/2136 2106/2949/2135 2105/2942/2128
f 2283/2930/2116 2284/2951/2137 2105/2942/2128 2104/2931/2117
f 2028/2952/2093 2207/2953/2097 2127/2954/1992 1948/2955/1983
f 1932/2956/2002 1934/2957/2001 2006/2958/2111 2004/2959/2113
f 1934/2957/2001 1935/2960/2000 2007/2961/2110 2006/2958/2111
f 1935/2960/2000 1936/2962/1998 2008/2963/2109 2007/2961/2110
f 1936/2962/1998 1928/2964/1997 2000/2965/2107 2008/2963/2109
f 1931/2966/1935 1937/2967/1934 2009/2968/2028 2003/2969/2030
f 1937/2967/1934 1938/2970/1933 2010/2971/2027 2009/2968/2028
f 1938/2970/1933 1939/2972/1932 2011/2973/2025 2010/2971/2027
f 1939/2972/1932 1930/2974/1931 2002/2975/2026 2011/2973/2025
f 1949/2976/1984 1945/2977/1938 2025/2978/2032 2029/2979/2038
f 1948/2955/1983 1949/2976/1984 2029/2979/2038 2028/2952/2093
f 1940/2902/1946 1941/2980/1990 2017/2981/2044 2016/2903/2043
f 1928/2982/1997 1942/2983/1999 2018/2984/2108 2000/2985/2107
f 1942/2983/1999 1943/2986/2005 2019/2987/2114 2018/2984/2108
f 1943/2986/2005 1944/2901/1943 2020/2904/2076 2019/2987/2114
f 1961/2716/1924 1977/2755/1958 1976/2758/1929 1959/2714/1922
f 1945/2977/1938 1946/2988/1937 2026/2989/2031 2025/2978/2032
f 1946/2988/1937 1947/2990/1936 2027/2991/2029 2026/2989/2031
f 1947/2990/1936 1931/2992/1935 2003/2993/2030 2027/2991/2029
f 2120/2994/1989 2196/2995/2095 2017/2981/2044 1941/2980/1990
f 2144/2754/1957 2146/2996/2138 2119/2997/2139 2120/2791/1989
f 1933/2998/1970 1950/2999/2017 2030/3000/2134 2005/3001/2068
f 1950/2999/2017 1951/3002/2016 2031/3003/2133 2030/3000/2134
f 1951/3002/2016 1952/3004/2015 2032/3005/2132 2031/3003/2133
f 1952/3004/2015 1932/2956/2002 2004/2959/2113 2032/3005/2132
f 1929/3006/1974 1953/3007/1973 2037/3008/2072 2001/3009/2074
f 1953/3007/1973 1954/3010/1972 2038/3011/2071 2037/3008/2072
f 1954/3010/1972 1955/3012/1971 2039/3013/2070 2038/3011/2071
f 1955/3012/1971 1933/2998/1970 2005/3001/2068 2039/3013/2070
f 1930/2974/1931 1956/3014/1982 2044/3015/2090 2002/2975/2026
f 1956/3014/1982 1957/3016/1981 2045/3017/2089 2044/3015/2090
f 1957/3016/1981 1958/3018/1980 2046/3019/2088 2045/3017/2089
f 1958/3018/1980 1929/3006/1974 2001/3009/2074 2046/3019/2088
f 2138/3020/2140 2140/2759/1961 2141/3021/2141
f 2138/3020/2140 2141/3021/2141 2142/3022/2142 2139/3023/2143
f 2176/3024/2144 2155/3025/2145 2138/3026/2140 2153/3027/2146
f 2153/3028/2146 2138/3029/2140 2139/3030/2143 2154/3031/2147
f 2154/3031/2147 2139/3030/2143 2118/3032/2148 2109/3033/2149
f 2139/3023/2143 2117/3034/2150 2118/3035/2148
f 2139/3023/2143 2142/3022/2142 2116/3036/2151 2117/3034/2150
f 2142/3022/2142 2126/3037/2152 2110/3038/2153 2116/3036/2151
f 2141/3021/2141 2125/3039/2154 2126/3037/2152 2142/3022/2142
f 2140/2759/1961 2124/2762/1964 2125/3039/2154 2141/3021/2141
f 2226/3040/2155 2250/3041/2156 2192/3042/2157 2203/3043/2158
f 2123/3044/2159 2119/2997/2139 2146/2996/2138 2161/3045/2160
f 2143/2753/1956 2145/3046/2161 2146/2996/2138 2144/2754/1957
f 2157/2816/2012 2158/2793/1991 2156/2760/1962 2155/3047/2145
f 2164/3048/1954 2166/3049/2162 2145/3046/2161 2143/2753/1956
f 2147/3050/2163 2149/3051/2164 2150/3052/2165 2148/3053/2166
f 2112/3054/2167 2147/3050/2163 2134/3055/2168
f 2134/3055/2168 2147/3050/2163 2133/3056/2169
f 2133/3056/2169 2147/3050/2163 2148/3053/2166 2132/3057/2170
f 2132/3057/2170 2148/3053/2166 2108/3058/2171
f 2149/3059/2164 2170/3060/2172 2169/3061/2173 2150/3062/2165
f 2151/3063/2174 2153/3028/2146 2154/3031/2147 2152/3064/2175
f 2169/3061/2173 2175/3065/2176 2151/3066/2174 2150/3062/2165
f 2150/3052/2165 2151/3063/2174 2152/3064/2175 2148/3053/2166
f 2148/3053/2166 2152/3064/2175 2137/3067/2177 2108/3058/2171
f 2152/3064/2175 2136/3068/2178 2137/3067/2177
f 2152/3064/2175 2154/3031/2147 2135/3069/2179 2136/3068/2178
f 2154/3031/2147 2109/3033/2149 2135/3069/2179
f 2175/3065/2176 2176/3024/2144 2153/3027/2146 2151/3066/2174
f 2156/2760/1962 2158/2793/1991 2127/2794/1992 2128/2761/1963
f 2233/2861/2051 2236/3070/2180 2235/3071/2181 2232/2860/2050
f 2176/3024/2144 2178/2815/2011 2157/2827/2012 2155/3025/2145
f 2159/3072/2182 2161/3045/2160 2162/3073/2183 2160/3074/2184
f 2107/3075/2185 2121/3076/2186 2159/3072/2182 2115/3077/2187
f 2115/3077/2187 2159/3072/2182 2160/3074/2184 2114/3078/2188
f 2114/3078/2188 2160/3074/2184 2113/3079/2189
f 2113/3079/2189 2160/3074/2184 2171/3080/2190 2111/3081/2191
f 2160/3074/2184 2162/3073/2183 2173/3082/2192 2171/3080/2190
f 2162/3073/2183 2145/3046/2161 2166/3049/2162 2173/3082/2192
f 2161/3045/2160 2146/2996/2138 2145/3046/2161 2162/3073/2183
f 2122/3083/2193 2123/3044/2159 2161/3045/2160
f 2121/3076/2186 2122/3083/2193 2161/3045/2160 2159/3072/2182
f 2163/2748/1951 2165/3084/2194 2166/3085/2162 2164/2751/1954
f 2168/2747/1950 2170/3060/2172 2165/3084/2194 2163/2748/1951
f 2167/2811/2007 2169/3061/2173 2170/3060/2172 2168/2747/1950
f 2171/3086/2190 2173/3087/2192 2174/3088/2195 2172/3089/2196
f 2111/3081/2191 2171/3080/2190 2131/3090/2197
f 2131/3091/2197 2171/3086/2190 2172/3089/2196 2130/3092/2198
f 2130/3092/2198 2172/3089/2196 2129/3093/2199
f 2129/3093/2199 2172/3089/2196 2147/3050/2163 2112/3054/2167
f 2172/3089/2196 2174/3088/2195 2149/3051/2164 2147/3050/2163
f 2174/3094/2195 2165/3084/2194 2170/3060/2172 2149/3059/2164
f 2173/3095/2192 2166/3085/2162 2165/3084/2194 2174/3094/2195
f 2175/3065/2176 2177/2814/2010 2178/2815/2011 2176/3024/2144
f 2169/3061/2173 2167/2811/2007 2177/2814/2010 2175/3065/2176
f 2226/3040/2155 2227/3096/2200 2229/3097/2201 2228/3098/2202
f 2228/3098/2202 2229/3097/2201 2231/3099/2203 2230/3100/2204
f 2228/3098/2202 2251/3101/2205 2250/3041/2156 2226/3040/2155
f 2203/3043/2158 2202/3102/2206 2227/3096/2200 2226/3040/2155
f 2202/3102/2206 2181/3103/2207 2190/3104/2208 2227/3096/2200
f 2227/3096/2200 2190/3104/2208 2189/3105/2209 2229/3097/2201
f 2229/3097/2201 2189/3105/2209 2188/3106/2210 2231/3099/2203
f 2231/3099/2203 2188/3106/2210 2182/3107/2211 2206/3108/2212
f 2230/3100/2204 2231/3099/2203 2206/3108/2212 2205/3109/2213
f 2230/3100/2204 2205/3109/2213 2204/3110/2214
f 2273/3111/2215 2220/3112/2216 2222/3113/2217 2241/3114/2218
f 2204/3110/2214 2208/3115/2219 2252/3116/2220 2230/3100/2204
f 2230/3100/2204 2252/3116/2220 2251/3101/2205 2228/3098/2202
f 2234/2862/2052 2237/3117/2221 2236/3070/2180 2233/2861/2051
f 2195/3118/2222 2237/3117/2221 2234/2862/2052 2196/2909/2095
f 2214/2856/2046 2232/2860/2050 2235/3071/2181 2215/3119/2223
f 2259/3120/2224 2260/3121/2225 2236/3070/2180 2237/3117/2221
f 2260/3121/2225 2261/3122/2226 2235/3071/2181 2236/3070/2180
f 2261/3122/2226 2213/3123/2227 2215/3119/2223 2235/3071/2181
f 2213/3123/2227 2277/3124/2228 2267/3125/2229 2215/3119/2223
f 2251/3101/2205 2254/2912/2098 2253/2913/2099 2250/3041/2156
f 2238/3126/2230 2239/3127/2231 2242/3128/2232 2241/3114/2218
f 2239/3127/2231 2240/3129/2233 2243/3130/2234 2242/3128/2232
f 2184/3131/2235 2218/3132/2236 2238/3126/2230 2221/3133/2237
f 2218/3132/2236 2217/3134/2238 2239/3127/2231 2238/3126/2230
f 2217/3134/2238 2216/3135/2239 2240/3129/2233 2239/3127/2231
f 2216/3135/2239 2180/3136/2240 2200/3137/2241 2240/3129/2233
f 2240/3129/2233 2200/3137/2241 2201/3138/2242 2243/3130/2234
f 2199/3139/2243 2259/3120/2224 2237/3117/2221 2195/3118/2222
f 2194/3140/2244 2271/3141/2245 2243/3130/2234 2201/3138/2242
f 2271/3141/2245 2272/3142/2246 2242/3128/2232 2243/3130/2234
f 2272/3142/2246 2273/3111/2215 2241/3114/2218 2242/3128/2232
f 2221/3133/2237 2238/3126/2230 2241/3114/2218 2222/3113/2217
f 2244/3143/2247 2245/3144/2248 2247/3145/2249 2246/3146/2250
f 2246/3146/2250 2247/3145/2249 2249/3147/2251 2248/3148/2252
f 2246/3146/2250 2281/3149/2253 2280/3150/2254 2244/3143/2247
f 2201/3138/2242 2200/3137/2241 2245/3144/2248 2244/3143/2247
f 2200/3137/2241 2180/3136/2240 2225/3151/2255 2245/3144/2248
f 2245/3144/2248 2225/3151/2255 2224/3152/2256 2247/3145/2249
f 2247/3145/2249 2224/3152/2256 2223/3153/2257 2249/3147/2251
f 2249/3147/2251 2223/3153/2257 2181/3103/2207 2202/3102/2206
f 2248/3148/2252 2249/3147/2251 2202/3102/2206 2203/3043/2158
f 2123/3154/2159 2199/3155/2243 2195/3156/2222 2119/3157/2139
f 2192/3042/2157 2282/3158/2258 2248/3148/2252 2203/3043/2158
f 2248/3148/2252 2282/3158/2258 2281/3149/2253 2246/3146/2250
f 2252/3116/2220 2255/2910/2096 2254/2912/2098 2251/3101/2205
f 2207/2911/2097 2255/2910/2096 2252/3116/2220 2208/3115/2219
f 2192/3042/2157 2250/3041/2156 2253/2913/2099 2191/2939/2125
f 2263/2934/2120 2266/3159/2259 2265/3160/2260 2262/2933/2119
f 2256/3161/2261 2257/3162/2262 2260/3121/2225 2259/3120/2224
f 2257/3162/2262 2258/3163/2263 2261/3122/2226 2260/3121/2225
f 2179/3164/2264 2187/3165/2265 2256/3161/2261 2197/3166/2266
f 2187/3165/2265 2186/3167/2267 2257/3162/2262 2256/3161/2261
f 2186/3167/2267 2185/3168/2268 2258/3163/2263 2257/3162/2262
f 2185/3168/2268 2183/3169/2269 2212/3170/2270 2258/3163/2263
f 2258/3163/2263 2212/3170/2270 2213/3123/2227 2261/3122/2226
f 2198/3171/2271 2259/3120/2224 2199/3139/2243
f 2197/3166/2266 2256/3161/2261 2259/3120/2224 2198/3171/2271
f 2264/2857/2047 2267/3125/2229 2266/3159/2259 2263/2934/2120
f 2214/2856/2046 2215/3119/2223 2267/3125/2229 2264/2857/2047
f 2219/2788/1986 2262/2933/2119 2265/3160/2260 2220/3112/2216
f 2277/3124/2228 2278/3172/2272 2266/3159/2259 2267/3125/2229
f 2278/3172/2272 2279/3173/2273 2265/3160/2260 2266/3159/2259
f 2279/3173/2273 2222/3113/2217 2220/3112/2216 2265/3160/2260
f 2244/3143/2247 2280/3150/2254 2194/3140/2244 2201/3138/2242
f 2269/2941/2127 2272/3142/2246 2271/3141/2245 2268/2940/2126
f 2270/2789/1987 2273/3111/2215 2272/3142/2246 2269/2941/2127
f 2219/2788/1986 2220/3112/2216 2273/3111/2215 2270/2789/1987
f 2193/2929/2115 2268/2940/2126 2271/3141/2245 2194/3140/2244
f 2281/3149/2253 2284/2951/2137 2283/2930/2116 2280/3150/2254
f 2274/3174/2274 2275/3175/2275 2278/3172/2272 2277/3124/2228
f 2275/3175/2275 2276/3176/2276 2279/3173/2273 2278/3172/2272
f 2183/3169/2269 2211/3177/2277 2274/3174/2274 2212/3170/2270
f 2211/3177/2277 2210/3178/2278 2275/3175/2275 2274/3174/2274
f 2210/3178/2278 2209/3179/2279 2276/3176/2276 2275/3175/2275
f 2209/3179/2279 2184/3131/2235 2221/3133/2237 2276/3176/2276
f 2276/3176/2276 2221/3133/2237 2222/3113/2217 2279/3173/2273
f 2212/3170/2270 2274/3174/2274 2277/3124/2228 2213/3123/2227
f 2282/3158/2258 2285/2950/2136 2284/2951/2137 2281/3149/2253
f 2191/2939/2125 2285/2950/2136 2282/3158/2258 2192/3042/2157
f 2194/3140/2244 2280/3150/2254 2283/2930/2116 2193/2929/2115
f 2195/3156/2222 2196/2995/2095 2120/2994/1989 2119/3157/2139
f 2111/3180/2191 2183/3181/2269 2185/3182/2268 2113/3183/2189
f 2113/3183/2189 2185/3182/2268 2186/3184/2267 2114/3185/2188
f 2114/3185/2188 2186/3184/2267 2187/3186/2265 2115/3187/2187
f 2115/3187/2187 2187/3186/2265 2179/3188/2264 2107/3189/2185
f 2110/3190/2153 2182/3191/2211 2188/3192/2210 2116/3193/2151
f 2116/3193/2151 2188/3192/2210 2189/3194/2209 2117/3195/2150
f 2117/3195/2150 2189/3194/2209 2190/3196/2208 2118/3197/2148
f 2118/3197/2148 2190/3196/2208 2181/3198/2207 2109/3199/2149
f 2128/3200/1963 2208/3201/2219 2204/3202/2214 2124/3203/1964
f 2207/2953/2097 2208/3201/2219 2128/3200/1963 2127/2954/1992
f 2107/3204/2185 2179/3205/2264 2197/3206/2266 2121/3207/2186
f 2121/3207/2186 2197/3206/2266 2198/3208/2271 2122/3209/2193
f 2122/3209/2193 2198/3208/2271 2199/3155/2243 2123/3154/2159
f 2155/3047/2145 2156/2760/1962 2140/2759/1961 2138/3020/2140
f 2124/3203/1964 2204/3202/2214 2205/3210/2213 2125/3211/2154
f 2125/3211/2154 2205/3210/2213 2206/3212/2212 2126/3213/2152
f 2126/3213/2152 2206/3212/2212 2182/3214/2211 2110/3215/2153
f 2164/3048/1954 2143/2753/1956 1964/2744/1947 1985/2763/1955
f 2112/3216/2167 2184/3217/2235 2209/3218/2279 2129/3219/2199
f 2129/3219/2199 2209/3218/2279 2210/3220/2278 2130/3221/2198
f 2130/3221/2198 2210/3220/2278 2211/3222/2277 2131/3223/2197
f 2131/3223/2197 2211/3222/2277 2183/3181/2269 2111/3180/2191
f 2108/3224/2171 2180/3225/2240 2216/3226/2239 2132/3227/2170
f 2132/3227/2170 2216/3226/2239 2217/3228/2238 2133/3229/2169
f 2133/3229/2169 2217/3228/2238 2218/3230/2236 2134/3231/2168
f 2134/3231/2168 2218/3230/2236 2184/3217/2235 2112/3216/2167
f 2109/3199/2149 2181/3198/2207 2223/3232/2257 2135/3233/2179
f 2135/3233/2179 2223/3232/2257 2224/3234/2256 2136/3235/2178
f 2136/3235/2178 2224/3234/2256 2225/3236/2255 2137/3237/2177
f 2137/3237/2177 2225/3236/2255 2180/3225/2240 2108/3224/2171
f 2167/2811/2007 2168/2747/1950 1989/2750/1953 1988/2812/2008
f 1945/2735/1938 1949/2786/1984 1977/2755/1958 1961/2716/1924
f 2292/3238/2280 2418/3239/2281 2674/3240/2282 2395/3241/2283
f 2418/3239/2281 2322/3242/2284 2489/3243/2285 2674/3240/2282
f 2674/3240/2282 2489/3243/2285 2351/3244/2286 2492/3245/2287
f 2395/3241/2283 2674/3240/2282 2492/3245/2287 2311/3246/2288
f 2322/3242/2284 2417/3247/2289 2675/3248/2290 2489/3243/2285
f 2417/3247/2289 2293/3249/2291 2405/3250/2292 2675/3248/2290
f 2675/3248/2290 2405/3250/2292 2316/3251/2293 2490/3252/2294
f 2489/3243/2285 2675/3248/2290 2490/3252/2294 2351/3244/2286
f 2351/3244/2286 2490/3252/2294 2676/3253/2295 2491/3254/2296
f 2490/3252/2294 2316/3251/2293 2406/3255/2297 2676/3253/2295
f 2676/3253/2295 2406/3255/2297 2288/3256/2298 2398/3257/2299
f 2491/3254/2296 2676/3253/2295 2398/3257/2299 2312/3258/2300
f 2311/3246/2288 2492/3245/2287 2677/3259/2301 2396/3260/2302
f 2492/3245/2287 2351/3244/2286 2491/3254/2296 2677/3259/2301
f 2677/3259/2301 2491/3254/2296 2312/3258/2300 2397/3261/2303
f 2396/3260/2302 2677/3259/2301 2397/3261/2303 2286/3262/2304
f 2300/3263/2305 2440/3264/2306 2678/3265/2307 2443/3266/2308
f 2440/3264/2306 2330/3267/2309 2493/3268/2310 2678/3265/2307
f 2678/3265/2307 2493/3268/2310 2352/3269/2311 2496/3270/2312
f 2443/3266/2308 2678/3265/2307 2496/3270/2312 2332/3271/2313
f 2330/3267/2309 2439/3272/2314 2679/3273/2315 2493/3268/2310
f 2439/3272/2314 2294/3274/2316 2407/3275/2317 2679/3273/2315
f 2679/3273/2315 2407/3275/2317 2317/3276/2318 2494/3277/2319
f 2493/3268/2310 2679/3273/2315 2494/3277/2319 2352/3269/2311
f 2352/3269/2311 2494/3277/2319 2680/3278/2320 2495/3279/2321
f 2494/3277/2319 2317/3276/2318 2408/3280/2322 2680/3278/2320
f 2680/3278/2320 2408/3280/2322 2289/3281/2323 2400/3282/2324
f 2495/3279/2321 2680/3278/2320 2400/3282/2324 2313/3283/2325
f 2332/3271/2313 2496/3270/2312 2681/3284/2326 2444/3285/2327
f 2496/3270/2312 2352/3269/2311 2495/3279/2321 2681/3284/2326
f 2681/3284/2326 2495/3279/2321 2313/3283/2325 2399/3286/2328
f 2444/3285/2327 2681/3284/2326 2399/3286/2328 2298/3287/2329
f 2299/3288/2330 2438/3289/2331 2682/3290/2332 2441/3291/2333
f 2438/3289/2331 2329/3292/2334 2497/3293/2335 2682/3290/2332
f 2682/3290/2332 2497/3293/2335 2353/3294/2336 2500/3295/2337
f 2441/3291/2333 2682/3290/2332 2500/3295/2337 2331/3296/2338
f 2329/3292/2334 2437/3297/2339 2683/3298/2340 2497/3293/2335
f 2437/3297/2339 2291/3299/2341 2413/3300/2342 2683/3298/2340
f 2683/3298/2340 2413/3300/2342 2320/3301/2343 2498/3302/2344
f 2497/3293/2335 2683/3298/2340 2498/3302/2344 2353/3294/2336
f 2353/3294/2336 2498/3302/2344 2684/3303/2345 2499/3304/2346
f 2498/3302/2344 2320/3301/2343 2414/3305/2347 2684/3303/2345
f 2684/3303/2345 2414/3305/2347 2294/3274/2316 2439/3272/2314
f 2499/3304/2346 2684/3303/2345 2439/3272/2314 2330/3267/2309
f 2331/3296/2338 2500/3295/2337 2685/3306/2348 2442/3307/2349
f 2500/3295/2337 2353/3294/2336 2499/3304/2346 2685/3306/2348
f 2685/3306/2348 2499/3304/2346 2330/3267/2309 2440/3264/2306
f 2442/3307/2349 2685/3306/2348 2440/3264/2306 2300/3263/2305
f 2287/3308/2350 2402/3309/2351 2686/3310/2352 2409/3311/2353
f 2402/3309/2351 2314/3312/2354 2501/3313/2355 2686/3310/2352
f 2686/3310/2352 2501/3313/2355 2354/3314/2356 2504/3315/2357
f 2409/3311/2353 2686/3310/2352 2504/3315/2357 2318/3316/2358
f 2314/3312/2354 2401/3317/2359 2687/3318/2360 2501/3313/2355
f 2401/3317/2359 2290/3319/2361 2411/3320/2362 2687/3318/2360
f 2687/3318/2360 2411/3320/2362 2319/3321/2363 2502/3322/2364
f 2501/3313/2355 2687/3318/2360 2502/3322/2364 2354/3314/2356
f 2354/3314/2356 2502/3322/2364 2688/3323/2365 2503/3324/2366
f 2502/3322/2364 2319/3321/2363 2412/3325/2367 2688/3323/2365
f 2688/3323/2365 2412/3325/2367 2293/3249/2291 2417/3247/2289
f 2503/3324/2366 2688/3323/2365 2417/3247/2289 2322/3242/2284
f 2318/3316/2358 2504/3315/2357 2689/3326/2368 2410/3327/2369
f 2504/3315/2357 2354/3314/2356 2503/3324/2366 2689/3326/2368
f 2689/3326/2368 2503/3324/2366 2322/3242/2284 2418/3239/2281
f 2410/3327/2369 2689/3326/2368 2418/3239/2281 2292/3238/2280
f 2297/3328/2370 2419/3329/2371 2690/3330/2372 2434/3331/2373
f 2419/3329/2371 2323/3332/2374 2505/3333/2375 2690/3330/2372
f 2690/3330/2372 2505/3333/2375 2355/3334/2376 2508/3335/2377
f 2434/3331/2373 2690/3330/2372 2508/3335/2377 2327/3336/2378
f 2323/3332/2374 2420/3337/2379 2691/3338/2380 2505/3333/2375
f 2420/3337/2379 2295/3339/2381 2421/3340/2382 2691/3338/2380
f 2691/3338/2380 2421/3340/2382 2324/3341/2383 2506/3342/2384
f 2505/3333/2375 2691/3338/2380 2506/3342/2384 2355/3334/2376
f 2355/3343/2376 2506/3344/2384 2692/3345/2385 2507/3346/2386
f 2506/3344/2384 2324/3347/2383 2422/3348/2387 2692/3345/2385
f 2692/3345/2385 2422/3348/2387 2645/3349/2388 2426/3350/2389
f 2507/3346/2386 2692/3345/2385 2426/3350/2389
f 2327/3351/2378 2508/3352/2377 2693/3353/2390 2433/3354/2391
f 2508/3352/2377 2355/3343/2376 2507/3346/2386 2693/3353/2390
f 2693/3353/2390 2507/3346/2386 2426/3350/2389 2425/3355/2392
f 2433/3354/2391 2693/3353/2390 2425/3355/2392
f 2694/3356/2393 2695/3357/2394 2696/3358/2395 2697/3359/2396
f 2695/3357/2394 2730/3360/2397 2716/3361/2398 2696/3358/2395
f 2696/3358/2395 2716/3361/2398 2648/3362/2399 2428/3363/2400
f 2697/3359/2396 2696/3358/2395 2428/3363/2400 2427/3364/2401
f 2770/3365/2402 2698/3366/2403 2699/3367/2404 2771/3368/2405
f 2698/3366/2403 2694/3356/2393 2697/3359/2396 2699/3367/2404
f 2699/3367/2404 2697/3359/2396 2427/3364/2401 2432/3369/2406
f 2771/3368/2405 2699/3367/2404 2432/3369/2406 2477/3370/2407
f 2296/3371/2408 2429/3372/2409 2700/3373/2410 2424/3374/2411
f 2429/3372/2409 2326/3375/2412 2509/3376/2413 2700/3373/2410
f 2700/3373/2410 2509/3376/2413 2356/3377/2414 2512/3378/2415
f 2424/3374/2411 2700/3373/2410 2512/3378/2415 2325/3379/2416
f 2326/3375/2412 2430/3380/2417 2701/3381/2418 2509/3376/2413
f 2430/3380/2417 2297/3328/2370 2434/3331/2373 2701/3381/2418
f 2701/3381/2418 2434/3331/2373 2327/3336/2378 2510/3382/2419
f 2509/3376/2413 2701/3381/2418 2510/3382/2419 2356/3377/2414
f 2356/3383/2414 2510/3384/2419 2702/3385/2420 2511/3386/2421
f 2510/3384/2419 2327/3351/2378 2433/3354/2391 2702/3385/2420
f 2702/3385/2420 2433/3354/2391 2425/3355/2392 2431/3387/2422
f 2511/3386/2421 2702/3385/2420 2431/3387/2422
f 2325/3388/2416 2512/3389/2415 2703/3390/2423 2423/3391/2424
f 2512/3389/2415 2356/3383/2414 2511/3386/2421 2703/3390/2423
f 2703/3390/2423 2511/3386/2421 2431/3387/2422 2475/3392/2425
f 2423/3391/2424 2703/3390/2423 2475/3392/2425
f 2839/3393/2426 2579/3394/2427 2642/3395/2428 2795/3396/2429
f 2579/3394/2427 2836/3397/2430 2704/3398/2431 2642/3395/2428
f 2704/3398/2431 2654/3399/2432 2297/3328/2370 2430/3380/2417
f 2642/3395/2428 2704/3398/2431 2430/3380/2417 2326/3375/2412
f 2716/3400/2398 2828/3401/2433 2567/3402/2434 2648/3403/2399
f 2553/3404/2435 2827/3405/2436 2705/3406/2437 2634/3407/2438
f 2705/3406/2437 2636/3408/2439 2324/3341/2383 2421/3340/2382
f 2634/3407/2438 2705/3406/2437 2421/3340/2382 2295/3339/2381
f 2311/3246/2288 2396/3260/2302 2706/3409/2440 2635/3410/2441
f 2396/3260/2302 2286/3262/2304 2631/3411/2442 2706/3409/2440
f 2721/3412/2443 2822/3413/2444 2558/3414/2445 2653/3415/2446
f 2556/3416/2447 2821/3417/2448 2706/3409/2440 2631/3411/2442
f 2294/3274/2316 2414/3305/2347 2707/3418/2449 2655/3419/2450
f 2414/3305/2347 2320/3301/2343 2652/3420/2451 2707/3418/2449
f 2845/3421/2452 2592/3422/2453 2644/3423/2454 2727/3424/2455
f 2589/3425/2456 2842/3426/2457 2707/3418/2449 2652/3420/2451
f 2823/3427/2458 2554/3428/2459 2633/3429/2460 2722/3430/2461
f 2554/3428/2459 2820/3431/2462 2708/3432/2463 2633/3429/2460
f 2708/3432/2463 2634/3407/2438 2295/3339/2381 2420/3337/2379
f 2633/3429/2460 2708/3432/2463 2420/3337/2379 2323/3332/2374
f 2797/3433/2464 2848/3434/2465 2594/3435/2466 2671/3436/2467
f 2561/3437/2468 2847/3438/2469 2709/3439/2470 2645/3440/2388
f 2312/3258/2300 2398/3257/2299 2710/3441/2471 2632/3442/2472
f 2398/3257/2299 2288/3256/2298 2643/3443/2473 2710/3441/2471
f 2631/3411/2442 2876/3444/2474 2826/3445/2475 2556/3416/2447
f 2564/3446/2476 2825/3447/2477 2710/3441/2471 2643/3443/2473
f 2287/3308/2350 2637/3448/2478 2711/3449/2479 2455/3450/2480
f 2788/3451/2481 2866/3452/2482 2597/3453/2483 2670/3454/2484
f 2582/3455/2485 2865/3456/2486 2711/3449/2479 2637/3448/2478
f 2455/3450/2480 2711/3449/2479 2638/3457/2487 2338/3458/2488
f 2847/3438/2469 2844/3459/2489 2712/3460/2490 2709/3439/2470
f 2704/3398/2431 2836/3397/2430 2560/3461/2491 2654/3399/2432
f 2567/3402/2434 2835/3462/2492 2713/3463/2493 2648/3403/2399
f 2648/3362/2399 2713/3464/2493 2428/3363/2400
f 2313/3283/2325 2400/3282/2324 2714/3465/2494 2649/3466/2495
f 2400/3282/2324 2289/3281/2323 2646/3467/2496 2714/3465/2494
f 2729/3468/2497 2830/3469/2498 2571/3470/2499 2656/3471/2500
f 2569/3472/2501 2829/3473/2502 2714/3465/2494 2646/3467/2496
f 2301/3474/2503 2657/3475/2504 2715/3476/2505 2447/3477/2506
f 2801/3478/2507 2854/3479/2508 2605/3480/2509 2663/3481/2510
f 2599/3482/2511 2853/3483/2512 2715/3476/2505 2657/3475/2504
f 2447/3477/2506 2715/3476/2505 2658/3484/2513 2334/3485/2514
f 2831/3486/2515 2828/3401/2433 2716/3400/2398 2730/3487/2397
f 2712/3460/2490 2844/3459/2489 2831/3486/2515 2730/3487/2397
f 2573/3488/2516 2843/3489/2517 2717/3490/2518 2724/3491/2519
f 2724/3492/2519 2717/3493/2518 2432/3369/2406 2427/3364/2401
f 2317/3276/2318 2407/3275/2317 2718/3494/2520 2647/3495/2521
f 2407/3275/2317 2294/3274/2316 2655/3419/2450 2718/3494/2520
f 2731/3496/2522 2834/3497/2523 2569/3472/2501 2646/3467/2496
f 2576/3498/2524 2833/3499/2525 2718/3494/2520 2655/3419/2450
f 2340/3500/2526 2650/3501/2527 2719/3502/2528 2459/3503/2529
f 2873/3504/2530 2629/3505/2531 2664/3506/2532 2780/3507/2533
f 2626/3508/2534 2870/3509/2535 2719/3502/2528 2650/3501/2527
f 2459/3503/2529 2719/3502/2528 2651/3510/2536 2291/3299/2341
f 2620/3511/2537 2864/3512/2538 2720/3513/2539 2641/3514/2540
f 2640/3515/2541 2296/3371/2408 2473/3516/2542 2720/3513/2539
f 2720/3513/2539 2473/3516/2542 2345/3517/2543 2641/3514/2540
f 2867/3518/2544 2620/3511/2537 2641/3514/2540 2778/3519/2545
f 2292/3238/2280 2395/3241/2283 2721/3412/2443 2653/3415/2446
f 2395/3241/2283 2311/3246/2288 2635/3410/2441 2721/3412/2443
f 2825/3447/2477 2565/3520/2546 2632/3442/2472 2710/3441/2471
f 2557/3521/2547 2822/3413/2444 2721/3412/2443 2635/3410/2441
f 2728/3522/2548 2824/3523/2549 2561/3437/2468 2645/3440/2388
f 2560/3461/2491 2823/3427/2458 2722/3430/2461 2654/3399/2432
f 2722/3430/2461 2633/3429/2460 2323/3332/2374 2419/3329/2371
f 2654/3399/2432 2722/3430/2461 2419/3329/2371 2297/3328/2370
f 2288/3256/2298 2435/3524/2550 2723/3525/2551 2643/3443/2473
f 2435/3524/2550 2328/3526/2552 2644/3423/2454 2723/3525/2551
f 2849/3527/2553 2598/3528/2554 2659/3529/2555 2779/3530/2556
f 2592/3422/2453 2846/3531/2557 2723/3525/2551 2644/3423/2454
f 2835/3462/2492 2574/3532/2558 2713/3463/2493
f 2574/3532/2558 2832/3533/2559 2724/3491/2519 2713/3463/2493
f 2713/3464/2493 2724/3492/2519 2427/3364/2401 2428/3363/2400
f 2585/3534/2560 2871/3535/2561 2725/3536/2562
f 2793/3537/2563 2478/3538/2564 2477/3370/2407 2725/3539/2562
f 2785/3540/2565 2872/3541/2566 2607/3542/2567 2665/3543/2568
f 2320/3301/2343 2413/3300/2342 2726/3544/2569 2652/3420/2451
f 2413/3300/2342 2291/3299/2341 2651/3510/2536 2726/3544/2569
f 2707/3418/2449 2842/3426/2457 2576/3498/2524 2655/3419/2450
f 2588/3545/2570 2841/3546/2571 2726/3544/2569 2651/3510/2536
f 2328/3526/2552 2436/3547/2572 2727/3424/2455 2644/3423/2454
f 2436/3547/2572 2298/3287/2329 2656/3471/2500 2727/3424/2455
f 2723/3525/2551 2846/3531/2557 2564/3446/2476 2643/3443/2473
f 2571/3470/2499 2845/3421/2452 2727/3424/2455 2656/3471/2500
f 2827/3405/2436 2562/3548/2573 2636/3408/2439 2705/3406/2437
f 2562/3548/2573 2824/3523/2549 2728/3522/2548 2636/3408/2439
f 2728/3522/2548 2645/3440/2388 2422/3549/2387
f 2636/3408/2439 2728/3522/2548 2422/3549/2387 2324/3341/2383
f 2298/3287/2329 2399/3286/2328 2729/3468/2497 2656/3471/2500
f 2399/3286/2328 2313/3283/2325 2649/3466/2495 2729/3468/2497
f 2833/3499/2525 2577/3550/2574 2647/3495/2521 2718/3494/2520
f 2570/3551/2575 2830/3469/2498 2729/3468/2497 2649/3466/2495
f 2724/3491/2519 2832/3533/2559 2573/3488/2516
f 2289/3281/2323 2408/3280/2322 2731/3496/2522 2646/3467/2496
f 2408/3280/2322 2317/3276/2318 2647/3495/2521 2731/3496/2522
f 2837/3552/2576 2581/3553/2577 2639/3554/2578 2800/3555/2579
f 2577/3550/2574 2834/3497/2523 2731/3496/2522 2647/3495/2521
f 2475/3392/2425 2431/3387/2422 2732/3556/2580 2804/3557/2581
f 2804/3557/2581 2732/3556/2580 2733/3558/2582 2805/3559/2583
f 2431/3387/2422 2425/3355/2392 2734/3560/2584 2732/3556/2580
f 2732/3556/2580 2734/3560/2584 2737/3561/2585 2733/3558/2582
f 2733/3558/2582 2737/3561/2585 2694/3356/2393 2698/3366/2403
f 2805/3559/2583 2733/3558/2582 2698/3366/2403 2770/3365/2402
f 2425/3355/2392 2426/3350/2389 2735/3562/2586 2734/3560/2584
f 2734/3560/2584 2735/3562/2586 2736/3563/2587 2737/3561/2585
f 2426/3350/2389 2645/3349/2388 2709/3564/2470 2735/3562/2586
f 2735/3562/2586 2709/3564/2470 2712/3565/2490 2736/3563/2587
f 2736/3563/2587 2712/3565/2490 2730/3360/2397 2695/3357/2394
f 2737/3561/2585 2736/3563/2587 2695/3357/2394 2694/3356/2393
f 2290/3319/2361 2404/3566/2588 2738/3567/2589 2411/3320/2362
f 2404/3566/2588 2315/3568/2590 2513/3569/2591 2738/3567/2589
f 2738/3567/2589 2513/3569/2591 2357/3570/2592 2516/3571/2593
f 2411/3320/2362 2738/3567/2589 2516/3571/2593 2319/3321/2363
f 2315/3568/2590 2403/3572/2594 2739/3573/2595 2513/3569/2591
f 2403/3572/2594 2299/3288/2330 2441/3291/2333 2739/3573/2595
f 2739/3573/2595 2441/3291/2333 2331/3296/2338 2514/3574/2596
f 2513/3569/2591 2739/3573/2595 2514/3574/2596 2357/3570/2592
f 2357/3570/2592 2514/3574/2596 2740/3575/2597 2515/3576/2598
f 2514/3574/2596 2331/3296/2338 2442/3307/2349 2740/3575/2597
f 2740/3575/2597 2442/3307/2349 2300/3263/2305 2415/3577/2599
f 2515/3576/2598 2740/3575/2597 2415/3577/2599 2321/3578/2600
f 2319/3321/2363 2516/3571/2593 2741/3579/2601 2412/3325/2367
f 2516/3571/2593 2357/3570/2592 2515/3576/2598 2741/3579/2601
f 2741/3579/2601 2515/3576/2598 2321/3578/2600 2416/3580/2602
f 2412/3325/2367 2741/3579/2601 2416/3580/2602 2293/3249/2291
f 2293/3249/2291 2416/3580/2602 2742/3581/2603 2405/3250/2292
f 2416/3580/2602 2321/3578/2600 2517/3582/2604 2742/3581/2603
f 2742/3581/2603 2517/3582/2604 2358/3583/2605 2520/3584/2606
f 2405/3250/2292 2742/3581/2603 2520/3584/2606 2316/3251/2293
f 2321/3578/2600 2415/3577/2599 2743/3585/2607 2517/3582/2604
f 2415/3577/2599 2300/3263/2305 2443/3266/2308 2743/3585/2607
f 2743/3585/2607 2443/3266/2308 2332/3271/2313 2518/3586/2608
f 2517/3582/2604 2743/3585/2607 2518/3586/2608 2358/3583/2605
f 2358/3583/2605 2518/3586/2608 2744/3587/2609 2519/3588/2610
f 2518/3586/2608 2332/3271/2313 2444/3285/2327 2744/3587/2609
f 2744/3587/2609 2444/3285/2327 2298/3287/2329 2436/3547/2572
f 2519/3588/2610 2744/3587/2609 2436/3547/2572 2328/3526/2552
f 2316/3251/2293 2520/3584/2606 2745/3589/2611 2406/3255/2297
f 2520/3584/2606 2358/3583/2605 2519/3588/2610 2745/3589/2611
f 2745/3589/2611 2519/3588/2610 2328/3526/2552 2435/3524/2550
f 2406/3255/2297 2745/3589/2611 2435/3524/2550 2288/3256/2298
f 2304/3590/2612 2445/3591/2613 2746/3592/2614 2464/3593/2615
f 2445/3591/2613 2333/3594/2616 2521/3595/2617 2746/3592/2614
f 2746/3592/2614 2521/3595/2617 2359/3596/2618 2524/3597/2619
f 2464/3593/2615 2746/3592/2614 2524/3597/2619 2342/3598/2620
f 2333/3594/2616 2446/3599/2621 2747/3600/2622 2521/3595/2617
f 2446/3599/2621 2301/3474/2503 2447/3477/2506 2747/3600/2622
f 2747/3600/2622 2447/3477/2506 2334/3485/2514 2522/3601/2623
f 2521/3595/2617 2747/3600/2622 2522/3601/2623 2359/3596/2618
f 2359/3596/2618 2522/3601/2623 2748/3602/2624 2523/3603/2625
f 2522/3601/2623 2334/3485/2514 2448/3604/2626 2748/3602/2624
f 2748/3602/2624 2448/3604/2626 2302/3605/2627 2452/3606/2628
f 2523/3603/2625 2748/3602/2624 2452/3606/2628 2336/3607/2629
f 2342/3598/2620 2524/3597/2619 2749/3608/2630 2463/3609/2631
f 2524/3597/2619 2359/3596/2618 2523/3603/2625 2749/3608/2630
f 2749/3608/2630 2523/3603/2625 2336/3607/2629 2451/3610/2632
f 2463/3609/2631 2749/3608/2630 2451/3610/2632 2305/3611/2633
f 2310/3612/2634 2487/3613/2635 2750/3614/2636 2484/3615/2637
f 2487/3613/2635 2350/3616/2638 2525/3617/2639 2750/3614/2636
f 2750/3614/2636 2525/3617/2639 2360/3618/2640 2528/3619/2641
f 2484/3615/2637 2750/3614/2636 2528/3619/2641 2348/3620/2642
f 2350/3616/2638 2488/3621/2643 2751/3622/2644 2525/3617/2639
f 2488/3621/2643 2309/3623/2645 2449/3624/2646 2751/3622/2644
f 2751/3622/2644 2449/3624/2646 2335/3625/2647 2526/3626/2648
f 2525/3617/2639 2751/3622/2644 2526/3626/2648 2360/3618/2640
f 2360/3618/2640 2526/3626/2648 2752/3627/2649 2527/3628/2650
f 2526/3626/2648 2335/3625/2647 2450/3629/2651 2752/3627/2649
f 2752/3627/2649 2450/3629/2651 2303/3630/2652 2454/3631/2653
f 2527/3628/2650 2752/3627/2649 2454/3631/2653 2337/3632/2654
f 2348/3620/2642 2528/3619/2641 2753/3633/2655 2483/3634/2656
f 2528/3619/2641 2360/3618/2640 2527/3628/2650 2753/3633/2655
f 2753/3633/2655 2527/3628/2650 2337/3632/2654 2453/3635/2657
f 2483/3634/2656 2753/3633/2655 2453/3635/2657 2306/3636/2658
f 2299/3288/2330 2485/3637/2659 2754/3638/2660 2438/3289/2331
f 2485/3637/2659 2349/3639/2661 2529/3640/2662 2754/3638/2660
f 2754/3638/2660 2529/3640/2662 2361/3641/2663 2532/3642/2664
f 2438/3289/2331 2754/3638/2660 2532/3642/2664 2329/3292/2334
f 2349/3639/2661 2486/3643/2665 2755/3644/2666 2529/3640/2662
f 2486/3643/2665 2310/3612/2634 2484/3615/2637 2755/3644/2666
f 2755/3644/2666 2484/3615/2637 2348/3620/2642 2530/3645/2667
f 2529/3640/2662 2755/3644/2666 2530/3645/2667 2361/3641/2663
f 2361/3641/2663 2530/3645/2667 2756/3646/2668 2531/3647/2669
f 2530/3645/2667 2348/3620/2642 2483/3634/2656 2756/3646/2668
f 2756/3646/2668 2483/3634/2656 2306/3636/2658 2460/3648/2670
f 2531/3647/2669 2756/3646/2668 2460/3648/2670 2340/3500/2526
f 2329/3292/2334 2532/3642/2664 2757/3649/2671 2437/3297/2339
f 2532/3642/2664 2361/3641/2663 2531/3647/2669 2757/3649/2671
f 2757/3649/2671 2531/3647/2669 2340/3500/2526 2459/3503/2529
f 2437/3297/2339 2757/3649/2671 2459/3503/2529 2291/3299/2341
f 2287/3308/2350 2455/3450/2480 2758/3650/2672 2402/3309/2351
f 2455/3450/2480 2338/3458/2488 2533/3651/2673 2758/3650/2672
f 2758/3650/2672 2533/3651/2673 2362/3652/2674 2536/3653/2675
f 2402/3309/2351 2758/3650/2672 2536/3653/2675 2314/3312/2354
f 2338/3458/2488 2456/3654/2676 2759/3655/2677 2533/3651/2673
f 2456/3654/2676 2304/3590/2612 2464/3593/2615 2759/3655/2677
f 2759/3655/2677 2464/3593/2615 2342/3598/2620 2534/3656/2678
f 2533/3651/2673 2759/3655/2677 2534/3656/2678 2362/3652/2674
f 2362/3652/2674 2534/3656/2678 2760/3657/2679 2535/3658/2680
f 2534/3656/2678 2342/3598/2620 2463/3609/2631 2760/3657/2679
f 2760/3657/2679 2463/3609/2631 2305/3611/2633 2458/3659/2681
f 2535/3658/2680 2760/3657/2679 2458/3659/2681 2339/3660/2682
f 2314/3312/2354 2536/3653/2675 2761/3661/2683 2401/3317/2359
f 2536/3653/2675 2362/3652/2674 2535/3658/2680 2761/3661/2683
f 2761/3661/2683 2535/3658/2680 2339/3660/2682 2457/3662/2684
f 2401/3317/2359 2761/3661/2683 2457/3662/2684 2290/3319/2361
f 2308/3663/2685 2480/3664/2686 2762/3665/2687 2465/3666/2688
f 2480/3664/2686 2346/3667/2689 2537/3668/2690 2762/3665/2687
f 2762/3665/2687 2537/3668/2690 2363/3669/2691 2540/3670/2692
f 2465/3666/2688 2762/3665/2687 2540/3670/2692 2343/3671/2693
f 2346/3672/2689 2479/3673/2694 2763/3674/2695 2537/3675/2690
f 2479/3673/2694 2469/3676/2696 2763/3674/2695
f 2763/3674/2695 2469/3676/2696 2470/3677/2697 2538/3678/2698
f 2537/3675/2690 2763/3674/2695 2538/3678/2698 2363/3679/2691
f 2363/3679/2691 2538/3678/2698 2764/3680/2699 2539/3681/2700
f 2538/3678/2698 2470/3677/2697 2764/3680/2699
f 2764/3680/2699 2470/3677/2697 2665/3682/2568 2468/3683/2701
f 2539/3681/2700 2764/3680/2699 2468/3683/2701 2344/3684/2702
f 2343/3671/2693 2540/3670/2692 2765/3685/2703 2466/3686/2704
f 2540/3670/2692 2363/3669/2691 2539/3687/2700 2765/3685/2703
f 2765/3685/2703 2539/3687/2700 2344/3688/2702 2467/3689/2705
f 2466/3686/2704 2765/3685/2703 2467/3689/2705 2307/3690/2706
f 2766/3691/2707 2767/3692/2708 2768/3693/2709 2769/3694/2710
f 2767/3692/2708 2471/3695/2711 2472/3696/2712 2768/3693/2709
f 2768/3693/2709 2472/3696/2712 2669/3697/2713 2791/3698/2714
f 2769/3694/2710 2768/3693/2709 2791/3698/2714 2803/3699/2715
f 2770/3365/2402 2771/3368/2405 2772/3700/2716 2773/3701/2717
f 2771/3368/2405 2477/3370/2407 2478/3538/2564 2772/3700/2716
f 2772/3700/2716 2478/3538/2564 2471/3695/2711 2767/3692/2708
f 2773/3701/2717 2772/3700/2716 2767/3692/2708 2766/3691/2707
f 2296/3371/2408 2424/3374/2411 2774/3702/2718 2473/3516/2542
f 2424/3374/2411 2325/3379/2416 2541/3703/2719 2774/3702/2718
f 2774/3702/2718 2541/3703/2719 2364/3704/2720 2544/3705/2721
f 2473/3516/2542 2774/3702/2718 2544/3705/2721 2345/3517/2543
f 2325/3388/2416 2423/3391/2424 2775/3706/2722 2541/3707/2719
f 2423/3391/2424 2475/3392/2425 2775/3706/2722
f 2775/3706/2722 2475/3392/2425 2476/3708/2723 2542/3709/2724
f 2541/3707/2719 2775/3706/2722 2542/3709/2724 2364/3710/2720
f 2364/3710/2720 2542/3709/2724 2776/3711/2725 2543/3712/2726
f 2542/3709/2724 2476/3708/2723 2776/3711/2725
f 2776/3711/2725 2476/3708/2723 2469/3676/2696 2479/3673/2694
f 2543/3712/2726 2776/3711/2725 2479/3673/2694 2346/3672/2689
f 2345/3517/2543 2544/3705/2721 2777/3713/2727 2474/3714/2728
f 2544/3705/2721 2364/3704/2720 2543/3715/2726 2777/3713/2727
f 2777/3713/2727 2543/3715/2726 2346/3667/2689 2480/3664/2686
f 2474/3714/2728 2777/3713/2727 2480/3664/2686 2308/3663/2685
f 2594/3435/2466 2867/3518/2544 2778/3519/2545 2671/3436/2467
f 2641/3514/2540 2345/3517/2543 2474/3714/2728 2778/3519/2545
f 2778/3519/2545 2474/3714/2728 2308/3663/2685 2671/3436/2467
f 2793/3716/2563 2868/3717/2729 2619/3718/2730 2799/3719/2731
f 2304/3590/2612 2670/3454/2484 2779/3530/2556 2445/3591/2613
f 2782/3720/2732 2850/3721/2733 2599/3482/2511 2657/3475/2504
f 2597/3453/2483 2849/3527/2553 2779/3530/2556 2670/3454/2484
f 2445/3591/2613 2779/3530/2556 2659/3529/2555 2333/3594/2616
f 2302/3605/2627 2663/3481/2510 2780/3507/2533 2481/3722/2734
f 2792/3723/2735 2874/3724/2736 2609/3725/2737 2673/3726/2738
f 2605/3480/2509 2873/3504/2530 2780/3507/2533 2663/3481/2510
f 2481/3722/2734 2780/3507/2533 2664/3506/2532 2347/3727/2739
f 2602/3728/2740 2852/3729/2741 2781/3730/2742 2661/3731/2743
f 2660/3732/2744 2307/3690/2706 2467/3689/2705 2781/3730/2742
f 2781/3730/2742 2467/3689/2705 2344/3688/2702 2661/3731/2743
f 2855/3733/2745 2602/3728/2740 2661/3731/2743 2802/3734/2746
f 2333/3594/2616 2659/3529/2555 2782/3720/2732 2446/3599/2621
f 2853/3483/2512 2604/3735/2747 2658/3484/2513 2715/3476/2505
f 2598/3528/2554 2850/3721/2733 2782/3720/2732 2659/3529/2555
f 2446/3599/2621 2782/3720/2732 2657/3475/2504 2301/3474/2503
f 2601/3736/2748 2851/3737/2749 2783/3738/2750 2660/3732/2744
f 2662/3739/2751 2343/3671/2693 2466/3686/2704 2783/3738/2750
f 2783/3738/2750 2466/3686/2704 2307/3690/2706 2660/3732/2744
f 2781/3730/2742 2852/3729/2741 2601/3736/2748 2660/3732/2744
f 2303/3630/2652 2666/3740/2752 2784/3741/2753 2454/3631/2653
f 2798/3742/2754 2862/3743/2755 2617/3744/2756 2672/3745/2757
f 2611/3746/2758 2861/3747/2759 2784/3741/2753 2666/3740/2752
f 2454/3631/2653 2784/3741/2753 2667/3748/2760 2337/3632/2654
f 2875/3749/2761 2872/3541/2566 2785/3540/2565 2786/3750/2762
f 2856/3751/2763 2875/3749/2761 2786/3750/2762 2803/3752/2715
f 2821/3417/2448 2557/3521/2547 2635/3410/2441 2706/3409/2440
f 2309/3623/2645 2673/3726/2738 2787/3753/2764 2449/3624/2646
f 2790/3754/2765 2858/3755/2766 2611/3746/2758 2666/3740/2752
f 2609/3725/2737 2857/3756/2767 2787/3753/2764 2673/3726/2738
f 2449/3624/2646 2787/3753/2764 2668/3757/2768 2335/3625/2647
f 2338/3458/2488 2638/3457/2487 2788/3451/2481 2456/3654/2676
f 2869/3758/2769 2626/3508/2534 2650/3501/2527 2796/3759/2770
f 2622/3760/2771 2866/3452/2482 2788/3451/2481 2638/3457/2487
f 2456/3654/2676 2788/3451/2481 2670/3454/2484 2304/3590/2612
f 2614/3761/2772 2860/3762/2773 2789/3763/2774
f 2669/3697/2713 2472/3696/2712 2789/3764/2774
f 2863/3765/2775 2614/3761/2772 2789/3763/2774 2799/3719/2731
f 2335/3625/2647 2668/3757/2768 2790/3754/2765 2450/3629/2651
f 2861/3747/2759 2616/3766/2776 2667/3748/2760 2784/3741/2753
f 2610/3767/2777 2858/3755/2766 2790/3754/2765 2668/3757/2768
f 2450/3629/2651 2790/3754/2765 2666/3740/2752 2303/3630/2652
f 2613/3768/2778 2859/3769/2779 2791/3770/2714 2669/3771/2713
f 2789/3763/2774 2860/3762/2773 2613/3768/2778 2669/3771/2713
f 2347/3727/2739 2664/3506/2532 2792/3723/2735 2482/3772/2780
f 2629/3505/2531 2874/3724/2736 2792/3723/2735 2664/3506/2532
f 2482/3772/2780 2792/3723/2735 2673/3726/2738 2309/3623/2645
f 2624/3773/2781 2868/3717/2729 2793/3716/2563
f 2799/3774/2731 2471/3695/2711 2478/3538/2564 2793/3537/2563
f 2871/3535/2561 2624/3773/2781 2793/3716/2563 2725/3536/2562
f 2287/3308/2350 2409/3311/2353 2794/3775/2782 2637/3448/2478
f 2409/3311/2353 2318/3316/2358 2639/3554/2578 2794/3775/2782
f 2841/3546/2571 2589/3425/2456 2652/3420/2451 2726/3544/2569
f 2581/3553/2577 2838/3776/2783 2794/3775/2782 2639/3554/2578
f 2725/3536/2562 2840/3777/2784 2585/3534/2560
f 2584/3778/2785 2839/3393/2426 2795/3396/2429 2640/3515/2541
f 2795/3396/2429 2642/3395/2428 2326/3375/2412 2429/3372/2409
f 2640/3515/2541 2795/3396/2429 2429/3372/2409 2296/3371/2408
f 2306/3636/2658 2672/3745/2757 2796/3759/2770 2460/3648/2670
f 2719/3502/2528 2870/3509/2535 2588/3545/2570 2651/3510/2536
f 2617/3744/2756 2869/3758/2769 2796/3759/2770 2672/3745/2757
f 2460/3648/2670 2796/3759/2770 2650/3501/2527 2340/3500/2526
f 2595/3779/2786 2848/3434/2465 2797/3433/2464 2662/3739/2751
f 2671/3436/2467 2308/3663/2685 2465/3666/2688 2797/3433/2464
f 2797/3433/2464 2465/3666/2688 2343/3671/2693 2662/3739/2751
f 2851/3737/2749 2595/3779/2786 2662/3739/2751 2783/3738/2750
f 2337/3632/2654 2667/3748/2760 2798/3742/2754 2453/3635/2657
f 2865/3456/2486 2622/3760/2771 2638/3457/2487 2711/3449/2479
f 2616/3766/2776 2862/3743/2755 2798/3742/2754 2667/3748/2760
f 2453/3635/2657 2798/3742/2754 2672/3745/2757 2306/3636/2658
f 2619/3718/2730 2863/3765/2775 2799/3719/2731
f 2789/3764/2774 2472/3696/2712 2471/3695/2711 2799/3774/2731
f 2720/3513/2539 2864/3512/2538 2584/3778/2785 2640/3515/2541
f 2318/3316/2358 2410/3327/2369 2800/3555/2579 2639/3554/2578
f 2410/3327/2369 2292/3238/2280 2653/3415/2446 2800/3555/2579
f 2794/3775/2782 2838/3776/2783 2582/3455/2485 2637/3448/2478
f 2558/3414/2445 2837/3552/2576 2800/3555/2579 2653/3415/2446
f 2843/3489/2517 2586/3780/2787 2717/3490/2518
f 2586/3780/2787 2840/3777/2784 2725/3536/2562 2717/3490/2518
f 2717/3493/2518 2725/3539/2562 2477/3370/2407 2432/3369/2406
f 2334/3485/2514 2658/3484/2513 2801/3478/2507 2448/3604/2626
f 2857/3756/2767 2610/3767/2777 2668/3757/2768 2787/3753/2764
f 2604/3735/2747 2854/3479/2508 2801/3478/2507 2658/3484/2513
f 2448/3604/2626 2801/3478/2507 2663/3481/2510 2302/3605/2627
f 2607/3542/2567 2855/3733/2745 2802/3734/2746 2665/3543/2568
f 2661/3731/2743 2344/3688/2702 2468/3781/2701 2802/3734/2746
f 2802/3734/2746 2468/3781/2701 2665/3543/2568
f 2859/3769/2779 2856/3751/2763 2803/3752/2715 2791/3770/2714
f 2804/3557/2581 2805/3559/2583 2806/3782/2788 2807/3783/2789
f 2475/3392/2425 2804/3557/2581 2807/3783/2789 2476/3708/2723
f 2805/3559/2583 2770/3365/2402 2773/3701/2717 2806/3782/2788
f 2806/3782/2788 2773/3701/2717 2766/3691/2707 2809/3784/2790
f 2807/3783/2789 2806/3782/2788 2809/3784/2790 2808/3785/2791
f 2476/3708/2723 2807/3783/2789 2808/3785/2791 2469/3676/2696
f 2808/3785/2791 2809/3784/2790 2810/3786/2792 2811/3787/2793
f 2469/3676/2696 2808/3785/2791 2811/3787/2793 2470/3677/2697
f 2809/3784/2790 2766/3691/2707 2769/3694/2710 2810/3786/2792
f 2810/3786/2792 2769/3694/2710 2803/3699/2715 2786/3788/2762
f 2811/3787/2793 2810/3786/2792 2786/3788/2762 2785/3789/2565
f 2470/3677/2697 2811/3787/2793 2785/3789/2565 2665/3682/2568
f 2290/3319/2361 2457/3662/2684 2812/3790/2794 2404/3566/2588
f 2457/3662/2684 2339/3660/2682 2545/3791/2795 2812/3790/2794
f 2812/3790/2794 2545/3791/2795 2365/3792/2796 2548/3793/2797
f 2404/3566/2588 2812/3790/2794 2548/3793/2797 2315/3568/2590
f 2339/3660/2682 2458/3659/2681 2813/3794/2798 2545/3791/2795
f 2458/3659/2681 2305/3611/2633 2462/3795/2799 2813/3794/2798
f 2813/3794/2798 2462/3795/2799 2341/3796/2800 2546/3797/2801
f 2545/3791/2795 2813/3794/2798 2546/3797/2801 2365/3792/2796
f 2365/3792/2796 2546/3797/2801 2814/3798/2802 2547/3799/2803
f 2546/3797/2801 2341/3796/2800 2461/3800/2804 2814/3798/2802
f 2814/3798/2802 2461/3800/2804 2310/3612/2634 2486/3643/2665
f 2547/3799/2803 2814/3798/2802 2486/3643/2665 2349/3639/2661
f 2315/3568/2590 2548/3793/2797 2815/3801/2805 2403/3572/2594
f 2548/3793/2797 2365/3792/2796 2547/3799/2803 2815/3801/2805
f 2815/3801/2805 2547/3799/2803 2349/3639/2661 2485/3637/2659
f 2403/3572/2594 2815/3801/2805 2485/3637/2659 2299/3288/2330
f 2305/3611/2633 2451/3610/2632 2816/3802/2806 2462/3795/2799
f 2451/3610/2632 2336/3607/2629 2549/3803/2807 2816/3802/2806
f 2816/3802/2806 2549/3803/2807 2366/3804/2808 2552/3805/2809
f 2462/3795/2799 2816/3802/2806 2552/3805/2809 2341/3796/2800
f 2336/3607/2629 2452/3606/2628 2817/3806/2810 2549/3803/2807
f 2452/3606/2628 2302/3605/2627 2481/3722/2734 2817/3806/2810
f 2817/3806/2810 2481/3722/2734 2347/3727/2739 2550/3807/2811
f 2549/3803/2807 2817/3806/2810 2550/3807/2811 2366/3804/2808
f 2366/3804/2808 2550/3807/2811 2818/3808/2812 2551/3809/2813
f 2550/3807/2811 2347/3727/2739 2482/3772/2780 2818/3808/2812
f 2818/3808/2812 2482/3772/2780 2309/3623/2645 2488/3621/2643
f 2551/3809/2813 2818/3808/2812 2488/3621/2643 2350/3616/2638
f 2341/3796/2800 2552/3805/2809 2819/3810/2814 2461/3800/2804
f 2552/3805/2809 2366/3804/2808 2551/3809/2813 2819/3810/2814
f 2819/3810/2814 2551/3809/2813 2350/3616/2638 2487/3613/2635
f 2461/3800/2804 2819/3810/2814 2487/3613/2635 2310/3612/2634
f 2820/3431/2462 2554/3428/2459 2381/3811/2815 2555/3812/2816
f 2553/3404/2435 2820/3431/2462 2555/3812/2816 2367/3813/2817
f 2367/3814/2817 2555/3815/2816 2821/3417/2448 2556/3416/2447
f 2555/3815/2816 2381/3816/2815 2557/3521/2547 2821/3417/2448
f 2822/3413/2444 2557/3521/2547 2381/3816/2815 2559/3817/2818
f 2558/3414/2445 2822/3413/2444 2559/3817/2818 2372/3818/2819
f 2372/3819/2819 2559/3820/2818 2823/3427/2458 2560/3461/2491
f 2559/3820/2818 2381/3811/2815 2554/3428/2459 2823/3427/2458
f 2824/3523/2549 2562/3548/2573 2382/3821/2820 2563/3822/2821
f 2561/3437/2468 2824/3523/2549 2563/3822/2821 2369/3823/2822
f 2369/3824/2822 2563/3825/2821 2825/3447/2477 2564/3446/2476
f 2563/3825/2821 2382/3826/2820 2565/3520/2546 2825/3447/2477
f 2876/3444/2474 2632/3442/2472 2565/3520/2546 2826/3445/2475
f 2829/3473/2502 2570/3551/2575 2649/3466/2495 2714/3465/2494
f 2826/3445/2475 2565/3520/2546 2382/3826/2820 2566/3827/2823
f 2556/3416/2447 2826/3445/2475 2566/3827/2823 2367/3814/2817
f 2367/3813/2817 2566/3828/2823 2827/3405/2436 2553/3404/2435
f 2566/3828/2823 2382/3821/2820 2562/3548/2573 2827/3405/2436
f 2828/3401/2433 2383/3829/2824 2568/3830/2825
f 2567/3402/2434 2828/3401/2433 2568/3830/2825 2370/3831/2826
f 2370/3832/2826 2568/3833/2825 2829/3473/2502 2569/3472/2501
f 2568/3833/2825 2383/3834/2824 2570/3551/2575 2829/3473/2502
f 2830/3469/2498 2570/3551/2575 2383/3834/2824 2572/3835/2827
f 2571/3470/2499 2830/3469/2498 2572/3835/2827 2374/3836/2828
f 2374/3837/2828 2572/3838/2827 2831/3486/2515
f 2572/3838/2827 2383/3829/2824 2828/3401/2433 2831/3486/2515
f 2832/3533/2559 2574/3532/2558 2384/3839/2829 2575/3840/2830
f 2573/3488/2516 2832/3533/2559 2575/3840/2830 2373/3841/2831
f 2373/3842/2831 2575/3843/2830 2833/3499/2525 2576/3498/2524
f 2575/3843/2830 2384/3844/2829 2577/3550/2574 2833/3499/2525
f 2834/3497/2523 2577/3550/2574 2384/3844/2829 2578/3845/2832
f 2569/3472/2501 2834/3497/2523 2578/3845/2832 2370/3832/2826
f 2370/3831/2826 2578/3846/2832 2835/3462/2492 2567/3402/2434
f 2578/3846/2832 2384/3839/2829 2574/3532/2558 2835/3462/2492
f 2836/3397/2430 2579/3394/2427 2385/3847/2833 2580/3848/2834
f 2560/3461/2491 2836/3397/2430 2580/3848/2834 2372/3819/2819
f 2372/3818/2819 2580/3849/2834 2837/3552/2576 2558/3414/2445
f 2580/3849/2834 2385/3850/2833 2581/3553/2577 2837/3552/2576
f 2838/3776/2783 2581/3553/2577 2385/3850/2833 2583/3851/2835
f 2582/3455/2485 2838/3776/2783 2583/3851/2835 2368/3852/2836
f 2368/3853/2836 2583/3854/2835 2839/3393/2426 2584/3778/2785
f 2583/3854/2835 2385/3847/2833 2579/3394/2427 2839/3393/2426
f 2840/3777/2784 2586/3780/2787 2386/3855/2837 2587/3856/2838
f 2585/3534/2560 2840/3777/2784 2587/3856/2838 2371/3857/2839
f 2371/3858/2839 2587/3859/2838 2841/3546/2571 2588/3545/2570
f 2587/3859/2838 2386/3860/2837 2589/3425/2456 2841/3546/2571
f 2842/3426/2457 2589/3425/2456 2386/3860/2837 2590/3861/2840
f 2576/3498/2524 2842/3426/2457 2590/3861/2840 2373/3842/2831
f 2373/3841/2831 2590/3862/2840 2843/3489/2517 2573/3488/2516
f 2590/3862/2840 2386/3855/2837 2586/3780/2787 2843/3489/2517
f 2844/3459/2489 2387/3863/2841 2591/3864/2842
f 2831/3486/2515 2844/3459/2489 2591/3864/2842 2374/3837/2828
f 2374/3836/2828 2591/3865/2842 2845/3421/2452 2571/3470/2499
f 2591/3865/2842 2387/3866/2841 2592/3422/2453 2845/3421/2452
f 2846/3531/2557 2592/3422/2453 2387/3866/2841 2593/3867/2843
f 2564/3446/2476 2846/3531/2557 2593/3867/2843 2369/3824/2822
f 2369/3823/2822 2593/3868/2843 2847/3438/2469 2561/3437/2468
f 2593/3868/2843 2387/3863/2841 2844/3459/2489 2847/3438/2469
f 2848/3434/2465 2595/3779/2786 2388/3869/2844 2596/3870/2845
f 2594/3435/2466 2848/3434/2465 2596/3870/2845 2378/3871/2846
f 2378/3872/2846 2596/3873/2845 2849/3527/2553 2597/3453/2483
f 2596/3873/2845 2388/3874/2844 2598/3528/2554 2849/3527/2553
f 2850/3721/2733 2598/3528/2554 2388/3874/2844 2600/3875/2847
f 2599/3482/2511 2850/3721/2733 2600/3875/2847 2375/3876/2848
f 2375/3877/2848 2600/3878/2847 2851/3737/2749 2601/3736/2748
f 2600/3878/2847 2388/3869/2844 2595/3779/2786 2851/3737/2749
f 2852/3729/2741 2602/3728/2740 2389/3879/2849 2603/3880/2850
f 2601/3736/2748 2852/3729/2741 2603/3880/2850 2375/3877/2848
f 2375/3876/2848 2603/3881/2850 2853/3483/2512 2599/3482/2511
f 2603/3881/2850 2389/3882/2849 2604/3735/2747 2853/3483/2512
f 2854/3479/2508 2604/3735/2747 2389/3882/2849 2606/3883/2851
f 2605/3480/2509 2854/3479/2508 2606/3883/2851 2376/3884/2852
f 2376/3885/2852 2606/3886/2851 2855/3733/2745 2607/3542/2567
f 2606/3886/2851 2389/3879/2849 2602/3728/2740 2855/3733/2745
f 2856/3751/2763 2859/3769/2779 2390/3887/2853 2608/3888/2854
f 2856/3751/2763 2608/3888/2854 2380/3889/2855
f 2380/3890/2855 2608/3891/2854 2857/3756/2767 2609/3725/2737
f 2608/3891/2854 2390/3892/2853 2610/3767/2777 2857/3756/2767
f 2858/3755/2766 2610/3767/2777 2390/3892/2853 2612/3893/2856
f 2611/3746/2758 2858/3755/2766 2612/3893/2856 2377/3894/2857
f 2377/3895/2857 2612/3896/2856 2859/3769/2779 2613/3768/2778
f 2612/3896/2856 2390/3887/2853 2859/3769/2779
f 2860/3762/2773 2614/3761/2772 2391/3897/2858 2615/3898/2859
f 2613/3768/2778 2860/3762/2773 2615/3898/2859 2377/3895/2857
f 2377/3894/2857 2615/3899/2859 2861/3747/2759 2611/3746/2758
f 2615/3899/2859 2391/3900/2858 2616/3766/2776 2861/3747/2759
f 2862/3743/2755 2616/3766/2776 2391/3900/2858 2618/3901/2860
f 2617/3744/2756 2862/3743/2755 2618/3901/2860 2379/3902/2861
f 2379/3903/2861 2618/3904/2860 2863/3765/2775 2619/3718/2730
f 2618/3904/2860 2391/3897/2858 2614/3761/2772 2863/3765/2775
f 2864/3512/2538 2620/3511/2537 2392/3905/2862 2621/3906/2863
f 2584/3778/2785 2864/3512/2538 2621/3906/2863 2368/3853/2836
f 2368/3852/2836 2621/3907/2863 2865/3456/2486 2582/3455/2485
f 2621/3907/2863 2392/3908/2862 2622/3760/2771 2865/3456/2486
f 2866/3452/2482 2622/3760/2771 2392/3908/2862 2623/3909/2864
f 2597/3453/2483 2866/3452/2482 2623/3909/2864 2378/3872/2846
f 2378/3871/2846 2623/3910/2864 2867/3518/2544 2594/3435/2466
f 2623/3910/2864 2392/3905/2862 2620/3511/2537 2867/3518/2544
f 2868/3717/2729 2624/3773/2781 2393/3911/2865 2625/3912/2866
f 2619/3718/2730 2868/3717/2729 2625/3912/2866 2379/3903/2861
f 2379/3902/2861 2625/3913/2866 2869/3758/2769 2617/3744/2756
f 2625/3913/2866 2393/3914/2865 2626/3508/2534 2869/3758/2769
f 2870/3509/2535 2626/3508/2534 2393/3914/2865 2627/3915/2867
f 2588/3545/2570 2870/3509/2535 2627/3915/2867 2371/3858/2839
f 2371/3857/2839 2627/3916/2867 2871/3535/2561 2585/3534/2560
f 2627/3916/2867 2393/3911/2865 2624/3773/2781 2871/3535/2561
f 2872/3541/2566 2875/3749/2761 2394/3917/2868 2628/3918/2869
f 2607/3542/2567 2872/3541/2566 2628/3918/2869 2376/3885/2852
f 2376/3884/2852 2628/3919/2869 2873/3504/2530 2605/3480/2509
f 2628/3919/2869 2394/3920/2868 2629/3505/2531 2873/3504/2530
f 2874/3724/2736 2629/3505/2531 2394/3920/2868 2630/3921/2870
f 2609/3725/2737 2874/3724/2736 2630/3921/2870 2380/3890/2855
f 2380/3889/2855 2630/3922/2870 2875/3749/2761 2856/3751/2763
f 2630/3922/2870 2394/3917/2868 2875/3749/2761
f 2286/3262/2304 2397/3261/2303 2876/3444/2474 2631/3411/2442
f 2397/3261/2303 2312/3258/2300 2632/3442/2472 2876/3444/2474
f 2708/3432/2463 2820/3431/2462 2553/3404/2435 2634/3407/2438
f 2977/3923/2871 2978/3924/2872 2909/3925/2873 2936/3926/2874
f 2886/3927/2875 2925/3928/2876 2993/3929/2877 2996/3930/2878
f 2971/3931/2879 2972/3932/2880 2912/3933/2881 2933/3934/2882
f 2965/3935/2883 2966/3936/2884 2915/3937/2885 2930/3938/2886
f 2931/3939/2887 2913/3940/2888 2884/3941/2889 2924/3942/2890
f 2928/3943/2891 2916/3944/2892 2881/3945/2893 2921/3946/2894
f 2963/3947/2895 2964/3948/2896 2906/3949/2897 2939/3950/2898
f 2959/3951/2899 2960/3952/2900 2889/3953/2901 2957/3954/2902
f 2973/3955/2903 2974/3956/2904 2895/3957/2905 2954/3958/2906
f 2967/3959/2907 2968/3960/2908 2901/3961/2909 2951/3962/2910
f 2969/3963/2911 2970/3964/2912 2903/3965/2913 2942/3966/2914
f 2975/3967/2915 2976/3968/2916 2897/3969/2917 2945/3970/2918
f 2961/3971/2919 2962/3972/2920 2891/3973/2921 2948/3974/2922
f 2937/3975/2923 2907/3976/2924 2880/3977/2925 2920/3978/2926
f 2940/3979/2927 2904/3980/2928 2883/3981/2929 2923/3982/2930
f 2943/3983/2931 2898/3984/2932 2886/3985/2933 2926/3986/2934
f 2946/3987/2935 2892/3988/2936 2878/3989/2937 2919/3990/2938
f 2949/3991/2939 2900/3992/2940 2882/3993/2941 2922/3994/2942
f 2952/3995/2943 2894/3996/2944 2885/3997/2945 2925/3998/2946
f 2955/3999/2947 2888/4000/2948 2879/4001/2949 2918/4002/2950
f 2928/3943/2891 2900/3992/2940 2902/4003/2951 2929/4004/2952
f 2929/4004/2952 2902/4003/2951 2901/3961/2909 2930/3938/2886
f 2931/3939/2887 2894/3996/2944 2896/4005/2953 2932/4006/2954
f 2932/4006/2954 2896/4005/2953 2895/3957/2905 2933/3934/2882
f 2934/4007/2955 2888/4000/2948 2890/4008/2956 2935/4009/2957
f 2935/4009/2957 2890/4008/2956 2889/3953/2901 2936/3926/2874
f 2937/3975/2923 2916/3944/2892 2917/4010/2958 2938/4011/2959
f 2938/4011/2959 2917/4010/2958 2915/3937/2885 2939/3950/2898
f 2940/3979/2927 2913/3940/2888 2914/4012/2960 2941/4013/2961
f 2941/4013/2961 2914/4012/2960 2912/3933/2881 2942/3966/2914
f 2943/3983/2931 2910/4014/2962 2911/4015/2963 2944/4016/2964
f 2944/4016/2964 2911/4015/2963 2909/3925/2873 2945/3970/2918
f 2946/3987/2935 2907/3976/2924 2908/4017/2965 2947/4018/2966
f 2947/4018/2966 2908/4017/2965 2906/3949/2897 2948/3974/2922
f 2949/3991/2939 2904/3980/2928 2905/4019/2967 2950/4020/2968
f 2950/4020/2968 2905/4019/2967 2903/3965/2913 2951/3962/2910
f 2952/3995/2943 2898/3984/2932 2899/4021/2969 2953/4022/2970
f 2953/4022/2970 2899/4021/2969 2897/3969/2917 2954/3958/2906
f 2955/4023/2947 2892/3988/2936 2893/4024/2971 2956/4025/2972
f 2956/4025/2972 2893/4024/2971 2891/3973/2921 2957/4026/2902
f 2934/4007/2955 2910/4014/2962 2887/4027/2973 2927/4028/2974
f 2888/4000/2948 2934/4007/2955 2927/4028/2974 2879/4001/2949
f 2890/4008/2956 2956/4029/2972 2957/3954/2902 2889/3953/2901
f 2888/4000/2948 2955/3999/2947 2956/4029/2972 2890/4008/2956
f 2896/4005/2953 2953/4022/2970 2954/3958/2906 2895/3957/2905
f 2894/3996/2944 2952/3995/2943 2953/4022/2970 2896/4005/2953
f 2902/4003/2951 2950/4020/2968 2951/3962/2910 2901/3961/2909
f 2900/3992/2940 2949/3991/2939 2950/4020/2968 2902/4003/2951
f 2893/4024/2971 2947/4018/2966 2948/3974/2922 2891/3973/2921
f 2892/3988/2936 2946/3987/2935 2947/4018/2966 2893/4024/2971
f 2899/4021/2969 2944/4016/2964 2945/3970/2918 2897/3969/2917
f 2898/3984/2932 2943/3983/2931 2944/4016/2964 2899/4021/2969
f 2905/4019/2967 2941/4013/2961 2942/3966/2914 2903/3965/2913
f 2904/3980/2928 2940/3979/2927 2941/4013/2961 2905/4019/2967
f 2908/4017/2965 2938/4011/2959 2939/3950/2898 2906/3949/2897
f 2907/3976/2924 2937/3975/2923 2938/4011/2959 2908/4017/2965
f 2911/4015/2963 2935/4009/2957 2936/3926/2874 2909/3925/2873
f 2910/4014/2962 2934/4007/2955 2935/4009/2957 2911/4015/2963
f 2914/4012/2960 2932/4006/2954 2933/3934/2882 2912/3933/2881
f 2913/3940/2888 2931/3939/2887 2932/4006/2954 2914/4012/2960
f 2917/4010/2958 2929/4004/2952 2930/3938/2886 2915/3937/2885
f 2916/3944/2892 2928/3943/2891 2929/4004/2952 2917/4010/2958
f 2892/3988/2936 2955/4023/2947 2918/4030/2950 2878/3989/2937
f 2898/3984/2932 2952/3995/2943 2925/3998/2946 2886/3985/2933
f 2904/3980/2928 2949/3991/2939 2922/3994/2942 2883/3981/2929
f 2907/3976/2924 2946/3987/2935 2919/3990/2938 2880/3977/2925
f 2910/4014/2962 2943/3983/2931 2926/3986/2934 2887/4027/2973
f 2913/3940/2888 2940/3979/2927 2923/3982/2930 2884/3941/2889
f 2916/3944/2892 2937/3975/2923 2920/3978/2926 2881/3945/2893
f 2964/3948/2896 2961/3971/2919 2948/3974/2922 2906/3949/2897
f 2978/3924/2872 2975/3967/2915 2945/3970/2918 2909/3925/2873
f 2972/3932/2880 2969/3963/2911 2942/3966/2914 2912/3933/2881
f 2970/3964/2912 2967/3959/2907 2951/3962/2910 2903/3965/2913
f 2976/3968/2916 2973/3955/2903 2954/3958/2906 2897/3969/2917
f 2962/3972/2920 2959/4031/2899 2957/4026/2902 2891/3973/2921
f 2966/3936/2884 2963/3947/2895 2939/3950/2898 2915/3937/2885
f 2900/3992/2940 2928/3943/2891 2921/3946/2894 2882/3993/2941
f 2894/3996/2944 2931/3939/2887 2924/3942/2890 2885/3997/2945
f 2968/3960/2908 2965/3935/2883 2930/3938/2886 2901/3961/2909
f 2974/3956/2904 2971/3931/2879 2933/3934/2882 2895/3957/2905
f 2960/3952/2900 2977/3923/2871 2936/3926/2874 2889/3953/2901
f 2919/4032/2975 2878/4033/2976 2982/4034/2977 2981/4035/2978
f 2878/4033/2976 2918/4036/2979 2979/4037/2980 2982/4034/2977
f 2927/4038/2981 2887/4039/2982 2998/4040/2983 2997/4041/2984
f 2887/4039/2982 2926/4042/2985 2995/4043/2986 2998/4040/2983
f 2920/4044/2987 2880/4045/2988 2984/4046/2989 2983/4047/2990
f 2880/4045/2988 2919/4032/2975 2981/4035/2978 2984/4046/2989
f 2879/4048/2991 2927/4038/2981 2997/4041/2984 2980/4049/2992
f 2921/4050/2993 2881/4051/2994 2986/4052/2994 2985/4053/2995
f 2881/4051/2994 2920/4044/2987 2983/4047/2990 2986/4052/2994
f 2922/4054/2996 2882/4055/2997 2988/4056/2998 2987/4057/2999
f 2882/4055/2997 2921/4050/2993 2985/4053/2995 2988/4056/2998
f 2923/4058/3000 2883/4059/3001 2990/4060/3002 2989/4061/3003
f 2883/4059/3001 2922/4054/2996 2987/4057/2999 2990/4060/3002
f 2924/4062/3004 2884/4063/3005 2992/4064/3006 2991/4065/3007
f 2884/4063/3005 2923/4058/3000 2989/4061/3003 2992/4064/3006
f 2925/3928/2876 2885/4066/3008 2994/4067/3009 2993/3929/2877
f 2885/4066/3008 2924/4062/3004 2991/4065/3007 2994/4067/3009
f 2918/4068/2979 2879/4048/2991 2980/4049/2992 2979/4069/2980
f 2926/4042/2985 2886/3927/2875 2996/3930/2878 2995/4043/2986
f 2877/4070/3010 2960/4071/3010 2959/4072/3010
f 2877/4070/3010 2962/4073/3010 2961/4074/3010
f 2877/4070/3010 2964/4075/3010 2963/4076/3010
f 2877/4070/3010 2966/4077/3010 2965/4078/3010
f 2877/4070/3010 2968/4079/3010 2967/4080/3010
f 2877/4070/3010 2970/4081/3010 2969/4082/3010
f 2877/4070/3010 2972/4083/3010 2971/4084/3010
f 2877/4070/3010 2974/4085/3010 2973/4086/3010
f 2877/4070/3010 2976/4087/3010 2975/4088/3010
f 2877/4070/3010 2978/4089/3010 2977/4090/3010
f 2877/4070/3010 2959/4072/3010 2962/4073/3010
f 2877/4070/3010 2961/4074/3010 2964/4075/3010
f 2877/4070/3010 2963/4076/3010 2966/4077/3010
f 2877/4070/3010 2965/4078/3010 2968/4079/3010
f 2877/4070/3010 2967/4080/3010 2970/4081/3010
f 2877/4070/3010 2969/4082/3010 2972/4083/3010
f 2877/4070/3010 2971/4084/3010 2974/4085/3010
f 2877/4070/3010 2973/4086/3010 2976/4087/3010
f 2877/4070/3010 2975/4088/3010 2978/4089/3010
f 2877/4070/3010 2977/4090/3010 2960/4071/3010
f 2958/4091/3011 2979/4092/3012 2980/4093/3013
f 2958/4091/3011 2981/4094/3014 2982/4095/3015
f 2958/4091/3011 2983/4096/3016 2984/4097/3017
f 2958/4091/3011 2985/4098/3018 2986/4099/3019
f 2958/4091/3011 2987/4100/3020 2988/4101/3021
f 2958/4091/3011 2989/4102/3022 2990/4103/3023
f 2958/4091/3011 2991/4104/3024 2992/4105/3025
f 2958/4091/3011 2993/4106/3026 2994/4107/3027
f 2958/4091/3011 2995/4108/3028 2996/4109/3029
f 2958/4091/3011 2997/4110/3030 2998/4111/3031
f 2958/4091/3011 2982/4095/3015 2979/4092/3012
f 2958/4091/3011 2984/4097/3017 2981/4094/3014
f 2958/4091/3011 2986/4099/3019 2983/4096/3016
f 2958/4091/3011 2988/4101/3021 2985/4098/3018
f 2958/4091/3011 2990/4103/3023 2987/4100/3020
f 2958/4091/3011 2992/4105/3025 2989/4102/3022
f 2958/4091/3011 2994/4107/3027 2991/4104/3024
f 2958/4091/3011 2996/4109/3029 2993/4106/3026
f 2958/4091/3011 2998/4111/3031 2995/4108/3028
f 2958/4091/3011 2980/4093/3013 2997/4110/3030
f 1028/1693/1034 1023/1697/1033 3076/1696/1040 3075/1691/1039
f 996/938/406 997/933/401 3080/932/400 3085/935/403
f 990/1688/976 991/961/427 3078/960/426 3084/1687/1037
f 984/962/428 985/1703/693 3076/1696/1040 3077/959/425
f 998/1127/581 999/1690/1016 3086/1689/1038 3081/1125/579
f 988/1704/692 989/1686/965 3083/1685/1036 3075/1691/1039
f 559/4112/562 1035/1694/863 3086/1689/1038 3057/1640/1015
f 1030/1700/716 506/4113/398 3027/1552/975 3084/1687/1037
f 500/4114/429 1027/1692/846 3083/1685/1036 3021/1535/967
f 587/4115/612 493/4116/611 3014/1611/1003 3074/1679/1031
f 586/4117/614 587/4115/612 3074/1679/1031 3073/1677/1030
f 585/4118/615 586/4117/614 3073/1677/1030 3072/1674/1029
f 487/4119/616 585/4118/615 3072/1674/1029 3008/1673/1023
f 584/4120/670 492/4121/604 3013/1601/998 3071/1671/1028
f 583/4122/671 584/4120/670 3071/1671/1028 3070/1669/1027
f 582/4123/672 583/4122/671 3070/1669/1027 3069/1667/1026
f 490/4124/576 582/4123/672 3069/1667/1026 3011/1626/1009
f 581/4125/621 566/4126/619 3061/1653/1020 3068/1585/991
f 578/4127/597 579/4128/592 3066/1565/982 3065/1665/1025
f 577/4129/598 578/4127/597 3065/1665/1025 3064/1662/1024
f 488/4130/599 577/4129/598 3064/1662/1024 3009/1661/1002
f 568/4131/617 487/4132/616 3008/1659/1023 3063/1657/1022
f 567/4133/618 568/4131/617 3063/1657/1022 3062/1654/1021
f 566/4126/619 567/4133/618 3062/1654/1021 3061/1653/1020
f 530/4134/477 529/4135/463 3037/1495/941 3038/1583/990
f 565/4136/643 483/4137/506 3004/1651/981 3060/1649/1019
f 564/4138/644 565/4136/643 3060/1649/1019 3059/1647/1018
f 563/4139/645 564/4138/644 3059/1647/1018 3058/1645/1017
f 491/4140/629 563/4139/645 3058/1645/1017 3012/1634/1013
f 558/4141/563 559/4112/562 3057/1640/1015 3056/1637/1014
f 484/4142/396 558/4141/563 3056/1637/1014 3005/1636/974
f 557/4143/630 491/4140/629 3012/1634/1013 3055/1632/1012
f 556/4144/632 557/4143/630 3055/1632/1012 3054/1630/1011
f 555/4145/633 556/4144/632 3054/1630/1011 3053/1628/1010
f 489/4146/634 555/4145/633 3053/1628/1010 3010/1619/1007
f 554/4147/577 490/4124/576 3011/1626/1009 3052/1624/1008
f 553/4148/578 554/4147/577 3052/1624/1008 3051/936/404
f 552/4149/664 489/4146/634 3010/1619/1007 3050/1617/1006
f 551/4150/665 552/4149/664 3050/1617/1006 3049/1615/1005
f 550/4151/666 551/4150/665 3049/1615/1005 3048/1612/1004
f 493/4116/611 550/4151/666 3048/1612/1004 3014/1611/1003
f 549/4152/600 488/4153/599 3009/1609/1002 3047/1607/1001
f 548/4154/601 549/4152/600 3047/1607/1001 3046/1605/1000
f 547/4155/602 548/4154/601 3046/1605/1000 3045/1602/999
f 492/4121/604 547/4155/602 3045/1602/999 3013/1601/998
f 486/4156/470 540/4157/472 3044/1599/997 3007/1522/961
f 540/4157/472 539/4158/484 3043/1597/996 3044/1599/997
f 539/4158/484 538/4159/482 3042/1593/995 3043/1597/996
f 538/4159/482 478/4160/483 2999/1594/987 3042/1593/995
f 485/4161/450 537/4162/541 3041/1591/994 3006/1512/956
f 537/4162/541 536/4163/540 3040/1589/993 3041/1591/994
f 536/4163/540 535/4164/539 3039/1587/992 3040/1589/993
f 535/4164/539 481/4165/431 3002/1538/968 3039/1587/992
f 580/4166/591 581/4125/621 3068/1585/991 3067/1566/983
f 513/4167/478 530/4134/477 3038/1583/990 3031/1570/985
f 528/4168/457 527/4169/456 3035/1581/989 3036/1496/942
f 527/4169/456 526/4170/455 3034/1577/988 3035/1581/989
f 526/4170/455 479/4171/454 3000/1578/959 3034/1577/988
f 478/4172/483 515/4173/481 3033/1573/986 2999/1575/987
f 515/4173/481 514/4174/480 3032/1569/984 3033/1573/986
f 514/4174/480 513/4167/478 3031/1570/985 3032/1569/984
f 579/4128/592 580/4166/591 3067/1566/983 3066/1565/982
f 483/4175/506 512/4176/508 3030/1561/980 3004/1563/981
f 512/4176/508 511/4177/512 3029/1559/979 3030/1561/980
f 511/4177/512 510/4178/511 3028/1557/978 3029/1559/979
f 510/4178/511 482/4179/492 3003/1546/972 3028/1557/978
f 506/4113/398 505/4180/397 3026/1548/973 3027/1552/975
f 505/4180/397 484/4181/396 3005/1549/974 3026/1548/973
f 482/4179/492 504/4182/494 3025/1544/971 3003/1546/972
f 504/4182/494 503/4183/499 3024/1542/970 3025/1544/971
f 503/4183/499 502/4184/497 3023/1540/969 3024/1542/970
f 502/4184/497 480/4185/498 3001/1529/964 3023/1540/969
f 481/4165/431 501/4186/430 3022/1534/966 3002/1538/968
f 501/4186/430 500/4114/429 3021/1535/967 3022/1534/966
f 480/4185/498 499/4187/533 3020/1527/963 3001/1529/964
f 499/4187/533 498/4188/535 3019/1525/962 3020/1527/963
f 498/4188/535 497/4189/534 3018/1521/960 3019/1525/962
f 497/4189/534 486/4156/470 3007/1522/961 3018/1521/960
f 479/4190/454 496/4191/453 3017/1517/958 3000/1519/959
f 496/4191/453 495/4192/452 3016/1515/957 3017/1517/958
f 495/4192/452 494/4193/451 3015/1511/955 3016/1515/957
f 494/4193/451 485/4161/450 3006/1512/956 3015/1511/955
f 529/4135/463 528/4168/457 3036/1496/942 3037/1495/941
f 1036/1695/977 1025/1110/565 3082/1109/564 3081/1125/579
f 986/934/402 987/1126/580 3082/1109/564 3079/931/399
f 1024/1698/715 1029/1699/714 3078/960/426 3077/959/425
f 1034/1702/702 553/4148/578 3051/936/404 3085/935/403
f 1026/1111/561 1033/1701/560 3080/932/400 3079/931/399
