# Blender 5.0.1
# www.blender.org
mtllib Lemon.mtl
o lemon
v -0.012979 0.035744 0.003422
v -0.013941 0.035182 -0.000783
v -0.018403 0.032788 -0.007251
v 0.010882 0.030910 0.016220
v 0.002220 0.035728 0.010190
v -0.011583 0.039087 -0.009282
v -0.006031 0.040386 -0.007228
v 0.006275 0.038850 0.002862
v 0.003010 0.040278 -0.002123
v 0.001658 0.040697 -0.002824
v -0.001655 0.042309 -0.003268
v -0.001545 0.042569 -0.006076
v -0.003186 0.042031 -0.004805
v -0.004458 -0.035853 0.023215
v 0.013499 -0.048585 0.009343
v 0.000240 -0.043414 0.015362
v 0.005268 -0.047306 0.013556
v 0.002375 -0.049770 0.002570
v 0.012383 -0.049128 0.002515
v 0.007248 -0.042771 -0.009041
v 0.010717 -0.033503 -0.022782
v -0.014185 0.034910 0.004532
v -0.012014 0.035282 0.005903
v -0.010459 0.037288 0.003889
v -0.011193 0.037145 0.001444
v -0.013470 0.035182 0.001766
v -0.015676 0.034479 0.003553
v -0.012563 0.035895 -0.000473
v -0.013410 0.036684 -0.002256
v -0.014938 0.035209 -0.002066
v -0.015146 0.034489 0.000578
v -0.016638 0.034151 -0.001198
v -0.026033 0.028702 -0.007798
v -0.025420 0.029570 -0.006069
v -0.023429 0.030717 -0.007522
v -0.025246 0.028888 -0.009572
v -0.019844 0.031645 -0.009555
v -0.021106 0.031561 -0.007581
v -0.020494 0.032185 -0.005037
v -0.017060 0.033019 -0.010288
v -0.018449 0.031855 -0.011722
v -0.016163 0.034666 -0.006516
v -0.015452 0.034292 -0.009096
v 0.011799 0.030990 0.015028
v 0.009809 0.032073 0.014571
v 0.009229 0.031502 0.016373
v 0.011723 0.029995 0.017707
v 0.013733 0.029863 0.016349
v 0.009461 0.030479 0.018491
v 0.001976 0.037389 0.007730
v -0.000286 0.037168 0.007491
v -0.001149 0.035692 0.010172
v 0.004963 0.035796 0.007829
v 0.004047 0.037164 0.006885
v 0.000346 0.034343 0.013473
v 0.002735 0.034352 0.013559
v 0.004454 0.035224 0.010930
v -0.002575 0.034016 0.013082
v 0.006310 0.035461 0.008489
v -0.011357 0.039590 -0.008147
v -0.010213 0.040172 -0.008640
v -0.010692 0.039351 -0.010051
v -0.012829 0.037488 -0.009901
v -0.013165 0.037911 -0.008161
v -0.011934 0.037011 -0.011409
v -0.007267 0.040561 -0.006648
v -0.006602 0.040142 -0.004451
v -0.005979 0.039865 -0.004675
v -0.006336 0.040702 -0.009204
v -0.007646 0.040904 -0.008347
v -0.005300 0.039744 -0.004788
v -0.005101 0.040042 -0.006697
v 0.005121 0.039134 0.003499
v 0.005911 0.037239 0.005269
v 0.007368 0.037621 0.003694
v 0.008157 0.037565 0.001801
v 0.006704 0.038965 0.001440
v 0.005275 0.039838 0.001444
v 0.004660 0.040449 -0.002625
v 0.004671 0.040560 -0.004357
v 0.003490 0.040433 -0.004090
v 0.002662 0.040345 -0.003955
v 0.002181 0.040138 -0.002598
v 0.001170 0.040055 -0.001679
v 0.001324 0.039927 -0.001056
v 0.002985 0.040248 -0.000885
v 0.004427 0.040320 -0.001223
v 0.001336 0.040119 -0.000346
v 0.001854 0.040939 -0.003705
v 0.000913 0.041346 -0.003075
v 0.001044 0.040737 -0.002162
v -0.001199 0.042465 -0.003385
v -0.001363 0.042733 -0.003853
v -0.001862 0.042529 -0.003530
v -0.002275 0.041794 -0.003032
v -0.001805 0.041788 -0.002817
v -0.001219 0.041838 -0.002790
v -0.001290 0.042865 -0.005647
v -0.000637 0.041571 -0.006944
v -0.001236 0.041424 -0.007113
v -0.001908 0.041281 -0.007104
v -0.001968 0.042723 -0.005708
v -0.001719 0.043024 -0.005241
v -0.003705 0.040892 -0.005569
v -0.003987 0.040773 -0.004476
v -0.003070 0.042119 -0.004173
v -0.002506 0.042758 -0.004507
v -0.002817 0.042442 -0.005126
v -0.003210 0.040999 -0.006460
v -0.002810 -0.035983 0.023485
v -0.003230 -0.034277 0.025196
v -0.005237 -0.034653 0.024283
v -0.007297 -0.035421 0.023403
v -0.005669 -0.036718 0.022249
v -0.003609 -0.037477 0.021862
v 0.012807 -0.049107 0.009937
v 0.012317 -0.049793 0.008588
v 0.013479 -0.048875 0.008316
v 0.014137 -0.046254 0.009896
v 0.013545 -0.046525 0.011016
v 0.014546 -0.046139 0.008559
v 0.000551 -0.041286 0.016362
v -0.001774 -0.041282 0.016866
v -0.002814 -0.042734 0.015731
v 0.003923 -0.042842 0.016230
v 0.004252 -0.041101 0.016841
v -0.004499 -0.044043 0.013546
v -0.001836 -0.045142 0.013079
v 0.006808 -0.047397 0.013330
v 0.006644 -0.044976 0.014794
v 0.004397 -0.045272 0.014795
v 0.002274 -0.046074 0.013957
v 0.004492 -0.048352 0.012723
v 0.006455 -0.048991 0.012217
v 0.003557 -0.050063 0.001954
v 0.004039 -0.051028 0.003396
v 0.002231 -0.050285 0.003691
v -0.000302 -0.048572 0.002935
v 0.000551 -0.048485 0.001488
v 0.001687 -0.048510 0.000107
v 0.012911 -0.049428 0.003419
v 0.011739 -0.050276 0.003716
v 0.011431 -0.049660 0.002495
v 0.012770 -0.047558 0.001313
v 0.013838 -0.047275 0.002293
v 0.011377 -0.048048 0.000523
v 0.005775 -0.042615 -0.010488
v 0.008109 -0.041712 -0.011473
v 0.010468 -0.041910 -0.009157
v 0.008984 -0.043075 -0.007046
v 0.004988 -0.043951 -0.007200
v 0.002445 -0.043426 -0.009272
v 0.012355 -0.033468 -0.021953
v 0.010827 -0.035130 -0.021001
v 0.009103 -0.034200 -0.022378
v 0.008178 -0.032833 -0.024172
v 0.010627 -0.032218 -0.024027
v 0.013040 -0.031523 -0.023217
v 0.013274 -0.029409 -0.024695
v 0.016139 -0.028758 -0.023365
v 0.015629 -0.031114 -0.021979
v 0.014640 -0.033470 -0.020808
v 0.010452 -0.030225 -0.025625
v 0.010244 -0.027894 -0.027097
v 0.013302 -0.027046 -0.026039
v 0.007556 -0.030861 -0.025826
v 0.007058 -0.028461 -0.027231
v 0.006700 -0.025963 -0.028776
v 0.010035 -0.025318 -0.028342
v 0.004615 -0.031585 -0.025769
v 0.003928 -0.029122 -0.027214
v 0.003415 -0.026648 -0.029051
v 0.002851 -0.023759 -0.030117
v 0.006385 -0.023220 -0.030024
v 0.000795 -0.029897 -0.027169
v 0.000060 -0.027229 -0.028723
v -0.000685 -0.024379 -0.029992
v -0.001346 -0.021431 -0.031078
v 0.002371 -0.020847 -0.031130
v -0.003346 -0.027883 -0.028220
v -0.004240 -0.025081 -0.029607
v -0.005031 -0.022053 -0.030608
v -0.005741 -0.018971 -0.031479
v -0.001890 -0.018482 -0.032135
v -0.007778 -0.025662 -0.028698
v -0.008704 -0.022675 -0.029878
v -0.009470 -0.019547 -0.030611
v -0.010278 -0.016436 -0.031286
v -0.006395 -0.015953 -0.032216
v -0.012210 -0.022910 -0.028236
v -0.013037 -0.019797 -0.028981
v -0.013930 -0.016704 -0.029677
v -0.014808 -0.013608 -0.030240
v -0.011026 -0.013365 -0.031822
v -0.016484 -0.019756 -0.026872
v -0.017399 -0.016758 -0.027404
v -0.018418 -0.013817 -0.027997
v -0.019043 -0.010746 -0.028079
v -0.015410 -0.010493 -0.030362
v -0.020944 -0.016914 -0.024735
v -0.021940 -0.014064 -0.025208
v -0.022605 -0.010988 -0.025362
v -0.023228 -0.007899 -0.025498
v -0.019647 -0.007686 -0.028237
v -0.025266 -0.014125 -0.021973
v -0.025800 -0.011012 -0.022134
v -0.026411 -0.007901 -0.022295
v -0.026854 -0.004779 -0.022433
v -0.023817 -0.004881 -0.025724
v -0.028693 -0.010887 -0.018571
v -0.029399 -0.007824 -0.018822
v -0.029786 -0.004629 -0.019021
v -0.030109 -0.001443 -0.019326
v -0.027151 -0.001610 -0.022635
v -0.031662 -0.007539 -0.014923
v -0.032106 -0.004353 -0.015193
v -0.032223 -0.001133 -0.015367
v -0.032296 0.001989 -0.015499
v -0.030183 0.001727 -0.019502
v -0.033817 -0.003999 -0.011130
v -0.033881 -0.000779 -0.011280
v -0.033939 0.002375 -0.011421
v -0.033860 0.005538 -0.011425
v -0.032099 0.005088 -0.015412
v -0.035268 -0.000400 -0.007233
v -0.035185 0.002727 -0.007367
v -0.035281 0.005931 -0.007508
v -0.034826 0.009117 -0.007510
v -0.033600 0.008675 -0.011398
v -0.035516 0.003089 -0.003160
v -0.035545 0.006193 -0.003389
v -0.035367 0.009432 -0.003584
v -0.034756 0.012656 -0.003724
v -0.034231 0.012320 -0.007547
v -0.035792 0.006667 0.000771
v -0.035374 0.009836 0.000358
v -0.034765 0.013058 0.000018
v -0.034064 0.016287 -0.000313
v -0.033912 0.015820 -0.003880
v -0.034520 0.010452 0.004196
v -0.033877 0.013536 0.003650
v -0.033332 0.016814 0.003174
v -0.032533 0.020035 0.002585
v -0.033137 0.019456 -0.000721
v -0.032635 0.014194 0.007188
v -0.032176 0.017405 0.006452
v -0.031434 0.020693 0.005734
v -0.030021 0.023555 0.004763
v -0.031246 0.023046 0.001749
v -0.030941 0.018238 0.009741
v -0.029968 0.021292 0.008797
v -0.028719 0.024275 0.007778
v -0.027200 0.026913 0.006502
v -0.028553 0.026282 0.003636
v -0.028317 0.021928 0.011779
v -0.027148 0.025038 0.010736
v -0.025735 0.027838 0.009279
v -0.023980 0.030158 0.007509
v -0.025453 0.029278 0.004980
v -0.025014 0.025590 0.013309
v -0.023588 0.028566 0.011706
v -0.021867 0.030799 0.009613
v -0.019754 0.032188 0.007339
v -0.021585 0.031549 0.005481
v -0.020932 0.028993 0.013398
v -0.019517 0.031481 0.011273
v -0.017671 0.033058 0.008887
v -0.015839 0.034181 0.006646
v -0.017737 0.033711 0.005341
v -0.016918 0.031880 0.012580
v -0.015285 0.033318 0.010323
v -0.013574 0.034287 0.007976
v -0.012785 0.033668 0.011992
v -0.010896 0.034426 0.009589
v -0.009158 0.035272 0.007338
v -0.007574 0.037333 0.005417
v -0.008586 0.034686 0.010975
v -0.006901 0.035936 0.008628
v -0.005322 0.037312 0.006215
v -0.003489 0.038833 0.004053
v -0.005574 0.039265 0.003507
v -0.005088 0.035925 0.009405
v -0.003710 0.037001 0.006654
v -0.002102 0.038377 0.004235
v -0.001083 0.039109 0.001998
v -0.002255 0.039529 0.002016
v -0.002063 0.036989 0.007130
v -0.000960 0.038473 0.004462
v -0.000251 0.039546 0.002092
v 0.000099 0.039878 0.000805
v -0.000809 0.039395 0.000848
v 0.000403 0.038955 0.004629
v 0.000962 0.040217 0.002118
v 0.001247 0.040340 0.000541
v 0.000223 0.039794 0.000003
v 0.002556 0.040516 0.001941
v 0.002805 0.040420 0.000202
v 0.003977 0.040290 0.001663
v 0.004190 0.040297 0.000026
v 0.005599 0.039861 -0.000030
v 0.005997 0.040088 -0.001418
v 0.007253 0.038995 -0.000089
v 0.007648 0.039336 -0.001636
v 0.007561 0.039404 -0.003469
v 0.006185 0.040213 -0.003083
v 0.007216 0.039357 -0.005288
v 0.006014 0.040251 -0.004797
v 0.007059 0.039626 -0.007032
v 0.005716 0.040353 -0.006412
v 0.004499 0.040538 -0.005894
v 0.003516 0.040525 -0.005485
v 0.005350 0.040614 -0.007996
v 0.004119 0.040689 -0.007254
v 0.003265 0.040623 -0.006682
v 0.002514 0.040569 -0.006178
v 0.002691 0.040467 -0.005154
v 0.003531 0.040881 -0.008421
v 0.002779 0.040670 -0.007680
v 0.002163 0.040606 -0.007074
v 0.001526 0.041043 -0.006480
v 0.001823 0.041100 -0.005672
v 0.002069 0.040706 -0.008493
v 0.001573 0.040613 -0.007825
v 0.001076 0.041001 -0.007177
v 0.000235 0.041786 -0.006158
v 0.000563 0.041848 -0.005657
v 0.000821 0.040581 -0.008450
v 0.000455 0.040923 -0.007714
v -0.000166 0.041700 -0.006560
v -0.000926 0.042926 -0.005493
v -0.000495 0.042988 -0.005172
v -0.000280 0.040848 -0.008116
v -0.000041 0.040579 -0.008922
v -0.000976 0.040510 -0.009153
v -0.001075 0.040797 -0.008330
v -0.001959 0.040445 -0.009130
v -0.001905 0.040706 -0.008282
v -0.002986 0.040340 -0.008795
v -0.002769 0.040603 -0.007971
v -0.002523 0.041135 -0.006915
v -0.002415 0.042640 -0.005514
v -0.003587 0.040424 -0.007360
v -0.003984 0.040219 -0.008177
v -0.004372 0.040365 -0.006185
v -0.004651 0.040222 -0.004688
v -0.004823 0.039548 -0.003370
v -0.004399 0.040146 -0.003439
v -0.003853 0.040788 -0.003488
v -0.002935 0.041939 -0.003707
v -0.003842 0.040184 -0.002466
v -0.003374 0.040897 -0.002761
v -0.002660 0.041840 -0.003314
v -0.002076 0.042725 -0.003781
v -0.002290 0.042790 -0.004113
v -0.002746 0.040952 -0.002296
v -0.003086 0.040298 -0.001792
v -0.002318 0.040368 -0.001418
v -0.002084 0.041058 -0.001980
v -0.001500 0.040353 -0.001304
v -0.001369 0.041132 -0.001869
v -0.000662 0.040403 -0.001378
v -0.000637 0.041189 -0.002031
v -0.000612 0.041873 -0.002951
v -0.000602 0.042526 -0.003592
v 0.000115 0.041303 -0.002430
v 0.000070 0.041863 -0.003410
v 0.000013 0.042429 -0.004137
v 0.000789 0.041613 -0.004107
v 0.000705 0.041811 -0.005041
v -0.000193 0.042774 -0.004698
v -0.000816 0.042867 -0.004153
v -0.001109 0.042992 -0.004565
v -0.001594 0.042923 -0.004165
v -0.001408 0.043081 -0.004905
v -0.001852 0.043036 -0.004488
v -0.002144 0.042968 -0.004895
v 0.001896 0.041018 -0.004779
v 0.000178 0.040545 -0.001627
v -0.000680 0.039736 -0.001024
v 0.000217 0.039891 -0.001213
v -0.000701 0.039425 -0.000486
v 0.000248 0.039687 -0.000629
v -0.000712 0.039395 0.000174
v -0.001626 0.039464 -0.000487
v -0.001682 0.039484 0.000113
v -0.001798 0.039631 0.000806
v -0.002789 0.039731 -0.000138
v -0.003091 0.039987 0.000511
v -0.003872 0.040062 0.001696
v -0.004483 0.040114 -0.000122
v -0.005528 0.040136 0.000881
v -0.007569 0.039290 0.002373
v -0.007015 0.040103 -0.000261
v -0.008936 0.039205 0.000738
v -0.007874 0.039753 -0.001738
v -0.009454 0.039027 -0.001167
v -0.011073 0.037342 -0.000521
v -0.010015 0.039349 -0.002880
v -0.011840 0.038156 -0.002407
v -0.010735 0.039606 -0.005040
v -0.012562 0.038506 -0.004596
v -0.014303 0.036691 -0.004280
v -0.013103 0.038374 -0.006423
v -0.014777 0.036260 -0.006289
v -0.016039 0.035068 -0.004017
v -0.017674 0.033734 -0.003527
v -0.019641 0.032859 -0.002146
v -0.018701 0.033599 0.000125
v -0.021795 0.031829 -0.000690
v -0.020906 0.032519 0.001700
v -0.019496 0.033136 0.003704
v -0.017286 0.034092 0.002112
v -0.023000 0.030763 0.003304
v -0.024017 0.030183 0.000826
v -0.026560 0.028572 0.002317
v -0.024757 0.029923 -0.001687
v -0.027246 0.028061 -0.000379
v -0.029521 0.025778 0.000768
v -0.027624 0.027630 -0.002941
v -0.030037 0.025324 -0.002056
v -0.031933 0.022580 -0.001350
v -0.030253 0.024783 -0.004811
v -0.031925 0.021905 -0.004471
v -0.033038 0.018906 -0.004096
v -0.031316 0.021203 -0.007683
v -0.032566 0.018357 -0.007720
v -0.033370 0.015342 -0.007612
v -0.031605 0.017762 -0.011339
v -0.032304 0.014763 -0.011356
v -0.033090 0.011772 -0.011385
v -0.030979 0.014274 -0.015082
v -0.031519 0.011196 -0.015188
v -0.031851 0.008129 -0.015285
v -0.029468 0.010892 -0.018728
v -0.029752 0.007837 -0.019036
v -0.030018 0.004847 -0.019345
v -0.027029 0.007869 -0.022336
v -0.027304 0.004836 -0.022755
v -0.027288 0.001610 -0.022805
v -0.024408 0.004899 -0.025838
v -0.024427 0.001574 -0.025972
v -0.024131 -0.001707 -0.025784
v -0.021068 0.001685 -0.028439
v -0.020794 -0.001588 -0.028503
v -0.020186 -0.004656 -0.028307
v -0.017141 -0.001131 -0.030731
v -0.016655 -0.004286 -0.030879
v -0.016086 -0.007415 -0.030776
v -0.012971 -0.003906 -0.032760
v -0.012386 -0.007156 -0.032628
v -0.011717 -0.010299 -0.032192
v -0.008440 -0.006886 -0.033577
v -0.007750 -0.010009 -0.033244
v -0.007060 -0.012978 -0.032853
v -0.003619 -0.009423 -0.033777
v -0.002967 -0.012380 -0.033209
v -0.002411 -0.015413 -0.032715
v 0.001040 -0.011766 -0.033675
v 0.001542 -0.014827 -0.032866
v 0.001978 -0.017886 -0.032078
v 0.005334 -0.014195 -0.032836
v 0.005726 -0.017344 -0.031930
v 0.006048 -0.020319 -0.030917
v 0.009345 -0.016801 -0.031673
v 0.009670 -0.019783 -0.030609
v 0.009903 -0.022618 -0.029526
v 0.013044 -0.018940 -0.029440
v 0.013346 -0.021864 -0.028545
v 0.013331 -0.024526 -0.027323
v 0.016566 -0.020979 -0.026942
v 0.016434 -0.023659 -0.025708
v 0.016329 -0.026277 -0.024588
v 0.019487 -0.022981 -0.023851
v 0.019240 -0.025664 -0.022780
v 0.018824 -0.028236 -0.021616
v 0.021797 -0.024994 -0.020324
v 0.021234 -0.027685 -0.019309
v 0.020255 -0.030329 -0.018140
v 0.018160 -0.030860 -0.020393
v 0.019463 -0.033239 -0.017267
v 0.017235 -0.033617 -0.019428
v 0.017571 -0.035681 -0.016242
v 0.015208 -0.035592 -0.018063
v 0.012983 -0.035490 -0.019620
v 0.012956 -0.037323 -0.016809
v 0.010856 -0.037080 -0.018519
v 0.008801 -0.036550 -0.020223
v 0.006847 -0.035225 -0.021967
v 0.008536 -0.038503 -0.017517
v 0.006444 -0.037749 -0.019498
v 0.004506 -0.036424 -0.021703
v 0.002845 -0.034503 -0.023742
v 0.005491 -0.033569 -0.023982
v 0.003990 -0.038827 -0.018887
v 0.001966 -0.037620 -0.021411
v 0.000142 -0.035547 -0.023388
v -0.001361 -0.033151 -0.025002
v 0.001625 -0.032448 -0.025669
v -0.000741 -0.038240 -0.020489
v -0.002698 -0.036361 -0.022539
v -0.004436 -0.033885 -0.024106
v -0.005719 -0.031286 -0.025784
v -0.002435 -0.030585 -0.026654
v -0.005793 -0.037016 -0.021224
v -0.007615 -0.034513 -0.022905
v -0.008985 -0.031708 -0.024443
v -0.010168 -0.028841 -0.025917
v -0.006762 -0.028502 -0.027319
v -0.010708 -0.034942 -0.021297
v -0.012196 -0.031964 -0.022762
v -0.013426 -0.028930 -0.024035
v -0.014646 -0.026010 -0.025343
v -0.011200 -0.025872 -0.027081
v -0.015331 -0.032255 -0.020955
v -0.016651 -0.028973 -0.022080
v -0.018089 -0.026051 -0.023445
v -0.019104 -0.022816 -0.024071
v -0.015726 -0.022959 -0.026387
v -0.019706 -0.028638 -0.019738
v -0.020995 -0.025571 -0.020468
v -0.022250 -0.022618 -0.020952
v -0.023340 -0.019813 -0.021110
v -0.020005 -0.019727 -0.024418
v -0.023975 -0.025581 -0.017014
v -0.025233 -0.022807 -0.017226
v -0.026567 -0.020076 -0.017603
v -0.027550 -0.017089 -0.017983
v -0.024408 -0.017087 -0.021522
v -0.027566 -0.023018 -0.013234
v -0.029012 -0.020138 -0.013697
v -0.029953 -0.016991 -0.014101
v -0.030358 -0.013764 -0.014314
v -0.028215 -0.014004 -0.018353
v -0.030828 -0.020143 -0.009663
v -0.031595 -0.016860 -0.009978
v -0.032217 -0.013628 -0.010280
v -0.032890 -0.010445 -0.010624
v -0.031025 -0.010680 -0.014640
v -0.032887 -0.016699 -0.005882
v -0.033565 -0.013413 -0.006215
v -0.034147 -0.010116 -0.006550
v -0.034714 -0.006853 -0.006807
v -0.033476 -0.007237 -0.010906
v -0.034353 -0.012960 -0.002144
v -0.034686 -0.009623 -0.002424
v -0.035324 -0.006404 -0.002612
v -0.035731 -0.003182 -0.002781
v -0.035201 -0.003654 -0.007052
v -0.034790 -0.009000 0.001769
v -0.035533 -0.005881 0.001651
v -0.035922 -0.002661 0.001514
v -0.035997 0.000533 0.001364
v -0.035573 -0.000024 -0.002950
v -0.035051 -0.005274 0.005971
v -0.035307 -0.002086 0.005794
v -0.035328 0.001123 0.005621
v -0.035211 0.004291 0.005297
v -0.035852 0.003605 0.001107
v -0.033910 -0.001600 0.009799
v -0.033910 0.001666 0.009521
v -0.033995 0.005014 0.009177
v -0.033656 0.008217 0.008598
v -0.034860 0.007382 0.004768
v -0.032491 0.002261 0.013104
v -0.032636 0.005691 0.012761
v -0.032484 0.009027 0.012270
v -0.032130 0.012212 0.011594
v -0.033262 0.011281 0.007932
v -0.030712 0.006350 0.016021
v -0.030625 0.009666 0.015554
v -0.030453 0.013050 0.014901
v -0.029927 0.016201 0.013856
v -0.031579 0.015222 0.010721
v -0.028060 0.010348 0.018210
v -0.028176 0.013846 0.017630
v -0.027512 0.016845 0.016444
v -0.026715 0.019186 0.015226
v -0.029248 0.018965 0.012751
v -0.025562 0.014296 0.020311
v -0.024840 0.017209 0.018771
v -0.024023 0.019483 0.017451
v -0.023706 0.022632 0.016722
v -0.026143 0.022260 0.014476
v -0.022163 0.017282 0.021097
v -0.021674 0.020055 0.019627
v -0.021125 0.023215 0.018449
v -0.019699 0.026254 0.016656
v -0.022449 0.025991 0.015261
v -0.019198 0.020616 0.021550
v -0.018515 0.023564 0.019901
v -0.017403 0.026661 0.018146
v -0.016043 0.029531 0.016132
v -0.018337 0.029360 0.014810
v -0.015996 0.024159 0.021603
v -0.015182 0.027191 0.019884
v -0.013821 0.029794 0.017834
v -0.012322 0.032110 0.015850
v -0.014512 0.032072 0.014144
v -0.012591 0.027588 0.021509
v -0.011430 0.029987 0.019483
v -0.010129 0.032125 0.017375
v -0.008503 0.033618 0.014685
v -0.010539 0.033815 0.013507
v -0.008734 0.030207 0.020818
v -0.007642 0.031925 0.018429
v -0.006354 0.033130 0.015498
v -0.004940 0.034021 0.012468
v -0.006800 0.034725 0.011977
v -0.004767 0.031795 0.019046
v -0.003889 0.032877 0.016121
v -0.001694 0.031832 0.019252
v -0.000936 0.032684 0.016329
v 0.001328 0.031756 0.019219
v 0.001754 0.032790 0.016491
v 0.004154 0.031570 0.019199
v 0.004251 0.032680 0.016624
v 0.005089 0.033893 0.013929
v 0.006541 0.034298 0.011548
v 0.006835 0.032256 0.016673
v 0.007572 0.033141 0.014416
v 0.008818 0.033365 0.012180
v 0.011051 0.032399 0.012764
v 0.012604 0.032956 0.010907
v 0.010297 0.033877 0.010154
v 0.008101 0.034837 0.009342
v 0.011824 0.034143 0.008042
v 0.009768 0.035398 0.007422
v 0.008069 0.035860 0.006501
v 0.006972 0.036197 0.005832
v 0.011318 0.035327 0.005190
v 0.009646 0.036126 0.004645
v 0.008423 0.036778 0.004177
v 0.010691 0.035936 0.002460
v 0.009247 0.036559 0.002110
v 0.011360 0.035385 0.000252
v 0.009718 0.036133 -0.000046
v 0.008547 0.037508 -0.000167
v 0.010385 0.036288 -0.002188
v 0.008787 0.037662 -0.002118
v 0.010853 0.036309 -0.004360
v 0.008962 0.037907 -0.004017
v 0.010966 0.036285 -0.006475
v 0.008865 0.037920 -0.005944
v 0.010175 0.036338 -0.008665
v 0.008561 0.038167 -0.007847
v 0.009402 0.036809 -0.010666
v 0.008205 0.038700 -0.009754
v 0.006674 0.039911 -0.008794
v 0.007270 0.038836 -0.011618
v 0.005945 0.040143 -0.010484
v 0.004708 0.040880 -0.009378
v 0.004719 0.040162 -0.012069
v 0.003632 0.040992 -0.010634
v 0.002645 0.041000 -0.009296
v 0.002388 0.040787 -0.011509
v 0.001625 0.040950 -0.010049
v 0.001180 0.040730 -0.009153
v 0.000522 0.041072 -0.010679
v 0.000194 0.040759 -0.009700
v -0.000662 0.041008 -0.011187
v -0.000850 0.040703 -0.010025
v -0.002005 0.040835 -0.011176
v -0.001981 0.040602 -0.009953
v -0.003351 0.040866 -0.010769
v -0.003147 0.040529 -0.009600
v -0.004700 0.040598 -0.010096
v -0.004301 0.040416 -0.008951
v -0.003642 0.040742 -0.012541
v -0.005142 0.040497 -0.011790
v -0.006557 0.040216 -0.010871
v -0.005463 0.039564 -0.013496
v -0.006820 0.039228 -0.012457
v -0.008347 0.039207 -0.011666
v -0.008011 0.040448 -0.010065
v -0.009721 0.039171 -0.010943
v -0.009178 0.040474 -0.009318
v -0.008686 0.040736 -0.007780
v -0.009872 0.040524 -0.007284
v -0.009333 0.040390 -0.005555
v -0.008129 0.040571 -0.006133
v -0.008643 0.040237 -0.003434
v -0.007388 0.040348 -0.004075
v -0.006595 0.039857 -0.002458
v -0.005859 0.039787 -0.002871
v -0.005345 0.039571 -0.003140
v -0.005685 0.040054 -0.001166
v -0.005001 0.039850 -0.001643
v -0.004524 0.039562 -0.001981
v -0.004092 0.039636 -0.002297
v -0.003963 0.039821 -0.000677
v -0.003563 0.039609 -0.001125
v -0.003277 0.039780 -0.001513
v -0.002573 0.039625 -0.000679
v -0.002419 0.039815 -0.001127
v -0.001561 0.039708 -0.001004
v -0.011285 0.039814 -0.006791
v -0.008703 0.036941 -0.013036
v -0.010445 0.036817 -0.012281
v -0.009100 0.035035 -0.014308
v -0.010895 0.034754 -0.013200
v -0.012471 0.034786 -0.012089
v -0.011247 0.033503 -0.014052
v -0.012932 0.033688 -0.012839
v -0.014342 0.034031 -0.011153
v -0.013597 0.035178 -0.010519
v -0.014378 0.035635 -0.008468
v -0.013716 0.033276 -0.014048
v -0.015464 0.033411 -0.012289
v -0.015358 0.032772 -0.015947
v -0.017080 0.032476 -0.013858
v -0.016961 0.031011 -0.017897
v -0.018781 0.030855 -0.015722
v -0.020034 0.030465 -0.013523
v -0.020174 0.028705 -0.017755
v -0.021853 0.028592 -0.015671
v -0.023290 0.028663 -0.013615
v -0.021392 0.030776 -0.011517
v -0.024459 0.028828 -0.011585
v -0.022386 0.030985 -0.009510
v -0.022793 0.031065 -0.005650
v -0.025212 0.029820 -0.004067
v -0.022370 0.031331 -0.003244
v -0.027923 0.027300 -0.005333
v -0.027967 0.026708 -0.007870
v -0.030109 0.024153 -0.007767
v -0.027454 0.026205 -0.010545
v -0.029490 0.023636 -0.011039
v -0.030591 0.020710 -0.011180
v -0.028229 0.023332 -0.013943
v -0.029303 0.020345 -0.014471
v -0.030352 0.017378 -0.014894
v -0.027671 0.020279 -0.017442
v -0.028405 0.017164 -0.018028
v -0.029127 0.014033 -0.018512
v -0.026239 0.017167 -0.020921
v -0.026770 0.014034 -0.021610
v -0.026817 0.010921 -0.021859
v -0.023950 0.014197 -0.024220
v -0.024075 0.011189 -0.024857
v -0.024181 0.008104 -0.025379
v -0.021094 0.011517 -0.027525
v -0.021130 0.008316 -0.028021
v -0.021242 0.004996 -0.028414
v -0.017712 0.008536 -0.029983
v -0.017697 0.005230 -0.030323
v -0.017658 0.002021 -0.030784
v -0.014067 0.005720 -0.032212
v -0.013894 0.002527 -0.032579
v -0.013472 -0.000672 -0.032622
v -0.010016 0.002824 -0.033818
v -0.009616 -0.000411 -0.033854
v -0.009107 -0.003664 -0.034002
v -0.005640 -0.000183 -0.034538
v -0.005073 -0.003336 -0.034406
v -0.004378 -0.006428 -0.034146
v -0.000917 -0.002703 -0.034424
v -0.000216 -0.005669 -0.034192
v 0.000493 -0.008659 -0.034049
v 0.003963 -0.004809 -0.034008
v 0.004519 -0.007901 -0.033964
v 0.004961 -0.011044 -0.033583
v 0.008569 -0.007264 -0.033479
v 0.008804 -0.010425 -0.033158
v 0.009011 -0.013623 -0.032490
v 0.012488 -0.009925 -0.031630
v 0.012574 -0.012941 -0.031120
v 0.012649 -0.015922 -0.030184
v 0.016118 -0.012369 -0.029140
v 0.016081 -0.015162 -0.028337
v 0.016415 -0.018095 -0.027853
v 0.019593 -0.014505 -0.026113
v 0.019711 -0.017365 -0.025649
v 0.019676 -0.020220 -0.024850
v 0.022767 -0.016750 -0.022967
v 0.022522 -0.019551 -0.022235
v 0.022231 -0.022313 -0.021364
v 0.025122 -0.018794 -0.019183
v 0.024755 -0.021482 -0.018434
v 0.024383 -0.024289 -0.017651
v 0.027071 -0.020495 -0.015111
v 0.026506 -0.023291 -0.014465
v 0.025831 -0.026172 -0.013803
v 0.023540 -0.027012 -0.016695
v 0.024671 -0.028941 -0.012954
v 0.022447 -0.029721 -0.015689
v 0.023279 -0.031699 -0.012092
v 0.021289 -0.032545 -0.014823
v 0.021930 -0.034486 -0.011363
v 0.019701 -0.035223 -0.013982
v 0.020035 -0.036835 -0.010413
v 0.017509 -0.037321 -0.012925
v 0.015143 -0.037392 -0.014981
v 0.015206 -0.038806 -0.011654
v 0.012746 -0.039028 -0.013789
v 0.010603 -0.038892 -0.015675
v 0.010410 -0.040435 -0.012674
v 0.008276 -0.040340 -0.014643
v 0.006076 -0.039643 -0.016572
v 0.005921 -0.041342 -0.013580
v 0.003614 -0.040649 -0.015786
v 0.001383 -0.039676 -0.018203
v 0.000975 -0.041476 -0.014924
v -0.001365 -0.040484 -0.017281
v -0.003659 -0.038990 -0.019392
v -0.004347 -0.041224 -0.016046
v -0.006677 -0.039649 -0.017974
v -0.008861 -0.037492 -0.019631
v -0.009768 -0.039866 -0.016056
v -0.011946 -0.037813 -0.017722
v -0.013701 -0.035135 -0.019317
v -0.014672 -0.037467 -0.015371
v -0.016575 -0.034845 -0.017075
v -0.018140 -0.031754 -0.018516
v -0.019281 -0.034231 -0.014581
v -0.021009 -0.031254 -0.015956
v -0.022727 -0.028418 -0.016846
v -0.023547 -0.031354 -0.012538
v -0.025020 -0.028661 -0.012819
v -0.026039 -0.025702 -0.012864
v -0.026847 -0.028990 -0.008662
v -0.028195 -0.026077 -0.008864
v -0.029501 -0.023179 -0.009229
v -0.029526 -0.026200 -0.004790
v -0.030868 -0.023074 -0.005180
v -0.032179 -0.019974 -0.005622
v -0.031437 -0.022767 -0.001051
v -0.032676 -0.019573 -0.001424
v -0.033650 -0.016293 -0.001779
v -0.033065 -0.019038 0.002591
v -0.033857 -0.015626 0.002247
v -0.034459 -0.012263 0.001969
v -0.033714 -0.014920 0.006262
v -0.034084 -0.011538 0.006063
v -0.034458 -0.008359 0.005985
v -0.032652 -0.010985 0.009976
v -0.033081 -0.007866 0.009997
v -0.033653 -0.004767 0.009982
v -0.031899 -0.007566 0.014061
v -0.032278 -0.004340 0.013899
v -0.032403 -0.001108 0.013518
v -0.030927 -0.003675 0.017531
v -0.030555 -0.000483 0.016794
v -0.030635 0.003023 0.016380
v -0.028166 0.000416 0.019594
v -0.028256 0.003939 0.019322
v -0.028235 0.007148 0.018899
v -0.025678 0.004887 0.022167
v -0.025610 0.008041 0.021704
v -0.025469 0.010958 0.020981
v -0.022401 0.008673 0.024080
v -0.022319 0.011342 0.023370
v -0.022382 0.014255 0.022473
v -0.019053 0.011671 0.025502
v -0.019186 0.014403 0.024481
v -0.019308 0.017538 0.023049
v -0.016070 0.014541 0.026472
v -0.016539 0.017983 0.025112
v -0.016474 0.021242 0.023284
v -0.013556 0.018746 0.026580
v -0.013710 0.021996 0.024927
v -0.013341 0.024877 0.023264
v -0.010429 0.022638 0.025985
v -0.010163 0.025371 0.024385
v -0.009663 0.027925 0.022830
v -0.006693 0.025950 0.025296
v -0.006222 0.028282 0.023613
v -0.005538 0.030236 0.021570
v -0.002575 0.028211 0.023624
v -0.002130 0.030322 0.021810
v 0.000817 0.028244 0.023659
v 0.001090 0.030385 0.021766
v 0.004026 0.028137 0.023621
v 0.004131 0.030130 0.021581
v 0.007232 0.027820 0.023368
v 0.007073 0.029552 0.021235
v 0.006933 0.031129 0.019046
v 0.009940 0.029099 0.020651
v 0.010420 0.027386 0.022600
v 0.013503 0.027037 0.021184
v 0.012666 0.028674 0.019544
v 0.016443 0.026958 0.019076
v 0.015252 0.028565 0.017711
v 0.018773 0.026904 0.016386
v 0.017269 0.028631 0.015370
v 0.015347 0.030123 0.014416
v 0.013236 0.031425 0.013547
v 0.019000 0.028736 0.012755
v 0.016996 0.030494 0.012187
v 0.014954 0.032162 0.011739
v 0.018773 0.030822 0.009710
v 0.016581 0.032338 0.009272
v 0.014199 0.033292 0.008692
v 0.017914 0.031868 0.006445
v 0.015412 0.032884 0.006080
v 0.013171 0.033986 0.005660
v 0.016381 0.032684 0.003361
v 0.014279 0.033850 0.003161
v 0.012431 0.035052 0.002846
v 0.015117 0.033901 0.000649
v 0.013328 0.034959 0.000535
v 0.015567 0.033969 -0.001985
v 0.013811 0.034746 -0.001928
v 0.011982 0.035206 -0.002029
v 0.013881 0.034152 -0.004489
v 0.012331 0.034869 -0.004415
v 0.013159 0.033883 -0.007237
v 0.012036 0.034746 -0.006706
v 0.012383 0.034277 -0.009823
v 0.011173 0.034922 -0.009251
v 0.011631 0.034698 -0.012284
v 0.010311 0.035410 -0.011442
v 0.010421 0.034823 -0.014497
v 0.009424 0.035866 -0.013548
v 0.008410 0.037066 -0.012600
v 0.007901 0.035479 -0.015533
v 0.007073 0.036866 -0.014668
v 0.005948 0.038795 -0.013524
v 0.005227 0.036267 -0.016322
v 0.004239 0.038451 -0.014996
v 0.003249 0.039957 -0.013189
v 0.002573 0.038269 -0.015911
v 0.001870 0.040127 -0.014142
v 0.001184 0.041041 -0.012330
v 0.000141 0.040068 -0.014612
v -0.000328 0.040982 -0.012837
v -0.001821 0.039844 -0.014513
v -0.001970 0.040769 -0.012850
v -0.003784 0.039842 -0.014247
v -0.001551 0.038293 -0.016287
v -0.003763 0.038251 -0.015745
v -0.005565 0.037992 -0.015029
v -0.003692 0.036429 -0.017309
v -0.005603 0.036252 -0.016540
v -0.007322 0.035725 -0.015431
v -0.007017 0.037417 -0.013940
v -0.005715 0.034845 -0.017681
v -0.007653 0.034420 -0.016636
v -0.009345 0.033665 -0.015304
v -0.008363 0.033673 -0.018115
v -0.010241 0.033232 -0.016821
v -0.011977 0.033098 -0.015453
v -0.011589 0.033153 -0.019323
v -0.013585 0.032774 -0.017852
v -0.012461 0.031564 -0.021709
v -0.014892 0.031240 -0.020013
v -0.013046 0.029065 -0.023463
v -0.015776 0.028944 -0.021979
v -0.018161 0.028863 -0.019907
v -0.016579 0.026356 -0.023770
v -0.019260 0.026418 -0.021811
v -0.021528 0.026294 -0.019782
v -0.020079 0.023623 -0.023552
v -0.022589 0.023496 -0.021438
v -0.024828 0.023411 -0.019141
v -0.023563 0.026173 -0.017664
v -0.026663 0.023266 -0.016587
v -0.025187 0.026081 -0.015357
v -0.026507 0.026106 -0.013025
v -0.025638 0.020356 -0.020160
v -0.023235 0.020464 -0.022574
v -0.023726 0.017336 -0.023488
v -0.020643 0.020678 -0.024889
v -0.020827 0.017566 -0.025789
v -0.020875 0.014511 -0.026574
v -0.017663 0.017883 -0.027847
v -0.017637 0.014897 -0.028681
v -0.017796 0.011844 -0.029678
v -0.014187 0.015346 -0.030451
v -0.014253 0.012197 -0.031318
v -0.014218 0.008941 -0.031854
v -0.010485 0.012499 -0.032479
v -0.010416 0.009293 -0.033037
v -0.010332 0.006092 -0.033693
v -0.006510 0.009397 -0.033814
v -0.006364 0.006229 -0.034411
v -0.006028 0.003014 -0.034444
v -0.002224 0.006413 -0.034493
v -0.001886 0.003362 -0.034699
v -0.001461 0.000306 -0.034737
v 0.002425 0.003921 -0.034364
v 0.002862 0.000965 -0.034164
v 0.003359 -0.001893 -0.034279
v 0.007275 0.001707 -0.033691
v 0.007730 -0.001164 -0.033717
v 0.008182 -0.004137 -0.033589
v 0.011849 -0.000588 -0.032217
v 0.012165 -0.003657 -0.032143
v 0.012422 -0.006828 -0.032060
v 0.015963 -0.003231 -0.030468
v 0.016163 -0.006394 -0.030307
v 0.016247 -0.009508 -0.029899
v 0.019633 -0.005875 -0.028102
v 0.019688 -0.008920 -0.027494
v 0.019496 -0.011706 -0.026601
v 0.022850 -0.008202 -0.024734
v 0.022906 -0.011102 -0.024039
v 0.022803 -0.013909 -0.023391
v 0.025649 -0.010237 -0.020938
v 0.025546 -0.013167 -0.020282
v 0.025454 -0.016050 -0.019829
v 0.027881 -0.012161 -0.016878
v 0.027664 -0.015010 -0.016232
v 0.027446 -0.017767 -0.015688
v 0.029734 -0.013922 -0.012599
v 0.029609 -0.016808 -0.012057
v 0.029338 -0.019674 -0.011594
v 0.031020 -0.015743 -0.008125
v 0.030561 -0.018665 -0.007663
v 0.029742 -0.021489 -0.007240
v 0.028603 -0.022478 -0.011099
v 0.029037 -0.024357 -0.006836
v 0.027740 -0.025304 -0.010543
v 0.028014 -0.027067 -0.006333
v 0.026744 -0.028179 -0.009935
v 0.026684 -0.029654 -0.005734
v 0.025403 -0.030890 -0.009170
v 0.025068 -0.031990 -0.005114
v 0.023652 -0.033254 -0.008350
v 0.023550 -0.034375 -0.004460
v 0.022061 -0.035675 -0.007519
v 0.021623 -0.036438 -0.003833
v 0.020215 -0.037678 -0.006592
v 0.017982 -0.038594 -0.009284
v 0.018181 -0.039369 -0.005454
v 0.015914 -0.040030 -0.008008
v 0.012947 -0.040156 -0.010417
v 0.013950 -0.041407 -0.006665
v 0.016163 -0.040842 -0.004182
v 0.014522 -0.042465 -0.002701
v 0.012500 -0.042917 -0.005067
v 0.013173 -0.043567 -0.001183
v 0.011569 -0.044322 -0.002939
v 0.008872 -0.044833 -0.004197
v 0.011301 -0.046024 -0.001278
v 0.009212 -0.046716 -0.002145
v 0.006970 -0.047471 -0.002544
v 0.005850 -0.045486 -0.004414
v 0.004900 -0.048004 -0.002000
v 0.003236 -0.046060 -0.003721
v 0.001415 -0.044988 -0.005834
v -0.000564 -0.044317 -0.008028
v 0.001219 -0.046641 -0.002708
v -0.000923 -0.045651 -0.004618
v -0.003103 -0.044700 -0.006566
v -0.005387 -0.043955 -0.008574
v -0.002679 -0.043669 -0.010206
v -0.002723 -0.045757 -0.003064
v -0.005256 -0.044896 -0.004880
v -0.007701 -0.043940 -0.006550
v -0.010330 -0.042972 -0.008298
v -0.007800 -0.042950 -0.010454
v -0.006843 -0.044596 -0.002732
v -0.009542 -0.043727 -0.004268
v -0.012300 -0.042823 -0.005783
v -0.014923 -0.041229 -0.007097
v -0.012926 -0.041535 -0.009831
v -0.011103 -0.043938 -0.001881
v -0.014024 -0.043291 -0.003243
v -0.016637 -0.041281 -0.004373
v -0.019026 -0.038980 -0.005677
v -0.017349 -0.038996 -0.008483
v -0.015037 -0.042961 -0.000411
v -0.017659 -0.041156 -0.001389
v -0.020244 -0.039083 -0.002393
v -0.022539 -0.036821 -0.003275
v -0.021481 -0.036586 -0.007073
v -0.018395 -0.041187 0.002004
v -0.020741 -0.039014 0.001310
v -0.023070 -0.036913 0.000681
v -0.025070 -0.034521 0.000240
v -0.024495 -0.034481 -0.003833
v -0.020753 -0.038747 0.005188
v -0.023085 -0.036713 0.004655
v -0.025120 -0.034367 0.004254
v -0.027145 -0.031757 0.003919
v -0.026904 -0.031874 -0.000092
v -0.022893 -0.036407 0.008382
v -0.024951 -0.034048 0.008002
v -0.026865 -0.031306 0.007637
v -0.028626 -0.028302 0.007353
v -0.028655 -0.028676 0.003575
v -0.024087 -0.033189 0.011490
v -0.025860 -0.030405 0.011090
v -0.027751 -0.027488 0.010848
v -0.029239 -0.024150 0.010489
v -0.030378 -0.025111 0.007072
v -0.024568 -0.029547 0.014417
v -0.026304 -0.026526 0.014091
v -0.027891 -0.023273 0.013861
v -0.029179 -0.019921 0.013832
v -0.030550 -0.020787 0.010244
v -0.025019 -0.025922 0.017380
v -0.026714 -0.022676 0.017342
v -0.027842 -0.019283 0.017586
v -0.028276 -0.016008 0.017863
v -0.030043 -0.016711 0.013909
v -0.024890 -0.021973 0.020193
v -0.025671 -0.018611 0.020512
v -0.026052 -0.015172 0.021444
v -0.026317 -0.012142 0.021723
v -0.028773 -0.013167 0.018083
v -0.023010 -0.017791 0.022889
v -0.023846 -0.014540 0.024577
v -0.024333 -0.010979 0.025014
v -0.024989 -0.007830 0.024391
v -0.027091 -0.009086 0.021467
v -0.021061 -0.013963 0.026640
v -0.021455 -0.010268 0.026971
v -0.022074 -0.006992 0.026202
v -0.022471 -0.003840 0.025477
v -0.025558 -0.004587 0.023476
v -0.018006 -0.009948 0.028274
v -0.018861 -0.006454 0.028177
v -0.019321 -0.003208 0.027628
v -0.019563 -0.000110 0.027250
v -0.022585 -0.000728 0.024821
v -0.015626 -0.006006 0.029979
v -0.016107 -0.002697 0.029798
v -0.016240 0.000380 0.029410
v -0.016293 0.003596 0.029235
v -0.019681 0.003101 0.027171
v -0.012559 -0.002423 0.031280
v -0.012653 0.000663 0.031156
v -0.012800 0.003858 0.031163
v -0.012798 0.007258 0.030678
v -0.016329 0.007150 0.029084
v -0.008985 0.001167 0.032473
v -0.009150 0.004348 0.032304
v -0.009276 0.007583 0.031785
v -0.009497 0.010805 0.030886
v -0.012551 0.010314 0.029543
v -0.005399 0.005040 0.032811
v -0.005712 0.008201 0.032193
v -0.006174 0.011353 0.031442
v -0.006467 0.014346 0.030307
v -0.009612 0.013544 0.029554
v -0.002095 0.008953 0.032516
v -0.002627 0.012004 0.031516
v -0.002996 0.014954 0.030500
v -0.003203 0.017936 0.029612
v -0.006657 0.017311 0.029301
v 0.001055 0.012481 0.031522
v 0.000688 0.015374 0.030614
v 0.000425 0.018226 0.029569
v 0.000284 0.020938 0.028331
v -0.003354 0.020844 0.028326
v 0.004501 0.015600 0.030497
v 0.004185 0.018389 0.029534
v 0.003966 0.021080 0.028368
v 0.003826 0.023495 0.026837
v 0.000307 0.023557 0.027005
v 0.007947 0.018275 0.028671
v 0.007706 0.020996 0.027843
v 0.007473 0.023459 0.026542
v 0.007310 0.025664 0.025032
v 0.003875 0.025899 0.025368
v 0.011466 0.020776 0.026646
v 0.011176 0.023242 0.025577
v 0.010854 0.025457 0.024224
v 0.014677 0.022942 0.023742
v 0.014195 0.025126 0.022587
v 0.017999 0.022870 0.021366
v 0.017391 0.025089 0.020358
v 0.020956 0.022813 0.018544
v 0.020027 0.025059 0.017526
v 0.023368 0.022465 0.015395
v 0.022228 0.024774 0.014473
v 0.020806 0.026873 0.013540
v 0.023887 0.024167 0.011124
v 0.022329 0.026398 0.010415
v 0.020589 0.028620 0.009963
v 0.023667 0.025900 0.007124
v 0.021990 0.028290 0.006855
v 0.020253 0.030551 0.006745
v 0.023064 0.027920 0.003436
v 0.021299 0.030139 0.003472
v 0.018976 0.031670 0.003461
v 0.021911 0.029941 0.000104
v 0.019481 0.031472 0.000414
v 0.016971 0.032599 0.000596
v 0.019445 0.031285 -0.002643
v 0.017333 0.032736 -0.002234
v 0.018958 0.031175 -0.005958
v 0.017106 0.032737 -0.005332
v 0.015385 0.033643 -0.004835
v 0.016468 0.032671 -0.008547
v 0.014691 0.033461 -0.007865
v 0.015667 0.032822 -0.011546
v 0.014110 0.034000 -0.010574
v 0.014493 0.032835 -0.014439
v 0.013158 0.034146 -0.013279
v 0.012861 0.032449 -0.016921
v 0.011620 0.033913 -0.015627
v 0.010959 0.032167 -0.019361
v 0.009738 0.033695 -0.017780
v 0.008672 0.034478 -0.016445
v 0.007300 0.032879 -0.019225
v 0.006497 0.033705 -0.017804
v 0.005912 0.034671 -0.017067
v 0.004074 0.033341 -0.019144
v 0.003759 0.034319 -0.018284
v 0.003299 0.035985 -0.017368
v 0.001391 0.034589 -0.018759
v 0.001235 0.036019 -0.018014
v 0.000736 0.038261 -0.016395
v -0.001300 0.036172 -0.017788
v -0.001201 0.034811 -0.018729
v -0.003597 0.034902 -0.018305
v -0.001120 0.034023 -0.019980
v -0.003668 0.033905 -0.019688
v -0.006063 0.033981 -0.019131
v -0.003785 0.032908 -0.021591
v -0.006487 0.033212 -0.021114
v -0.009136 0.033200 -0.020344
v -0.006823 0.031601 -0.023367
v -0.009648 0.031699 -0.022759
v -0.007197 0.029720 -0.025678
v -0.010127 0.029382 -0.024636
v -0.007316 0.027307 -0.027532
v -0.010507 0.026925 -0.026531
v -0.013626 0.026539 -0.025395
v -0.010566 0.024247 -0.028218
v -0.013957 0.023908 -0.027084
v -0.017276 0.023794 -0.025583
v -0.014061 0.021109 -0.028361
v -0.017546 0.020851 -0.026870
v -0.014221 0.018345 -0.029647
v -0.010436 0.021436 -0.029518
v -0.010423 0.018626 -0.030762
v -0.010429 0.015593 -0.031590
v -0.006718 0.018772 -0.031677
v -0.006614 0.015691 -0.032489
v -0.006596 0.012612 -0.033285
v -0.002741 0.015756 -0.032956
v -0.002634 0.012609 -0.033729
v -0.002481 0.009504 -0.034282
v 0.001495 0.012874 -0.033670
v 0.001735 0.009834 -0.033930
v 0.002060 0.006863 -0.034249
v 0.005992 0.010403 -0.033460
v 0.006462 0.007470 -0.033831
v 0.006859 0.004569 -0.033760
v 0.010583 0.008194 -0.032271
v 0.011033 0.005265 -0.032248
v 0.011387 0.002333 -0.032041
v 0.014997 0.005955 -0.030533
v 0.015371 0.002954 -0.030465
v 0.015648 -0.000095 -0.030361
v 0.018770 0.003558 -0.028049
v 0.019086 0.000461 -0.028123
v 0.019326 -0.002694 -0.028145
v 0.022126 0.001097 -0.025376
v 0.022455 -0.002017 -0.025512
v 0.022604 -0.005162 -0.025220
v 0.025077 -0.001273 -0.022266
v 0.025258 -0.004272 -0.022078
v 0.025572 -0.007247 -0.021643
v 0.027461 -0.003249 -0.018415
v 0.027674 -0.006171 -0.018069
v 0.028002 -0.009184 -0.017643
v 0.029597 -0.005122 -0.014208
v 0.029876 -0.008079 -0.013865
v 0.029955 -0.011066 -0.013283
v 0.031009 -0.007129 -0.009568
v 0.031080 -0.009948 -0.009151
v 0.031002 -0.012808 -0.008617
v 0.031907 -0.009039 -0.004580
v 0.031903 -0.011805 -0.004306
v 0.031721 -0.014727 -0.003966
v 0.032567 -0.011192 0.000301
v 0.032349 -0.014073 0.000414
v 0.032027 -0.016886 0.000575
v 0.031491 -0.017654 -0.003650
v 0.031392 -0.019729 0.000782
v 0.030838 -0.020553 -0.003308
v 0.030557 -0.022532 0.000962
v 0.030023 -0.023408 -0.002981
v 0.029608 -0.025308 0.001188
v 0.028883 -0.026052 -0.002581
v 0.028397 -0.027965 0.001459
v 0.027662 -0.028662 -0.002157
v 0.026960 -0.030548 0.001711
v 0.026242 -0.031183 -0.001741
v 0.025296 -0.032992 0.001914
v 0.024421 -0.033438 -0.001313
v 0.023496 -0.035259 0.002107
v 0.022678 -0.035664 -0.000846
v 0.021569 -0.037321 0.002421
v 0.020690 -0.037583 -0.000254
v 0.019688 -0.038353 -0.002959
v 0.018494 -0.039074 0.000489
v 0.017416 -0.039832 -0.001844
v 0.016603 -0.040769 0.001313
v 0.015804 -0.041553 -0.000707
v 0.015408 -0.042580 0.002021
v 0.014583 -0.043080 0.000427
v 0.014882 -0.044572 0.002617
v 0.014050 -0.044884 0.001325
v 0.012809 -0.045292 0.000010
v 0.014487 -0.046997 0.003392
v 0.015086 -0.044175 0.004101
v 0.014616 -0.046638 0.004604
v 0.013734 -0.049128 0.005256
v 0.013477 -0.049338 0.004248
v 0.012369 -0.050563 0.005693
v 0.012111 -0.050561 0.004678
v 0.010787 -0.051191 0.004849
v 0.010469 -0.050836 0.003668
v 0.011030 -0.051233 0.005954
v 0.009635 -0.051640 0.006166
v 0.009393 -0.051697 0.004936
v 0.012438 -0.050385 0.006690
v 0.011159 -0.050952 0.006985
v 0.009848 -0.051344 0.007305
v 0.008347 -0.051772 0.007715
v 0.008105 -0.052223 0.006470
v 0.011203 -0.050441 0.007946
v 0.010082 -0.050795 0.008441
v 0.008639 -0.050968 0.008860
v 0.006961 -0.050826 0.009100
v 0.006531 -0.051696 0.008001
v 0.010360 -0.050078 0.009626
v 0.009048 -0.050026 0.010080
v 0.007556 -0.050071 0.010462
v 0.005712 -0.049941 0.010948
v 0.004976 -0.050620 0.009603
v 0.009648 -0.049178 0.011714
v 0.008167 -0.048974 0.011849
v 0.008582 -0.047084 0.013107
v 0.010174 -0.046987 0.012900
v 0.010356 -0.044366 0.013541
v 0.008659 -0.044647 0.014276
v 0.010982 -0.049115 0.011224
v 0.011534 -0.046826 0.012412
v 0.011770 -0.044206 0.012826
v 0.012142 -0.042199 0.013426
v 0.010591 -0.042276 0.014251
v 0.012704 -0.046730 0.011865
v 0.012853 -0.044073 0.012151
v 0.013339 -0.042155 0.012589
v 0.014161 -0.040433 0.013319
v 0.012741 -0.040410 0.014333
v 0.013559 -0.043849 0.011246
v 0.014120 -0.042055 0.011584
v 0.015362 -0.040498 0.012219
v 0.016822 -0.038454 0.013070
v 0.015329 -0.038529 0.014424
v 0.014623 -0.041838 0.010231
v 0.016162 -0.040472 0.010782
v 0.018034 -0.038283 0.011442
v 0.019661 -0.035864 0.012239
v 0.018340 -0.036415 0.014301
v 0.016773 -0.040243 0.009144
v 0.018870 -0.038147 0.009737
v 0.020876 -0.035811 0.010140
v 0.022921 -0.033584 0.010669
v 0.021223 -0.033690 0.013276
v 0.019473 -0.038294 0.007633
v 0.021456 -0.036234 0.007800
v 0.023407 -0.033960 0.008018
v 0.025429 -0.031794 0.008321
v 0.024654 -0.031275 0.011374
v 0.021725 -0.036783 0.005150
v 0.023687 -0.034652 0.005134
v 0.025633 -0.032446 0.005166
v 0.027203 -0.029833 0.005165
v 0.026903 -0.029071 0.008595
v 0.028197 -0.026497 0.008959
v 0.026839 -0.026336 0.012778
v 0.025795 -0.028837 0.012115
v 0.028551 -0.027142 0.005140
v 0.029527 -0.024412 0.005094
v 0.028987 -0.023799 0.009202
v 0.029707 -0.021156 0.009384
v 0.028528 -0.021032 0.013678
v 0.027848 -0.023804 0.013312
v 0.030401 -0.021734 0.005071
v 0.031206 -0.019010 0.005094
v 0.030626 -0.018548 0.009586
v 0.031087 -0.015847 0.009680
v 0.029738 -0.015636 0.014099
v 0.029238 -0.018316 0.013931
v 0.031722 -0.016252 0.005073
v 0.032226 -0.013479 0.005078
v 0.031580 -0.013086 0.009817
v 0.031788 -0.010337 0.010037
v 0.030217 -0.010210 0.014625
v 0.030175 -0.012953 0.014324
v 0.032518 -0.010693 0.005168
v 0.032613 -0.007949 0.005287
v 0.031510 -0.007621 0.010215
v 0.032685 -0.008447 0.000258
v 0.032630 -0.005800 0.000297
v 0.032356 -0.005312 0.005467
v 0.031848 -0.006357 -0.004783
v 0.031766 -0.003766 -0.004842
v 0.032555 -0.003227 0.000378
v 0.030771 -0.004388 -0.009748
v 0.030590 -0.001679 -0.009680
v 0.031733 -0.001186 -0.004750
v 0.029390 -0.002317 -0.014316
v 0.029239 0.000433 -0.014221
v 0.030424 0.000975 -0.009487
v 0.027175 -0.000391 -0.018424
v 0.027001 0.002451 -0.018240
v 0.029067 0.003108 -0.014000
v 0.024844 0.001780 -0.022160
v 0.024645 0.004787 -0.021905
v 0.026910 0.005312 -0.017989
v 0.021933 0.004188 -0.025260
v 0.021660 0.007136 -0.025080
v 0.024536 0.007663 -0.021642
v 0.018525 0.006581 -0.028100
v 0.018028 0.009469 -0.027789
v 0.021242 0.009950 -0.024720
v 0.014498 0.008909 -0.030358
v 0.013937 0.011760 -0.029926
v 0.017634 0.012309 -0.027496
v 0.009969 0.011023 -0.031742
v 0.009536 0.013940 -0.031536
v 0.013464 0.014562 -0.029620
v 0.005599 0.013375 -0.033063
v 0.005161 0.016444 -0.032442
v 0.009064 0.016906 -0.031157
v 0.001191 0.016019 -0.033043
v 0.000839 0.019059 -0.032159
v 0.004683 0.019454 -0.031564
v -0.002961 0.018831 -0.032152
v -0.003254 0.021842 -0.030968
v 0.000392 0.021945 -0.030779
v -0.006874 0.021745 -0.030461
v -0.007126 0.024616 -0.029144
v -0.003598 0.024742 -0.029585
v -0.003914 0.027490 -0.028185
v -0.000358 0.027544 -0.028269
v 0.000016 0.024911 -0.029720
v 0.003304 0.027677 -0.027865
v 0.003709 0.025069 -0.029198
v 0.004120 0.022208 -0.030275
v 0.007472 0.025264 -0.028183
v 0.007833 0.022469 -0.029031
v 0.008431 0.019704 -0.030150
v 0.011538 0.022834 -0.027386
v 0.012242 0.020124 -0.028429
v 0.012875 0.017379 -0.029121
v 0.015829 0.020553 -0.026089
v 0.016557 0.017891 -0.026730
v 0.017223 0.015116 -0.027278
v 0.019645 0.018324 -0.023653
v 0.020466 0.015577 -0.024195
v 0.020976 0.012751 -0.024517
v 0.023194 0.016122 -0.020649
v 0.023600 0.013250 -0.020875
v 0.024035 0.010452 -0.021188
v 0.025637 0.013768 -0.016947
v 0.026396 0.011026 -0.017398
v 0.026845 0.008181 -0.017740
v 0.028098 0.011476 -0.013285
v 0.028540 0.008650 -0.013516
v 0.028847 0.005848 -0.013755
v 0.029579 0.008983 -0.009018
v 0.030082 0.006285 -0.009183
v 0.030244 0.003603 -0.009307
v 0.031046 0.006623 -0.004404
v 0.031341 0.003974 -0.004435
v 0.031470 0.001378 -0.004539
v 0.032035 0.004408 0.000612
v 0.032263 0.001788 0.000627
v 0.032344 -0.000713 0.000523
v 0.031903 0.002451 0.005847
v 0.032048 -0.000148 0.005852
v 0.032324 -0.002712 0.005707
v 0.031163 0.000435 0.010875
v 0.031255 -0.002288 0.010748
v 0.031324 -0.004976 0.010482
v 0.030054 -0.001974 0.015388
v 0.029972 -0.004808 0.015163
v 0.030042 -0.007523 0.014901
v 0.027849 -0.004592 0.019235
v 0.028052 -0.007415 0.019135
v 0.027987 -0.010194 0.018769
v 0.025605 -0.007237 0.022877
v 0.025575 -0.010089 0.022559
v 0.025490 -0.012847 0.022205
v 0.027908 -0.012911 0.018427
v 0.025280 -0.015567 0.021751
v 0.027662 -0.015589 0.018139
v 0.025108 -0.018388 0.021321
v 0.027305 -0.018347 0.017826
v 0.024808 -0.021309 0.020849
v 0.026940 -0.021211 0.017528
v 0.024089 -0.024174 0.020117
v 0.026121 -0.024023 0.016942
v 0.023281 -0.027074 0.019359
v 0.025135 -0.026710 0.016231
v 0.022382 -0.029815 0.018349
v 0.024204 -0.029376 0.015443
v 0.021048 -0.032176 0.017031
v 0.022714 -0.031598 0.014382
v 0.019553 -0.034222 0.015596
v 0.019236 -0.032634 0.019375
v 0.018012 -0.034888 0.017761
v 0.016878 -0.036956 0.016162
v 0.016046 -0.035221 0.019460
v 0.014940 -0.037213 0.017625
v 0.013673 -0.038670 0.015700
v 0.012830 -0.037301 0.018684
v 0.011751 -0.038719 0.016692
v 0.010965 -0.040323 0.015191
v 0.009700 -0.039035 0.017533
v 0.009025 -0.040579 0.016079
v 0.008777 -0.042492 0.015197
v 0.006913 -0.040945 0.016757
v 0.006667 -0.042695 0.015883
v 0.007390 -0.039469 0.017998
v 0.004642 -0.040032 0.017881
v 0.005288 -0.038926 0.019733
v 0.002208 -0.039728 0.019500
v 0.001301 -0.040478 0.017489
v 0.008106 -0.037976 0.019812
v 0.008986 -0.036218 0.022073
v 0.006150 -0.036878 0.022138
v 0.010546 -0.037428 0.019389
v 0.011447 -0.035636 0.021486
v 0.012050 -0.032984 0.023181
v 0.009627 -0.033746 0.024135
v 0.013766 -0.035305 0.020578
v 0.014608 -0.032756 0.022320
v 0.015372 -0.030138 0.023983
v 0.012666 -0.030383 0.025099
v 0.017081 -0.032702 0.021093
v 0.018079 -0.030166 0.022736
v 0.018752 -0.027231 0.023918
v 0.015952 -0.027327 0.025514
v 0.020358 -0.030072 0.020812
v 0.021190 -0.027201 0.021923
v 0.021763 -0.024139 0.022767
v 0.018970 -0.024078 0.024761
v 0.019119 -0.021084 0.025694
v 0.016082 -0.021325 0.027747
v 0.016154 -0.024297 0.026674
v 0.022326 -0.021233 0.023737
v 0.022398 -0.018331 0.024275
v 0.019096 -0.018256 0.026471
v 0.019104 -0.015453 0.027226
v 0.015760 -0.015579 0.029622
v 0.016014 -0.018426 0.028824
v 0.022512 -0.015516 0.024916
v 0.022589 -0.012738 0.025426
v 0.019083 -0.012700 0.027828
v 0.018939 -0.009936 0.028118
v 0.015303 -0.010000 0.030543
v 0.015530 -0.012792 0.030182
v 0.022608 -0.009942 0.025801
v 0.022400 -0.007152 0.025819
v 0.018714 -0.007188 0.028209
v 0.018543 -0.004397 0.028430
v 0.014792 -0.004549 0.030706
v 0.015071 -0.007264 0.030698
v 0.022194 -0.004306 0.025984
v 0.021851 -0.001480 0.026089
v 0.018333 -0.001552 0.028727
v 0.025504 -0.004357 0.023007
v 0.025150 -0.001536 0.023057
v 0.024830 0.001239 0.023090
v 0.021447 0.001327 0.026066
v 0.027650 -0.001750 0.019291
v 0.027514 0.001078 0.019446
v 0.027019 0.003865 0.019360
v 0.024566 0.004038 0.023182
v 0.029861 0.000854 0.015451
v 0.029427 0.003676 0.015367
v 0.028967 0.006363 0.015255
v 0.026727 0.006641 0.019415
v 0.030911 0.003189 0.010800
v 0.030595 0.005838 0.010614
v 0.030067 0.008389 0.010345
v 0.028536 0.008962 0.015070
v 0.031669 0.005083 0.005672
v 0.031278 0.007687 0.005417
v 0.030575 0.010215 0.005169
v 0.029592 0.010883 0.010094
v 0.031865 0.007100 0.000472
v 0.031357 0.009773 0.000327
v 0.030627 0.012372 0.000241
v 0.030184 0.012756 0.005052
v 0.030652 0.009276 -0.004404
v 0.030174 0.012022 -0.004408
v 0.029414 0.014684 -0.004392
v 0.029815 0.014960 0.000171
v 0.028995 0.011703 -0.008869
v 0.028407 0.014459 -0.008763
v 0.027726 0.017180 -0.008606
v 0.028652 0.017310 -0.004363
v 0.027558 0.014273 -0.013060
v 0.026731 0.017092 -0.012773
v 0.025834 0.019839 -0.012438
v 0.026662 0.019784 -0.008320
v 0.025155 0.016648 -0.016751
v 0.024340 0.019426 -0.016433
v 0.023098 0.021952 -0.015922
v 0.024526 0.022371 -0.012051
v 0.022326 0.018916 -0.020226
v 0.021244 0.021402 -0.019616
v 0.020222 0.024057 -0.019010
v 0.021859 0.024486 -0.015372
v 0.018819 0.020905 -0.023061
v 0.017986 0.023589 -0.022372
v 0.017155 0.026327 -0.021521
v 0.019123 0.026638 -0.018272
v 0.014995 0.023163 -0.025145
v 0.014182 0.025776 -0.024023
v 0.013340 0.028328 -0.022810
v 0.015795 0.028634 -0.020133
v 0.010947 0.025448 -0.026297
v 0.010288 0.027887 -0.024951
v 0.009430 0.029991 -0.023212
v 0.012152 0.030324 -0.021015
v 0.006932 0.027822 -0.026790
v 0.006273 0.029819 -0.024905
v 0.005494 0.031538 -0.022786
v 0.008396 0.031599 -0.021226
v 0.002830 0.029822 -0.026024
v 0.002349 0.031511 -0.023757
v 0.001837 0.032775 -0.021425
v 0.004609 0.032660 -0.020478
v -0.000633 0.029773 -0.026414
v -0.000834 0.031550 -0.024127
v -0.001011 0.032859 -0.021755
v 0.001533 0.033707 -0.019833
v -0.003899 0.031574 -0.023931
v -0.004023 0.029895 -0.026377
v 0.014238 0.030543 -0.018477
v 0.016025 0.031050 -0.015819
v 0.017694 0.028998 -0.017218
v 0.017374 0.031279 -0.012726
v 0.019198 0.029360 -0.013869
v 0.020732 0.027062 -0.014751
v 0.020489 0.029695 -0.010366
v 0.021826 0.027224 -0.011019
v 0.022981 0.024682 -0.011523
v 0.022530 0.027187 -0.007244
v 0.023804 0.024660 -0.007640
v 0.025265 0.022257 -0.007999
v 0.024715 0.024810 -0.003918
v 0.026137 0.022328 -0.004068
v 0.027556 0.019896 -0.004229
v 0.026417 0.022509 -0.000076
v 0.027894 0.020155 0.000011
v 0.029099 0.017564 0.000107
v 0.027771 0.020702 0.004231
v 0.028812 0.018019 0.004541
v 0.029473 0.015345 0.004841
v 0.027803 0.018644 0.008814
v 0.028418 0.015982 0.009320
v 0.029069 0.013357 0.009791
v 0.026798 0.016666 0.013451
v 0.027273 0.014002 0.014129
v 0.027993 0.011510 0.014685
v 0.025486 0.014795 0.018116
v 0.025927 0.012122 0.018789
v 0.026379 0.009431 0.019241
v 0.023543 0.012710 0.022398
v 0.023828 0.009765 0.022784
v 0.024080 0.006849 0.022951
v 0.020767 0.009978 0.025626
v 0.020857 0.006991 0.025764
v 0.021102 0.004141 0.025982
v 0.017427 0.007204 0.028322
v 0.017595 0.004252 0.028586
v 0.017927 0.001329 0.028725
v 0.014025 0.004303 0.030866
v 0.014256 0.001228 0.030931
v 0.014506 -0.001718 0.030795
v 0.010371 0.001008 0.032428
v 0.010503 -0.001997 0.032216
v 0.010647 -0.004875 0.032122
v 0.006455 -0.002490 0.033058
v 0.006456 -0.005463 0.032954
v 0.006626 -0.008312 0.033002
v 0.010877 -0.007605 0.032193
v 0.007061 -0.011133 0.033014
v 0.011186 -0.010312 0.031954
v 0.007610 -0.013923 0.032711
v 0.011610 -0.013091 0.031649
v 0.008184 -0.016708 0.032027
v 0.012096 -0.015900 0.031224
v 0.008818 -0.019386 0.031373
v 0.012571 -0.018735 0.030507
v 0.009572 -0.022185 0.030288
v 0.012964 -0.021641 0.029381
v 0.010126 -0.025039 0.028961
v 0.013086 -0.024561 0.027915
v 0.010150 -0.027962 0.027493
v 0.013062 -0.027575 0.026700
v 0.009948 -0.030878 0.025876
v 0.007122 -0.028752 0.027927
v 0.007161 -0.031624 0.026278
v 0.006862 -0.034447 0.024448
v 0.004251 -0.032486 0.026356
v 0.004073 -0.035189 0.024472
v 0.003281 -0.037641 0.022058
v 0.001501 -0.035874 0.024445
v 0.000746 -0.038187 0.022122
v -0.000283 -0.039487 0.019445
v -0.001433 -0.037974 0.021877
v -0.002455 -0.039147 0.019813
v -0.003354 -0.039934 0.018405
v -0.001121 -0.040302 0.017732
v -0.004293 -0.040945 0.017405
v -0.006922 -0.040060 0.018018
v -0.008612 -0.041006 0.016427
v -0.005672 -0.041950 0.015934
v -0.005771 -0.039317 0.019122
v -0.008503 -0.038570 0.020125
v -0.009707 -0.038853 0.018684
v -0.004732 -0.038498 0.020289
v -0.007246 -0.037685 0.021132
v -0.009264 -0.036232 0.022226
v -0.010902 -0.037063 0.021064
v -0.012923 -0.035251 0.021830
v -0.014909 -0.036013 0.020203
v -0.012509 -0.037677 0.019525
v -0.011012 -0.034688 0.023480
v -0.012909 -0.032565 0.024376
v -0.015037 -0.033106 0.022506
v -0.008870 -0.033913 0.024938
v -0.010540 -0.031770 0.025913
v -0.012170 -0.029065 0.026005
v -0.014700 -0.029862 0.024486
v -0.006537 -0.032848 0.025763
v -0.008045 -0.030801 0.027148
v -0.009784 -0.028168 0.027816
v -0.011388 -0.025385 0.027730
v -0.013984 -0.026265 0.026000
v -0.005565 -0.029919 0.028037
v -0.007055 -0.027236 0.028907
v -0.008537 -0.024472 0.029431
v -0.009964 -0.021883 0.029978
v -0.013175 -0.022818 0.028121
v -0.004167 -0.026617 0.030036
v -0.005345 -0.023759 0.030661
v -0.006495 -0.021055 0.031306
v -0.007421 -0.018407 0.031692
v -0.011054 -0.019400 0.030396
v -0.002033 -0.023017 0.031221
v -0.002959 -0.020228 0.032077
v -0.003804 -0.017407 0.032619
v -0.004504 -0.014539 0.033107
v -0.008035 -0.015620 0.032081
v 0.000589 -0.019074 0.032191
v -0.000176 -0.016256 0.032890
v -0.000854 -0.013334 0.033259
v -0.001283 -0.010311 0.033524
v -0.005007 -0.011359 0.033347
v 0.003598 -0.015059 0.032941
v 0.002999 -0.012209 0.033349
v 0.002594 -0.009267 0.033447
v 0.002405 -0.006241 0.033326
v -0.001487 -0.007093 0.033392
v -0.001399 -0.003836 0.033282
v -0.005170 -0.004595 0.032927
v -0.005241 -0.007918 0.033332
v 0.002473 -0.003107 0.033248
v 0.002492 0.000067 0.033482
v -0.001336 -0.000622 0.033240
v 0.006396 0.000626 0.033069
v 0.006224 0.003810 0.033083
v 0.002349 0.003213 0.033275
v 0.010180 0.004196 0.032284
v 0.009803 0.007211 0.031549
v 0.005850 0.006893 0.032450
v 0.013770 0.007358 0.030425
v 0.013512 0.010338 0.029983
v 0.009467 0.010194 0.031218
v 0.017259 0.010150 0.027900
v 0.016901 0.013071 0.027352
v 0.013041 0.013089 0.029265
v 0.020398 0.012955 0.025042
v 0.019756 0.015703 0.024089
v 0.016226 0.015683 0.026415
v 0.022997 0.015535 0.021488
v 0.022295 0.018004 0.020333
v 0.018989 0.018111 0.022944
v 0.024754 0.017360 0.017102
v 0.024249 0.020006 0.016274
v 0.021647 0.020425 0.019402
v 0.026215 0.019328 0.012720
v 0.025290 0.021847 0.011932
v 0.026676 0.021195 0.008192
v 0.025205 0.023539 0.007586
v 0.026110 0.022983 0.003844
v 0.024534 0.025342 0.003559
v 0.024840 0.024925 -0.000129
v 0.023601 0.027639 -0.000071
v 0.023322 0.027328 -0.003663
v 0.021508 0.029464 -0.003183
v 0.020980 0.029469 -0.006683
v 0.018369 0.031368 -0.009414
v 0.018371 0.020448 0.022020
v 0.015101 0.020599 0.024701
v 0.015665 0.018208 0.025641
v 0.011829 0.018193 0.027449
v 0.012434 0.015709 0.028448
v 0.008411 0.015645 0.029721
v 0.008949 0.012944 0.030510
v 0.004920 0.012770 0.031287
v 0.005411 0.009912 0.032003
v 0.001581 0.009500 0.032384
v 0.002049 0.006358 0.032901
v -0.001658 0.005730 0.032923
v -0.001450 0.002567 0.033283
v -0.005222 0.001878 0.033195
v -0.005157 -0.001356 0.033186
v -0.008866 -0.001993 0.032287
v -0.008843 -0.005268 0.032268
v -0.012452 -0.005733 0.031555
v -0.011964 -0.009314 0.031222
v -0.008740 -0.008710 0.032434
v -0.011751 -0.012975 0.031293
v -0.008464 -0.012265 0.032436
v -0.011526 -0.016404 0.030916
v -0.014883 -0.013360 0.029862
v -0.014801 -0.016830 0.029358
v -0.014444 -0.020060 0.028739
v -0.017723 -0.016970 0.027318
v -0.017308 -0.020339 0.026721
v -0.015970 -0.023545 0.026222
v -0.019850 -0.020756 0.024813
v -0.018553 -0.024048 0.024479
v -0.016641 -0.027078 0.024472
v -0.021093 -0.024637 0.022616
v -0.019280 -0.027780 0.022733
v -0.017197 -0.030583 0.022774
v -0.021408 -0.028353 0.020411
v -0.019424 -0.031269 0.020619
v -0.017229 -0.033780 0.020583
v -0.021374 -0.031857 0.017937
v -0.019217 -0.034415 0.018067
v -0.016796 -0.036568 0.017875
v -0.020617 -0.034882 0.014996
v -0.018323 -0.036995 0.014996
v -0.015825 -0.038796 0.014773
v -0.014202 -0.038201 0.017354
v -0.013205 -0.040509 0.014538
v -0.011435 -0.039577 0.016770
v -0.010377 -0.041817 0.014204
v -0.014668 -0.041378 0.011839
v -0.011765 -0.042752 0.011792
v -0.008631 -0.043469 0.011598
v -0.007333 -0.042704 0.013809
v -0.005709 -0.044752 0.011500
v -0.009314 -0.043802 0.009163
v -0.006450 -0.045161 0.009266
v -0.003850 -0.046806 0.009288
v -0.002884 -0.046104 0.011209
v -0.000917 -0.048327 0.009059
v -0.000153 -0.047890 0.010770
v 0.000837 -0.047330 0.012528
v 0.002466 -0.049791 0.010272
v 0.003393 -0.049227 0.011734
v 0.001871 -0.050286 0.008855
v 0.004433 -0.051269 0.008373
v 0.001552 -0.050539 0.007420
v 0.004173 -0.051513 0.007089
v 0.006212 -0.052173 0.006787
v 0.004060 -0.051619 0.005871
v 0.005971 -0.052288 0.005480
v 0.007792 -0.052227 0.005130
v 0.005785 -0.051846 0.004177
v 0.007461 -0.051835 0.003767
v 0.009062 -0.051427 0.003590
v 0.007024 -0.051209 0.002209
v 0.008655 -0.050773 0.002017
v 0.010178 -0.050154 0.002148
v 0.009739 -0.048746 0.000000
v 0.007982 -0.049478 -0.000138
v 0.006266 -0.049864 0.000246
v 0.005447 -0.051293 0.002748
v 0.004692 -0.050129 0.000971
v 0.003142 -0.048439 -0.001071
v -0.000377 -0.046871 -0.001401
v -0.001622 -0.046699 0.000277
v -0.004206 -0.045585 -0.001234
v -0.002765 -0.046933 0.001868
v -0.005442 -0.045728 0.000670
v -0.008195 -0.044664 -0.000545
v -0.006348 -0.045831 0.002613
v -0.009050 -0.044528 0.001638
v -0.012045 -0.043879 0.000599
v -0.009547 -0.044325 0.004008
v -0.012611 -0.043631 0.003290
v -0.015643 -0.042676 0.002612
v -0.012751 -0.043312 0.006206
v -0.015679 -0.042090 0.005893
v -0.018341 -0.040542 0.005549
v -0.015312 -0.041687 0.008979
v -0.018093 -0.040247 0.008842
v -0.020617 -0.038435 0.008701
v -0.017189 -0.039596 0.011876
v -0.019696 -0.037745 0.011777
v -0.022017 -0.035631 0.011758
v -0.022670 -0.032355 0.014744
v -0.023320 -0.029024 0.017653
v -0.023335 -0.025250 0.020244
v -0.022397 -0.021251 0.022546
v -0.020435 -0.017347 0.025260
v -0.017940 -0.013612 0.028248
v -0.015120 -0.009667 0.030055
v -0.012492 -0.043032 0.009047
v -0.009611 -0.043963 0.006577
v -0.006612 -0.045430 0.004637
v -0.006692 -0.045192 0.006919
v -0.003938 -0.047026 0.005281
v -0.004150 -0.046968 0.007219
v -0.001274 -0.048919 0.005817
v -0.001235 -0.048635 0.007439
v 0.001499 -0.050681 0.006075
v -0.000961 -0.048913 0.004322
v 0.001738 -0.050610 0.004817
v 0.004079 -0.051437 0.004613
v -0.003508 -0.047041 0.003529
v 0.004250 -0.017832 0.032172
v 0.001448 -0.021845 0.031243
v 0.005055 -0.020660 0.031671
v 0.002391 -0.024579 0.030338
v 0.005912 -0.023386 0.030567
v 0.003318 -0.027318 0.029499
v 0.006654 -0.026031 0.029359
v 0.003932 -0.029751 0.027798
v 0.000067 -0.028370 0.029251
v 0.000980 -0.030819 0.027843
v 0.001515 -0.033275 0.026270
v -0.001770 -0.031698 0.027570
v -0.000977 -0.033928 0.025987
v -0.000852 -0.035982 0.023948
v -0.004254 -0.032253 0.026712
v -0.002915 -0.029398 0.029055
v -0.000994 -0.025750 0.030363
v 0.019669 -0.038650 0.005274
v 0.019474 -0.039073 0.002851
v 0.017663 -0.040392 0.005378
v 0.017347 -0.040542 0.003344
v 0.016164 -0.042018 0.005458
v 0.015908 -0.042224 0.003747
v 0.015250 -0.043861 0.005603
v 0.015839 -0.041736 0.007094
v 0.015087 -0.043592 0.007101
v 0.014667 -0.046149 0.007194
v 0.014688 -0.046322 0.005876
v 0.013635 -0.048794 0.007304
v 0.013720 -0.048887 0.006290
v 0.012322 -0.050028 0.007604
v 0.011390 -0.050049 0.009094
v 0.012031 -0.049161 0.010702
v 0.014606 -0.043406 0.008548
v 0.015245 -0.041682 0.008674
v 0.014051 -0.043551 0.010017
v 0.017342 -0.040205 0.007324
v 0.000520 0.025948 0.025315
v -0.002995 0.025905 0.025225
v -0.003247 0.023554 0.026948
v -0.006902 0.023295 0.026789
v -0.006940 0.020487 0.028314
v -0.010363 0.019693 0.027668
v -0.009888 0.016347 0.028605
v -0.013013 0.015221 0.027823
v -0.012396 0.012538 0.028260
v -0.015550 0.011877 0.026863
v -0.015776 0.010087 0.028078
v -0.019053 0.009313 0.026239
v -0.019394 0.006396 0.026778
v -0.022667 0.005686 0.024621
v -0.022805 0.002448 0.024873
v -0.025788 0.001607 0.022511
v -0.025700 -0.001519 0.022693
v -0.028651 -0.002640 0.020488
v -0.028084 -0.005690 0.020878
v -0.030344 -0.006877 0.017813
v -0.029470 -0.010255 0.018079
v -0.031157 -0.010728 0.014033
v -0.030700 -0.013730 0.014010
v -0.032375 -0.014244 0.010077
v -0.031793 -0.017555 0.010220
v -0.032942 -0.018403 0.006477
v -0.031734 -0.021708 0.006715
v -0.031709 -0.022355 0.002918
v -0.030313 -0.025625 0.003263
v -0.030007 -0.025913 -0.000702
v -0.028538 -0.028973 -0.000376
v -0.028033 -0.029130 -0.004493
v -0.026533 -0.032019 -0.004221
v -0.025355 -0.031767 -0.008443
v -0.023335 -0.034112 -0.007869
v -0.021745 -0.033930 -0.011723
v -0.019694 -0.036625 -0.010242
v -0.017374 -0.037050 -0.012925
v -0.015327 -0.039608 -0.011361
v -0.012634 -0.039741 -0.013805
v -0.010329 -0.041681 -0.012264
v -0.007361 -0.041608 -0.014354
v -0.004940 -0.042694 -0.012283
v -0.001960 -0.042358 -0.013842
v 0.000265 -0.042750 -0.011421
v 0.003363 -0.042156 -0.012631
v -0.003378 0.035758 0.009869
v 0.002162 0.039249 0.004763
v 0.003844 0.039327 0.004423
vn -0.5044 0.8531 0.1332
vn -0.4719 0.8350 0.2828
vn -0.4898 0.8572 -0.1589
vn 0.3352 0.8709 0.3595
vn 0.0700 0.9044 0.4208
vn -0.6061 0.7152 -0.3480
vn 0.2122 0.9638 0.1616
vn 0.5093 0.7818 0.3597
vn -0.1106 0.9931 0.0399
vn 0.5665 0.7060 0.4249
vn -0.1432 0.7156 0.6837
vn -0.0784 0.7306 -0.6783
vn -0.8037 0.5819 -0.1244
vn -0.1242 -0.6955 0.7077
vn 0.8252 -0.4955 0.2710
vn -0.1210 -0.5633 0.8174
vn -0.0044 -0.5570 0.8305
vn -0.4100 -0.8353 -0.3663
vn 0.5236 -0.6520 -0.5484
vn 0.2060 -0.9210 -0.3306
vn 0.2723 -0.6809 -0.6799
vn -0.3587 0.9232 0.1378
vn -0.2989 0.8891 0.3467
vn -0.4401 0.8224 0.3605
vn -0.6223 0.7786 0.0813
vn -0.4803 0.8770 0.0131
vn -0.3267 0.9449 0.0204
vn -0.5937 0.7614 0.2602
vn -0.6019 0.6850 0.4105
vn -0.5297 0.7990 0.2846
vn -0.3332 0.9416 0.0485
vn -0.3838 0.9216 0.0583
vn -0.6609 0.7267 -0.1874
vn -0.6056 0.7913 -0.0848
vn -0.4797 0.8703 -0.1117
vn -0.6357 0.7344 -0.2378
vn -0.3672 0.9107 -0.1889
vn -0.3570 0.9263 -0.1207
vn -0.4276 0.8981 -0.1023
vn -0.4766 0.8582 -0.1904
vn -0.4634 0.8675 -0.1810
vn -0.6509 0.7421 -0.1599
vn -0.5735 0.7646 -0.2940
vn 0.3088 0.8648 0.3960
vn 0.3383 0.8601 0.3819
vn 0.3367 0.8578 0.3884
vn 0.3254 0.8569 0.3998
vn 0.3358 0.8510 0.4038
vn 0.3093 0.8459 0.4346
vn 0.0959 0.8319 0.5466
vn -0.1417 0.8714 0.4698
vn -0.0810 0.8897 0.4494
vn 0.2720 0.8759 0.3985
vn 0.3665 0.7428 0.5603
vn -0.0448 0.9056 0.4217
vn 0.0567 0.9079 0.4154
vn 0.1572 0.9371 0.3116
vn -0.0640 0.9106 0.4083
vn 0.1554 0.9437 0.2919
vn -0.5789 0.7935 -0.1874
vn -0.4155 0.8794 -0.2324
vn -0.4749 0.7294 -0.4923
vn -0.7269 0.5348 -0.4308
vn -0.7584 0.6065 -0.2387
vn -0.5703 0.4887 -0.6602
vn 0.1659 0.9772 0.1323
vn 0.2754 0.9563 0.0983
vn 0.2782 0.9541 0.1106
vn 0.0487 0.9975 -0.0507
vn 0.0180 0.9994 -0.0307
vn -0.1712 0.9727 0.1568
vn -0.0468 0.9940 0.0993
vn 0.4263 0.7974 0.4272
vn 0.4322 0.7110 0.5548
vn 0.5166 0.7556 0.4027
vn 0.6667 0.7254 0.1711
vn 0.5735 0.7909 0.2133
vn 0.4003 0.8950 0.1968
vn 0.0575 0.9960 0.0681
vn 0.0666 0.9973 0.0295
vn -0.0865 0.9945 0.0595
vn 0.2361 0.9625 0.1338
vn 0.2016 0.9441 0.2608
vn 0.1622 0.8762 0.4539
vn -0.1653 0.9860 0.0221
vn -0.0881 0.9936 -0.0708
vn 0.0853 0.9938 0.0713
vn -0.2395 0.9531 -0.1848
vn 0.5669 0.7946 0.2174
vn 0.4449 0.8257 0.3468
vn 0.4230 0.6869 0.5910
vn 0.0417 0.7742 0.6315
vn 0.0385 0.8718 0.4884
vn -0.1683 0.7517 0.6377
vn -0.3546 0.6867 0.6346
vn -0.2112 0.7263 0.6541
vn 0.0129 0.7449 0.6671
vn 0.0480 0.8622 -0.5042
vn 0.1355 0.8075 -0.5740
vn -0.0694 0.8008 -0.5949
vn -0.2677 0.7822 -0.5625
vn -0.2838 0.7895 -0.5442
vn -0.1585 0.9467 -0.2806
vn -0.6977 0.6933 -0.1804
vn -0.7455 0.6641 0.0566
vn -0.7505 0.6380 0.1723
vn -0.5854 0.8028 0.1128
vn -0.6899 0.6835 -0.2385
vn -0.5719 0.7337 -0.3669
vn -0.1566 -0.6974 0.6994
vn -0.1567 -0.6788 0.7174
vn -0.1006 -0.6901 0.7167
vn -0.0738 -0.7060 0.7044
vn -0.0931 -0.7151 0.6928
vn -0.1365 -0.7399 0.6587
vn 0.6329 -0.6700 0.3880
vn 0.5147 -0.8310 0.2110
vn 0.7991 -0.5853 0.1376
vn 0.9204 -0.1777 0.3484
vn 0.8060 -0.2375 0.5422
vn 0.9584 -0.1935 0.2099
vn -0.0013 -0.6038 0.7971
vn 0.0469 -0.6708 0.7402
vn -0.0923 -0.7104 0.6977
vn -0.0266 -0.4374 0.8989
vn 0.0135 -0.5735 0.8191
vn -0.2572 -0.7945 0.5502
vn -0.2864 -0.7292 0.6216
vn 0.1432 -0.5423 0.8279
vn 0.1814 -0.4588 0.8698
vn -0.0206 -0.5159 0.8564
vn -0.1930 -0.5735 0.7961
vn -0.0860 -0.6498 0.7553
vn 0.0779 -0.7078 0.7021
vn -0.3774 -0.8375 -0.3953
vn -0.3564 -0.8629 -0.3584
vn -0.4037 -0.8321 -0.3804
vn -0.4341 -0.8227 -0.3671
vn -0.4314 -0.8351 -0.3413
vn -0.3802 -0.8389 -0.3895
vn 0.5973 -0.6697 -0.4413
vn 0.4326 -0.7987 -0.4183
vn 0.4401 -0.7292 -0.5240
vn 0.6274 -0.4945 -0.6016
vn 0.7538 -0.4195 -0.5058
vn 0.5175 -0.5910 -0.6188
vn 0.1585 -0.9252 -0.3447
vn 0.2534 -0.8999 -0.3549
vn 0.3145 -0.8781 -0.3606
vn 0.2632 -0.8733 -0.4099
vn 0.1444 -0.8951 -0.4219
vn 0.1097 -0.9255 -0.3624
vn 0.3465 -0.6373 -0.6883
vn 0.2609 -0.7093 -0.6548
vn 0.1953 -0.7014 -0.6855
vn 0.1695 -0.6628 -0.7294
vn 0.2940 -0.6203 -0.7272
vn 0.4098 -0.5628 -0.7179
vn 0.4290 -0.4938 -0.7564
vn 0.4969 -0.4652 -0.7326
vn 0.4554 -0.5158 -0.7257
vn 0.3812 -0.6121 -0.6929
vn 0.2854 -0.5313 -0.7976
vn 0.2717 -0.4588 -0.8459
vn 0.4342 -0.4180 -0.7980
vn 0.1402 -0.5521 -0.8219
vn 0.1386 -0.4966 -0.8568
vn 0.1542 -0.4381 -0.8856
vn 0.2690 -0.4087 -0.8721
vn 0.1227 -0.5543 -0.8232
vn 0.1043 -0.5111 -0.8532
vn 0.0826 -0.4552 -0.8866
vn 0.0586 -0.3425 -0.9377
vn 0.1369 -0.3395 -0.9306
vn 0.0245 -0.5169 -0.8557
vn 0.0019 -0.4645 -0.8856
vn -0.0107 -0.3703 -0.9289
vn -0.0158 -0.3270 -0.9449
vn 0.0638 -0.3122 -0.9479
vn -0.0813 -0.4847 -0.8709
vn -0.0931 -0.4062 -0.9090
vn -0.1124 -0.3297 -0.9374
vn -0.1382 -0.2738 -0.9518
vn -0.0341 -0.2707 -0.9621
vn -0.2450 -0.4428 -0.8625
vn -0.2641 -0.3538 -0.8972
vn -0.2767 -0.2881 -0.9167
vn -0.2862 -0.2636 -0.9212
vn -0.1461 -0.2318 -0.9617
vn -0.4053 -0.3674 -0.8371
vn -0.4342 -0.2987 -0.8499
vn -0.4387 -0.2946 -0.8489
vn -0.4509 -0.2159 -0.8661
vn -0.3052 -0.2066 -0.9296
vn -0.5246 -0.2846 -0.8024
vn -0.5331 -0.3124 -0.7863
vn -0.5493 -0.2339 -0.8023
vn -0.5635 -0.1588 -0.8107
vn -0.4730 -0.1725 -0.8640
vn -0.6059 -0.3190 -0.7288
vn -0.6291 -0.2455 -0.7375
vn -0.6474 -0.1639 -0.7443
vn -0.6491 -0.1599 -0.7437
vn -0.5719 -0.1541 -0.8057
vn -0.7138 -0.2303 -0.6614
vn -0.7297 -0.1764 -0.6607
vn -0.7314 -0.1682 -0.6608
vn -0.7366 -0.1288 -0.6639
vn -0.6581 -0.1329 -0.7411
vn -0.8097 -0.1983 -0.5523
vn -0.8067 -0.1783 -0.5634
vn -0.8109 -0.1265 -0.5713
vn -0.8179 -0.0818 -0.5695
vn -0.7390 -0.0928 -0.6673
vn -0.8791 -0.1803 -0.4412
vn -0.8925 -0.1081 -0.4379
vn -0.9028 -0.0550 -0.4266
vn -0.9046 0.0089 -0.4261
vn -0.8253 0.0003 -0.5648
vn -0.9345 -0.0913 -0.3441
vn -0.9381 -0.0316 -0.3448
vn -0.9375 -0.0014 -0.3480
vn -0.9297 0.0562 -0.3639
vn -0.8949 0.0771 -0.4396
vn -0.9793 -0.0045 -0.2022
vn -0.9809 -0.0061 -0.1946
vn -0.9773 0.0427 -0.2074
vn -0.9652 0.1364 -0.2232
vn -0.9228 0.1219 -0.3656
vn -0.9970 0.0048 -0.0767
vn -0.9967 0.0387 -0.0716
vn -0.9875 0.1362 -0.0797
vn -0.9724 0.2129 -0.0950
vn -0.9493 0.2132 -0.2310
vn -0.9945 0.0815 0.0655
vn -0.9839 0.1597 0.0808
vn -0.9743 0.2115 0.0779
vn -0.9675 0.2473 0.0535
vn -0.9610 0.2526 -0.1126
vn -0.9528 0.1962 0.2315
vn -0.9467 0.2204 0.2348
vn -0.9446 0.2396 0.2244
vn -0.9152 0.3534 0.1937
vn -0.9460 0.3229 0.0290
vn -0.9375 0.2342 0.2575
vn -0.9250 0.2566 0.2802
vn -0.8811 0.3854 0.2739
vn -0.8259 0.5106 0.2391
vn -0.8532 0.4961 0.1609
vn -0.8882 0.3198 0.3300
vn -0.8516 0.4086 0.3285
vn -0.8156 0.5064 0.2798
vn -0.7631 0.6120 0.2079
vn -0.7643 0.6214 0.1726
vn -0.7836 0.4089 0.4677
vn -0.7651 0.5065 0.3975
vn -0.7072 0.6363 0.3083
vn -0.5763 0.7992 0.1706
vn -0.6321 0.7696 0.0903
vn -0.6429 0.5246 0.5580
vn -0.5745 0.6683 0.4726
vn -0.4909 0.8206 0.2926
vn -0.4428 0.8801 0.1712
vn -0.4944 0.8625 0.1083
vn -0.4575 0.6718 0.5826
vn -0.4170 0.8170 0.3983
vn -0.3531 0.9036 0.2424
vn -0.2943 0.9388 0.1792
vn -0.3861 0.9136 0.1275
vn -0.3627 0.8109 0.4591
vn -0.2692 0.9193 0.2870
vn -0.2110 0.9500 0.2302
vn -0.2642 0.9239 0.2766
vn -0.2174 0.9536 0.2083
vn -0.2797 0.8851 0.3719
vn -0.2638 0.8127 0.5195
vn -0.1994 0.9483 0.2469
vn -0.2190 0.9101 0.3519
vn -0.0980 0.8560 0.5076
vn 0.0990 0.8507 0.5162
vn -0.1098 0.8744 0.4725
vn -0.0464 0.9071 0.4182
vn -0.0312 0.8919 0.4511
vn -0.0105 0.8997 0.4364
vn -0.0649 0.9610 0.2689
vn 0.2408 0.9162 0.3204
vn -0.1308 0.9018 0.4119
vn -0.2719 0.8926 0.3595
vn -0.4091 0.8930 0.1874
vn -0.4305 0.9018 -0.0383
vn -0.1393 0.9894 0.0414
vn -0.2508 0.8752 0.4136
vn -0.2819 0.9378 0.2026
vn -0.2552 0.9617 -0.0998
vn -0.3665 0.9179 -0.1521
vn -0.0085 0.9807 0.1952
vn -0.0237 0.9962 -0.0832
vn 0.2306 0.9553 0.1851
vn 0.1659 0.9857 0.0288
vn 0.3701 0.9145 0.1634
vn 0.3327 0.9295 0.1591
vn 0.6224 0.7513 0.2197
vn 0.6470 0.7448 0.1633
vn 0.6329 0.7742 -0.0073
vn 0.3549 0.9344 0.0299
vn 0.6109 0.7910 -0.0322
vn 0.3761 0.9265 -0.0121
vn 0.5998 0.7998 0.0252
vn 0.3539 0.9344 0.0399
vn 0.0825 0.9952 0.0530
vn -0.0341 0.9969 0.0704
vn 0.3191 0.9465 0.0479
vn 0.0591 0.9917 0.1144
vn -0.0247 0.9952 0.0952
vn 0.2434 0.9699 -0.0109
vn 0.2714 0.9601 0.0669
vn 0.0060 0.9916 0.1289
vn -0.0699 0.9899 0.1233
vn 0.1666 0.9831 -0.0756
vn 0.4345 0.8668 -0.2446
vn 0.5342 0.8425 -0.0695
vn -0.1119 0.9818 0.1537
vn 0.0955 0.9902 -0.1015
vn 0.3103 0.8847 -0.3480
vn 0.4175 0.8019 -0.4273
vn 0.5689 0.7931 -0.2177
vn 0.0333 0.9961 -0.0813
vn 0.1957 0.8971 -0.3961
vn 0.2652 0.8006 -0.5374
vn 0.2026 0.8876 -0.4137
vn 0.3721 0.9041 -0.2101
vn 0.0809 0.9129 -0.4000
vn -0.0228 0.9986 -0.0477
vn -0.0697 0.9967 -0.0405
vn -0.0540 0.9196 -0.3891
vn -0.0882 0.9959 -0.0216
vn -0.1779 0.9182 -0.3539
vn -0.1040 0.9944 0.0163
vn -0.2881 0.9128 -0.2896
vn -0.4219 0.7634 -0.4891
vn -0.4955 0.7470 -0.4432
vn -0.3633 0.9058 -0.2178
vn -0.0591 0.9964 0.0609
vn -0.4824 0.8706 -0.0966
vn -0.6336 0.7673 0.0996
vn -0.3340 0.9204 0.2032
vn -0.7141 0.6309 0.3034
vn -0.7148 0.6370 0.2887
vn -0.6629 0.6433 0.3831
vn -0.6585 0.5708 0.4905
vn -0.5802 0.6544 0.4849
vn -0.5015 0.6661 0.5521
vn -0.2632 0.7971 0.5435
vn -0.4331 0.8256 0.3616
vn -0.4246 0.6874 0.5892
vn -0.4904 0.5851 0.6458
vn -0.2574 0.5719 0.7788
vn -0.2505 0.7073 0.6610
vn -0.0342 0.5320 0.8461
vn -0.0273 0.7036 0.7100
vn 0.1032 0.5554 0.8252
vn 0.1473 0.7249 0.6730
vn 0.2433 0.7523 0.6123
vn 0.3121 0.7779 0.5454
vn 0.2825 0.7859 0.5500
vn 0.4726 0.7694 0.4298
vn 0.6065 0.7399 0.2912
vn 0.5658 0.8016 0.1930
vn 0.6325 0.7740 0.0302
vn 0.5423 0.8383 0.0560
vn 0.2232 0.9097 0.3503
vn 0.1270 0.9747 0.1837
vn 0.0070 0.9281 0.3723
vn 0.0122 0.9994 -0.0325
vn -0.1541 0.9724 0.1749
vn -0.3827 0.9185 -0.0996
vn 0.5627 0.8234 0.0740
vn 0.2363 0.6231 0.7456
vn -0.0014 0.7345 0.6786
vn 0.0518 0.7950 0.6044
vn -0.1083 0.9741 0.1986
vn -0.2319 0.9684 0.0915
vn -0.1555 0.9855 -0.0683
vn 0.0926 0.9753 0.2007
vn 0.1814 0.9800 -0.0823
vn 0.2546 0.9663 0.0385
vn 0.2125 0.9575 -0.1952
vn 0.2106 0.9752 -0.0682
vn 0.0808 0.9667 0.2430
vn 0.1109 0.9861 -0.1237
vn -0.0901 0.9859 0.1409
vn -0.3144 0.8835 0.3473
vn -0.2112 0.9765 0.0419
vn -0.4942 0.8566 0.1486
vn -0.2221 0.9670 0.1245
vn -0.4977 0.8379 0.2243
vn -0.6299 0.7351 0.2509
vn -0.4356 0.8418 0.3188
vn -0.5481 0.7419 0.3862
vn -0.4596 0.8595 0.2236
vn -0.6008 0.7687 0.2193
vn -0.6944 0.6983 0.1739
vn -0.7035 0.7106 -0.0144
vn -0.7512 0.6502 -0.1134
vn -0.6358 0.7682 0.0750
vn -0.4983 0.8662 -0.0379
vn -0.4378 0.8953 -0.0822
vn -0.3794 0.9245 -0.0376
vn -0.5272 0.8494 -0.0239
vn -0.5208 0.8533 0.0255
vn -0.4503 0.8869 0.1026
vn -0.3136 0.9495 0.0088
vn -0.5497 0.8346 0.0349
vn -0.5594 0.8287 0.0204
vn -0.6361 0.7684 0.0703
vn -0.5592 0.8288 0.0216
vn -0.6506 0.7588 0.0325
vn -0.7658 0.6362 0.0938
vn -0.6817 0.7315 -0.0105
vn -0.7779 0.6283 -0.0109
vn -0.8875 0.4606 0.0107
vn -0.8090 0.5754 -0.1199
vn -0.9006 0.4107 -0.1420
vn -0.9431 0.3053 -0.1318
vn -0.8997 0.3728 -0.2269
vn -0.9250 0.2995 -0.2337
vn -0.9408 0.2474 -0.2316
vn -0.9047 0.2830 -0.3184
vn -0.9168 0.2238 -0.3307
vn -0.9179 0.1875 -0.3496
vn -0.8798 0.2000 -0.4312
vn -0.8829 0.1499 -0.4450
vn -0.8856 0.1103 -0.4512
vn -0.8166 0.1262 -0.5633
vn -0.8179 0.1292 -0.5607
vn -0.8256 0.0907 -0.5569
vn -0.7467 0.1467 -0.6488
vn -0.7503 0.0887 -0.6551
vn -0.7461 -0.0224 -0.6654
vn -0.6812 0.0771 -0.7280
vn -0.6748 -0.0330 -0.7373
vn -0.6689 -0.0934 -0.7374
vn -0.5723 -0.0213 -0.8197
vn -0.5730 -0.0896 -0.8146
vn -0.5738 -0.1243 -0.8095
vn -0.4941 -0.0664 -0.8669
vn -0.5043 -0.0922 -0.8586
vn -0.4951 -0.1596 -0.8541
vn -0.3670 -0.0693 -0.9276
vn -0.3411 -0.1577 -0.9267
vn -0.3253 -0.1776 -0.9288
vn -0.1778 -0.1434 -0.9736
vn -0.1664 -0.1649 -0.9722
vn -0.1505 -0.1971 -0.9688
vn -0.0687 -0.1431 -0.9873
vn -0.0650 -0.1893 -0.9798
vn -0.0526 -0.2155 -0.9751
vn -0.0009 -0.1829 -0.9831
vn 0.0244 -0.2305 -0.9728
vn 0.0556 -0.2717 -0.9608
vn 0.0920 -0.2357 -0.9675
vn 0.0976 -0.2805 -0.9549
vn 0.1125 -0.3065 -0.9452
vn 0.2681 -0.2543 -0.9292
vn 0.2606 -0.2817 -0.9234
vn 0.2610 -0.3389 -0.9039
vn 0.4262 -0.2115 -0.8796
vn 0.4190 -0.3150 -0.8516
vn 0.4286 -0.3839 -0.8179
vn 0.5303 -0.2906 -0.7965
vn 0.5255 -0.3614 -0.7702
vn 0.5139 -0.3925 -0.7628
vn 0.6211 -0.3311 -0.7104
vn 0.6192 -0.3724 -0.6914
vn 0.6142 -0.4392 -0.6556
vn 0.7110 -0.3567 -0.6060
vn 0.7025 -0.4330 -0.5649
vn 0.7127 -0.4421 -0.5446
vn 0.5962 -0.4634 -0.6556
vn 0.6694 -0.5368 -0.5135
vn 0.5067 -0.5877 -0.6308
vn 0.4962 -0.7429 -0.4493
vn 0.3724 -0.7602 -0.5323
vn 0.3200 -0.7355 -0.5972
vn 0.3293 -0.8134 -0.4796
vn 0.2867 -0.7916 -0.5397
vn 0.2303 -0.7387 -0.6335
vn 0.1967 -0.6895 -0.6970
vn 0.2467 -0.8185 -0.5188
vn 0.2254 -0.7764 -0.5885
vn 0.2095 -0.6898 -0.6931
vn 0.1430 -0.6262 -0.7664
vn 0.1658 -0.6529 -0.7391
vn 0.1796 -0.8254 -0.5353
vn 0.1124 -0.7482 -0.6539
vn 0.0202 -0.6423 -0.7662
vn -0.0485 -0.5739 -0.8175
vn 0.0628 -0.5625 -0.8244
vn -0.0062 -0.7878 -0.6158
vn -0.0957 -0.6748 -0.7318
vn -0.1467 -0.5906 -0.7935
vn -0.1778 -0.5516 -0.8150
vn -0.0727 -0.5343 -0.8422
vn -0.1815 -0.6948 -0.6959
vn -0.2518 -0.6072 -0.7536
vn -0.3049 -0.5471 -0.7796
vn -0.3485 -0.5012 -0.7920
vn -0.2151 -0.5026 -0.8374
vn -0.3425 -0.6173 -0.7083
vn -0.3893 -0.5332 -0.7511
vn -0.4125 -0.4968 -0.7636
vn -0.4294 -0.4576 -0.7786
vn -0.3734 -0.4578 -0.8069
vn -0.4962 -0.5419 -0.6784
vn -0.5165 -0.5021 -0.6936
vn -0.5567 -0.4436 -0.7023
vn -0.6064 -0.3189 -0.7284
vn -0.4829 -0.3359 -0.8087
vn -0.6221 -0.4851 -0.6145
vn -0.6725 -0.4028 -0.6208
vn -0.6905 -0.3467 -0.6348
vn -0.6784 -0.3308 -0.6561
vn -0.6115 -0.2900 -0.7362
vn -0.7528 -0.3884 -0.5314
vn -0.7385 -0.4112 -0.5343
vn -0.7421 -0.3696 -0.5592
vn -0.7780 -0.2797 -0.5626
vn -0.6818 -0.3135 -0.6610
vn -0.7828 -0.4463 -0.4335
vn -0.8205 -0.3708 -0.4350
vn -0.8676 -0.2397 -0.4357
vn -0.8782 -0.1994 -0.4347
vn -0.8085 -0.2052 -0.5515
vn -0.8783 -0.3426 -0.3334
vn -0.9149 -0.2251 -0.3351
vn -0.9168 -0.2087 -0.3406
vn -0.9169 -0.2108 -0.3389
vn -0.8724 -0.2169 -0.4380
vn -0.9485 -0.2320 -0.2158
vn -0.9550 -0.1988 -0.2201
vn -0.9613 -0.1850 -0.2041
vn -0.9656 -0.1673 -0.1988
vn -0.9261 -0.1707 -0.3363
vn -0.9829 -0.1659 -0.0795
vn -0.9844 -0.1623 -0.0683
vn -0.9834 -0.1685 -0.0670
vn -0.9949 -0.0627 -0.0790
vn -0.9749 -0.0796 -0.2079
vn -0.9863 -0.1570 0.0514
vn -0.9856 -0.1598 0.0553
vn -0.9975 -0.0533 0.0458
vn -0.9992 0.0203 0.0341
vn -0.9963 0.0154 -0.0842
vn -0.9625 -0.1321 0.2371
vn -0.9702 -0.0340 0.2400
vn -0.9709 0.0268 0.2379
vn -0.9702 0.0827 0.2278
vn -0.9983 0.0424 0.0405
vn -0.9374 -0.0087 0.3482
vn -0.9385 0.0223 0.3445
vn -0.9465 0.0784 0.3132
vn -0.9490 0.1522 0.2763
vn -0.9636 0.1399 0.2276
vn -0.9032 0.0229 0.4285
vn -0.9085 0.0630 0.4131
vn -0.9170 0.1383 0.3741
vn -0.9205 0.2130 0.3275
vn -0.9439 0.2098 0.2549
vn -0.8206 0.0840 0.5653
vn -0.8197 0.1333 0.5571
vn -0.8264 0.2264 0.5156
vn -0.8008 0.3570 0.4809
vn -0.9112 0.2724 0.3090
vn -0.7446 0.1390 0.6529
vn -0.7297 0.2590 0.6329
vn -0.6666 0.4485 0.5954
vn -0.6604 0.4078 0.6305
vn -0.7822 0.3861 0.4890
vn -0.6384 0.2965 0.7103
vn -0.6025 0.4797 0.6379
vn -0.6262 0.4056 0.6658
vn -0.6057 0.3932 0.6918
vn -0.6816 0.3803 0.6252
vn -0.5669 0.4283 0.7037
vn -0.5966 0.4150 0.6869
vn -0.5407 0.4731 0.6956
vn -0.4636 0.5902 0.6608
vn -0.5112 0.5610 0.6512
vn -0.5641 0.4348 0.7020
vn -0.5404 0.5131 0.6669
vn -0.5157 0.5985 0.6132
vn -0.4648 0.6801 0.5669
vn -0.4260 0.6682 0.6099
vn -0.5527 0.5100 0.6591
vn -0.5248 0.6073 0.5964
vn -0.4619 0.7029 0.5409
vn -0.3546 0.8086 0.4696
vn -0.3795 0.8025 0.4603
vn -0.4323 0.6232 0.6517
vn -0.3720 0.7326 0.5700
vn -0.2365 0.8413 0.4861
vn -0.0632 0.9233 0.3789
vn -0.2154 0.9252 0.3123
vn -0.2332 0.7666 0.5983
vn -0.1063 0.8757 0.4709
vn 0.0168 0.9281 0.3721
vn 0.0263 0.9036 0.4276
vn -0.0208 0.9223 0.3858
vn -0.0435 0.9000 0.4337
vn -0.0233 0.9394 0.3421
vn -0.0117 0.9117 0.4108
vn -0.0296 0.9271 0.3736
vn 0.0300 0.9068 0.4205
vn 0.0083 0.9126 0.4088
vn 0.1177 0.8818 0.4567
vn 0.0998 0.9025 0.4191
vn 0.1702 0.9068 0.3856
vn 0.2397 0.9106 0.3366
vn 0.2345 0.8804 0.4122
vn 0.2757 0.8899 0.3635
vn 0.2762 0.8914 0.3593
vn 0.2621 0.8701 0.4175
vn 0.2291 0.8989 0.3734
vn 0.2625 0.8812 0.3933
vn 0.2230 0.9022 0.3693
vn 0.3578 0.8922 0.2754
vn 0.2878 0.9025 0.3203
vn 0.1660 0.9337 0.3172
vn 0.2769 0.8478 0.4523
vn 0.4300 0.8814 0.1955
vn 0.3211 0.9254 0.2014
vn 0.4018 0.8590 0.3173
vn 0.3991 0.9167 0.0211
vn 0.5442 0.8365 0.0649
vn 0.3701 0.9290 0.0044
vn 0.5811 0.8100 0.0783
vn 0.7287 0.6634 0.1701
vn 0.6106 0.7799 0.1375
vn 0.7334 0.6609 0.1593
vn 0.6683 0.7430 0.0350
vn 0.6870 0.7260 0.0313
vn 0.7125 0.6933 -0.1082
vn 0.6595 0.7504 -0.0437
vn 0.7490 0.6452 -0.1508
vn 0.6989 0.7142 -0.0373
vn 0.7527 0.6311 -0.1877
vn 0.6963 0.7050 -0.1346
vn 0.5556 0.8302 -0.0450
vn 0.6070 0.7229 -0.3301
vn 0.4700 0.8557 -0.2166
vn 0.2639 0.9637 -0.0399
vn 0.3215 0.8649 -0.3854
vn 0.1401 0.9734 -0.1812
vn -0.0644 0.9940 0.0887
vn 0.1581 0.9671 -0.1995
vn -0.0287 0.9958 0.0871
vn -0.1044 0.9767 0.1875
vn -0.0187 0.9932 0.1145
vn -0.1033 0.9702 0.2191
vn -0.0998 0.9918 0.0797
vn -0.1085 0.9709 0.2136
vn -0.0499 0.9960 0.0744
vn -0.0292 0.9767 0.2127
vn -0.0513 0.9948 0.0881
vn 0.0050 0.9749 0.2225
vn -0.0633 0.9970 0.0449
vn 0.0750 0.9777 0.1962
vn -0.1656 0.9506 -0.2626
vn -0.2960 0.9227 -0.2470
vn -0.2128 0.9149 -0.3430
vn -0.4575 0.7216 -0.5196
vn -0.4515 0.6976 -0.5564
vn -0.3465 0.6846 -0.6413
vn -0.1782 0.9034 -0.3901
vn -0.3813 0.6757 -0.6309
vn -0.2891 0.9034 -0.3168
vn -0.1374 0.9905 0.0012
vn -0.3202 0.9469 0.0291
vn -0.2547 0.9518 0.1708
vn 0.0066 0.9931 0.1170
vn -0.2052 0.9483 0.2423
vn 0.0992 0.9838 0.1491
vn 0.0694 0.9972 0.0280
vn 0.2648 0.9623 -0.0620
vn 0.2205 0.9747 -0.0372
vn 0.0376 0.9902 -0.1345
vn 0.2132 0.9490 -0.2321
vn 0.0968 0.9877 -0.1227
vn -0.4402 0.8464 0.2997
vn 0.2035 0.9434 -0.2620
vn 0.0188 0.9988 -0.0456
vn -0.3697 0.8034 0.4668
vn 0.0703 0.9920 0.1048
vn -0.1531 0.7583 0.6337
vn 0.0037 0.7243 0.6895
vn -0.5271 0.8487 0.0433
vn -0.4623 0.5426 -0.7014
vn -0.4347 0.5012 -0.7482
vn -0.5291 0.5599 -0.6377
vn -0.4633 0.5274 -0.7122
vn -0.5434 0.5250 -0.6550
vn -0.3142 0.8333 -0.4548
vn -0.3061 0.8373 -0.4530
vn -0.4471 0.8088 -0.3821
vn -0.6883 0.5398 -0.4847
vn -0.7476 0.5815 -0.3208
vn -0.1414 0.9678 -0.2081
vn -0.3240 0.9228 -0.2086
vn -0.3099 0.9176 -0.2489
vn -0.4458 0.8739 -0.1940
vn -0.4950 0.7703 -0.4020
vn -0.5416 0.7851 -0.3004
vn -0.4896 0.8274 -0.2751
vn -0.5483 0.7223 -0.4215
vn -0.5394 0.7517 -0.3794
vn -0.5356 0.7548 -0.3787
vn -0.3996 0.8683 -0.2940
vn -0.5967 0.7384 -0.3142
vn -0.4143 0.8874 -0.2022
vn -0.4378 0.8982 -0.0398
vn -0.5722 0.8201 0.0002
vn -0.4787 0.8776 -0.0251
vn -0.7121 0.6965 -0.0877
vn -0.7242 0.6602 -0.1992
vn -0.8316 0.5134 -0.2117
vn -0.7141 0.6399 -0.2838
vn -0.8196 0.4839 -0.3066
vn -0.8814 0.3538 -0.3130
vn -0.7788 0.4763 -0.4081
vn -0.8340 0.3503 -0.4263
vn -0.8618 0.2748 -0.4264
vn -0.7838 0.3449 -0.5165
vn -0.7976 0.2748 -0.5369
vn -0.8136 0.1841 -0.5516
vn -0.7297 0.2706 -0.6280
vn -0.7384 0.1781 -0.6505
vn -0.7452 0.1267 -0.6547
vn -0.6622 0.2001 -0.7221
vn -0.6859 0.1591 -0.7101
vn -0.6904 0.1415 -0.7095
vn -0.5945 0.1892 -0.7815
vn -0.5807 0.1176 -0.8056
vn -0.5688 0.0711 -0.8194
vn -0.4854 0.0973 -0.8689
vn -0.4854 0.0827 -0.8704
vn -0.4906 0.0027 -0.8714
vn -0.4036 0.0904 -0.9104
vn -0.3859 0.0139 -0.9224
vn -0.3763 -0.0325 -0.9259
vn -0.2440 0.0062 -0.9697
vn -0.2279 -0.0126 -0.9736
vn -0.2020 -0.0727 -0.9767
vn -0.0927 -0.0199 -0.9955
vn -0.0629 -0.0782 -0.9950
vn -0.0595 -0.1104 -0.9921
vn 0.0320 -0.0617 -0.9976
vn 0.0185 -0.0670 -0.9976
vn -0.0000 -0.0975 -0.9952
vn 0.0808 -0.0377 -0.9960
vn 0.0804 -0.0596 -0.9950
vn 0.0905 -0.1617 -0.9827
vn 0.2417 -0.0472 -0.9692
vn 0.2571 -0.1368 -0.9566
vn 0.2648 -0.2098 -0.9412
vn 0.4142 -0.1368 -0.8999
vn 0.4431 -0.2028 -0.8732
vn 0.4499 -0.2035 -0.8696
vn 0.5375 -0.2176 -0.8147
vn 0.5288 -0.1612 -0.8333
vn 0.5205 -0.1658 -0.8376
vn 0.6096 -0.1331 -0.7815
vn 0.6203 -0.1606 -0.7678
vn 0.6274 -0.2685 -0.7310
vn 0.7195 -0.1688 -0.6736
vn 0.7243 -0.2517 -0.6419
vn 0.7203 -0.3004 -0.6252
vn 0.8057 -0.2315 -0.5451
vn 0.7961 -0.2686 -0.5422
vn 0.7790 -0.3309 -0.5326
vn 0.8405 -0.2453 -0.4831
vn 0.8316 -0.3050 -0.4641
vn 0.8062 -0.3889 -0.4459
vn 0.7488 -0.4265 -0.5073
vn 0.7703 -0.4692 -0.4317
vn 0.7436 -0.4641 -0.4814
vn 0.7603 -0.5171 -0.3930
vn 0.7366 -0.5018 -0.4535
vn 0.7239 -0.6035 -0.3343
vn 0.6260 -0.6665 -0.4049
vn 0.6059 -0.7410 -0.2894
vn 0.4618 -0.8059 -0.3705
vn 0.3774 -0.8266 -0.4175
vn 0.3751 -0.8579 -0.3512
vn 0.3526 -0.8533 -0.3841
vn 0.3040 -0.8324 -0.4634
vn 0.3295 -0.8673 -0.3731
vn 0.2491 -0.8611 -0.4433
vn 0.1981 -0.8458 -0.4953
vn 0.1844 -0.8923 -0.4120
vn 0.1503 -0.8755 -0.4593
vn 0.0940 -0.8542 -0.5113
vn 0.1049 -0.9040 -0.4145
vn 0.0342 -0.8534 -0.5202
vn -0.0768 -0.7874 -0.6116
vn -0.0766 -0.8746 -0.4787
vn -0.1892 -0.7961 -0.5748
vn -0.2804 -0.7083 -0.6478
vn -0.3236 -0.8034 -0.4999
vn -0.4071 -0.7236 -0.5574
vn -0.4594 -0.6354 -0.6206
vn -0.5045 -0.7150 -0.4840
vn -0.5601 -0.6370 -0.5296
vn -0.5919 -0.5533 -0.5862
vn -0.6032 -0.6327 -0.4855
vn -0.6399 -0.5579 -0.5285
vn -0.7105 -0.4437 -0.5462
vn -0.7131 -0.5529 -0.4311
vn -0.7940 -0.4171 -0.4422
vn -0.8046 -0.3987 -0.4401
vn -0.8343 -0.4325 -0.3418
vn -0.8355 -0.4177 -0.3569
vn -0.8334 -0.4311 -0.3459
vn -0.8837 -0.4310 -0.1827
vn -0.8942 -0.4078 -0.1845
vn -0.9256 -0.3239 -0.1957
vn -0.9174 -0.3936 -0.0586
vn -0.9452 -0.3194 -0.0681
vn -0.9693 -0.2323 -0.0802
vn -0.9533 -0.3015 0.0189
vn -0.9791 -0.2011 0.0294
vn -0.9903 -0.1325 0.0428
vn -0.9658 -0.1497 0.2120
vn -0.9692 -0.1079 0.2213
vn -0.9612 -0.1523 0.2298
vn -0.9304 -0.1180 0.3471
vn -0.9321 -0.1501 0.3298
vn -0.9367 -0.0965 0.3366
vn -0.9215 -0.1579 0.3549
vn -0.9300 -0.0428 0.3650
vn -0.9143 0.0365 0.4034
vn -0.8659 0.0367 0.4989
vn -0.8454 0.1146 0.5217
vn -0.8260 0.0422 0.5621
vn -0.7656 0.1296 0.6301
vn -0.7674 0.0679 0.6375
vn -0.7545 0.1252 0.6442
vn -0.6976 0.1040 0.7089
vn -0.6836 0.1687 0.7101
vn -0.6677 0.1741 0.7238
vn -0.5876 0.2063 0.7824
vn -0.5689 0.2257 0.7908
vn -0.5517 0.3051 0.7762
vn -0.4965 0.2659 0.8263
vn -0.5251 0.2677 0.8078
vn -0.5599 0.3639 0.7444
vn -0.4701 0.1878 0.8624
vn -0.5305 0.3297 0.7809
vn -0.5495 0.4400 0.7102
vn -0.4275 0.3290 0.8420
vn -0.4546 0.4522 0.7674
vn -0.4547 0.5205 0.7227
vn -0.3247 0.4734 0.8188
vn -0.3230 0.5300 0.7841
vn -0.3053 0.6356 0.7091
vn -0.1468 0.5514 0.8212
vn -0.1195 0.6447 0.7550
vn -0.0937 0.7815 0.6169
vn -0.0115 0.6285 0.7778
vn -0.0208 0.7767 0.6295
vn 0.0117 0.6319 0.7749
vn 0.0373 0.7808 0.6236
vn 0.0929 0.6601 0.7454
vn 0.1289 0.7835 0.6079
vn 0.1931 0.6849 0.7025
vn 0.2213 0.7836 0.5805
vn 0.2343 0.8530 0.4664
vn 0.2973 0.7888 0.5379
vn 0.3039 0.6939 0.6528
vn 0.3995 0.6910 0.6024
vn 0.3557 0.7897 0.4999
vn 0.4882 0.6951 0.5278
vn 0.4200 0.7852 0.4550
vn 0.5719 0.6917 0.4410
vn 0.4942 0.7632 0.4163
vn 0.3896 0.8061 0.4454
vn 0.2759 0.8423 0.4631
vn 0.5886 0.7121 0.3828
vn 0.4923 0.7510 0.4400
vn 0.3299 0.8439 0.4231
vn 0.5910 0.7438 0.3123
vn 0.4196 0.8806 0.2203
vn 0.3160 0.9320 0.1777
vn 0.4436 0.8922 0.0849
vn 0.3907 0.9177 0.0722
vn 0.4572 0.8757 0.1551
vn 0.4299 0.8986 0.0875
vn 0.4972 0.8546 0.1497
vn 0.4515 0.8857 0.1079
vn 0.5146 0.8491 0.1195
vn 0.3902 0.9191 0.0547
vn 0.4805 0.8769 -0.0141
vn 0.3496 0.9346 -0.0650
vn 0.4215 0.9068 0.0037
vn 0.3475 0.9249 -0.1539
vn 0.5473 0.8324 -0.0865
vn 0.3745 0.9248 -0.0673
vn 0.6292 0.7654 -0.1348
vn 0.3785 0.9254 0.0180
vn 0.6431 0.7569 -0.1161
vn 0.3951 0.9150 -0.0819
vn 0.6326 0.7637 -0.1289
vn 0.3817 0.8713 -0.3083
vn 0.5514 0.7658 -0.3308
vn 0.6553 0.6636 -0.3608
vn 0.3842 0.7049 -0.5962
vn 0.4914 0.6467 -0.5833
vn 0.4597 0.7273 -0.5096
vn 0.3699 0.5756 -0.7293
vn 0.3503 0.6927 -0.6305
vn 0.2872 0.8482 -0.4450
vn 0.2676 0.6630 -0.6991
vn 0.2411 0.8277 -0.5067
vn 0.1506 0.9679 -0.2011
vn 0.0222 0.8087 -0.5878
vn -0.0452 0.9612 -0.2722
vn -0.1052 0.7957 -0.5965
vn -0.0895 0.9543 -0.2852
vn -0.2398 0.7806 -0.5773
vn -0.0978 0.6524 -0.7515
vn -0.2570 0.6476 -0.7174
vn -0.4888 0.5999 -0.6334
vn -0.2298 0.5838 -0.7787
vn -0.4429 0.5931 -0.6723
vn -0.5699 0.5801 -0.5820
vn -0.5541 0.5630 -0.6132
vn -0.3266 0.7439 -0.5831
vn -0.4812 0.7680 -0.4227
vn -0.4490 0.8042 -0.3894
vn -0.2533 0.9476 -0.1944
vn -0.2218 0.9712 -0.0872
vn -0.1277 0.9824 -0.1364
vn -0.2396 0.9391 -0.2464
vn -0.2812 0.9311 -0.2323
vn -0.3556 0.7403 -0.5705
vn -0.4569 0.7508 -0.4771
vn -0.3813 0.6166 -0.6888
vn -0.4649 0.6400 -0.6118
vn -0.5220 0.6830 -0.5109
vn -0.4440 0.5945 -0.6704
vn -0.5198 0.6108 -0.5973
vn -0.5644 0.6310 -0.5323
vn -0.5517 0.4879 -0.6764
vn -0.6146 0.4800 -0.6260
vn -0.6819 0.4785 -0.5533
vn -0.6082 0.6402 -0.4693
vn -0.7412 0.4759 -0.4734
vn -0.6505 0.6338 -0.4186
vn -0.6857 0.6317 -0.3617
vn -0.7206 0.3393 -0.6047
vn -0.6514 0.3411 -0.6777
vn -0.6553 0.2564 -0.7105
vn -0.5807 0.3414 -0.7391
vn -0.5832 0.2458 -0.7742
vn -0.5864 0.2381 -0.7742
vn -0.4988 0.2674 -0.8245
vn -0.5035 0.2527 -0.8262
vn -0.4947 0.1914 -0.8477
vn -0.3785 0.2544 -0.8900
vn -0.3779 0.1999 -0.9040
vn -0.3948 0.1191 -0.9110
vn -0.2558 0.2098 -0.9437
vn -0.2597 0.1578 -0.9527
vn -0.2615 0.0943 -0.9606
vn -0.1443 0.1578 -0.9769
vn -0.1186 0.0860 -0.9892
vn -0.1073 0.0136 -0.9941
vn 0.0015 0.0768 -0.9970
vn 0.0163 0.0238 -0.9996
vn 0.0296 -0.0234 -0.9993
vn 0.1007 0.0108 -0.9949
vn 0.1068 -0.0037 -0.9943
vn 0.0922 -0.0236 -0.9955
vn 0.2358 0.0263 -0.9714
vn 0.2306 0.0246 -0.9727
vn 0.2311 -0.0089 -0.9729
vn 0.3749 0.0517 -0.9256
vn 0.3790 0.0150 -0.9253
vn 0.3905 -0.0506 -0.9192
vn 0.4838 0.0310 -0.8746
vn 0.4919 -0.0558 -0.8689
vn 0.5168 -0.1711 -0.8389
vn 0.6197 -0.0487 -0.7834
vn 0.6242 -0.1745 -0.7615
vn 0.6143 -0.2025 -0.7627
vn 0.7156 -0.1210 -0.6880
vn 0.7028 -0.1703 -0.6907
vn 0.7076 -0.1368 -0.6933
vn 0.8024 -0.1278 -0.5830
vn 0.8036 -0.1476 -0.5765
vn 0.8101 -0.1697 -0.5611
vn 0.8624 -0.1466 -0.4846
vn 0.8625 -0.1611 -0.4797
vn 0.8539 -0.1895 -0.4847
vn 0.9207 -0.1232 -0.3703
vn 0.9130 -0.1429 -0.3822
vn 0.9035 -0.2357 -0.3579
vn 0.9679 -0.1054 -0.2280
vn 0.9544 -0.2149 -0.2072
vn 0.9387 -0.2820 -0.1985
vn 0.8931 -0.3000 -0.3352
vn 0.9244 -0.3330 -0.1858
vn 0.8796 -0.3507 -0.3214
vn 0.8947 -0.4210 -0.1493
vn 0.8448 -0.4450 -0.2971
vn 0.8477 -0.5168 -0.1198
vn 0.8045 -0.5408 -0.2456
vn 0.8074 -0.5799 -0.1091
vn 0.7856 -0.5858 -0.1989
vn 0.7760 -0.6244 -0.0898
vn 0.7327 -0.6632 -0.1529
vn 0.7072 -0.7051 -0.0524
vn 0.6371 -0.7606 -0.1249
vn 0.4830 -0.8306 -0.2770
vn 0.5587 -0.8222 -0.1087
vn 0.4273 -0.8566 -0.2893
vn 0.3626 -0.8621 -0.3540
vn 0.4232 -0.8471 -0.3215
vn 0.5671 -0.8107 -0.1457
vn 0.5899 -0.7838 -0.1941
vn 0.4205 -0.8380 -0.3479
vn 0.6588 -0.6677 -0.3468
vn 0.5082 -0.7317 -0.4542
vn 0.3048 -0.7539 -0.5820
vn 0.5690 -0.5585 -0.6036
vn 0.3739 -0.6321 -0.6787
vn 0.1477 -0.6914 -0.7072
vn 0.1209 -0.7772 -0.6175
vn -0.0658 -0.7469 -0.6617
vn -0.0225 -0.8081 -0.5886
vn 0.0516 -0.9031 -0.4263
vn 0.0500 -0.9321 -0.3588
vn -0.1543 -0.8574 -0.4909
vn -0.0803 -0.9314 -0.3551
vn -0.0887 -0.9542 -0.2857
vn -0.1313 -0.9525 -0.2746
vn 0.0009 -0.9440 -0.3300
vn -0.2327 -0.9489 -0.2131
vn -0.2163 -0.9600 -0.1780
vn -0.2253 -0.9581 -0.1767
vn -0.2871 -0.9314 -0.2237
vn -0.1952 -0.9337 -0.3001
vn -0.2486 -0.9573 -0.1477
vn -0.2156 -0.9633 -0.1602
vn -0.3080 -0.9212 -0.2378
vn -0.4769 -0.8282 -0.2945
vn -0.4145 -0.8598 -0.2984
vn -0.1981 -0.9730 -0.1183
vn -0.3524 -0.9164 -0.1897
vn -0.5297 -0.8084 -0.2566
vn -0.5785 -0.7682 -0.2744
vn -0.5572 -0.7708 -0.3089
vn -0.4119 -0.9098 -0.0512
vn -0.5724 -0.8097 -0.1290
vn -0.6288 -0.7609 -0.1601
vn -0.6939 -0.6981 -0.1765
vn -0.6489 -0.7041 -0.2885
vn -0.5792 -0.8150 0.0185
vn -0.6559 -0.7547 -0.0167
vn -0.7163 -0.6969 -0.0367
vn -0.7787 -0.6257 -0.0472
vn -0.7465 -0.6413 -0.1773
vn -0.6467 -0.7580 0.0850
vn -0.7169 -0.6944 0.0620
vn -0.7852 -0.6169 0.0533
vn -0.8480 -0.5283 0.0427
vn -0.8412 -0.5387 -0.0461
vn -0.7098 -0.6713 0.2133
vn -0.7841 -0.5814 0.2173
vn -0.8339 -0.5069 0.2186
vn -0.8658 -0.4551 0.2078
vn -0.8843 -0.4662 0.0272
vn -0.7613 -0.5200 0.3873
vn -0.7957 -0.4633 0.3901
vn -0.8215 -0.4114 0.3948
vn -0.8531 -0.3399 0.3958
vn -0.8956 -0.3932 0.2081
vn -0.7911 -0.4488 0.4157
vn -0.8160 -0.4022 0.4152
vn -0.8486 -0.3471 0.3992
vn -0.8713 -0.2822 0.4015
vn -0.8663 -0.3063 0.3946
vn -0.7886 -0.3974 0.4692
vn -0.8145 -0.3437 0.4674
vn -0.8397 -0.2484 0.4829
vn -0.8459 -0.1901 0.4983
vn -0.8809 -0.2118 0.4233
vn -0.7058 -0.2779 0.6517
vn -0.7163 -0.2529 0.6504
vn -0.7620 -0.2319 0.6046
vn -0.8042 -0.1460 0.5761
vn -0.8444 -0.1733 0.5069
vn -0.6164 -0.3086 0.7245
vn -0.6440 -0.2893 0.7082
vn -0.6843 -0.0842 0.7243
vn -0.6808 0.0166 0.7323
vn -0.7865 -0.1106 0.6076
vn -0.4909 -0.2497 0.8347
vn -0.4860 -0.0311 0.8734
vn -0.5309 0.0778 0.8439
vn -0.5728 0.1201 0.8108
vn -0.6481 0.0796 0.7574
vn -0.4609 -0.0447 0.8863
vn -0.5057 0.0143 0.8626
vn -0.5622 0.0698 0.8240
vn -0.5781 0.0379 0.8151
vn -0.5959 0.0537 0.8012
vn -0.4583 -0.0279 0.8884
vn -0.4814 0.0439 0.8754
vn -0.4943 0.0391 0.8684
vn -0.5059 0.0490 0.8612
vn -0.5741 0.0507 0.8172
vn -0.3417 0.0257 0.9395
vn -0.3748 0.0139 0.9270
vn -0.3867 0.0570 0.9204
vn -0.3845 0.2136 0.8981
vn -0.5041 0.2083 0.8381
vn -0.2506 0.0054 0.9681
vn -0.2402 0.0960 0.9660
vn -0.2495 0.2039 0.9467
vn -0.3151 0.3263 0.8912
vn -0.4109 0.3915 0.8233
vn -0.1136 0.1262 0.9855
vn -0.1282 0.1984 0.9717
vn -0.1583 0.2955 0.9421
vn -0.1920 0.3200 0.9278
vn -0.3481 0.3100 0.8847
vn -0.0539 0.2105 0.9761
vn -0.0693 0.2960 0.9527
vn -0.0780 0.3102 0.9475
vn -0.0670 0.3401 0.9380
vn -0.1881 0.2923 0.9376
vn -0.0007 0.2890 0.9573
vn -0.0169 0.3107 0.9504
vn -0.0180 0.3661 0.9304
vn -0.0094 0.4403 0.8978
vn -0.0459 0.4196 0.9066
vn 0.0995 0.3234 0.9410
vn 0.0896 0.3666 0.9261
vn 0.0682 0.4419 0.8945
vn 0.0571 0.5230 0.8504
vn -0.0008 0.5215 0.8533
vn 0.2376 0.3597 0.9023
vn 0.2143 0.4046 0.8890
vn 0.1751 0.5104 0.8419
vn 0.1690 0.5817 0.7956
vn 0.0620 0.5752 0.8156
vn 0.3615 0.3812 0.8509
vn 0.3466 0.4758 0.8084
vn 0.3209 0.5816 0.7475
vn 0.4944 0.4329 0.7538
vn 0.4477 0.5642 0.6937
vn 0.5847 0.4185 0.6950
vn 0.5441 0.5681 0.6174
vn 0.6748 0.4528 0.5827
vn 0.6371 0.5844 0.5027
vn 0.7654 0.4829 0.4254
vn 0.7221 0.5854 0.3686
vn 0.6610 0.6675 0.3429
vn 0.7806 0.5741 0.2472
vn 0.7455 0.6170 0.2521
vn 0.7018 0.6426 0.3075
vn 0.8016 0.5697 0.1813
vn 0.7764 0.5922 0.2157
vn 0.6475 0.7402 0.1810
vn 0.8246 0.5527 0.1203
vn 0.6734 0.7319 0.1038
vn 0.4575 0.8873 0.0577
vn 0.6893 0.7237 -0.0338
vn 0.5065 0.8623 -0.0049
vn 0.4915 0.8678 0.0732
vn 0.5757 0.8140 -0.0768
vn 0.5392 0.8421 -0.0086
vn 0.6063 0.7909 -0.0826
vn 0.5217 0.8479 -0.0942
vn 0.3834 0.9152 -0.1239
vn 0.5167 0.8511 -0.0927
vn 0.3551 0.9340 -0.0395
vn 0.5525 0.8180 -0.1599
vn 0.4000 0.9163 -0.0187
vn 0.5249 0.7830 -0.3336
vn 0.4188 0.8850 -0.2034
vn 0.4689 0.7635 -0.4440
vn 0.3792 0.8504 -0.3647
vn 0.3446 0.7871 -0.5115
vn 0.2230 0.8515 -0.4746
vn 0.2209 0.8294 -0.5131
vn 0.1110 0.8702 -0.4801
vn 0.1464 0.8031 -0.5775
vn 0.2977 0.6313 -0.7161
vn 0.2088 0.8167 -0.5379
vn 0.2794 0.6241 -0.7297
vn 0.2897 0.5465 -0.7858
vn 0.1533 0.6582 -0.7370
vn 0.1134 0.5474 -0.8291
vn 0.0773 0.6528 -0.7536
vn -0.0745 0.5610 -0.8245
vn -0.0294 0.6952 -0.7182
vn -0.1580 0.7096 -0.6867
vn 0.0163 0.8410 -0.5408
vn -0.0700 0.8630 -0.5003
vn -0.1566 0.9082 -0.3880
vn -0.0357 0.8713 -0.4894
vn -0.0852 0.8952 -0.4375
vn -0.1628 0.9262 -0.3399
vn -0.1342 0.8003 -0.5844
vn -0.2252 0.7593 -0.6106
vn -0.2207 0.6812 -0.6980
vn -0.3031 0.6353 -0.7103
vn -0.2429 0.5417 -0.8047
vn -0.3223 0.5587 -0.7641
vn -0.3683 0.5776 -0.7285
vn -0.3052 0.4505 -0.8390
vn -0.3586 0.4698 -0.8066
vn -0.4536 0.4875 -0.7461
vn -0.3599 0.3856 -0.8496
vn -0.4733 0.3560 -0.8058
vn -0.3758 0.3084 -0.8739
vn -0.2850 0.3891 -0.8760
vn -0.2699 0.3187 -0.9086
vn -0.2608 0.2549 -0.9311
vn -0.1848 0.3076 -0.9334
vn -0.1714 0.2488 -0.9533
vn -0.1614 0.2058 -0.9652
vn -0.0701 0.2418 -0.9678
vn -0.0517 0.1879 -0.9808
vn -0.0215 0.1283 -0.9915
vn 0.0641 0.1690 -0.9835
vn 0.0737 0.1182 -0.9903
vn 0.0794 0.0751 -0.9940
vn 0.2233 0.1512 -0.9630
vn 0.2209 0.0973 -0.9704
vn 0.2352 0.0079 -0.9719
vn 0.3674 0.1403 -0.9194
vn 0.3712 0.0324 -0.9280
vn 0.3701 0.0385 -0.9282
vn 0.4796 0.0745 -0.8743
vn 0.4784 0.0389 -0.8773
vn 0.4812 0.0559 -0.8748
vn 0.6134 0.0608 -0.7874
vn 0.6027 0.0674 -0.7951
vn 0.6052 0.0419 -0.7950
vn 0.7061 0.0846 -0.7030
vn 0.7129 0.0426 -0.6999
vn 0.7230 -0.0308 -0.6902
vn 0.8163 0.0567 -0.5749
vn 0.8148 0.0048 -0.5798
vn 0.8093 -0.0493 -0.5853
vn 0.8775 0.0417 -0.4777
vn 0.8738 0.0076 -0.4862
vn 0.8673 -0.0700 -0.4929
vn 0.9321 0.0478 -0.3590
vn 0.9336 -0.0066 -0.3582
vn 0.9300 -0.1012 -0.3534
vn 0.9744 0.0253 -0.2232
vn 0.9753 -0.0392 -0.2175
vn 0.9714 -0.0678 -0.2277
vn 0.9861 -0.0123 -0.1657
vn 0.9860 -0.0504 -0.1587
vn 0.9851 -0.0914 -0.1457
vn 0.9965 -0.0593 -0.0593
vn 0.9937 -0.1048 -0.0388
vn 0.9859 -0.1667 -0.0135
vn 0.9741 -0.1822 -0.1339
vn 0.9688 -0.2479 0.0052
vn 0.9559 -0.2643 -0.1282
vn 0.9505 -0.3105 0.0098
vn 0.9376 -0.3279 -0.1153
vn 0.9289 -0.3704 -0.0002
vn 0.9073 -0.4088 -0.0986
vn 0.8972 -0.4414 -0.0137
vn 0.8724 -0.4790 -0.0978
vn 0.8508 -0.5249 -0.0243
vn 0.8229 -0.5598 -0.0972
vn 0.7958 -0.6047 -0.0323
vn 0.7804 -0.6185 -0.0923
vn 0.7469 -0.6644 -0.0275
vn 0.7282 -0.6796 -0.0886
vn 0.6724 -0.7397 -0.0277
vn 0.6326 -0.7700 -0.0829
vn 0.6238 -0.7814 -0.0165
vn 0.5950 -0.7988 -0.0888
vn 0.6266 -0.7791 -0.0185
vn 0.7007 -0.7027 -0.1232
vn 0.6931 -0.7139 -0.0999
vn 0.8384 -0.5100 -0.1925
vn 0.7549 -0.5857 -0.2951
vn 0.9153 -0.3056 -0.2625
vn 0.7859 -0.3743 -0.4922
vn 0.6983 -0.4539 -0.5535
vn 0.9056 -0.3429 -0.2497
vn 0.9530 -0.2948 -0.0703
vn 0.9602 -0.2781 -0.0274
vn 0.8485 -0.5291 0.0029
vn 0.7601 -0.6089 -0.2270
vn 0.5914 -0.8062 0.0153
vn 0.5094 -0.8282 -0.2336
vn 0.3630 -0.9072 -0.2126
vn 0.3731 -0.8398 -0.3945
vn 0.3755 -0.9257 0.0459
vn 0.3284 -0.9414 0.0769
vn 0.3086 -0.9343 -0.1783
vn 0.6082 -0.7621 0.2221
vn 0.3980 -0.8735 0.2804
vn 0.3383 -0.8891 0.3083
vn 0.1798 -0.8956 0.4070
vn 0.1830 -0.9727 0.1427
vn 0.3850 -0.8585 0.3387
vn 0.3018 -0.8546 0.4226
vn 0.1540 -0.8402 0.5200
vn 0.0348 -0.8467 0.5309
vn -0.0367 -0.8911 0.4522
vn 0.2202 -0.8714 0.4383
vn 0.1201 -0.8557 0.5033
vn 0.0703 -0.8500 0.5221
vn -0.0096 -0.8436 0.5369
vn -0.0823 -0.8692 0.4875
vn 0.1596 -0.7149 0.6808
vn 0.1071 -0.7074 0.6987
vn 0.2007 -0.4760 0.8562
vn 0.2884 -0.3999 0.8700
vn 0.4050 -0.3085 0.8607
vn 0.3232 -0.3884 0.8630
vn 0.2865 -0.7099 0.6434
vn 0.4096 -0.3411 0.8461
vn 0.4744 -0.2549 0.8426
vn 0.4732 -0.4209 0.7739
vn 0.4336 -0.4050 0.8049
vn 0.5909 -0.3041 0.7473
vn 0.6503 -0.2256 0.7254
vn 0.6093 -0.4542 0.6500
vn 0.5191 -0.6092 0.5995
vn 0.4180 -0.6033 0.6792
vn 0.8525 -0.1956 0.4848
vn 0.7494 -0.5145 0.4167
vn 0.6100 -0.6590 0.4400
vn 0.6088 -0.6785 0.4112
vn 0.4851 -0.7317 0.4790
vn 0.7911 -0.5556 0.2559
vn 0.6587 -0.7082 0.2541
vn 0.6834 -0.6557 0.3210
vn 0.6861 -0.6380 0.3495
vn 0.6675 -0.6604 0.3440
vn 0.6572 -0.7252 0.2054
vn 0.6843 -0.6782 0.2679
vn 0.6855 -0.6571 0.3136
vn 0.6835 -0.6572 0.3178
vn 0.6729 -0.6530 0.3476
vn 0.6706 -0.7105 0.2131
vn 0.7026 -0.6718 0.2346
vn 0.7131 -0.6606 0.2346
vn 0.7858 -0.5735 0.2316
vn 0.7512 -0.5771 0.3203
vn 0.7039 -0.6948 0.1474
vn 0.7388 -0.6591 0.1409
vn 0.7998 -0.5891 0.1152
vn 0.8671 -0.4868 0.1055
vn 0.8526 -0.4675 0.2336
vn 0.8930 -0.3870 0.2296
vn 0.8530 -0.4048 0.3295
vn 0.8181 -0.4747 0.3247
vn 0.9095 -0.3999 0.1133
vn 0.9393 -0.3192 0.1259
vn 0.9267 -0.3034 0.2217
vn 0.9298 -0.2923 0.2235
vn 0.9041 -0.2703 0.3309
vn 0.8866 -0.3303 0.3238
vn 0.9457 -0.2966 0.1332
vn 0.9626 -0.2411 0.1237
vn 0.9436 -0.2416 0.2262
vn 0.9579 -0.1798 0.2238
vn 0.9094 -0.1744 0.3777
vn 0.9076 -0.2179 0.3588
vn 0.9786 -0.1732 0.1110
vn 0.9871 -0.1275 0.0965
vn 0.9651 -0.1322 0.2259
vn 0.9706 -0.0228 0.2395
vn 0.9207 -0.0304 0.3891
vn 0.9137 -0.1209 0.3881
vn 0.9943 -0.0518 0.0930
vn 0.9938 0.0280 0.1073
vn 0.9680 0.0415 0.2474
vn 0.9978 0.0005 -0.0664
vn 0.9977 0.0318 -0.0602
vn 0.9919 0.0354 0.1218
vn 0.9850 0.0259 -0.1706
vn 0.9832 0.0448 -0.1767
vn 0.9975 0.0479 -0.0517
vn 0.9704 0.0566 -0.2347
vn 0.9685 0.0688 -0.2392
vn 0.9813 0.0689 -0.1800
vn 0.9329 0.0621 -0.3548
vn 0.9320 0.0801 -0.3536
vn 0.9682 0.0808 -0.2367
vn 0.8774 0.0757 -0.4737
vn 0.8781 0.0868 -0.4705
vn 0.9327 0.0868 -0.3501
vn 0.8141 0.0883 -0.5739
vn 0.8125 0.0869 -0.5764
vn 0.8818 0.0844 -0.4640
vn 0.7130 0.0843 -0.6961
vn 0.7113 0.1449 -0.6878
vn 0.8002 0.1489 -0.5810
vn 0.6153 0.1179 -0.7794
vn 0.6045 0.1740 -0.7774
vn 0.7125 0.1763 -0.6791
vn 0.4704 0.1706 -0.8658
vn 0.4609 0.1825 -0.8685
vn 0.5940 0.1685 -0.7867
vn 0.3696 0.1823 -0.9111
vn 0.3719 0.1752 -0.9116
vn 0.4586 0.1955 -0.8669
vn 0.2262 0.1692 -0.9593
vn 0.2080 0.2622 -0.9423
vn 0.3496 0.2766 -0.8951
vn 0.0479 0.2453 -0.9683
vn 0.0459 0.3483 -0.9363
vn 0.1927 0.3789 -0.9051
vn -0.0687 0.3174 -0.9458
vn -0.0662 0.3878 -0.9194
vn 0.0493 0.3950 -0.9173
vn -0.1963 0.3838 -0.9023
vn -0.2150 0.4405 -0.8716
vn -0.0850 0.4318 -0.8980
vn -0.1007 0.5388 -0.8364
vn 0.0264 0.5541 -0.8320
vn 0.0382 0.4208 -0.9064
vn 0.1463 0.5771 -0.8035
vn 0.1679 0.4163 -0.8936
vn 0.1820 0.3953 -0.9003
vn 0.3151 0.4289 -0.8466
vn 0.3122 0.3910 -0.8658
vn 0.3198 0.3852 -0.8656
vn 0.4139 0.4145 -0.8105
vn 0.4170 0.3779 -0.8266
vn 0.4455 0.2878 -0.8477
vn 0.5521 0.3767 -0.7439
vn 0.5674 0.3139 -0.7613
vn 0.5783 0.2293 -0.7829
vn 0.6778 0.3475 -0.6480
vn 0.7023 0.2494 -0.6668
vn 0.7203 0.1646 -0.6739
vn 0.8038 0.2479 -0.5408
vn 0.8141 0.1910 -0.5484
vn 0.7948 0.2060 -0.5708
vn 0.8621 0.2265 -0.4533
vn 0.8585 0.2241 -0.4614
vn 0.8766 0.1419 -0.4597
vn 0.9267 0.2112 -0.3108
vn 0.9351 0.1586 -0.3170
vn 0.9353 0.1056 -0.3378
vn 0.9557 0.1778 -0.2345
vn 0.9635 0.1257 -0.2364
vn 0.9684 0.0816 -0.2357
vn 0.9737 0.1248 -0.1904
vn 0.9798 0.0780 -0.1843
vn 0.9802 0.0776 -0.1820
vn 0.9952 0.0887 -0.0411
vn 0.9967 0.0687 -0.0420
vn 0.9966 0.0685 -0.0452
vn 0.9894 0.0810 0.1204
vn 0.9910 0.0663 0.1162
vn 0.9918 0.0428 0.1202
vn 0.9716 0.0741 0.2246
vn 0.9733 0.0181 0.2288
vn 0.9703 0.0129 0.2417
vn 0.9222 0.0103 0.3866
vn 0.9273 -0.0003 0.3744
vn 0.9273 0.0110 0.3742
vn 0.8632 0.0250 0.5042
vn 0.8688 -0.0202 0.4948
vn 0.8621 -0.0707 0.5018
vn 0.7710 -0.0180 0.6366
vn 0.7834 -0.0753 0.6169
vn 0.7877 -0.1237 0.6035
vn 0.8548 -0.1170 0.5056
vn 0.7851 -0.1532 0.6002
vn 0.8535 -0.1570 0.4969
vn 0.7866 -0.1603 0.5964
vn 0.8608 -0.1765 0.4774
vn 0.7749 -0.2520 0.5797
vn 0.8551 -0.2531 0.4525
vn 0.7605 -0.3465 0.5492
vn 0.8309 -0.3553 0.4282
vn 0.7622 -0.3898 0.5167
vn 0.8195 -0.4052 0.4053
vn 0.7317 -0.5148 0.4468
vn 0.7816 -0.5031 0.3688
vn 0.6848 -0.6351 0.3573
vn 0.7032 -0.6232 0.3422
vn 0.6902 -0.6455 0.3269
vn 0.6045 -0.6231 0.4964
vn 0.6089 -0.6604 0.4395
vn 0.5477 -0.7338 0.4019
vn 0.4361 -0.6713 0.5993
vn 0.3774 -0.7830 0.4945
vn 0.3602 -0.7734 0.5216
vn 0.2856 -0.7891 0.5439
vn 0.2992 -0.7787 0.5515
vn 0.3788 -0.6022 0.7027
vn 0.2982 -0.7613 0.5758
vn 0.3599 -0.5881 0.7243
vn 0.3791 -0.4115 0.8288
vn 0.2035 -0.5707 0.7955
vn 0.2052 -0.4299 0.8792
vn 0.2251 -0.7630 0.6059
vn 0.1096 -0.8105 0.5753
vn 0.1897 -0.8291 0.5259
vn 0.0822 -0.8791 0.4695
vn 0.0133 -0.8384 0.5449
vn 0.2485 -0.8004 0.5455
vn 0.2783 -0.7253 0.6297
vn 0.2012 -0.7480 0.6325
vn 0.2779 -0.7924 0.5430
vn 0.3297 -0.6856 0.6490
vn 0.3588 -0.5831 0.7289
vn 0.3110 -0.5926 0.7430
vn 0.3303 -0.6686 0.6662
vn 0.3454 -0.5924 0.7279
vn 0.3664 -0.5349 0.7613
vn 0.3451 -0.5351 0.7711
vn 0.4458 -0.6073 0.6576
vn 0.4738 -0.5178 0.7123
vn 0.5282 -0.3660 0.7662
vn 0.4233 -0.4013 0.8123
vn 0.6308 -0.5114 0.5836
vn 0.6559 -0.3685 0.6588
vn 0.6368 -0.3202 0.7014
vn 0.5404 -0.2930 0.7887
vn 0.5426 -0.2546 0.8005
vn 0.5038 -0.2878 0.8145
vn 0.4718 -0.3162 0.8230
vn 0.6291 -0.2543 0.7345
vn 0.6392 -0.1844 0.7466
vn 0.5586 -0.2122 0.8019
vn 0.5632 -0.1794 0.8066
vn 0.4916 -0.1579 0.8564
vn 0.5150 -0.2260 0.8268
vn 0.6457 -0.1770 0.7428
vn 0.6478 -0.1292 0.7508
vn 0.5551 -0.1151 0.8237
vn 0.5501 -0.0274 0.8346
vn 0.4494 -0.0391 0.8925
vn 0.4623 -0.0967 0.8815
vn 0.6361 -0.0460 0.7702
vn 0.6201 -0.0035 0.7845
vn 0.5480 0.0054 0.8365
vn 0.5434 -0.0065 0.8394
vn 0.4261 0.0073 0.9046
vn 0.4429 0.0060 0.8966
vn 0.6203 0.0109 0.7843
vn 0.6298 0.0580 0.7746
vn 0.5439 0.0277 0.8387
vn 0.7652 0.0395 0.6425
vn 0.7551 0.0665 0.6522
vn 0.7445 0.0803 0.6628
vn 0.6267 0.0858 0.7745
vn 0.8479 0.0367 0.5289
vn 0.8390 0.0875 0.5371
vn 0.8401 0.1300 0.5266
vn 0.7366 0.1134 0.6667
vn 0.9155 0.0884 0.3925
vn 0.9080 0.1417 0.3943
vn 0.9089 0.1597 0.3852
vn 0.8432 0.1338 0.5206
vn 0.9646 0.1180 0.2360
vn 0.9554 0.1658 0.2444
vn 0.9473 0.2149 0.2377
vn 0.9089 0.2034 0.3639
vn 0.9833 0.1261 0.1309
vn 0.9706 0.1947 0.1416
vn 0.9645 0.2213 0.1442
vn 0.9425 0.2337 0.2389
vn 0.9885 0.1470 -0.0348
vn 0.9777 0.2085 -0.0244
vn 0.9678 0.2510 -0.0211
vn 0.9616 0.2402 0.1330
vn 0.9635 0.1834 -0.1950
vn 0.9546 0.2328 -0.1860
vn 0.9492 0.2642 -0.1710
vn 0.9611 0.2746 -0.0285
vn 0.9511 0.2071 -0.2293
vn 0.9439 0.2452 -0.2213
vn 0.9234 0.3204 -0.2115
vn 0.9296 0.3314 -0.1610
vn 0.9171 0.2433 -0.3158
vn 0.9056 0.2974 -0.3024
vn 0.8702 0.4117 -0.2709
vn 0.8800 0.4349 -0.1908
vn 0.8633 0.2596 -0.4328
vn 0.8226 0.3895 -0.4142
vn 0.7911 0.4725 -0.3884
vn 0.8251 0.5107 -0.2418
vn 0.7577 0.3747 -0.5343
vn 0.7481 0.4236 -0.5107
vn 0.7646 0.4271 -0.4826
vn 0.8087 0.4670 -0.3576
vn 0.6725 0.3883 -0.6301
vn 0.6625 0.4145 -0.6239
vn 0.6215 0.5146 -0.5907
vn 0.7212 0.5272 -0.4494
vn 0.5261 0.4278 -0.7350
vn 0.5008 0.4900 -0.7135
vn 0.4526 0.6378 -0.6232
vn 0.5346 0.6754 -0.5080
vn 0.4277 0.4615 -0.7772
vn 0.3889 0.6048 -0.6950
vn 0.3128 0.7447 -0.5896
vn 0.4029 0.7469 -0.5289
vn 0.2891 0.5967 -0.7486
vn 0.2441 0.7460 -0.6196
vn 0.1907 0.8495 -0.4919
vn 0.2207 0.8255 -0.5194
vn 0.1298 0.7360 -0.6644
vn 0.1176 0.8459 -0.5202
vn 0.1331 0.8792 -0.4575
vn 0.1609 0.8915 -0.4236
vn 0.0309 0.7215 -0.6918
vn 0.0297 0.8405 -0.5410
vn 0.0267 0.8679 -0.4961
vn 0.1657 0.8244 -0.5413
vn -0.0550 0.8322 -0.5518
vn -0.0894 0.7117 -0.6968
vn 0.4851 0.7436 -0.4602
vn 0.5408 0.7504 -0.3801
vn 0.6088 0.6785 -0.4112
vn 0.5789 0.7755 -0.2519
vn 0.6703 0.6713 -0.3164
vn 0.7842 0.5176 -0.3421
vn 0.7161 0.6745 -0.1796
vn 0.8386 0.5002 -0.2158
vn 0.8399 0.4937 -0.2254
vn 0.8367 0.5221 -0.1653
vn 0.8462 0.4988 -0.1874
vn 0.8392 0.5138 -0.1781
vn 0.8578 0.4938 -0.1424
vn 0.8459 0.5145 -0.1407
vn 0.8785 0.4534 -0.1508
vn 0.8420 0.5375 -0.0457
vn 0.8825 0.4670 -0.0562
vn 0.9432 0.3297 -0.0417
vn 0.8726 0.4833 0.0711
vn 0.9399 0.3261 0.1012
vn 0.9562 0.2673 0.1190
vn 0.9102 0.3398 0.2366
vn 0.9295 0.2674 0.2542
vn 0.9341 0.2533 0.2516
vn 0.8869 0.2910 0.3587
vn 0.8933 0.2886 0.3447
vn 0.9023 0.2564 0.3466
vn 0.8353 0.3327 0.4378
vn 0.8502 0.2501 0.4632
vn 0.8477 0.1746 0.5010
vn 0.7296 0.2627 0.6314
vn 0.7428 0.1445 0.6537
vn 0.7368 0.1190 0.6656
vn 0.6123 0.1486 0.7765
vn 0.6205 0.1072 0.7769
vn 0.6195 0.1061 0.7778
vn 0.5447 0.1267 0.8290
vn 0.5588 0.1057 0.8225
vn 0.5536 0.0755 0.8293
vn 0.4239 0.1209 0.8976
vn 0.4308 0.0340 0.9018
vn 0.4187 -0.0039 0.9081
vn 0.2656 0.0061 0.9641
vn 0.2670 -0.0240 0.9634
vn 0.2615 0.0098 0.9651
vn 0.1360 -0.0261 0.9904
vn 0.1365 0.0090 0.9906
vn 0.1476 0.0147 0.9889
vn 0.2652 0.0083 0.9642
vn 0.1687 -0.0428 0.9847
vn 0.2886 -0.0433 0.9565
vn 0.1818 -0.1326 0.9743
vn 0.3094 -0.0956 0.9461
vn 0.1799 -0.1842 0.9663
vn 0.3257 -0.1549 0.9327
vn 0.2008 -0.2423 0.9492
vn 0.3512 -0.2374 0.9057
vn 0.2456 -0.3400 0.9078
vn 0.3736 -0.3274 0.8679
vn 0.2737 -0.3916 0.8785
vn 0.3656 -0.3667 0.8555
vn 0.2779 -0.4470 0.8503
vn 0.3463 -0.4322 0.8327
vn 0.2976 -0.5168 0.8027
vn 0.1997 -0.4680 0.8609
vn 0.2000 -0.5105 0.8363
vn 0.2026 -0.6228 0.7557
vn 0.1518 -0.5201 0.8405
vn 0.1685 -0.6441 0.7461
vn 0.1564 -0.7684 0.6206
vn 0.0568 -0.6668 0.7430
vn -0.0054 -0.7909 0.6119
vn -0.0413 -0.8815 0.4703
vn -0.1334 -0.7748 0.6179
vn -0.0865 -0.8466 0.5252
vn -0.0165 -0.7919 0.6104
vn 0.0178 -0.8232 0.5675
vn -0.0410 -0.7329 0.6791
vn -0.1453 -0.7935 0.5909
vn -0.2235 -0.8007 0.5558
vn -0.1668 -0.7871 0.5939
vn -0.0655 -0.7968 0.6006
vn -0.1441 -0.7971 0.5864
vn -0.2371 -0.8180 0.5241
vn -0.0807 -0.7929 0.6040
vn -0.0784 -0.7351 0.6734
vn -0.1564 -0.7094 0.6872
vn -0.2475 -0.7342 0.6323
vn -0.3511 -0.6479 0.6760
vn -0.4115 -0.6739 0.6136
vn -0.3089 -0.7819 0.5414
vn -0.2767 -0.6646 0.6941
vn -0.4111 -0.4870 0.7706
vn -0.4515 -0.5247 0.7217
vn -0.1407 -0.6436 0.7523
vn -0.3154 -0.4603 0.8298
vn -0.4348 -0.3079 0.8463
vn -0.4503 -0.3356 0.8274
vn -0.1047 -0.6207 0.7771
vn -0.2113 -0.4749 0.8543
vn -0.3632 -0.3266 0.8726
vn -0.4155 -0.3367 0.8450
vn -0.4411 -0.3259 0.8362
vn -0.1930 -0.4915 0.8492
vn -0.2743 -0.3486 0.8962
vn -0.3213 -0.3273 0.8886
vn -0.3271 -0.3293 0.8858
vn -0.4185 -0.3728 0.8282
vn -0.1441 -0.3459 0.9271
vn -0.1839 -0.3101 0.9327
vn -0.2107 -0.2780 0.9372
vn -0.2341 -0.2176 0.9475
vn -0.3365 -0.2558 0.9063
vn -0.0022 -0.2862 0.9582
vn -0.0493 -0.2563 0.9654
vn -0.0947 -0.1952 0.9762
vn -0.1198 -0.1386 0.9831
vn -0.2524 -0.1631 0.9538
vn 0.0471 -0.2437 0.9687
vn 0.0250 -0.1816 0.9831
vn 0.0013 -0.1051 0.9945
vn -0.0089 -0.0205 0.9998
vn -0.1376 -0.0513 0.9892
vn 0.0750 -0.1744 0.9818
vn 0.0565 -0.0739 0.9957
vn 0.0521 0.0055 0.9986
vn 0.0444 0.0259 0.9987
vn -0.0252 0.0449 0.9987
vn -0.0316 0.0096 0.9995
vn -0.1372 0.0215 0.9903
vn -0.1471 0.0420 0.9882
vn 0.0336 -0.0120 0.9994
vn 0.0252 -0.0024 0.9997
vn -0.0289 -0.0123 0.9995
vn 0.1294 -0.0004 0.9916
vn 0.1238 0.1179 0.9853
vn 0.0213 0.0846 0.9962
vn 0.2535 0.1355 0.9578
vn 0.2375 0.1873 0.9531
vn 0.1314 0.1802 0.9748
vn 0.3975 0.1658 0.9025
vn 0.3762 0.2155 0.9011
vn 0.2277 0.2158 0.9495
vn 0.5168 0.1855 0.8358
vn 0.4851 0.3147 0.8158
vn 0.3582 0.3160 0.8785
vn 0.5816 0.2954 0.7579
vn 0.5533 0.4191 0.7198
vn 0.4732 0.3983 0.7858
vn 0.6916 0.3982 0.6025
vn 0.6700 0.4285 0.6062
vn 0.5619 0.4401 0.7004
vn 0.8164 0.3537 0.4565
vn 0.7972 0.3798 0.4693
vn 0.6741 0.3955 0.6238
vn 0.8679 0.3570 0.3454
vn 0.8230 0.4887 0.2895
vn 0.8494 0.4907 0.1940
vn 0.8064 0.5685 0.1630
vn 0.8248 0.5627 0.0552
vn 0.8461 0.5266 0.0824
vn 0.8668 0.4983 -0.0211
vn 0.8434 0.5369 -0.0212
vn 0.8258 0.5442 -0.1481
vn 0.6947 0.7067 -0.1343
vn 0.7205 0.6852 -0.1066
vn 0.5870 0.7990 -0.1308
vn 0.5868 0.3879 0.7108
vn 0.5096 0.3868 0.7686
vn 0.4911 0.4028 0.7724
vn 0.3528 0.3711 0.8590
vn 0.3477 0.3765 0.8587
vn 0.2296 0.3507 0.9079
vn 0.2216 0.2974 0.9287
vn 0.1051 0.2822 0.9536
vn 0.1255 0.2154 0.9684
vn 0.0282 0.2185 0.9754
vn 0.0323 0.1481 0.9885
vn -0.0381 0.1301 0.9908
vn -0.0297 0.0621 0.9976
vn -0.1092 0.0365 0.9934
vn -0.1179 -0.0304 0.9926
vn -0.2352 -0.0172 0.9718
vn -0.2317 0.0109 0.9727
vn -0.3282 -0.0188 0.9444
vn -0.3434 -0.0453 0.9381
vn -0.2694 -0.0016 0.9630
vn -0.3525 -0.0808 0.9323
vn -0.2795 -0.0707 0.9575
vn -0.3441 -0.1711 0.9232
vn -0.4450 -0.1039 0.8895
vn -0.4649 -0.1928 0.8641
vn -0.4600 -0.2856 0.8407
vn -0.5223 -0.2446 0.8169
vn -0.5328 -0.2714 0.8015
vn -0.4668 -0.3484 0.8129
vn -0.5778 -0.2415 0.7796
vn -0.5099 -0.2947 0.8082
vn -0.4550 -0.3096 0.8349
vn -0.5958 -0.2918 0.7482
vn -0.5549 -0.3425 0.7581
vn -0.5111 -0.4068 0.7571
vn -0.6683 -0.3899 0.6335
vn -0.6088 -0.4573 0.6483
vn -0.5167 -0.5574 0.6499
vn -0.7098 -0.5017 0.4944
vn -0.6222 -0.6059 0.4958
vn -0.5008 -0.7209 0.4791
vn -0.6673 -0.6180 0.4157
vn -0.5584 -0.7183 0.4152
vn -0.4653 -0.7619 0.4505
vn -0.3769 -0.7925 0.4795
vn -0.3768 -0.7803 0.4991
vn -0.2972 -0.7942 0.5301
vn -0.2621 -0.8334 0.4865
vn -0.4472 -0.8227 0.3509
vn -0.3022 -0.8958 0.3258
vn -0.2877 -0.8943 0.3427
vn -0.2459 -0.8397 0.4841
vn -0.3688 -0.8302 0.4181
vn -0.3147 -0.9369 0.1526
vn -0.4551 -0.8653 0.2099
vn -0.4711 -0.8339 0.2874
vn -0.3885 -0.7877 0.4781
vn -0.4790 -0.8107 0.3368
vn -0.4385 -0.7557 0.4864
vn -0.3433 -0.6759 0.6522
vn -0.3225 -0.8182 0.4760
vn -0.2129 -0.7650 0.6078
vn -0.3953 -0.8475 0.3542
vn -0.1871 -0.9010 0.3913
vn -0.4431 -0.8763 0.1891
vn -0.2854 -0.9379 0.1973
vn -0.1168 -0.9710 0.2086
vn -0.3276 -0.9446 -0.0177
vn -0.1659 -0.9827 -0.0826
vn 0.1339 -0.9797 -0.1489
vn -0.1824 -0.9406 -0.2862
vn 0.0777 -0.9373 -0.3397
vn 0.2864 -0.8858 -0.3652
vn 0.0260 -0.8823 -0.4701
vn 0.2556 -0.8269 -0.5009
vn 0.3977 -0.7630 -0.5096
vn 0.4029 -0.6682 -0.6254
vn 0.2075 -0.7525 -0.6251
vn -0.0235 -0.8111 -0.5845
vn -0.2108 -0.8925 -0.3987
vn -0.2301 -0.8409 -0.4899
vn -0.2278 -0.8056 -0.5469
vn -0.3224 -0.8904 -0.3213
vn -0.3707 -0.8861 -0.2784
vn -0.2786 -0.9423 -0.1857
vn -0.3668 -0.8822 -0.2953
vn -0.2978 -0.9319 -0.2073
vn -0.2482 -0.9584 -0.1410
vn -0.3862 -0.9200 -0.0668
vn -0.2955 -0.9551 -0.0212
vn -0.2491 -0.9685 0.0009
vn -0.3086 -0.9480 0.0779
vn -0.2833 -0.9560 0.0758
vn -0.4250 -0.9033 0.0585
vn -0.3115 -0.9422 0.1230
vn -0.4424 -0.8855 0.1420
vn -0.5618 -0.8179 0.1241
vn -0.4585 -0.8681 0.1905
vn -0.5413 -0.8131 0.2144
vn -0.6244 -0.7494 0.2203
vn -0.5217 -0.7680 0.3716
vn -0.5907 -0.7129 0.3779
vn -0.6816 -0.6230 0.3837
vn -0.7497 -0.5143 0.4164
vn -0.7613 -0.4337 0.4819
vn -0.6963 -0.3429 0.6306
vn -0.6235 -0.2289 0.7476
vn -0.5532 -0.3059 0.7749
vn -0.4688 -0.1604 0.8686
vn -0.4382 -0.0611 0.8968
vn -0.3275 -0.9319 0.1556
vn -0.3090 -0.9458 0.1000
vn -0.4459 -0.8937 0.0500
vn -0.4725 -0.8780 0.0764
vn -0.5277 -0.8494 -0.0085
vn -0.5317 -0.8421 0.0903
vn -0.5462 -0.8375 -0.0137
vn -0.5264 -0.8350 0.1602
vn -0.4467 -0.8947 0.0041
vn -0.4967 -0.8323 -0.2460
vn -0.4201 -0.8736 -0.2456
vn -0.3345 -0.9115 -0.2394
vn -0.4528 -0.8770 -0.1609
vn 0.0806 -0.2212 0.9719
vn 0.0560 -0.2860 0.9566
vn 0.0855 -0.2692 0.9593
vn 0.0751 -0.3135 0.9466
vn 0.1275 -0.3386 0.9323
vn 0.1244 -0.4086 0.9042
vn 0.1770 -0.4009 0.8989
vn 0.1494 -0.4837 0.8624
vn 0.0848 -0.4155 0.9056
vn 0.1152 -0.5017 0.8573
vn 0.0909 -0.5579 0.8249
vn -0.0355 -0.5610 0.8270
vn -0.0573 -0.6293 0.7750
vn -0.1178 -0.6834 0.7205
vn -0.1541 -0.6118 0.7759
vn -0.0757 -0.4656 0.8817
vn 0.0347 -0.3064 0.9513
vn 0.6547 -0.7457 0.1233
vn 0.6080 -0.7919 -0.0570
vn 0.6794 -0.7278 0.0939
vn 0.6753 -0.7319 -0.0910
vn 0.8255 -0.5583 0.0827
vn 0.8435 -0.5283 -0.0969
vn 0.9494 -0.3097 0.0529
vn 0.7910 -0.5581 0.2506
vn 0.9406 -0.2599 0.2185
vn 0.9621 -0.2433 0.1235
vn 0.9623 -0.2680 0.0471
vn 0.8427 -0.5213 0.1344
vn 0.8613 -0.4943 0.1175
vn 0.5683 -0.7836 0.2509
vn 0.3283 -0.8831 0.3351
vn 0.4365 -0.6979 0.5678
vn 0.9300 -0.2081 0.3030
vn 0.7813 -0.5662 0.2627
vn 0.9246 -0.1828 0.3341
vn 0.6628 -0.7198 0.2064
vn -0.0017 0.5781 0.8160
vn -0.0120 0.5714 0.8206
vn -0.0299 0.5126 0.8581
vn -0.1659 0.4960 0.8523
vn -0.1737 0.3864 0.9058
vn -0.3156 0.3471 0.8831
vn -0.3169 0.2374 0.9183
vn -0.4013 0.1748 0.8991
vn -0.4258 0.2983 0.8542
vn -0.4358 0.2937 0.8508
vn -0.4528 0.3956 0.7990
vn -0.5350 0.2863 0.7949
vn -0.5736 0.1715 0.8010
vn -0.6046 0.1436 0.7835
vn -0.6084 0.0427 0.7925
vn -0.6849 0.0701 0.7253
vn -0.6466 0.1010 0.7561
vn -0.7507 0.1041 0.6524
vn -0.7536 -0.0479 0.6556
vn -0.8515 -0.1354 0.5066
vn -0.8417 -0.1727 0.5116
vn -0.9102 -0.1654 0.3797
vn -0.8955 -0.1617 0.4147
vn -0.9188 -0.1285 0.3731
vn -0.8905 -0.2337 0.3903
vn -0.9405 -0.2664 0.2108
vn -0.9143 -0.3436 0.2146
vn -0.9257 -0.3781 0.0132
vn -0.9029 -0.4297 0.0134
vn -0.9008 -0.4309 -0.0534
vn -0.8850 -0.4632 -0.0467
vn -0.8701 -0.4612 -0.1738
vn -0.8129 -0.5573 -0.1689
vn -0.7676 -0.5582 -0.3149
vn -0.7008 -0.6481 -0.2981
vn -0.6527 -0.6402 -0.4051
vn -0.6082 -0.7100 -0.3549
vn -0.5659 -0.7085 -0.4217
vn -0.5161 -0.7758 -0.3632
vn -0.4263 -0.7888 -0.4427
vn -0.3091 -0.8743 -0.3742
vn -0.2039 -0.8852 -0.4181
vn -0.0887 -0.9336 -0.3471
vn 0.0330 -0.9236 -0.3820
vn 0.0920 -0.9333 -0.3472
vn 0.1207 -0.9236 -0.3638
vn -0.0448 0.8917 0.4504
vn 0.0070 0.8754 0.4834
vn 0.2947 0.8263 0.4800
vt 0.255350 0.029365
vt 0.263873 0.039282
vt 0.246994 0.046615
vt 0.234410 0.027774
vt 0.262845 0.019051
vt 0.275996 0.034713
vt 0.242931 0.012242
vt 0.510455 0.044855
vt 0.507935 0.034934
vt 0.521764 0.036082
vt 0.519869 0.050297
vt 0.501984 0.054418
vt 0.493510 0.042819
vt 0.514324 0.063958
vt 0.554882 0.134274
vt 0.544690 0.127790
vt 0.554213 0.114410
vt 0.565892 0.130542
vt 0.555166 0.079541
vt 0.569517 0.092604
vt 0.555850 0.099037
vt 0.539704 0.092848
vt 0.576356 0.072653
vt 0.584953 0.085484
vt 0.550910 0.059642
vt 0.569320 0.058241
vt 0.100744 0.135486
vt 0.092655 0.130343
vt 0.104586 0.121406
vt 0.111291 0.132055
vt 0.098520 0.147423
vt 0.083554 0.144276
vt 0.113474 0.146512
vt 0.148382 0.076080
vt 0.148161 0.055502
vt 0.163790 0.053508
vt 0.171299 0.073887
vt 0.126419 0.064176
vt 0.132868 0.052755
vt 0.163575 0.098202
vt 0.148380 0.100638
vt 0.134289 0.084472
vt 0.182391 0.095199
vt 0.118265 0.070973
vt 0.957927 0.362512
vt 0.950001 0.362092
vt 0.950612 0.353626
vt 0.960931 0.355531
vt 0.569219 0.016586
vt 0.573729 0.029899
vt 0.561717 0.029555
vt 0.561529 0.013242
vt 0.886311 0.995594
vt 0.879207 0.992610
vt 0.889605 0.977131
vt 0.896153 0.986399
vt 0.935719 0.330701
vt 0.934297 0.339040
vt 0.920068 0.338536
vt 0.920132 0.334182
vt 0.948152 0.329784
vt 0.944905 0.338731
vt 0.919623 0.329938
vt 0.930847 0.325791
vt 0.017580 0.834553
vt 0.010177 0.830255
vt 0.020087 0.816121
vt 0.027491 0.828116
vt 0.032518 0.840461
vt 0.019805 0.843693
vt 0.854644 0.268606
vt 0.862947 0.263764
vt 0.866156 0.273880
vt 0.852710 0.277083
vt 0.891540 0.283133
vt 0.892419 0.272219
vt 0.903055 0.269756
vt 0.903012 0.277396
vt 0.903313 0.282675
vt 0.895581 0.287622
vt 0.891376 0.295270
vt 0.887211 0.295281
vt 0.883911 0.284992
vt 0.884021 0.275560
vt 0.882620 0.295876
vt 0.899031 0.291145
vt 0.904012 0.288891
vt 0.902688 0.295522
vt 0.896531 0.295777
vt 0.908471 0.307598
vt 0.908704 0.305512
vt 0.910975 0.305616
vt 0.910095 0.307954
vt 0.907326 0.311219
vt 0.905770 0.309293
vt 0.904980 0.306551
vt 0.920072 0.304320
vt 0.917824 0.303711
vt 0.925230 0.298730
vt 0.927140 0.301773
vt 0.928143 0.305562
vt 0.918740 0.306271
vt 0.916554 0.305615
vt 0.916584 0.312999
vt 0.922104 0.317616
vt 0.916292 0.320477
vt 0.913670 0.312808
vt 0.914611 0.309201
vt 0.917338 0.310338
vt 0.926408 0.313718
vt 0.234965 0.551658
vt 0.224621 0.551898
vt 0.225915 0.537031
vt 0.238798 0.541322
vt 0.252248 0.547056
vt 0.243290 0.559001
vt 0.230630 0.565254
vt 0.771945 0.263952
vt 0.766240 0.264971
vt 0.765011 0.256364
vt 0.773265 0.258099
vt 0.782240 0.274768
vt 0.775176 0.279694
vt 0.788338 0.267685
vt 0.451073 0.693627
vt 0.435729 0.692611
vt 0.437317 0.677274
vt 0.450445 0.673144
vt 0.208661 0.626670
vt 0.183389 0.621147
vt 0.180863 0.608504
vt 0.206288 0.610825
vt 0.468789 0.665239
vt 0.472278 0.684161
vt 0.175718 0.656752
vt 0.165333 0.658625
vt 0.165414 0.639333
vt 0.180835 0.640363
vt 0.195633 0.647378
vt 0.181424 0.665480
vt 0.716389 0.284821
vt 0.712725 0.274810
vt 0.726553 0.271999
vt 0.727134 0.285072
vt 0.717252 0.199943
vt 0.726609 0.199198
vt 0.727107 0.211081
vt 0.714425 0.208001
vt 0.552013 0.713618
vt 0.544150 0.715473
vt 0.546696 0.695042
vt 0.557264 0.698313
vt 0.567690 0.703616
vt 0.557404 0.720665
vt 0.779387 0.223697
vt 0.778646 0.230082
vt 0.770340 0.228927
vt 0.773228 0.221290
vt 0.790282 0.216955
vt 0.794296 0.226148
vt 0.782915 0.208182
vt 0.801865 0.376018
vt 0.813148 0.384655
vt 0.797835 0.394672
vt 0.779314 0.381341
vt 0.816466 0.359716
vt 0.835305 0.373147
vt 0.788143 0.363630
vt 0.788320 0.485804
vt 0.777496 0.483055
vt 0.786707 0.471133
vt 0.797934 0.480588
vt 0.804283 0.493833
vt 0.789430 0.496526
vt 0.773563 0.497257
vt 0.772637 0.512836
vt 0.753150 0.512196
vt 0.755936 0.495356
vt 0.762245 0.479127
vt 0.790888 0.511601
vt 0.792083 0.527762
vt 0.772455 0.529055
vt 0.808215 0.509082
vt 0.810898 0.525492
vt 0.812712 0.542709
vt 0.792860 0.544470
vt 0.825805 0.505461
vt 0.829463 0.522466
vt 0.832065 0.540482
vt 0.834496 0.558431
vt 0.813898 0.560193
vt 0.848218 0.518983
vt 0.851786 0.537375
vt 0.855239 0.555861
vt 0.858021 0.574380
vt 0.836312 0.576402
vt 0.872181 0.533614
vt 0.876354 0.552423
vt 0.879876 0.571446
vt 0.882765 0.590542
vt 0.859972 0.592676
vt 0.898029 0.548520
vt 0.902103 0.568109
vt 0.905534 0.587541
vt 0.908860 0.606878
vt 0.885186 0.608978
vt 0.925457 0.564997
vt 0.929305 0.585090
vt 0.933003 0.605060
vt 0.936412 0.624766
vt 0.911699 0.625761
vt 0.954764 0.583506
vt 0.958978 0.603464
vt 0.962852 0.623297
vt 0.965831 0.642974
vt 0.939029 0.644002
vt 0.987985 0.600879
vt 0.992070 0.620949
vt 0.994992 0.641726
vt 0.997097 0.662567
vt 0.967835 0.662705
vt 0.692656 0.376023
vt 0.693173 0.396582
vt 0.663786 0.393827
vt 0.663737 0.374134
vt 0.662809 0.354359
vt 0.691598 0.355481
vt 0.661896 0.334682
vt 0.690459 0.335411
vt 0.635683 0.372081
vt 0.634847 0.353188
vt 0.634392 0.333894
vt 0.634189 0.314657
vt 0.661280 0.314806
vt 0.608237 0.351745
vt 0.607950 0.332977
vt 0.607674 0.314203
vt 0.607028 0.296014
vt 0.633728 0.295721
vt 0.582502 0.332085
vt 0.582156 0.313667
vt 0.581573 0.295613
vt 0.580308 0.277603
vt 0.605619 0.277956
vt 0.557788 0.313061
vt 0.557390 0.295386
vt 0.556692 0.277375
vt 0.555747 0.259374
vt 0.578997 0.259652
vt 0.533471 0.295041
vt 0.533531 0.277490
vt 0.533442 0.259241
vt 0.533279 0.240807
vt 0.555069 0.241036
vt 0.509927 0.276375
vt 0.511168 0.258226
vt 0.512109 0.239614
vt 0.513134 0.220898
vt 0.533365 0.222368
vt 0.488676 0.255213
vt 0.490750 0.236908
vt 0.492915 0.217720
vt 0.495719 0.198669
vt 0.514680 0.202238
vt 0.468965 0.232582
vt 0.472888 0.213378
vt 0.476770 0.193522
vt 0.481408 0.174492
vt 0.499764 0.179818
vt 0.452209 0.207265
vt 0.457106 0.187621
vt 0.462462 0.167807
vt 0.469302 0.148960
vt 0.487387 0.155959
vt 0.436837 0.180767
vt 0.442916 0.159799
vt 0.451269 0.139934
vt 0.461206 0.121219
vt 0.477651 0.130530
vt 0.423286 0.150410
vt 0.433344 0.128476
vt 0.445927 0.109148
vt 0.459233 0.091265
vt 0.472415 0.102672
vt 0.314429 0.088259
vt 0.325911 0.109629
vt 0.305336 0.115945
vt 0.295342 0.094466
vt 0.284405 0.074454
vt 0.302103 0.068084
vt 0.273558 0.056244
vt 0.288672 0.050018
vt 0.276638 0.099538
vt 0.266906 0.081245
vt 0.256898 0.063135
vt 0.248809 0.089476
vt 0.237748 0.071967
vt 0.226891 0.055438
vt 0.213936 0.037588
vt 0.221461 0.079639
vt 0.209927 0.061868
vt 0.198266 0.043119
vt 0.184570 0.025488
vt 0.198653 0.019861
vt 0.197589 0.067106
vt 0.187281 0.047324
vt 0.174975 0.028881
vt 0.857823 0.324965
vt 0.871000 0.315056
vt 0.873578 0.322624
vt 0.862065 0.333393
vt 0.176071 0.050980
vt 0.167075 0.030507
vt 0.854919 0.318133
vt 0.869575 0.309226
vt 0.877080 0.304982
vt 0.878154 0.311505
vt 0.852498 0.309107
vt 0.868235 0.300824
vt 0.877146 0.297217
vt 0.881957 0.303431
vt 0.867475 0.291179
vt 0.877386 0.287474
vt 0.867081 0.282402
vt 0.876639 0.278770
vt 0.874685 0.269607
vt 0.883008 0.265485
vt 0.871668 0.258009
vt 0.881393 0.253960
vt 0.892971 0.251705
vt 0.893030 0.262113
vt 0.904757 0.250694
vt 0.903805 0.260661
vt 0.916002 0.249975
vt 0.914273 0.260330
vt 0.912756 0.268681
vt 0.911556 0.275302
vt 0.924634 0.260799
vt 0.921688 0.269278
vt 0.919263 0.275260
vt 0.917166 0.280535
vt 0.910634 0.280787
vt 0.929611 0.271350
vt 0.925991 0.276927
vt 0.923121 0.281489
vt 0.920329 0.286741
vt 0.915244 0.286354
vt 0.931840 0.280139
vt 0.928468 0.284060
vt 0.925011 0.288337
vt 0.919874 0.295304
vt 0.916784 0.294381
vt 0.933242 0.287724
vt 0.929065 0.291125
vt 0.922532 0.296783
vt 0.916832 0.302514
vt 0.915221 0.301362
vt 0.932476 0.294850
vt 0.937200 0.292268
vt 0.939847 0.297578
vt 0.934780 0.299265
vt 0.941086 0.303496
vt 0.935710 0.304239
vt 0.940537 0.310148
vt 0.935111 0.309793
vt 0.928047 0.309237
vt 0.918378 0.308200
vt 0.932774 0.315599
vt 0.938248 0.317019
vt 0.926762 0.321674
vt 0.918264 0.325215
vt 0.910566 0.329461
vt 0.910790 0.325197
vt 0.910759 0.320468
vt 0.911353 0.313133
vt 0.904669 0.323148
vt 0.906445 0.318449
vt 0.909145 0.312543
vt 0.911548 0.308296
vt 0.912995 0.308706
vt 0.903234 0.315734
vt 0.899940 0.319544
vt 0.896892 0.315536
vt 0.900972 0.312487
vt 0.894831 0.311231
vt 0.899620 0.308911
vt 0.893962 0.306468
vt 0.899380 0.304976
vt 0.904986 0.303495
vt 0.909046 0.302905
vt 0.900471 0.300557
vt 0.906191 0.299610
vt 0.910454 0.299715
vt 0.908383 0.294774
vt 0.913445 0.294304
vt 0.913179 0.300433
vt 0.911751 0.303276
vt 0.913577 0.303990
vt 0.912560 0.306115
vt 0.915107 0.304781
vt 0.914018 0.306684
vt 0.915679 0.307399
vt 0.910011 0.287007
vt 0.894391 0.301372
vt 0.889692 0.307664
vt 0.889744 0.301928
vt 0.886139 0.308810
vt 0.885930 0.302690
vt 0.882231 0.309893
vt 0.887706 0.314207
vt 0.884249 0.315644
vt 0.880250 0.317767
vt 0.887864 0.322073
vt 0.884383 0.325350
vt 0.878754 0.331999
vt 0.890460 0.332686
vt 0.886136 0.340497
vt 0.879791 0.355830
vt 0.869570 0.345380
vt 0.895196 0.347560
vt 0.891988 0.361682
vt 0.212712 0.012486
vt 0.223530 0.002337
vt 0.905606 0.350839
vt 0.904317 0.362381
vt 0.500531 0.002394
vt 0.513268 0.005980
vt 0.508598 0.021420
vt 0.495463 0.022742
vt 0.525396 0.007384
vt 0.523019 0.021925
vt 0.540391 0.009935
vt 0.538121 0.024055
vt 0.535807 0.040751
vt 0.550167 0.027215
vt 0.549426 0.045191
vt 0.533706 0.056929
vt 0.530176 0.071286
vt 0.520952 0.085600
vt 0.505878 0.078335
vt 0.511726 0.101081
vt 0.496321 0.094444
vt 0.483028 0.085263
vt 0.492562 0.069134
vt 0.471548 0.073959
vt 0.482508 0.058772
vt 0.486876 0.112052
vt 0.502647 0.118638
vt 0.494347 0.137421
vt 0.518268 0.122955
vt 0.510683 0.141845
vt 0.504622 0.161001
vt 0.525902 0.144962
vt 0.521003 0.164391
vt 0.517529 0.183323
vt 0.536773 0.167348
vt 0.535209 0.186217
vt 0.533805 0.204262
vt 0.554028 0.187992
vt 0.554602 0.205601
vt 0.554825 0.223275
vt 0.576204 0.206330
vt 0.577281 0.223998
vt 0.578020 0.241731
vt 0.600421 0.223915
vt 0.602088 0.242186
vt 0.603852 0.260178
vt 0.626461 0.240704
vt 0.629439 0.259089
vt 0.631989 0.277073
vt 0.655551 0.255569
vt 0.658574 0.274593
vt 0.660531 0.294676
vt 0.685457 0.271544
vt 0.687749 0.293172
vt 0.689122 0.314660
vt 0.997550 0.703981
vt 0.995650 0.725587
vt 0.969014 0.722499
vt 0.969897 0.701884
vt 0.969217 0.682149
vt 0.998070 0.682935
vt 0.943363 0.701807
vt 0.942120 0.682524
vt 0.940659 0.663301
vt 0.917422 0.682798
vt 0.915915 0.663471
vt 0.914156 0.644414
vt 0.892225 0.663174
vt 0.890008 0.644688
vt 0.887529 0.626998
vt 0.865807 0.646288
vt 0.863581 0.628745
vt 0.861736 0.610846
vt 0.840369 0.630820
vt 0.838824 0.612647
vt 0.837518 0.594401
vt 0.816997 0.614673
vt 0.815845 0.595877
vt 0.814904 0.577770
vt 0.794940 0.597387
vt 0.793795 0.579163
vt 0.793128 0.561597
vt 0.772577 0.580819
vt 0.771927 0.562922
vt 0.772191 0.545776
vt 0.750132 0.563887
vt 0.750728 0.546199
vt 0.751784 0.529006
vt 0.728535 0.545220
vt 0.730467 0.527327
vt 0.733204 0.509707
vt 0.707756 0.524162
vt 0.711996 0.505591
vt 0.718146 0.486627
vt 0.737595 0.491548
vt 0.726098 0.467853
vt 0.744875 0.473898
vt 0.738433 0.450654
vt 0.756278 0.457915
vt 0.772170 0.464307
vt 0.769633 0.443117
vt 0.784910 0.451483
vt 0.799115 0.460944
vt 0.811733 0.473907
vt 0.799238 0.439853
vt 0.813690 0.451978
vt 0.826486 0.467279
vt 0.836643 0.484284
vt 0.820480 0.489485
vt 0.829120 0.444247
vt 0.842412 0.460886
vt 0.853288 0.478314
vt 0.861958 0.496042
vt 0.843838 0.501234
vt 0.859070 0.454123
vt 0.870802 0.471607
vt 0.881068 0.489910
vt 0.888043 0.509288
vt 0.867703 0.514677
vt 0.890710 0.463702
vt 0.901597 0.483191
vt 0.909463 0.503752
vt 0.915642 0.524459
vt 0.893263 0.529021
vt 0.922997 0.475774
vt 0.932112 0.497831
vt 0.939268 0.519704
vt 0.945290 0.541178
vt 0.920970 0.544740
vt 0.955483 0.491130
vt 0.963985 0.514973
vt 0.971177 0.537874
vt 0.977380 0.560402
vt 0.950424 0.562552
vt 0.689150 0.479353
vt 0.683810 0.501887
vt 0.661026 0.492021
vt 0.663685 0.470739
vt 0.664433 0.450405
vt 0.692024 0.456976
vt 0.663535 0.431602
vt 0.693191 0.435882
vt 0.636116 0.465475
vt 0.635307 0.447113
vt 0.634576 0.428823
vt 0.634733 0.409972
vt 0.663326 0.413177
vt 0.608012 0.445717
vt 0.607678 0.426919
vt 0.608081 0.407855
vt 0.608537 0.388969
vt 0.635477 0.391021
vt 0.582494 0.426104
vt 0.582701 0.406911
vt 0.582916 0.388087
vt 0.583043 0.369386
vt 0.608625 0.370489
vt 0.558420 0.406482
vt 0.558564 0.387494
vt 0.558720 0.368449
vt 0.558430 0.349666
vt 0.582797 0.350695
vt 0.535095 0.386319
vt 0.535003 0.367326
vt 0.534381 0.348765
vt 0.533788 0.330450
vt 0.558081 0.331398
vt 0.510927 0.365897
vt 0.510119 0.347675
vt 0.509434 0.329320
vt 0.508889 0.311268
vt 0.533511 0.312633
vt 0.485093 0.346585
vt 0.484610 0.328158
vt 0.484132 0.309663
vt 0.484662 0.291317
vt 0.509110 0.293799
vt 0.459655 0.327560
vt 0.459703 0.308082
vt 0.460752 0.288150
vt 0.462793 0.268894
vt 0.486374 0.273178
vt 0.436254 0.305940
vt 0.437644 0.284905
vt 0.439628 0.264521
vt 0.442706 0.244945
vt 0.465658 0.250417
vt 0.414120 0.281237
vt 0.416413 0.260265
vt 0.420130 0.238973
vt 0.425583 0.218706
vt 0.446991 0.226158
vt 0.392900 0.254620
vt 0.397931 0.231811
vt 0.403900 0.211078
vt 0.409620 0.193908
vt 0.431538 0.200530
vt 0.361457 0.193096
vt 0.366992 0.214582
vt 0.342872 0.220357
vt 0.338753 0.199058
vt 0.334023 0.181834
vt 0.356288 0.175277
vt 0.327187 0.161845
vt 0.348350 0.154944
vt 0.317249 0.206498
vt 0.313633 0.186677
vt 0.307205 0.165852
vt 0.297110 0.143706
vt 0.316616 0.138754
vt 0.294065 0.190724
vt 0.288750 0.170052
vt 0.280220 0.148428
vt 0.270504 0.126843
vt 0.286502 0.121182
vt 0.270303 0.174053
vt 0.263437 0.153715
vt 0.254515 0.133919
vt 0.244412 0.115624
vt 0.259571 0.106937
vt 0.246015 0.159067
vt 0.238503 0.140951
vt 0.230061 0.123356
vt 0.220293 0.104398
vt 0.233365 0.097436
vt 0.221807 0.146515
vt 0.215050 0.129443
vt 0.206968 0.110297
vt 0.197347 0.090833
vt 0.209486 0.085707
vt 0.198114 0.133605
vt 0.191880 0.115065
vt 0.180078 0.135848
vt 0.173859 0.117992
vt 0.162308 0.137765
vt 0.157418 0.120584
vt 0.145761 0.140597
vt 0.142287 0.123974
vt 0.133864 0.106446
vt 0.121033 0.093118
vt 0.126629 0.128300
vt 0.118883 0.114329
vt 0.106934 0.102554
vt 0.093302 0.112193
vt 0.079728 0.102250
vt 0.093784 0.091227
vt 0.107380 0.080317
vt 0.040065 0.789136
vt 0.055370 0.784609
vt 0.063401 0.799071
vt 0.048323 0.803211
vt 0.036727 0.807943
vt 0.027761 0.793503
vt 0.029034 0.811389
vt 0.018557 0.796615
vt 0.057118 0.817811
vt 0.045214 0.821222
vt 0.036171 0.824349
vt 0.052051 0.835315
vt 0.041965 0.837888
vt 0.057833 0.849210
vt 0.046596 0.851392
vt 0.035365 0.853004
vt 0.022862 0.853476
vt 0.050227 0.865101
vt 0.036715 0.865539
vt 0.023594 0.863766
vt 0.053272 0.878972
vt 0.037312 0.877852
vt 0.024024 0.875365
vt 0.054699 0.892274
vt 0.037696 0.890173
vt 0.023533 0.887062
vt 0.051973 0.906649
vt 0.036120 0.902488
vt 0.022458 0.898242
vt 0.047414 0.919780
vt 0.032882 0.914905
vt 0.020186 0.909569
vt 0.927584 0.250538
vt 0.753036 0.985749
vt 0.745896 0.973816
vt 0.757055 0.966518
vt 0.762861 0.979100
vt 0.939023 0.253179
vt 0.933826 0.263127
vt 0.950377 0.258571
vt 0.942615 0.267860
vt 0.936054 0.275456
vt 0.949742 0.273904
vt 0.941934 0.280581
vt 0.937023 0.284573
vt 0.947213 0.286280
vt 0.941631 0.289710
vt 0.951791 0.292608
vt 0.944978 0.295519
vt 0.953602 0.300666
vt 0.946126 0.302390
vt 0.953205 0.309260
vt 0.945715 0.309891
vt 0.951135 0.318503
vt 0.943492 0.317786
vt 0.964032 0.308358
vt 0.962078 0.318507
vt 0.959094 0.328801
vt 0.974317 0.318597
vt 0.970972 0.328940
vt 0.968204 0.339248
vt 0.955663 0.338599
vt 0.965646 0.348616
vt 0.952750 0.346349
vt 0.943110 0.345582
vt 0.941993 0.353247
vt 0.931069 0.352987
vt 0.932624 0.344906
vt 0.917517 0.352284
vt 0.919332 0.343929
vt 0.907954 0.341710
vt 0.909263 0.336548
vt 0.910022 0.332822
vt 0.898592 0.338271
vt 0.900519 0.333332
vt 0.902056 0.329619
vt 0.903340 0.326590
vt 0.893174 0.328389
vt 0.895432 0.325026
vt 0.897490 0.322491
vt 0.890835 0.319654
vt 0.893555 0.317751
vt 0.890976 0.312852
vt 0.929936 0.363336
vt 0.915656 0.362673
vt 0.941448 0.363336
vt 0.552469 0.011952
vt 0.872735 0.987104
vt 0.863825 0.982929
vt 0.869432 0.967027
vt 0.880569 0.971255
vt 0.874584 0.953550
vt 0.886751 0.958367
vt 0.897281 0.964264
vt 0.890122 0.949594
vt 0.901139 0.956191
vt 0.911360 0.965941
vt 0.905687 0.973629
vt 0.580014 0.045285
vt 0.584614 0.054166
vt 0.565031 0.046570
vt 0.905198 0.947649
vt 0.917665 0.957099
vt 0.591112 0.063558
vt 0.913415 0.934128
vt 0.926804 0.944596
vt 0.600216 0.077072
vt 0.923088 0.917905
vt 0.937378 0.928622
vt 0.611233 0.093851
vt 0.595573 0.100438
vt 0.624009 0.111629
vt 0.607843 0.118797
vt 0.592750 0.124165
vt 0.580617 0.105466
vt 0.578732 0.127964
vt 0.566997 0.109025
vt 0.542925 0.109256
vt 0.532734 0.125605
vt 0.527921 0.105724
vt 0.539918 0.147648
vt 0.554800 0.150640
vt 0.553830 0.169821
vt 0.571021 0.151357
vt 0.573086 0.170517
vt 0.574671 0.188441
vt 0.591489 0.168495
vt 0.595306 0.187073
vt 0.598130 0.205493
vt 0.615234 0.183371
vt 0.619915 0.202534
vt 0.623525 0.221800
vt 0.641726 0.197842
vt 0.647008 0.217522
vt 0.651417 0.236562
vt 0.670879 0.211443
vt 0.676880 0.230694
vt 0.681855 0.250590
vt 0.989058 0.768160
vt 0.985693 0.788378
vt 0.960636 0.783573
vt 0.963649 0.763695
vt 0.966778 0.743100
vt 0.992582 0.747204
vt 0.939730 0.760272
vt 0.942226 0.740518
vt 0.943629 0.721081
vt 0.917907 0.739492
vt 0.918825 0.720785
vt 0.918640 0.701942
vt 0.895348 0.719556
vt 0.895165 0.700960
vt 0.893935 0.682147
vt 0.872220 0.699896
vt 0.870799 0.681792
vt 0.868559 0.663856
vt 0.847047 0.683144
vt 0.844611 0.666014
vt 0.842058 0.648764
vt 0.820607 0.668767
vt 0.819011 0.651108
vt 0.817920 0.633114
vt 0.795796 0.652626
vt 0.795897 0.634673
vt 0.795800 0.616142
vt 0.773017 0.634798
vt 0.773626 0.617189
vt 0.773510 0.599083
vt 0.749657 0.616975
vt 0.750096 0.599690
vt 0.750123 0.581886
vt 0.724614 0.599218
vt 0.725813 0.581463
vt 0.726998 0.563314
vt 0.700196 0.579670
vt 0.702488 0.561259
vt 0.704913 0.542733
vt 0.675832 0.558808
vt 0.678955 0.540115
vt 0.682883 0.520606
vt 0.470098 0.947574
vt 0.452547 0.953369
vt 0.442767 0.929504
vt 0.460034 0.925259
vt 0.477875 0.920728
vt 0.488105 0.941748
vt 0.688770 0.501007
vt 0.496247 0.916031
vt 0.506616 0.935805
vt 0.696382 0.481261
vt 0.515243 0.911270
vt 0.525746 0.930167
vt 0.706090 0.461750
vt 0.534075 0.906790
vt 0.545457 0.925280
vt 0.718607 0.443182
vt 0.552713 0.902086
vt 0.565086 0.920541
vt 0.733226 0.426197
vt 0.752785 0.434913
vt 0.747590 0.410767
vt 0.767845 0.420271
vt 0.784258 0.429728
vt 0.782876 0.407314
vt 0.799186 0.417700
vt 0.814635 0.429698
vt 0.814126 0.407169
vt 0.830439 0.421120
vt 0.845582 0.437186
vt 0.847545 0.412882
vt 0.863188 0.429266
vt 0.877672 0.446124
vt 0.882836 0.420065
vt 0.897743 0.436975
vt 0.911665 0.455263
vt 0.920238 0.426842
vt 0.934427 0.445900
vt 0.945777 0.467789
vt 0.669644 0.548337
vt 0.661662 0.570364
vt 0.641514 0.558906
vt 0.649011 0.537222
vt 0.656033 0.514734
vt 0.677658 0.525469
vt 0.628859 0.526248
vt 0.634419 0.504585
vt 0.636600 0.484102
vt 0.609748 0.499663
vt 0.609415 0.481816
vt 0.608775 0.463718
vt 0.583402 0.481348
vt 0.582626 0.463156
vt 0.582521 0.445000
vt 0.558497 0.463316
vt 0.558468 0.444177
vt 0.558647 0.425251
vt 0.535108 0.444037
vt 0.535015 0.424767
vt 0.534943 0.405534
vt 0.512291 0.423733
vt 0.512051 0.403967
vt 0.511600 0.384583
vt 0.488993 0.402735
vt 0.487729 0.383232
vt 0.486294 0.364735
vt 0.463140 0.383790
vt 0.461178 0.365223
vt 0.460055 0.346495
vt 0.435670 0.366611
vt 0.434882 0.346788
vt 0.435203 0.326773
vt 0.410700 0.345523
vt 0.411370 0.324832
vt 0.412522 0.302386
vt 0.387196 0.320615
vt 0.387814 0.297286
vt 0.389613 0.275985
vt 0.375084 0.260467
vt 0.378325 0.282212
vt 0.352087 0.281859
vt 0.348887 0.261415
vt 0.346118 0.242069
vt 0.371545 0.238375
vt 0.323266 0.263527
vt 0.321133 0.246385
vt 0.319597 0.227363
vt 0.297351 0.250381
vt 0.296887 0.232655
vt 0.296300 0.211637
vt 0.275443 0.237716
vt 0.275896 0.215915
vt 0.274430 0.193913
vt 0.256239 0.217075
vt 0.255354 0.196248
vt 0.251720 0.177373
vt 0.235513 0.197628
vt 0.232501 0.180040
vt 0.228069 0.163525
vt 0.212329 0.181862
vt 0.208380 0.166213
vt 0.203456 0.150599
vt 0.188108 0.168257
vt 0.184100 0.152805
vt 0.169116 0.170180
vt 0.165797 0.154266
vt 0.151178 0.172580
vt 0.148469 0.156583
vt 0.133200 0.175508
vt 0.131354 0.159856
vt 0.129354 0.144073
vt 0.114184 0.162075
vt 0.114487 0.177400
vt 0.094674 0.176799
vt 0.096493 0.162245
vt 0.073434 0.172632
vt 0.077489 0.158242
vt 0.052448 0.165212
vt 0.059435 0.150610
vt 0.069141 0.136414
vt 0.080729 0.123332
vt 0.040867 0.140893
vt 0.052971 0.126724
vt 0.065944 0.113779
vt 0.087055 0.776196
vt 0.103582 0.772826
vt 0.111257 0.790069
vt 0.095175 0.792548
vt 0.079343 0.795539
vt 0.071160 0.780445
vt 0.103361 0.809769
vt 0.086905 0.811833
vt 0.071393 0.814383
vt 0.092900 0.828502
vt 0.078138 0.830077
vt 0.064409 0.832616
vt 0.083067 0.845675
vt 0.070296 0.846983
vt 0.086134 0.861733
vt 0.074315 0.862054
vt 0.062502 0.863500
vt 0.077289 0.878214
vt 0.066471 0.878591
vt 0.075542 0.895902
vt 0.066496 0.893279
vt 0.071925 0.912393
vt 0.063023 0.909750
vt 0.068317 0.928404
vt 0.058245 0.924125
vt 0.732859 0.949776
vt 0.727756 0.940069
vt 0.741613 0.931384
vt 0.745846 0.941933
vt 0.750524 0.953053
vt 0.738294 0.960250
vt 0.759990 0.933045
vt 0.763977 0.944286
vt 0.769663 0.959187
vt 0.774266 0.973276
vt 0.778317 0.936578
vt 0.782673 0.953258
vt 0.785464 0.969216
vt 0.959480 0.265583
vt 0.794274 0.950286
vt 0.796035 0.967057
vt 0.966882 0.273132
vt 0.956024 0.280332
vt 0.972152 0.282898
vt 0.961020 0.288390
vt 0.974867 0.294872
vt 0.963565 0.298072
vt 0.975779 0.307084
vt 0.832415 0.970407
vt 0.820083 0.967607
vt 0.820274 0.952587
vt 0.834082 0.956606
vt 0.845989 0.960068
vt 0.843769 0.973858
vt 0.835782 0.941412
vt 0.848377 0.945529
vt 0.861258 0.949786
vt 0.857478 0.963726
vt 0.853978 0.978195
vt 0.850953 0.933951
vt 0.864844 0.938715
vt 0.878025 0.943835
vt 0.868968 0.928040
vt 0.881916 0.933914
vt 0.893499 0.940367
vt 0.887444 0.918175
vt 0.900839 0.924493
vt 0.891920 0.901521
vt 0.907931 0.908334
vt 0.896952 0.884377
vt 0.914122 0.890678
vt 0.930906 0.899928
vt 0.920270 0.872355
vt 0.938382 0.881077
vt 0.955540 0.889641
vt 0.946643 0.909795
vt 0.944698 0.861180
vt 0.963780 0.869197
vt 0.636533 0.130859
vt 0.647440 0.150892
vt 0.628007 0.158288
vt 0.619066 0.138839
vt 0.609464 0.164373
vt 0.602391 0.144702
vt 0.586633 0.148871
vt 0.635469 0.177825
vt 0.656364 0.170889
vt 0.663952 0.191292
vt 0.977278 0.828609
vt 0.970908 0.849067
vt 0.950178 0.841753
vt 0.954595 0.822218
vt 0.957878 0.802899
vt 0.982076 0.808104
vt 0.932175 0.817151
vt 0.934588 0.798836
vt 0.936978 0.779832
vt 0.911846 0.795825
vt 0.914233 0.777172
vt 0.916412 0.758250
vt 0.891849 0.774862
vt 0.893628 0.756568
vt 0.894904 0.738172
vt 0.871435 0.753999
vt 0.872405 0.736064
vt 0.872552 0.718019
vt 0.849449 0.734603
vt 0.849289 0.717533
vt 0.848574 0.700338
vt 0.825038 0.718394
vt 0.823940 0.701713
vt 0.822655 0.685473
vt 0.798711 0.703761
vt 0.797585 0.687398
vt 0.796400 0.670433
vt 0.772479 0.688651
vt 0.772141 0.670971
vt 0.772358 0.652741
vt 0.747980 0.671289
vt 0.748338 0.652754
vt 0.748901 0.634400
vt 0.723849 0.653183
vt 0.723721 0.634513
vt 0.723858 0.616628
vt 0.697350 0.635131
vt 0.697022 0.616234
vt 0.697998 0.597870
vt 0.669478 0.616913
vt 0.670488 0.596932
vt 0.672919 0.577615
vt 0.418284 0.962829
vt 0.400301 0.966555
vt 0.392017 0.941588
vt 0.409373 0.937407
vt 0.426101 0.933483
vt 0.435600 0.958490
vt 0.400700 0.912869
vt 0.417674 0.908888
vt 0.434483 0.905462
vt 0.409760 0.884937
vt 0.426882 0.881969
vt 0.443993 0.879523
vt 0.451512 0.902596
vt 0.461175 0.876938
vt 0.468944 0.899324
vt 0.478108 0.874081
vt 0.486883 0.895696
vt 0.495267 0.870851
vt 0.504832 0.891611
vt 0.512270 0.867684
vt 0.522634 0.887697
vt 0.529342 0.864182
vt 0.540310 0.883253
vt 0.546681 0.861061
vt 0.557201 0.878614
vt 0.569903 0.896850
vt 0.574111 0.872863
vt 0.586477 0.890897
vt 0.600767 0.910204
vt 0.583273 0.915248
vt 0.602685 0.884392
vt 0.620693 0.905023
vt 0.762089 0.396545
vt 0.590733 0.866189
vt 0.606537 0.857699
vt 0.617081 0.875346
vt 0.634835 0.894198
vt 0.619165 0.849102
vt 0.629327 0.862334
vt 0.644041 0.875212
vt 0.639574 0.850270
vt 0.651482 0.859441
vt 0.787481 0.340266
vt 0.784329 0.320885
vt 0.800895 0.318638
vt 0.809188 0.337638
vt 0.815120 0.312910
vt 0.827323 0.330584
vt 0.840931 0.346486
vt 0.855790 0.361653
vt 0.609981 0.686419
vt 0.599392 0.702651
vt 0.587549 0.692828
vt 0.596589 0.674826
vt 0.605635 0.656918
vt 0.620002 0.669559
vt 0.614261 0.638715
vt 0.629813 0.651986
vt 0.583526 0.666256
vt 0.591203 0.646735
vt 0.597878 0.628125
vt 0.604348 0.608586
vt 0.621888 0.619702
vt 0.575563 0.639666
vt 0.581271 0.620225
vt 0.586380 0.600786
vt 0.590618 0.581096
vt 0.609585 0.588816
vt 0.564658 0.614559
vt 0.568862 0.595526
vt 0.572370 0.575811
vt 0.577059 0.555750
vt 0.595628 0.560450
vt 0.551636 0.592429
vt 0.554372 0.573397
vt 0.557135 0.553895
vt 0.559373 0.535185
vt 0.581719 0.535048
vt 0.534656 0.573048
vt 0.536034 0.554628
vt 0.537057 0.536686
vt 0.537159 0.519116
vt 0.560082 0.517796
vt 0.514064 0.556566
vt 0.514851 0.538826
vt 0.514814 0.521246
vt 0.514340 0.502719
vt 0.536669 0.501090
vt 0.493846 0.541010
vt 0.493742 0.523178
vt 0.493317 0.504179
vt 0.492404 0.484380
vt 0.513798 0.483461
vt 0.472637 0.525028
vt 0.472003 0.505645
vt 0.471115 0.485312
vt 0.470157 0.463881
vt 0.491553 0.463728
vt 0.450273 0.508276
vt 0.449267 0.487038
vt 0.447855 0.465018
vt 0.445369 0.443331
vt 0.468898 0.442771
vt 0.427274 0.490324
vt 0.424960 0.467328
vt 0.420477 0.445246
vt 0.414969 0.425021
vt 0.442293 0.423282
vt 0.402697 0.470523
vt 0.396710 0.448174
vt 0.387067 0.426391
vt 0.381903 0.406810
vt 0.411233 0.406981
vt 0.372020 0.413431
vt 0.373785 0.437320
vt 0.350531 0.431370
vt 0.347698 0.407861
vt 0.347590 0.385480
vt 0.372325 0.392948
vt 0.352015 0.365458
vt 0.376012 0.372089
vt 0.326342 0.405037
vt 0.326057 0.382456
vt 0.330212 0.361958
vt 0.332749 0.341858
vt 0.356480 0.344039
vt 0.303855 0.382224
vt 0.306984 0.360856
vt 0.308969 0.340843
vt 0.308862 0.321868
vt 0.333069 0.321965
vt 0.284802 0.360288
vt 0.285699 0.340713
vt 0.285048 0.322545
vt 0.282861 0.303872
vt 0.306468 0.302606
vt 0.263408 0.341739
vt 0.261987 0.324125
vt 0.260125 0.306106
vt 0.257987 0.286983
vt 0.279572 0.283735
vt 0.239829 0.324059
vt 0.238657 0.306401
vt 0.237494 0.288336
vt 0.237054 0.269857
vt 0.255844 0.268800
vt 0.217525 0.305143
vt 0.217497 0.287392
vt 0.218278 0.269419
vt 0.218365 0.251682
vt 0.237008 0.252798
vt 0.197316 0.285693
vt 0.198546 0.267979
vt 0.198891 0.250758
vt 0.198179 0.233638
vt 0.217608 0.234291
vt 0.178259 0.267529
vt 0.178553 0.250846
vt 0.178235 0.234159
vt 0.177256 0.217802
vt 0.197187 0.216170
vt 0.157691 0.251674
vt 0.157701 0.235488
vt 0.157150 0.219426
vt 0.156085 0.203733
vt 0.175420 0.201762
vt 0.136545 0.236660
vt 0.136526 0.220930
vt 0.135960 0.205537
vt 0.134869 0.190702
vt 0.153988 0.188263
vt 0.114658 0.221742
vt 0.114703 0.206620
vt 0.114480 0.191929
vt 0.092162 0.205786
vt 0.093166 0.191215
vt 0.068368 0.202131
vt 0.070493 0.187195
vt 0.043776 0.196691
vt 0.047619 0.180438
vt 0.018455 0.190944
vt 0.023947 0.173345
vt 0.031037 0.156484
vt 0.136733 0.764189
vt 0.152497 0.757944
vt 0.161887 0.779329
vt 0.145477 0.784055
vt 0.128408 0.787446
vt 0.120417 0.769196
vt 0.153393 0.804130
vt 0.136135 0.806515
vt 0.119355 0.808082
vt 0.142590 0.826689
vt 0.126044 0.827231
vt 0.109661 0.827672
vt 0.130212 0.846592
vt 0.113415 0.845654
vt 0.096894 0.845228
vt 0.114976 0.863887
vt 0.099337 0.862426
vt 0.114535 0.884123
vt 0.099556 0.881395
vt 0.087395 0.879360
vt 0.098276 0.901542
vt 0.085773 0.898676
vt 0.095772 0.920667
vt 0.083135 0.915960
vt 0.091815 0.939899
vt 0.079331 0.933533
vt 0.721843 0.929504
vt 0.716427 0.916491
vt 0.732398 0.906204
vt 0.737138 0.920099
vt 0.749344 0.897065
vt 0.753233 0.912012
vt 0.756924 0.923360
vt 0.770412 0.905941
vt 0.772732 0.917052
vt 0.774996 0.925145
vt 0.789359 0.912492
vt 0.790076 0.920808
vt 0.791763 0.932921
vt 0.805426 0.922172
vt 0.805329 0.932441
vt 0.806172 0.949988
vt 0.807496 0.966414
vt 0.821052 0.936091
vt 0.821858 0.925484
vt 0.837072 0.929737
vt 0.822527 0.916083
vt 0.838511 0.918900
vt 0.853658 0.923063
vt 0.840200 0.905609
vt 0.856426 0.909821
vt 0.872509 0.913767
vt 0.859011 0.893443
vt 0.875321 0.897127
vt 0.861863 0.876509
vt 0.879194 0.880243
vt 0.864020 0.859627
vt 0.882644 0.862765
vt 0.901441 0.866192
vt 0.884563 0.844958
vt 0.904715 0.848349
vt 0.925141 0.853990
vt 0.907288 0.830826
vt 0.928943 0.835375
vt 0.909676 0.813502
vt 0.885800 0.827552
vt 0.887434 0.810357
vt 0.889631 0.792836
vt 0.866469 0.807075
vt 0.868018 0.789542
vt 0.869854 0.772025
vt 0.846725 0.786818
vt 0.848072 0.769088
vt 0.849093 0.751769
vt 0.825447 0.768214
vt 0.825748 0.751459
vt 0.825553 0.734843
vt 0.801979 0.752679
vt 0.800954 0.736205
vt 0.799863 0.719975
vt 0.776283 0.739027
vt 0.774668 0.722361
vt 0.773348 0.705563
vt 0.749802 0.725178
vt 0.748449 0.707669
vt 0.747828 0.689756
vt 0.723591 0.710241
vt 0.723219 0.691464
vt 0.723528 0.672370
vt 0.697792 0.694075
vt 0.698160 0.674431
vt 0.698104 0.654614
vt 0.671043 0.677289
vt 0.671061 0.657340
vt 0.670057 0.637323
vt 0.363144 0.975841
vt 0.344467 0.979646
vt 0.337758 0.953127
vt 0.355623 0.950288
vt 0.373897 0.946344
vt 0.381919 0.970974
vt 0.348607 0.924339
vt 0.366174 0.921303
vt 0.383757 0.917163
vt 0.359679 0.895268
vt 0.376138 0.892226
vt 0.392813 0.888590
vt 0.369912 0.865291
vt 0.385934 0.863189
vt 0.402830 0.860781
vt 0.381517 0.836388
vt 0.398167 0.835387
vt 0.414431 0.834173
vt 0.419741 0.858493
vt 0.431170 0.832731
vt 0.436867 0.856314
vt 0.448032 0.831481
vt 0.454013 0.854281
vt 0.465011 0.830006
vt 0.470749 0.852002
vt 0.481994 0.828302
vt 0.487626 0.849562
vt 0.499325 0.826728
vt 0.504731 0.847216
vt 0.516882 0.825434
vt 0.522109 0.845009
vt 0.534313 0.824202
vt 0.539364 0.842407
vt 0.551612 0.822215
vt 0.556632 0.839118
vt 0.563821 0.856448
vt 0.573630 0.835000
vt 0.581454 0.850343
vt 0.590268 0.829992
vt 0.597266 0.843661
vt 0.604968 0.825151
vt 0.610898 0.836604
vt 0.618791 0.820023
vt 0.623411 0.829615
vt 0.630086 0.840084
vt 0.637972 0.820928
vt 0.642749 0.828936
vt 0.650023 0.836526
vt 0.634469 0.813367
vt 0.615151 0.810128
vt 0.631428 0.805844
vt 0.795948 0.234770
vt 0.795941 0.243135
vt 0.779614 0.241665
vt 0.779634 0.235714
vt 0.768665 0.240334
vt 0.769359 0.234751
vt 0.761575 0.232931
vt 0.763053 0.225998
vt 0.760682 0.238989
vt 0.752901 0.237554
vt 0.753766 0.230743
vt 0.767603 0.245641
vt 0.760002 0.244730
vt 0.752376 0.244074
vt 0.743668 0.243349
vt 0.744125 0.236213
vt 0.759422 0.250635
vt 0.752345 0.251154
vt 0.743820 0.251255
vt 0.734031 0.250862
vt 0.733547 0.242429
vt 0.752675 0.259154
vt 0.744743 0.260401
vt 0.735610 0.260645
vt 0.723833 0.261237
vt 0.721616 0.250983
vt 0.746777 0.271498
vt 0.737683 0.272013
vt 0.739344 0.287052
vt 0.750355 0.287052
vt 0.142232 0.659346
vt 0.137872 0.641221
vt 0.150875 0.639840
vt 0.153044 0.658281
vt 0.754891 0.270191
vt 0.759886 0.285594
vt 0.132520 0.660850
vt 0.126784 0.643278
vt 0.122288 0.628690
vt 0.134547 0.625948
vt 0.124017 0.662899
vt 0.117806 0.645302
vt 0.112113 0.631658
vt 0.106300 0.618096
vt 0.118056 0.614320
vt 0.109664 0.647232
vt 0.103437 0.634967
vt 0.095648 0.622257
vt 0.086244 0.606435
vt 0.099406 0.602109
vt 0.094281 0.639515
vt 0.085775 0.627832
vt 0.073437 0.611960
vt 0.061890 0.594933
vt 0.077805 0.589202
vt 0.569420 0.763206
vt 0.587921 0.766282
vt 0.585029 0.777184
vt 0.565787 0.774749
vt 0.546184 0.773053
vt 0.550828 0.758457
vt 0.527121 0.771004
vt 0.533577 0.752606
vt 0.564487 0.788654
vt 0.546401 0.788409
vt 0.527814 0.787778
vt 0.509751 0.787044
vt 0.509081 0.767657
vt 0.548302 0.805257
vt 0.530491 0.805796
vt 0.512790 0.806100
vt 0.494718 0.806382
vt 0.491179 0.785732
vt 0.473976 0.784058
vt 0.475762 0.759668
vt 0.492487 0.763358
vt 0.477017 0.806783
vt 0.460006 0.807193
vt 0.457274 0.782607
vt 0.440951 0.781725
vt 0.441577 0.754883
vt 0.459007 0.756979
vt 0.443532 0.807561
vt 0.426977 0.807759
vt 0.424547 0.781214
vt 0.408381 0.780914
vt 0.407842 0.753282
vt 0.424404 0.753916
vt 0.410643 0.808150
vt 0.394297 0.808499
vt 0.391864 0.780615
vt 0.375651 0.779652
vt 0.374787 0.750775
vt 0.391370 0.752541
vt 0.378055 0.808321
vt 0.362106 0.807957
vt 0.359546 0.778405
vt 0.365659 0.836990
vt 0.350314 0.837169
vt 0.346667 0.807106
vt 0.354314 0.866978
vt 0.339201 0.867777
vt 0.335374 0.837107
vt 0.343545 0.897063
vt 0.327503 0.897257
vt 0.324122 0.867588
vt 0.331791 0.925706
vt 0.315251 0.925609
vt 0.311754 0.896585
vt 0.320139 0.954066
vt 0.302618 0.953365
vt 0.299148 0.924673
vt 0.325546 0.981346
vt 0.306233 0.981280
vt 0.287229 0.979980
vt 0.285063 0.951785
vt 0.670527 0.697515
vt 0.697584 0.713528
vt 0.669870 0.717462
vt 0.698049 0.732080
vt 0.669478 0.736479
vt 0.724580 0.728412
vt 0.725882 0.745952
vt 0.698904 0.749947
vt 0.751419 0.742427
vt 0.752966 0.759233
vt 0.727221 0.763032
vt 0.777814 0.755461
vt 0.779325 0.771898
vt 0.754721 0.775506
vt 0.802665 0.769272
vt 0.803384 0.786487
vt 0.780868 0.788575
vt 0.825286 0.785721
vt 0.825295 0.802977
vt 0.804139 0.803696
vt 0.845926 0.804196
vt 0.845529 0.821906
vt 0.825658 0.820517
vt 0.865390 0.824774
vt 0.864779 0.842247
vt 0.845422 0.839561
vt 0.845176 0.856508
vt 0.825891 0.854263
vt 0.825793 0.837772
vt 0.805771 0.853471
vt 0.805491 0.837353
vt 0.805051 0.820552
vt 0.784172 0.838320
vt 0.783477 0.822093
vt 0.782224 0.805293
vt 0.760829 0.825099
vt 0.758924 0.808295
vt 0.756832 0.792011
vt 0.734650 0.812839
vt 0.731781 0.796536
vt 0.729267 0.779699
vt 0.706247 0.802615
vt 0.702806 0.785040
vt 0.700330 0.767399
vt 0.675305 0.792569
vt 0.672340 0.773806
vt 0.670415 0.755252
vt 0.251177 0.976060
vt 0.233321 0.974174
vt 0.232562 0.946562
vt 0.250022 0.948226
vt 0.267586 0.949871
vt 0.269144 0.978066
vt 0.248708 0.921356
vt 0.265788 0.922375
vt 0.282660 0.923521
vt 0.264143 0.894994
vt 0.280321 0.895389
vt 0.296172 0.895899
vt 0.278340 0.866862
vt 0.293854 0.866619
vt 0.309041 0.866897
vt 0.290874 0.837085
vt 0.306111 0.836521
vt 0.320666 0.836714
vt 0.301122 0.806226
vt 0.316349 0.805666
vt 0.331443 0.806161
vt 0.311581 0.775788
vt 0.327784 0.775917
vt 0.343812 0.776986
vt 0.324632 0.747325
vt 0.341891 0.747698
vt 0.358468 0.748933
vt 0.339590 0.719324
vt 0.357353 0.720006
vt 0.374866 0.721764
vt 0.004089 0.415508
vt 0.003090 0.396906
vt 0.031576 0.392103
vt 0.032577 0.410069
vt 0.034123 0.427433
vt 0.005845 0.433599
vt 0.391988 0.723670
vt 0.036188 0.444670
vt 0.009032 0.451210
vt 0.408971 0.725183
vt 0.038912 0.462397
vt 0.013211 0.469258
vt 0.426566 0.726957
vt 0.042661 0.480628
vt 0.018395 0.487742
vt 0.444798 0.729140
vt 0.047467 0.499003
vt 0.024505 0.506395
vt 0.463407 0.732381
vt 0.053330 0.517554
vt 0.030967 0.524699
vt 0.481604 0.736317
vt 0.058858 0.535913
vt 0.037610 0.542934
vt 0.499484 0.741210
vt 0.064895 0.554005
vt 0.045081 0.560613
vt 0.516877 0.746646
vt 0.071165 0.571795
vt 0.052777 0.577771
vt 0.082855 0.548438
vt 0.088075 0.566716
vt 0.093059 0.584391
vt 0.104068 0.562730
vt 0.108473 0.580743
vt 0.113230 0.598267
vt 0.123470 0.578163
vt 0.127642 0.595343
vt 0.131465 0.610873
vt 0.142766 0.593998
vt 0.146309 0.608935
vt 0.148822 0.623573
vt 0.162125 0.608226
vt 0.164307 0.621880
vt 0.159117 0.594724
vt 0.178057 0.598303
vt 0.174175 0.583721
vt 0.194533 0.587751
vt 0.200822 0.601753
vt 0.155388 0.578712
vt 0.151413 0.560092
vt 0.169198 0.563388
vt 0.138947 0.577167
vt 0.135327 0.559047
vt 0.132059 0.539657
vt 0.148318 0.540385
vt 0.119683 0.560086
vt 0.115697 0.540782
vt 0.112176 0.521936
vt 0.129471 0.520204
vt 0.099141 0.543797
vt 0.094804 0.525118
vt 0.090854 0.506470
vt 0.109410 0.502967
vt 0.077638 0.529928
vt 0.072711 0.511328
vt 0.068192 0.492370
vt 0.088142 0.487374
vt 0.086582 0.468890
vt 0.107766 0.465927
vt 0.107842 0.484169
vt 0.064899 0.473957
vt 0.062822 0.456386
vt 0.085929 0.451702
vt 0.085422 0.434709
vt 0.108861 0.431424
vt 0.108061 0.448242
vt 0.061412 0.439047
vt 0.060151 0.422135
vt 0.084961 0.418267
vt 0.084425 0.402047
vt 0.109347 0.399348
vt 0.109244 0.415301
vt 0.059051 0.405307
vt 0.058068 0.388553
vt 0.083972 0.385976
vt 0.083966 0.369599
vt 0.109239 0.368309
vt 0.109242 0.383809
vt 0.057960 0.371319
vt 0.058691 0.354183
vt 0.084674 0.352930
vt 0.030742 0.374058
vt 0.031131 0.356181
vt 0.031888 0.338571
vt 0.059650 0.337115
vt 0.002280 0.378090
vt 0.001933 0.359087
vt 0.002568 0.340218
vt 0.003914 0.321416
vt 0.033270 0.320961
vt 0.303808 0.719195
vt 0.321641 0.719195
vt 0.307508 0.747506
vt 0.290241 0.748253
vt 0.286052 0.719787
vt 0.273701 0.749311
vt 0.268572 0.720550
vt 0.295187 0.776769
vt 0.279423 0.778435
vt 0.264014 0.780415
vt 0.257755 0.751055
vt 0.285762 0.807803
vt 0.270473 0.809809
vt 0.255239 0.811617
vt 0.249021 0.782500
vt 0.275352 0.838339
vt 0.259774 0.839700
vt 0.244282 0.840759
vt 0.240348 0.813043
vt 0.262750 0.867291
vt 0.246586 0.867713
vt 0.230557 0.868255
vt 0.228669 0.841791
vt 0.247756 0.894671
vt 0.231166 0.894464
vt 0.214672 0.893969
vt 0.214737 0.868623
vt 0.231770 0.920338
vt 0.214292 0.919269
vt 0.197092 0.917880
vt 0.198037 0.893110
vt 0.214777 0.945117
vt 0.197144 0.943552
vt 0.179775 0.941776
vt 0.180066 0.916730
vt 0.215092 0.972340
vt 0.196546 0.970349
vt 0.179149 0.967740
vt 0.161030 0.964408
vt 0.162283 0.939379
vt 0.684876 0.828511
vt 0.679899 0.811220
vt 0.709953 0.819221
vt 0.713990 0.836428
vt 0.690503 0.846481
vt 0.718004 0.854032
vt 0.696601 0.864293
vt 0.737431 0.829508
vt 0.740021 0.846602
vt 0.742831 0.863664
vt 0.722587 0.871698
vt 0.762291 0.841467
vt 0.763720 0.857721
vt 0.765422 0.874158
vt 0.745743 0.880820
vt 0.784998 0.854609
vt 0.785693 0.870404
vt 0.786835 0.886719
vt 0.767629 0.890298
vt 0.806038 0.869319
vt 0.805976 0.885678
vt 0.806086 0.901779
vt 0.788305 0.902818
vt 0.825459 0.870337
vt 0.824518 0.886841
vt 0.823488 0.902941
vt 0.805887 0.913331
vt 0.842098 0.889699
vt 0.844091 0.873000
vt 0.727503 0.889286
vt 0.710137 0.900139
vt 0.703313 0.882126
vt 0.125165 0.954701
vt 0.107493 0.947454
vt 0.110730 0.926448
vt 0.127733 0.931763
vt 0.144963 0.936015
vt 0.143142 0.960207
vt 0.129535 0.909294
vt 0.146354 0.912541
vt 0.163225 0.914966
vt 0.147526 0.889595
vt 0.164450 0.891261
vt 0.181188 0.892312
vt 0.165210 0.868646
vt 0.181992 0.868644
vt 0.198438 0.868599
vt 0.180701 0.845340
vt 0.196760 0.844027
vt 0.213156 0.842755
vt 0.192599 0.819936
vt 0.209035 0.817453
vt 0.224849 0.814909
vt 0.202449 0.792573
vt 0.218298 0.788543
vt 0.234119 0.784978
vt 0.210197 0.762946
vt 0.226293 0.757586
vt 0.242015 0.753911
vt 0.217462 0.731645
vt 0.234116 0.726444
vt 0.251041 0.722742
vt 0.007745 0.284135
vt 0.009178 0.265641
vt 0.037321 0.266310
vt 0.036037 0.284769
vt 0.034676 0.303069
vt 0.005995 0.302860
vt 0.061476 0.285057
vt 0.060957 0.302873
vt 0.060561 0.320061
vt 0.086126 0.301924
vt 0.086307 0.319063
vt 0.085710 0.336102
vt 0.110341 0.318191
vt 0.110140 0.335455
vt 0.109629 0.352139
vt 0.133314 0.335161
vt 0.133556 0.351879
vt 0.134004 0.367972
vt 0.156639 0.352690
vt 0.158001 0.369084
vt 0.158541 0.384891
vt 0.134282 0.383238
vt 0.157685 0.400599
vt 0.133793 0.398455
vt 0.155991 0.416206
vt 0.132735 0.414168
vt 0.153798 0.432177
vt 0.131310 0.430133
vt 0.151279 0.447623
vt 0.129613 0.446518
vt 0.147733 0.464517
vt 0.127787 0.464007
vt 0.145011 0.482356
vt 0.126891 0.482548
vt 0.145113 0.501091
vt 0.127523 0.501270
vt 0.146363 0.520511
vt 0.163150 0.503624
vt 0.163313 0.522879
vt 0.165315 0.542800
vt 0.180741 0.526527
vt 0.182315 0.546051
vt 0.187326 0.567024
vt 0.198011 0.548842
vt 0.203280 0.568469
vt 0.210708 0.586859
vt 0.216896 0.568192
vt 0.224598 0.582775
vt 0.231373 0.592876
vt 0.216902 0.598991
vt 0.238486 0.601791
vt 0.221925 0.607373
vt 0.436841 0.660441
vt 0.433489 0.642347
vt 0.447170 0.633814
vt 0.449874 0.653794
vt 0.246768 0.585108
vt 0.255467 0.593027
vt 0.263464 0.574772
vt 0.273407 0.582408
vt 0.239014 0.576518
vt 0.254342 0.567235
vt 0.265794 0.554178
vt 0.277688 0.561622
vt 0.289589 0.547603
vt 0.305216 0.555982
vt 0.290547 0.569916
vt 0.274871 0.540143
vt 0.284974 0.524646
vt 0.301775 0.531696
vt 0.260047 0.532732
vt 0.268599 0.517635
vt 0.278712 0.501475
vt 0.296363 0.508050
vt 0.245127 0.526392
vt 0.252427 0.510725
vt 0.261568 0.494030
vt 0.271370 0.477722
vt 0.289735 0.484440
vt 0.237103 0.505096
vt 0.244545 0.488051
vt 0.252142 0.471157
vt 0.258937 0.455054
vt 0.280519 0.461311
vt 0.226914 0.483808
vt 0.232484 0.466760
vt 0.237636 0.450459
vt 0.241660 0.434933
vt 0.263860 0.439975
vt 0.213267 0.463348
vt 0.217105 0.446629
vt 0.220472 0.430266
vt 0.222884 0.413819
vt 0.243698 0.418790
vt 0.196847 0.441808
vt 0.199833 0.425403
vt 0.202207 0.408852
vt 0.203119 0.391956
vt 0.224115 0.396004
vt 0.178523 0.420495
vt 0.180530 0.404434
vt 0.181322 0.388093
vt 0.180824 0.371364
vt 0.202704 0.374116
vt 0.200585 0.356183
vt 0.222007 0.358367
vt 0.223806 0.376925
vt 0.178870 0.354150
vt 0.177196 0.336740
vt 0.198511 0.338530
vt 0.155518 0.335571
vt 0.155018 0.318180
vt 0.176338 0.319529
vt 0.132961 0.317623
vt 0.132963 0.300525
vt 0.155233 0.300915
vt 0.110080 0.300891
vt 0.110114 0.284043
vt 0.133453 0.283947
vt 0.085887 0.284781
vt 0.086605 0.267627
vt 0.110931 0.268006
vt 0.062205 0.266957
vt 0.063335 0.249287
vt 0.088078 0.251291
vt 0.038038 0.247612
vt 0.038678 0.229940
vt 0.064615 0.232699
vt 0.010361 0.246798
vt 0.012037 0.227688
vt 0.014371 0.208970
vt 0.040734 0.213102
vt 0.200900 0.738414
vt 0.194080 0.768619
vt 0.184495 0.745137
vt 0.178171 0.774172
vt 0.168413 0.751544
vt 0.186212 0.796810
vt 0.169987 0.800777
vt 0.176387 0.822694
vt 0.159893 0.825061
vt 0.163938 0.846484
vt 0.146629 0.846923
vt 0.148284 0.867872
vt 0.131607 0.866048
vt 0.130795 0.887188
vt 0.112889 0.905339
vt 0.066371 0.217245
vt 0.091134 0.220620
vt 0.089689 0.235764
vt 0.113862 0.237030
vt 0.112478 0.252390
vt 0.135879 0.252452
vt 0.134599 0.268146
vt 0.157075 0.267856
vt 0.156062 0.284111
vt 0.177124 0.284641
vt 0.176287 0.302162
vt 0.196770 0.303561
vt 0.197363 0.321013
vt 0.218338 0.322630
vt 0.219927 0.340397
vt 0.241499 0.341709
vt 0.243273 0.360084
vt 0.264285 0.360724
vt 0.264111 0.381439
vt 0.244324 0.379552
vt 0.264296 0.402463
vt 0.244345 0.399646
vt 0.264823 0.422280
vt 0.284361 0.403646
vt 0.285978 0.424221
vt 0.285905 0.443740
vt 0.307346 0.425214
vt 0.306862 0.446258
vt 0.300683 0.466890
vt 0.326467 0.449664
vt 0.319888 0.471074
vt 0.308423 0.490516
vt 0.339752 0.476042
vt 0.328176 0.496435
vt 0.314963 0.514684
vt 0.348088 0.503294
vt 0.334311 0.522600
vt 0.319833 0.539748
vt 0.413516 0.563482
vt 0.410269 0.541792
vt 0.430536 0.534226
vt 0.432634 0.555029
vt 0.435726 0.575057
vt 0.418482 0.584104
vt 0.452618 0.548711
vt 0.454624 0.567587
vt 0.457456 0.586287
vt 0.439745 0.594219
vt 0.423955 0.602855
vt 0.460590 0.605396
vt 0.443763 0.613803
vt 0.429016 0.622706
vt 0.463520 0.624713
vt 0.478794 0.598727
vt 0.480361 0.618006
vt 0.481691 0.638164
vt 0.465773 0.644968
vt 0.483784 0.658903
vt 0.497537 0.633874
vt 0.498819 0.654396
vt 0.501114 0.674444
vt 0.487088 0.679389
vt 0.504781 0.695915
vt 0.492895 0.700289
vt 0.480348 0.705697
vt 0.499235 0.720740
vt 0.488340 0.725456
vt 0.478243 0.730299
vt 0.466103 0.711741
vt 0.707440 0.264315
vt 0.704046 0.252464
vt 0.509324 0.717820
vt 0.703111 0.241666
vt 0.720849 0.241819
vt 0.703676 0.231730
vt 0.721550 0.233750
vt 0.733974 0.234915
vt 0.723047 0.226424
vt 0.734865 0.227706
vt 0.744741 0.228927
vt 0.736014 0.220016
vt 0.745780 0.221012
vt 0.754947 0.222984
vt 0.746968 0.211004
vt 0.756970 0.212984
vt 0.766250 0.216596
vt 0.772433 0.201112
vt 0.760246 0.196764
vt 0.793032 0.297113
vt 0.780125 0.300385
vt 0.748264 0.195298
vt 0.804892 0.292893
vt 0.736897 0.210749
vt 0.736470 0.196217
vt 0.573507 0.734355
vt 0.565269 0.726480
vt 0.577605 0.710760
vt 0.587897 0.719136
vt 0.575896 0.685257
vt 0.563403 0.679220
vt 0.569702 0.659334
vt 0.551180 0.674798
vt 0.555755 0.654507
vt 0.560080 0.634499
vt 0.542217 0.651425
vt 0.545513 0.631487
vt 0.548798 0.611727
vt 0.530204 0.630254
vt 0.532147 0.610427
vt 0.533685 0.591253
vt 0.514393 0.611041
vt 0.514246 0.591989
vt 0.514120 0.573935
vt 0.495877 0.594693
vt 0.495091 0.576308
vt 0.494030 0.558435
vt 0.476576 0.580453
vt 0.475334 0.562029
vt 0.473494 0.543725
vt 0.451324 0.528933
vt 0.429034 0.512642
vt 0.407777 0.518603
vt 0.405677 0.494470
vt 0.360650 0.482303
vt 0.348031 0.454050
vt 0.370201 0.460120
vt 0.328370 0.427845
vt 0.304991 0.404159
vt 0.283733 0.381922
vt 0.497128 0.613450
vt 0.513842 0.631014
vt 0.528788 0.650704
vt 0.513918 0.651405
vt 0.527405 0.671466
vt 0.514569 0.671715
vt 0.526473 0.693261
vt 0.515665 0.693832
vt 0.527547 0.714760
vt 0.518779 0.715690
vt 0.536480 0.693734
vt 0.535908 0.714783
vt 0.705839 0.222938
vt 0.709512 0.215112
vt 0.725239 0.218899
vt 0.539325 0.672405
vt 0.659726 0.842764
vt 0.176007 0.436587
vt 0.193217 0.458490
vt 0.172738 0.452770
vt 0.188995 0.474981
vt 0.168826 0.469380
vt 0.184825 0.491460
vt 0.165334 0.485945
vt 0.181802 0.508479
vt 0.203640 0.496424
vt 0.199358 0.512894
vt 0.197087 0.530043
vt 0.215611 0.517084
vt 0.212003 0.533372
vt 0.212398 0.550718
vt 0.230775 0.521518
vt 0.221008 0.500961
vt 0.208601 0.479901
vt 0.565798 0.803934
vt 0.568767 0.819424
vt 0.583205 0.802609
vt 0.585711 0.816212
vt 0.598276 0.801380
vt 0.600760 0.813180
vt 0.612404 0.799988
vt 0.597524 0.789866
vt 0.610980 0.789768
vt 0.627878 0.789468
vt 0.628980 0.797831
vt 0.794916 0.251573
vt 0.792448 0.259811
vt 0.776474 0.253158
vt 0.778617 0.247636
vt 0.766324 0.250874
vt 0.759035 0.257460
vt 0.761101 0.268041
vt 0.768024 0.283060
vt 0.610751 0.779593
vt 0.628213 0.780799
vt 0.598835 0.778820
vt 0.601260 0.768319
vt 0.612691 0.769668
vt 0.629694 0.772024
vt 0.100694 0.649833
vt 0.116087 0.664639
vt 0.107686 0.666550
vt 0.583162 0.789441
vt 0.172488 0.185760
vt 0.191933 0.183670
vt 0.194897 0.199602
vt 0.215098 0.198474
vt 0.216941 0.215915
vt 0.236590 0.216511
vt 0.236734 0.236048
vt 0.255822 0.238493
vt 0.255228 0.254263
vt 0.275297 0.253628
vt 0.275830 0.266156
vt 0.298492 0.265325
vt 0.302430 0.282972
vt 0.326858 0.282223
vt 0.330611 0.302183
vt 0.355456 0.303036
vt 0.357777 0.323391
vt 0.381455 0.305965
vt 0.383090 0.327619
vt 0.381117 0.348577
vt 0.384741 0.362352
vt 0.386250 0.341742
vt 0.410209 0.365904
vt 0.409726 0.388000
vt 0.381903 0.385882
vt 0.437164 0.386403
vt 0.439522 0.404838
vt 0.465288 0.402989
vt 0.467178 0.422599
vt 0.490166 0.422958
vt 0.490994 0.442908
vt 0.512719 0.443882
vt 0.513153 0.463928
vt 0.535455 0.463441
vt 0.535924 0.482474
vt 0.559073 0.481740
vt 0.559678 0.499876
vt 0.584151 0.499173
vt 0.583866 0.516995
vt 0.607822 0.518423
vt 0.602325 0.539303
vt 0.621719 0.547975
vt 0.615129 0.568828
vt 0.634798 0.579362
vt 0.628674 0.599660
vt 0.654639 0.591678
vt 0.647697 0.612990
vt 0.639086 0.633193
vt 0.887456 0.392640
vt 0.903963 0.409389
vt 0.866999 0.403474
vt 0.851134 0.387700
vt 0.871321 0.376877
vt 0.830736 0.397960
vt 0.009561 0.804523
vt 0.186149 0.070899
vt 0.337424 0.132085
vt 0.415596 0.173584
vt 0.693214 0.416480
vt 0.982946 0.581494
vt 0.849447 0.297891
vt 0.849274 0.286716
vt 0.132963 0.030089
vt 0.144732 0.031527
vt 0.002297 0.823989
vt 0.157050 0.030718
s 1
usemtl lemon
f 1/1/1 22/2/22 23/3/23 24/4/24
f 26/5/26 27/6/27 22/2/22 1/1/1
f 1/1/1 24/4/24 25/7/25 26/5/26
f 2/8/2 28/9/28 29/10/29 30/11/30
f 2/8/2 31/12/31 26/13/26 28/9/28
f 2/8/2 30/11/30 32/14/32 31/12/31
f 33/15/33 34/16/34 35/17/35 36/18/36
f 3/19/3 37/20/37 38/21/38 39/22/39
f 3/19/3 40/23/40 41/24/41 37/20/37
f 3/19/3 42/25/42 43/26/43 40/23/40
f 4/27/4 44/28/44 45/29/45 46/30/46
f 4/27/4 47/31/47 48/32/48 44/28/44
f 4/27/4 46/30/46 49/33/49 47/31/47
f 5/34/5 50/35/50 51/36/51 52/37/52
f 5/34/5 53/38/53 54/39/54 50/35/50
f 5/34/5 55/40/55 56/41/56 57/42/57
f 5/34/5 52/37/52 58/43/58 55/40/55
f 5/34/5 57/42/57 59/44/59 53/38/53
f 6/45/6 60/46/60 61/47/61 62/48/62
f 6/49/6 63/50/63 64/51/64 60/52/60
f 6/53/6 62/54/62 65/55/65 63/56/63
f 7/57/7 66/58/66 67/59/67 68/60/68
f 7/57/7 69/61/69 70/62/70 66/58/66
f 7/57/7 68/60/68 71/63/71 72/64/72
f 8/65/8 73/66/73 74/67/74 75/68/75
f 8/65/8 75/68/75 76/69/76 77/70/77
f 8/71/8 77/72/77 78/73/78 73/74/73
f 9/75/9 79/76/79 80/77/80 81/78/81
f 9/75/9 81/78/81 82/79/82 83/80/83
f 9/75/9 83/80/83 84/81/84 85/82/85
f 9/75/9 86/83/86 87/84/87 79/76/79
f 9/75/9 85/82/85 88/85/88 86/83/86
f 10/86/10 89/87/89 90/88/90 91/89/91
f 10/86/10 83/80/83 82/79/82 89/87/89
f 10/86/10 91/89/91 84/81/84 83/80/83
f 11/90/11 92/91/92 93/92/93 94/93/94
f 11/90/11 94/93/94 95/94/95 96/95/96
f 11/90/11 96/95/96 97/96/97 92/91/92
f 12/97/12 98/98/98 99/99/99 100/100/100
f 12/97/12 100/100/100 101/101/101 102/102/102
f 12/97/12 102/102/102 103/103/103 98/98/98
f 13/104/13 104/105/104 105/106/105 106/107/106
f 13/104/13 106/107/106 107/108/107 108/109/108
f 13/104/13 108/109/108 109/110/109 104/105/104
f 14/111/14 110/112/110 111/113/111 112/114/112
f 14/111/14 112/114/112 113/115/113 114/116/114
f 14/111/14 114/116/114 115/117/115 110/112/110
f 15/118/15 116/119/116 117/120/117 118/121/118
f 15/118/15 119/122/119 120/123/120 116/119/116
f 15/118/15 118/121/118 121/124/121 119/122/119
f 16/125/16 122/126/122 123/127/123 124/128/124
f 16/129/16 125/130/125 126/131/126 122/132/122
f 16/125/16 124/128/124 127/133/127 128/134/128
f 17/135/17 129/136/129 130/137/130 131/138/131
f 17/135/17 131/138/131 132/139/132 133/140/133
f 17/141/17 133/142/133 134/143/134 129/144/129
f 18/145/18 135/146/135 136/147/136 137/148/137
f 18/149/18 137/150/137 138/151/138 139/152/139
f 18/149/18 139/152/139 140/153/140 135/154/135
f 19/155/19 141/156/141 142/157/142 143/158/143
f 19/155/19 144/159/144 145/160/145 141/156/141
f 19/155/19 143/158/143 146/161/146 144/159/144
f 20/162/20 147/163/147 148/164/148 149/165/149
f 151/166/151 152/167/152 147/163/147 20/162/20
f 20/162/20 149/165/149 150/168/150 151/166/151
f 21/169/21 153/170/153 154/171/154 155/172/155
f 21/169/21 155/172/155 156/173/156 157/174/157
f 21/169/21 157/174/157 158/175/158 153/170/153
f 158/175/158 159/176/159 160/177/160 161/178/161
f 158/175/158 161/178/161 162/179/162 153/170/153
f 158/175/158 157/174/157 163/180/163 159/176/159
f 163/180/163 164/181/164 165/182/165 159/176/159
f 163/180/163 157/174/157 156/173/156 166/183/166
f 163/180/163 166/183/166 167/184/167 164/181/164
f 167/184/167 168/185/168 169/186/169 164/181/164
f 167/184/167 166/183/166 170/187/170 171/188/171
f 167/184/167 171/188/171 172/189/172 168/185/168
f 172/189/172 173/190/173 174/191/174 168/185/168
f 172/189/172 171/188/171 175/192/175 176/193/176
f 172/189/172 176/193/176 177/194/177 173/190/173
f 177/194/177 178/195/178 179/196/179 173/190/173
f 177/194/177 176/193/176 180/197/180 181/198/181
f 177/194/177 181/198/181 182/199/182 178/195/178
f 182/199/182 183/200/183 184/201/184 178/195/178
f 182/199/182 181/198/181 185/202/185 186/203/186
f 182/199/182 186/203/186 187/204/187 183/200/183
f 187/204/187 188/205/188 189/206/189 183/200/183
f 187/204/187 186/203/186 190/207/190 191/208/191
f 187/204/187 191/208/191 192/209/192 188/205/188
f 192/209/192 193/210/193 194/211/194 188/205/188
f 192/209/192 191/208/191 195/212/195 196/213/196
f 192/209/192 196/213/196 197/214/197 193/210/193
f 197/214/197 198/215/198 199/216/199 193/210/193
f 197/214/197 196/213/196 200/217/200 201/218/201
f 197/214/197 201/218/201 202/219/202 198/215/198
f 202/219/202 203/220/203 204/221/204 198/215/198
f 202/222/202 201/223/201 205/224/205 206/225/206
f 202/222/202 206/225/206 207/226/207 203/227/203
f 207/226/207 208/228/208 209/229/209 203/227/203
f 207/226/207 206/225/206 210/230/210 211/231/211
f 207/226/207 211/231/211 212/232/212 208/228/208
f 212/232/212 213/233/213 214/234/214 208/228/208
f 212/232/212 211/231/211 215/235/215 216/236/216
f 212/232/212 216/236/216 217/237/217 213/233/213
f 217/237/217 218/238/218 219/239/219 213/233/213
f 217/237/217 216/236/216 220/240/220 221/241/221
f 217/237/217 221/241/221 222/242/222 218/238/218
f 222/242/222 223/243/223 224/244/224 218/238/218
f 222/242/222 221/241/221 225/245/225 226/246/226
f 222/242/222 226/246/226 227/247/227 223/243/223
f 227/247/227 228/248/228 229/249/229 223/243/223
f 227/247/227 226/246/226 230/250/230 231/251/231
f 227/247/227 231/251/231 232/252/232 228/248/228
f 232/252/232 233/253/233 234/254/234 228/248/228
f 232/252/232 231/251/231 235/255/235 236/256/236
f 232/252/232 236/256/236 237/257/237 233/253/233
f 237/257/237 238/258/238 239/259/239 233/253/233
f 237/257/237 236/256/236 240/260/240 241/261/241
f 237/257/237 241/261/241 242/262/242 238/258/238
f 242/262/242 243/263/243 244/264/244 238/258/238
f 242/262/242 241/261/241 245/265/245 246/266/246
f 242/262/242 246/266/246 247/267/247 243/263/243
f 247/267/247 248/268/248 249/269/249 243/263/243
f 247/267/247 246/266/246 250/270/250 251/271/251
f 247/267/247 251/271/251 252/272/252 248/268/248
f 252/272/252 253/273/253 254/274/254 248/268/248
f 252/272/252 251/271/251 255/275/255 256/276/256
f 252/272/252 256/276/256 257/277/257 253/273/253
f 257/277/257 258/278/258 259/279/259 253/273/253
f 257/277/257 256/276/256 260/280/260 261/281/261
f 257/277/257 261/281/261 262/282/262 258/278/258
f 262/282/262 263/283/263 264/284/264 258/278/258
f 262/285/262 261/286/261 265/287/265 266/288/266
f 262/285/262 266/288/266 267/289/267 263/290/263
f 267/289/267 268/291/268 269/292/269 263/290/263
f 267/289/267 266/288/266 270/293/270 271/294/271
f 267/289/267 271/294/271 272/295/272 268/291/268
f 272/295/272 23/3/23 22/2/22 268/291/268
f 272/295/272 271/294/271 273/296/273 274/297/274
f 272/295/272 274/297/274 275/298/275 23/3/23
f 275/298/275 276/299/276 24/4/24 23/3/23
f 275/298/275 274/297/274 277/300/277 278/301/278
f 275/298/275 278/301/278 279/302/279 276/299/276
f 279/302/279 280/303/280 281/304/281 276/299/276
f 279/302/279 278/301/278 282/305/282 283/306/283
f 279/302/279 283/306/283 284/307/284 280/303/280
f 284/308/284 285/309/285 286/310/286 280/311/280
f 284/307/284 283/306/283 287/312/287 288/313/288
f 284/308/284 288/314/288 289/315/289 285/309/285
f 289/315/289 290/316/290 291/317/291 285/309/285
f 289/315/289 288/314/288 292/318/292 293/319/293
f 289/315/289 293/319/293 294/320/294 290/316/290
f 294/320/294 88/85/88 295/321/295 290/316/290
f 294/320/294 293/319/293 296/322/296 297/323/297
f 294/320/294 297/323/297 86/83/86 88/85/88
f 297/323/297 296/322/296 298/324/298 299/325/299
f 297/323/297 299/325/299 87/84/87 86/83/86
f 299/325/299 298/324/298 78/73/78 300/326/300
f 299/325/299 300/326/300 301/327/301 87/84/87
f 301/327/301 300/326/300 302/328/302 303/329/303
f 301/327/301 303/329/303 304/330/304 305/331/305
f 301/327/301 305/331/305 79/76/79 87/84/87
f 305/331/305 304/330/304 306/332/306 307/333/307
f 305/331/305 307/333/307 80/77/80 79/76/79
f 307/333/307 306/332/306 308/334/308 309/335/309
f 307/333/307 309/335/309 310/336/310 80/77/80
f 310/336/310 311/337/311 81/78/81 80/77/80
f 310/336/310 309/335/309 312/338/312 313/339/313
f 310/336/310 313/339/313 314/340/314 311/337/311
f 314/340/314 315/341/315 316/342/316 311/337/311
f 314/340/314 313/339/313 317/343/317 318/344/318
f 314/340/314 318/344/318 319/345/319 315/341/315
f 319/345/319 320/346/320 321/347/321 315/341/315
f 319/345/319 318/344/318 322/348/322 323/349/323
f 319/345/319 323/349/323 324/350/324 320/346/320
f 324/350/324 325/351/325 326/352/326 320/346/320
f 324/350/324 323/349/323 327/353/327 328/354/328
f 324/350/324 328/354/328 329/355/329 325/351/325
f 329/355/329 330/356/330 331/357/331 325/351/325
f 329/355/329 328/354/328 332/358/332 99/99/99
f 329/355/329 99/99/99 98/98/98 330/356/330
f 332/358/332 328/354/328 327/353/327 333/359/333
f 332/358/332 333/359/333 334/360/334 335/361/335
f 332/358/332 335/361/335 100/100/100 99/99/99
f 335/361/335 334/360/334 336/362/336 337/363/337
f 335/361/335 337/363/337 101/101/101 100/100/100
f 337/363/337 336/362/336 338/364/338 339/365/339
f 337/363/337 339/365/339 340/366/340 101/101/101
f 340/366/340 341/367/341 102/102/102 101/101/101
f 340/366/340 339/365/339 342/368/342 109/110/109
f 340/366/340 109/110/109 108/109/108 341/367/341
f 342/368/342 339/365/339 338/364/338 343/369/343
f 342/368/342 343/369/343 72/64/72 344/370/344
f 342/368/342 344/370/344 104/105/104 109/110/109
f 344/370/344 72/64/72 71/63/71 345/371/345
f 344/370/344 345/371/345 105/106/105 104/105/104
f 345/371/345 71/63/71 346/372/346 347/373/347
f 345/371/345 347/373/347 348/374/348 105/106/105
f 348/374/348 349/375/349 106/107/106 105/106/105
f 348/374/348 347/373/347 350/376/350 351/377/351
f 348/374/348 351/377/351 352/378/352 349/375/349
f 352/378/352 353/379/353 354/380/354 349/375/349
f 352/378/352 351/377/351 355/381/355 95/94/95
f 352/378/352 95/94/95 94/93/94 353/379/353
f 355/381/355 351/377/351 350/376/350 356/382/356
f 355/381/355 356/382/356 357/383/357 358/384/358
f 355/381/355 358/384/358 96/95/96 95/94/95
f 358/384/358 357/383/357 359/385/359 360/386/360
f 358/384/358 360/386/360 97/96/97 96/95/96
f 360/386/360 359/385/359 361/387/361 362/388/362
f 360/386/360 362/388/362 363/389/363 97/96/97
f 363/389/363 364/390/364 92/91/92 97/96/97
f 363/389/363 362/388/362 365/391/365 366/392/366
f 363/389/363 366/392/366 367/393/367 364/390/364
f 367/393/367 366/392/366 368/394/368 369/395/369
f 367/393/367 369/395/369 326/352/326 370/396/370
f 367/393/367 370/396/370 371/397/371 364/390/364
f 371/397/371 93/92/93 92/91/92 364/390/364
f 371/397/371 370/396/370 331/357/331 372/398/372
f 371/397/371 372/398/372 373/399/373 93/92/93
f 373/399/373 353/379/353 94/93/94 93/92/93
f 373/399/373 372/398/372 374/400/374 375/401/375
f 373/399/373 375/401/375 354/380/354 353/379/353
f 375/401/375 374/400/374 103/103/103 376/402/376
f 375/401/375 376/402/376 107/108/107 354/380/354
f 376/402/376 103/103/103 102/102/102 341/367/341
f 376/402/376 341/367/341 108/109/108 107/108/107
f 374/400/374 372/398/372 331/357/331 330/356/330
f 374/400/374 330/356/330 98/98/98 103/103/103
f 370/396/370 326/352/326 325/351/325 331/357/331
f 369/395/369 368/394/368 377/403/377 321/347/321
f 369/395/369 321/347/321 320/346/320 326/352/326
f 377/403/377 368/394/368 90/88/90 89/87/89
f 377/403/377 89/87/89 82/79/82 316/342/316
f 377/403/377 316/342/316 315/341/315 321/347/321
f 368/394/368 366/392/366 365/391/365 90/88/90
f 365/391/365 362/388/362 361/387/361 378/404/378
f 365/391/365 378/404/378 91/89/91 90/88/90
f 378/404/378 361/387/361 379/405/379 380/406/380
f 378/404/378 380/406/380 84/81/84 91/89/91
f 380/406/380 379/405/379 381/407/381 382/408/382
f 380/406/380 382/408/382 85/82/85 84/81/84
f 382/408/382 381/407/381 383/409/383 295/321/295
f 382/408/382 295/321/295 88/85/88 85/82/85
f 383/409/383 381/407/381 384/410/384 385/411/385
f 383/409/383 385/411/385 386/412/386 291/317/291
f 383/409/383 291/317/291 290/316/290 295/321/295
f 386/412/386 385/411/385 387/413/387 388/414/388
f 386/412/386 388/414/388 389/415/389 286/310/286
f 386/412/386 286/310/286 285/309/285 291/317/291
f 389/415/389 388/414/388 390/416/390 391/417/391
f 389/415/389 391/417/391 392/418/392 281/419/281
f 389/415/389 281/419/281 280/311/280 286/310/286
f 392/418/392 391/417/391 393/420/393 394/421/394
f 392/422/392 394/423/394 25/7/25 24/4/24
f 392/422/392 24/4/24 276/299/276 281/304/281
f 394/421/394 393/420/393 395/424/395 396/425/396
f 394/426/394 396/427/396 397/428/397 25/429/25
f 397/428/397 396/427/396 398/430/398 399/431/399
f 397/428/397 399/431/399 29/10/29 28/9/28
f 397/428/397 28/9/28 26/13/26 25/429/25
f 399/431/399 398/430/398 400/432/400 401/433/401
f 399/431/399 401/433/401 402/434/402 29/10/29
f 402/434/402 401/433/401 403/435/403 404/436/404
f 402/434/402 404/436/404 42/25/42 405/437/405
f 402/434/402 405/437/405 30/11/30 29/10/29
f 405/437/405 42/25/42 3/19/3 406/438/406
f 405/437/405 406/438/406 32/14/32 30/11/30
f 406/438/406 3/19/3 39/22/39 407/439/407
f 406/438/406 407/439/407 408/440/408 32/14/32
f 408/440/408 407/439/407 409/441/409 410/442/410
f 408/440/408 410/442/410 411/443/411 412/444/412
f 408/440/408 412/444/412 31/12/31 32/14/32
f 412/444/412 411/443/411 269/445/269 27/446/27
f 412/444/412 27/446/27 26/13/26 31/12/31
f 411/443/411 410/442/410 413/447/413 264/284/264
f 411/443/411 264/284/264 263/283/263 269/445/269
f 413/447/413 410/442/410 409/441/409 414/448/414
f 413/447/413 414/448/414 415/449/415 259/279/259
f 413/447/413 259/279/259 258/278/258 264/284/264
f 415/449/415 414/448/414 416/450/416 417/451/417
f 415/449/415 417/451/417 418/452/418 254/274/254
f 415/449/415 254/274/254 253/273/253 259/279/259
f 418/452/418 417/451/417 419/453/419 420/454/420
f 418/452/418 420/454/420 421/455/421 249/269/249
f 418/452/418 249/269/249 248/268/248 254/274/254
f 421/455/421 420/454/420 422/456/422 423/457/423
f 421/455/421 423/457/423 424/458/424 244/264/244
f 421/455/421 244/264/244 243/263/243 249/269/249
f 424/458/424 423/457/423 425/459/425 426/460/426
f 424/458/424 426/460/426 427/461/427 239/259/239
f 424/458/424 239/259/239 238/258/238 244/264/244
f 427/461/427 426/460/426 428/462/428 429/463/429
f 427/461/427 429/463/429 430/464/430 234/254/234
f 427/461/427 234/254/234 233/253/233 239/259/239
f 430/464/430 429/463/429 431/465/431 432/466/432
f 430/464/430 432/466/432 433/467/433 229/249/229
f 430/464/430 229/249/229 228/248/228 234/254/234
f 433/467/433 432/466/432 434/468/434 435/469/435
f 433/467/433 435/469/435 436/470/436 224/244/224
f 433/467/433 224/244/224 223/243/223 229/249/229
f 436/470/436 435/469/435 437/471/437 438/472/438
f 436/470/436 438/472/438 439/473/439 219/239/219
f 436/470/436 219/239/219 218/238/218 224/244/224
f 439/473/439 438/472/438 440/474/440 441/475/441
f 439/473/439 441/475/441 442/476/442 214/234/214
f 439/473/439 214/234/214 213/233/213 219/239/219
f 442/477/442 441/478/441 443/479/443 444/480/444
f 442/477/442 444/480/444 445/481/445 209/482/209
f 442/476/442 209/229/209 208/228/208 214/234/214
f 445/481/445 444/480/444 446/483/446 447/484/447
f 445/481/445 447/484/447 448/485/448 204/221/204
f 445/481/445 204/221/204 203/220/203 209/482/209
f 448/485/448 447/484/447 449/486/449 450/487/450
f 448/485/448 450/487/450 451/488/451 199/216/199
f 448/485/448 199/216/199 198/215/198 204/221/204
f 451/488/451 450/487/450 452/489/452 453/490/453
f 451/488/451 453/490/453 454/491/454 194/211/194
f 451/488/451 194/211/194 193/210/193 199/216/199
f 454/491/454 453/490/453 455/492/455 456/493/456
f 454/491/454 456/493/456 457/494/457 189/206/189
f 454/491/454 189/206/189 188/205/188 194/211/194
f 457/494/457 456/493/456 458/495/458 459/496/459
f 457/494/457 459/496/459 460/497/460 184/201/184
f 457/494/457 184/201/184 183/200/183 189/206/189
f 460/497/460 459/496/459 461/498/461 462/499/462
f 460/497/460 462/499/462 463/500/463 179/196/179
f 460/497/460 179/196/179 178/195/178 184/201/184
f 463/500/463 462/499/462 464/501/464 465/502/465
f 463/500/463 465/502/465 466/503/466 174/191/174
f 463/500/463 174/191/174 173/190/173 179/196/179
f 466/503/466 465/502/465 467/504/467 468/505/468
f 466/503/466 468/505/468 469/506/469 169/186/169
f 466/503/466 169/186/169 168/185/168 174/191/174
f 469/506/469 468/505/468 470/507/470 471/508/471
f 469/506/469 471/508/471 472/509/472 165/182/165
f 469/506/469 165/182/165 164/181/164 169/186/169
f 472/509/472 471/508/471 473/510/473 474/511/474
f 472/509/472 474/511/474 475/512/475 160/177/160
f 472/509/472 160/177/160 159/176/159 165/182/165
f 475/512/475 474/511/474 476/513/476 477/514/477
f 475/512/475 477/514/477 478/515/478 479/516/479
f 475/512/475 479/516/479 161/178/161 160/177/160
f 479/516/479 478/515/478 480/517/480 481/518/481
f 479/516/479 481/518/481 162/179/162 161/178/161
f 481/518/481 480/517/480 482/519/482 483/520/483
f 481/518/481 483/520/483 484/521/484 162/179/162
f 484/521/484 483/520/483 485/522/485 486/523/486
f 484/521/484 486/523/486 487/524/487 154/171/154
f 484/521/484 154/171/154 153/170/153 162/179/162
f 487/524/487 488/525/488 155/172/155 154/171/154
f 487/524/487 486/523/486 489/526/489 490/527/490
f 487/524/487 490/527/490 491/528/491 488/525/488
f 491/528/491 492/529/492 493/530/493 488/525/488
f 491/528/491 490/527/490 494/531/494 495/532/495
f 491/528/491 495/532/495 496/533/496 492/529/492
f 496/533/496 497/534/497 498/535/498 492/529/492
f 496/533/496 495/532/495 499/536/499 500/537/500
f 496/533/496 500/537/500 501/538/501 497/534/497
f 501/538/501 502/539/502 503/540/503 497/534/497
f 501/538/501 500/537/500 504/541/504 505/542/505
f 501/538/501 505/542/505 506/543/506 502/539/502
f 506/543/506 507/544/507 508/545/508 502/539/502
f 506/543/506 505/542/505 509/546/509 510/547/510
f 506/543/506 510/547/510 511/548/511 507/544/507
f 511/548/511 512/549/512 513/550/513 507/544/507
f 511/548/511 510/547/510 514/551/514 515/552/515
f 511/548/511 515/552/515 516/553/516 512/549/512
f 516/553/516 517/554/517 518/555/518 512/549/512
f 516/556/516 515/557/515 519/558/519 520/559/520
f 516/556/516 520/559/520 521/560/521 517/561/517
f 521/560/521 522/562/522 523/563/523 517/561/517
f 521/560/521 520/559/520 524/564/524 525/565/525
f 521/560/521 525/565/525 526/566/526 522/562/522
f 526/566/526 527/567/527 528/568/528 522/562/522
f 526/566/526 525/565/525 529/569/529 530/570/530
f 526/566/526 530/570/530 531/571/531 527/567/527
f 531/571/531 532/572/532 533/573/533 527/567/527
f 531/571/531 530/570/530 534/574/534 535/575/535
f 531/571/531 535/575/535 536/576/536 532/572/532
f 536/576/536 537/577/537 538/578/538 532/572/532
f 536/576/536 535/575/535 539/579/539 540/580/540
f 536/576/536 540/580/540 541/581/541 537/577/537
f 541/581/541 542/582/542 543/583/543 537/577/537
f 541/581/541 540/580/540 544/584/544 545/585/545
f 541/581/541 545/585/545 546/586/546 542/582/542
f 546/586/546 547/587/547 548/588/548 542/582/542
f 546/586/546 545/585/545 549/589/549 550/590/550
f 546/586/546 550/590/550 551/591/551 547/587/547
f 551/591/551 552/592/552 553/593/553 547/587/547
f 551/591/551 550/590/550 554/594/554 555/595/555
f 551/591/551 555/595/555 556/596/556 552/592/552
f 556/596/556 557/597/557 558/598/558 552/592/552
f 556/596/556 555/595/555 559/599/559 560/600/560
f 556/596/556 560/600/560 561/601/561 557/597/557
f 561/601/561 562/602/562 563/603/563 557/597/557
f 561/601/561 560/600/560 564/604/564 565/605/565
f 561/601/561 565/605/565 566/606/566 562/602/562
f 566/606/566 567/607/567 568/608/568 562/602/562
f 566/606/566 565/605/565 569/609/569 570/610/570
f 566/606/566 570/610/570 571/611/571 567/607/567
f 571/611/571 572/612/572 573/613/573 567/607/567
f 571/611/571 570/610/570 574/614/574 575/615/575
f 571/611/571 575/615/575 576/616/576 572/612/572
f 576/616/576 577/617/577 578/618/578 572/612/572
f 576/619/576 575/620/575 579/621/579 580/622/580
f 576/619/576 580/622/580 581/623/581 577/624/577
f 581/623/581 582/625/582 583/626/583 577/624/577
f 581/623/581 580/622/580 584/627/584 585/628/585
f 581/623/581 585/628/585 586/629/586 582/625/582
f 586/629/586 587/630/587 588/631/588 582/625/582
f 586/629/586 585/628/585 589/632/589 590/633/590
f 586/629/586 590/633/590 591/634/591 587/630/587
f 591/634/591 592/635/592 593/636/593 587/630/587
f 591/634/591 590/633/590 594/637/594 595/638/595
f 591/634/591 595/638/595 596/639/596 592/635/592
f 596/639/596 597/640/597 598/641/598 592/635/592
f 596/639/596 595/638/595 599/642/599 600/643/600
f 596/639/596 600/643/600 601/644/601 597/640/597
f 601/644/601 602/645/602 603/646/603 597/640/597
f 601/644/601 600/643/600 604/647/604 605/648/605
f 601/644/601 605/648/605 606/649/606 602/645/602
f 606/649/606 607/650/607 608/651/608 602/645/602
f 606/649/606 605/648/605 609/652/609 610/653/610
f 606/649/606 610/653/610 58/43/58 607/650/607
f 610/653/610 609/652/609 611/654/611 612/655/612
f 610/653/610 612/655/612 55/40/55 58/43/58
f 612/655/612 611/654/611 613/656/613 614/657/614
f 612/655/612 614/657/614 56/41/56 55/40/55
f 614/657/614 613/656/613 615/658/615 616/659/616
f 614/657/614 616/659/616 617/660/617 56/41/56
f 617/660/617 618/661/618 57/42/57 56/41/56
f 617/660/617 616/659/616 619/662/619 620/663/620
f 617/660/617 620/663/620 621/664/621 618/661/618
f 621/664/621 620/663/620 45/29/45 622/665/622
f 621/664/621 622/665/622 623/666/623 624/667/624
f 621/664/621 624/667/624 625/668/625 618/661/618
f 625/668/625 59/44/59 57/42/57 618/661/618
f 625/669/625 624/670/624 626/671/626 627/672/627
f 625/669/625 627/672/627 628/673/628 59/674/59
f 628/673/628 629/675/629 53/676/53 59/674/59
f 628/673/628 627/672/627 630/677/630 631/678/631
f 628/673/628 631/678/631 632/679/632 629/675/629
f 632/679/632 75/68/75 74/67/74 629/675/629
f 632/679/632 631/678/631 633/680/633 634/681/634
f 632/679/632 634/681/634 76/69/76 75/68/75
f 634/681/634 633/680/633 635/682/635 636/683/636
f 634/681/634 636/683/636 637/684/637 76/69/76
f 637/684/637 302/685/302 77/70/77 76/69/76
f 637/684/637 636/683/636 638/686/638 639/687/639
f 637/684/637 639/687/639 303/688/303 302/685/302
f 639/687/639 638/686/638 640/689/640 641/690/641
f 639/687/639 641/690/641 304/691/304 303/688/303
f 641/690/641 640/689/640 642/692/642 643/693/643
f 641/690/641 643/693/643 306/694/306 304/691/304
f 643/693/643 642/692/642 644/695/644 645/696/645
f 643/693/643 645/696/645 308/697/308 306/694/306
f 645/696/645 644/695/644 646/698/646 647/699/647
f 645/696/645 647/699/647 648/700/648 308/697/308
f 648/701/648 312/338/312 309/335/309 308/334/308
f 648/702/648 647/703/647 649/704/649 650/705/650
f 648/701/648 650/706/650 651/707/651 312/338/312
f 651/707/651 317/343/317 313/339/313 312/338/312
f 651/707/651 650/706/650 652/708/652 653/709/653
f 651/707/651 653/709/653 654/710/654 317/343/317
f 654/710/654 322/348/322 318/344/318 317/343/317
f 654/710/654 653/709/653 655/711/655 656/712/656
f 654/710/654 656/712/656 657/713/657 322/348/322
f 657/713/657 327/353/327 323/349/323 322/348/322
f 657/713/657 656/712/656 658/714/658 659/715/659
f 657/713/657 659/715/659 333/359/333 327/353/327
f 659/715/659 658/714/658 660/716/660 661/717/661
f 659/715/659 661/717/661 334/360/334 333/359/333
f 661/717/661 660/716/660 662/718/662 663/719/663
f 661/717/661 663/719/663 336/362/336 334/360/334
f 663/719/663 662/718/662 664/720/664 665/721/665
f 663/719/663 665/721/665 338/364/338 336/362/336
f 665/721/665 664/720/664 666/722/666 667/723/667
f 665/721/665 667/723/667 343/369/343 338/364/338
f 667/723/667 666/722/666 69/61/69 7/57/7
f 667/723/667 7/57/7 72/64/72 343/369/343
f 666/722/666 664/720/664 668/724/668 669/725/669
f 666/722/666 669/725/669 670/726/670 69/61/69
f 670/726/670 669/725/669 671/727/671 672/728/672
f 670/726/670 672/728/672 673/729/673 674/730/674
f 670/726/670 674/730/674 70/62/70 69/61/69
f 674/730/674 673/729/673 675/731/675 676/732/676
f 674/730/674 676/732/676 677/733/677 70/62/70
f 677/733/677 676/732/676 61/47/61 678/734/678
f 677/733/677 678/734/678 679/735/679 680/736/680
f 677/733/677 680/736/680 66/58/66 70/62/70
f 680/736/680 679/735/679 681/737/681 682/738/682
f 680/736/680 682/738/682 67/59/67 66/58/66
f 682/738/682 681/737/681 395/424/395 683/739/683
f 682/738/682 683/739/683 684/740/684 67/59/67
f 684/740/684 685/741/685 68/60/68 67/59/67
f 684/740/684 683/739/683 686/742/686 687/743/687
f 684/740/684 687/743/687 688/744/688 685/741/685
f 688/744/688 689/745/689 346/372/346 685/741/685
f 688/744/688 687/743/687 690/746/690 691/747/691
f 688/744/688 691/747/691 692/748/692 689/745/689
f 692/748/692 356/382/356 350/376/350 689/745/689
f 692/748/692 691/747/691 693/749/693 694/750/694
f 692/748/692 694/750/694 357/383/357 356/382/356
f 694/750/694 693/749/693 384/410/384 695/751/695
f 694/750/694 695/751/695 359/385/359 357/383/357
f 695/751/695 384/410/384 381/407/381 379/405/379
f 695/751/695 379/405/379 361/387/361 359/385/359
f 693/749/693 691/747/691 690/746/690 387/413/387
f 693/749/693 387/413/387 385/411/385 384/410/384
f 690/746/690 687/743/687 686/742/686 390/416/390
f 690/746/690 390/416/390 388/414/388 387/413/387
f 689/745/689 350/376/350 347/373/347 346/372/346
f 686/742/686 683/739/683 395/424/395 393/420/393
f 686/742/686 393/420/393 391/417/391 390/416/390
f 685/741/685 346/372/346 71/63/71 68/60/68
f 681/737/681 679/735/679 400/752/400 398/753/398
f 681/737/681 398/753/398 396/425/396 395/424/395
f 679/735/679 678/734/678 696/754/696 400/752/400
f 696/754/696 678/734/678 61/47/61 60/46/60
f 696/755/696 60/52/60 64/51/64 403/435/403
f 696/755/696 403/435/403 401/433/401 400/432/400
f 676/732/676 675/731/675 62/48/62 61/47/61
f 675/756/675 673/757/673 697/758/697 698/759/698
f 675/756/675 698/759/698 65/55/65 62/54/62
f 698/759/698 697/758/697 699/760/699 700/761/700
f 698/759/698 700/761/700 701/762/701 65/55/65
f 701/762/701 700/761/700 702/763/702 703/764/703
f 701/762/701 703/764/703 704/765/704 705/766/705
f 701/762/701 705/766/705 63/56/63 65/55/65
f 705/767/705 704/768/704 43/26/43 706/769/706
f 705/767/705 706/769/706 64/51/64 63/50/63
f 706/769/706 43/26/43 42/25/42 404/436/404
f 706/769/706 404/436/404 403/435/403 64/51/64
f 704/765/704 703/764/703 707/770/707 708/771/708
f 704/768/704 708/772/708 40/23/40 43/26/43
f 708/771/708 707/770/707 709/773/709 710/774/710
f 708/772/708 710/775/710 41/24/41 40/23/40
f 710/774/710 709/773/709 711/776/711 712/777/712
f 710/775/710 712/778/712 713/779/713 41/24/41
f 713/779/713 712/778/712 714/780/714 715/781/715
f 713/779/713 715/781/715 716/782/716 717/783/717
f 713/779/713 717/783/717 37/20/37 41/24/41
f 717/783/717 716/782/716 718/784/718 719/785/719
f 717/783/717 719/785/719 38/21/38 37/20/37
f 719/785/719 718/784/718 36/18/36 35/17/35
f 719/785/719 35/17/35 720/786/720 38/21/38
f 720/786/720 35/17/35 34/16/34 721/787/721
f 720/786/720 721/787/721 416/450/416 722/788/722
f 720/786/720 722/788/722 39/22/39 38/21/38
f 722/788/722 416/450/416 414/448/414 409/441/409
f 722/788/722 409/441/409 407/439/407 39/22/39
f 721/787/721 34/16/34 723/789/723 419/453/419
f 721/787/721 419/453/419 417/451/417 416/450/416
f 723/789/723 34/16/34 33/15/33 724/790/724
f 723/789/723 724/790/724 725/791/725 422/456/422
f 723/789/723 422/456/422 420/454/420 419/453/419
f 725/791/725 724/790/724 726/792/726 727/793/727
f 725/791/725 727/793/727 728/794/728 425/459/425
f 725/791/725 425/459/425 423/457/423 422/456/422
f 728/794/728 727/793/727 729/795/729 730/796/730
f 728/794/728 730/796/730 731/797/731 428/462/428
f 728/794/728 428/462/428 426/460/426 425/459/425
f 731/797/731 730/796/730 732/798/732 733/799/733
f 731/797/731 733/799/733 734/800/734 431/465/431
f 731/797/731 431/465/431 429/463/429 428/462/428
f 734/800/734 733/799/733 735/801/735 736/802/736
f 734/800/734 736/802/736 737/803/737 434/468/434
f 734/800/734 434/468/434 432/466/432 431/465/431
f 737/803/737 736/802/736 738/804/738 739/805/739
f 737/803/737 739/805/739 740/806/740 437/471/437
f 737/803/737 437/471/437 435/469/435 434/468/434
f 740/807/740 739/808/739 741/809/741 742/810/742
f 740/807/740 742/810/742 743/811/743 440/812/440
f 740/806/740 440/474/440 438/472/438 437/471/437
f 743/811/743 742/810/742 744/813/744 745/814/745
f 743/811/743 745/814/745 746/815/746 443/479/443
f 743/811/743 443/479/443 441/478/441 440/812/440
f 746/815/746 745/814/745 747/816/747 748/817/748
f 746/815/746 748/817/748 749/818/749 446/483/446
f 746/815/746 446/483/446 444/480/444 443/479/443
f 749/818/749 748/817/748 750/819/750 751/820/751
f 749/818/749 751/820/751 752/821/752 449/486/449
f 749/818/749 449/486/449 447/484/447 446/483/446
f 752/821/752 751/820/751 753/822/753 754/823/754
f 752/821/752 754/823/754 755/824/755 452/489/452
f 752/821/752 452/489/452 450/487/450 449/486/449
f 755/824/755 754/823/754 756/825/756 757/826/757
f 755/824/755 757/826/757 758/827/758 455/492/455
f 755/824/755 455/492/455 453/490/453 452/489/452
f 758/827/758 757/826/757 759/828/759 760/829/760
f 758/827/758 760/829/760 761/830/761 458/495/458
f 758/827/758 458/495/458 456/493/456 455/492/455
f 761/830/761 760/829/760 762/831/762 763/832/763
f 761/830/761 763/832/763 764/833/764 461/498/461
f 761/830/761 461/498/461 459/496/459 458/495/458
f 764/833/764 763/832/763 765/834/765 766/835/766
f 764/833/764 766/835/766 767/836/767 464/501/464
f 764/833/764 464/501/464 462/499/462 461/498/461
f 767/836/767 766/835/766 768/837/768 769/838/769
f 767/836/767 769/838/769 770/839/770 467/504/467
f 767/836/767 467/504/467 465/502/465 464/501/464
f 770/839/770 769/838/769 771/840/771 772/841/772
f 770/839/770 772/841/772 773/842/773 470/507/470
f 770/839/770 470/507/470 468/505/468 467/504/467
f 773/842/773 772/841/772 774/843/774 775/844/775
f 773/842/773 775/844/775 776/845/776 473/510/473
f 773/842/773 473/510/473 471/508/471 470/507/470
f 776/845/776 775/844/775 777/846/777 778/847/778
f 776/845/776 778/847/778 779/848/779 476/513/476
f 776/845/776 476/513/476 474/511/474 473/510/473
f 779/849/779 778/850/778 780/851/780 781/852/781
f 779/849/779 781/852/781 782/853/782 783/854/783
f 779/848/779 783/855/783 477/514/477 476/513/476
f 783/854/783 782/853/782 784/856/784 785/857/785
f 783/855/783 785/858/785 478/515/478 477/514/477
f 785/857/785 784/856/784 786/859/786 787/860/787
f 785/858/785 787/861/787 480/517/480 478/515/478
f 787/860/787 786/859/786 788/862/788 789/863/789
f 787/861/787 789/864/789 482/519/482 480/517/480
f 789/863/789 788/862/788 790/865/790 791/866/791
f 789/864/789 791/867/791 792/868/792 482/519/482
f 792/868/792 791/867/791 793/869/793 794/870/794
f 792/868/792 794/870/794 795/871/795 485/522/485
f 792/868/792 485/522/485 483/520/483 482/519/482
f 795/871/795 794/870/794 796/872/796 797/873/797
f 795/871/795 797/873/797 798/874/798 489/526/489
f 795/871/795 489/526/489 486/523/486 485/522/485
f 798/874/798 494/531/494 490/527/490 489/526/489
f 798/874/798 797/873/797 799/875/799 800/876/800
f 798/874/798 800/876/800 801/877/801 494/531/494
f 801/877/801 499/536/499 495/532/495 494/531/494
f 801/877/801 800/876/800 802/878/802 803/879/803
f 801/877/801 803/879/803 804/880/804 499/536/499
f 804/880/804 504/541/504 500/537/500 499/536/499
f 804/880/804 803/879/803 805/881/805 806/882/806
f 804/880/804 806/882/806 807/883/807 504/541/504
f 807/883/807 509/546/509 505/542/505 504/541/504
f 807/883/807 806/882/806 808/884/808 809/885/809
f 807/883/807 809/885/809 810/886/810 509/546/509
f 810/886/810 514/551/514 510/547/510 509/546/509
f 810/887/810 809/888/809 811/889/811 812/890/812
f 810/887/810 812/890/812 813/891/813 514/892/514
f 813/891/813 519/558/519 515/557/515 514/892/514
f 813/891/813 812/890/812 814/893/814 815/894/815
f 813/891/813 815/894/815 816/895/816 519/558/519
f 816/895/816 524/564/524 520/559/520 519/558/519
f 816/895/816 815/894/815 817/896/817 818/897/818
f 816/895/816 818/897/818 819/898/819 524/564/524
f 819/898/819 529/569/529 525/565/525 524/564/524
f 819/898/819 818/897/818 820/899/820 821/900/821
f 819/898/819 821/900/821 822/901/822 529/569/529
f 822/901/822 534/574/534 530/570/530 529/569/529
f 822/901/822 821/900/821 823/902/823 824/903/824
f 822/901/822 824/903/824 825/904/825 534/574/534
f 825/904/825 539/579/539 535/575/535 534/574/534
f 825/904/825 824/903/824 826/905/826 827/906/827
f 825/904/825 827/906/827 828/907/828 539/579/539
f 828/907/828 544/584/544 540/580/540 539/579/539
f 828/907/828 827/906/827 829/908/829 830/909/830
f 828/907/828 830/909/830 831/910/831 544/584/544
f 831/910/831 549/589/549 545/585/545 544/584/544
f 831/910/831 830/909/830 832/911/832 833/912/833
f 831/910/831 833/912/833 834/913/834 549/589/549
f 834/913/834 554/594/554 550/590/550 549/589/549
f 834/913/834 833/912/833 835/914/835 836/915/836
f 834/913/834 836/915/836 837/916/837 554/594/554
f 837/916/837 559/599/559 555/595/555 554/594/554
f 837/916/837 836/915/836 838/917/838 839/918/839
f 837/916/837 839/918/839 840/919/840 559/599/559
f 840/919/840 564/604/564 560/600/560 559/599/559
f 840/919/840 839/918/839 841/920/841 842/921/842
f 840/919/840 842/921/842 843/922/843 564/604/564
f 843/922/843 569/609/569 565/605/565 564/604/564
f 843/922/843 842/921/842 844/923/844 845/924/845
f 843/922/843 845/924/845 846/925/846 569/609/569
f 846/925/846 574/614/574 570/610/570 569/609/569
f 846/926/846 845/927/845 847/928/847 848/929/848
f 846/926/846 848/929/848 849/930/849 574/931/574
f 849/930/849 579/621/579 575/620/575 574/931/574
f 849/930/849 848/929/848 850/932/850 851/933/851
f 849/930/849 851/933/851 852/934/852 579/621/579
f 852/934/852 584/627/584 580/622/580 579/621/579
f 852/934/852 851/933/851 853/935/853 854/936/854
f 852/934/852 854/936/854 855/937/855 584/627/584
f 855/937/855 589/632/589 585/628/585 584/627/584
f 855/937/855 854/936/854 856/938/856 857/939/857
f 855/937/855 857/939/857 858/940/858 589/632/589
f 858/940/858 594/637/594 590/633/590 589/632/589
f 858/940/858 857/939/857 859/941/859 860/942/860
f 858/940/858 860/942/860 861/943/861 594/637/594
f 861/943/861 599/642/599 595/638/595 594/637/594
f 861/943/861 860/942/860 862/944/862 863/945/863
f 861/943/861 863/945/863 864/946/864 599/642/599
f 864/946/864 604/647/604 600/643/600 599/642/599
f 864/946/864 863/945/863 865/947/865 866/948/866
f 864/946/864 866/948/866 867/949/867 604/647/604
f 867/949/867 609/652/609 605/648/605 604/647/604
f 867/949/867 866/948/866 868/950/868 869/951/869
f 867/949/867 869/951/869 611/654/611 609/652/609
f 869/951/869 868/950/868 870/952/870 871/953/871
f 869/951/869 871/953/871 613/656/613 611/654/611
f 871/953/871 870/952/870 872/954/872 873/955/873
f 871/953/871 873/955/873 615/658/615 613/656/613
f 873/955/873 872/954/872 874/956/874 875/957/875
f 873/955/873 875/957/875 876/958/876 615/658/615
f 876/958/876 619/662/619 616/659/616 615/658/615
f 876/958/876 875/957/875 877/959/877 49/33/49
f 876/958/876 49/33/49 46/30/46 619/662/619
f 877/959/877 875/957/875 874/956/874 878/960/878
f 877/959/877 878/960/878 879/961/879 880/962/880
f 877/959/877 880/962/880 47/31/47 49/33/49
f 880/962/880 879/961/879 881/963/881 882/964/882
f 880/962/880 882/964/882 48/32/48 47/31/47
f 882/964/882 881/963/881 883/965/883 884/966/884
f 882/964/882 884/966/884 885/967/885 48/32/48
f 885/967/885 886/968/886 44/28/44 48/32/48
f 885/967/885 884/966/884 887/969/887 888/970/888
f 885/967/885 888/970/888 889/971/889 886/968/886
f 889/971/889 623/666/623 622/665/622 886/968/886
f 889/972/889 888/973/888 890/974/890 891/975/891
f 889/972/889 891/975/891 892/976/892 623/977/623
f 892/976/892 626/671/626 624/670/624 623/977/623
f 892/976/892 891/975/891 893/978/893 894/979/894
f 892/976/892 894/979/894 895/980/895 626/671/626
f 895/980/895 630/677/630 627/672/627 626/671/626
f 895/980/895 894/979/894 896/981/896 897/982/897
f 895/980/895 897/982/897 898/983/898 630/677/630
f 898/983/898 633/680/633 631/678/631 630/677/630
f 898/983/898 897/982/897 899/984/899 900/985/900
f 898/983/898 900/985/900 635/682/635 633/680/633
f 900/985/900 899/984/899 901/986/901 902/987/902
f 900/985/900 902/987/902 903/988/903 635/682/635
f 903/988/903 638/686/638 636/683/636 635/682/635
f 903/988/903 902/987/902 904/989/904 905/990/905
f 903/988/903 905/990/905 640/689/640 638/686/638
f 905/990/905 904/989/904 906/991/906 907/992/907
f 905/990/905 907/992/907 642/692/642 640/689/640
f 907/992/907 906/991/906 908/993/908 909/994/909
f 907/992/907 909/994/909 644/695/644 642/692/642
f 909/994/909 908/993/908 910/995/910 911/996/911
f 909/994/909 911/996/911 646/698/646 644/695/644
f 911/997/911 910/998/910 912/999/912 913/1000/913
f 911/997/911 913/1000/913 914/1001/914 646/1002/646
f 914/1001/914 649/704/649 647/703/647 646/1002/646
f 914/1001/914 913/1000/913 915/1003/915 916/1004/916
f 914/1001/914 916/1004/916 917/1005/917 649/704/649
f 917/1005/917 652/1006/652 650/705/650 649/704/649
f 917/1005/917 916/1004/916 918/1007/918 919/1008/919
f 917/1005/917 919/1008/919 920/1009/920 652/1006/652
f 920/1010/920 655/711/655 653/709/653 652/708/652
f 920/1009/920 919/1008/919 921/1011/921 922/1012/922
f 920/1010/920 922/1013/922 923/1014/923 655/711/655
f 923/1014/923 658/714/658 656/712/656 655/711/655
f 923/1014/923 922/1013/922 924/1015/924 925/1016/925
f 923/1014/923 925/1016/925 660/716/660 658/714/658
f 925/1016/925 924/1015/924 926/1017/926 927/1018/927
f 925/1016/925 927/1018/927 662/718/662 660/716/660
f 927/1018/927 926/1017/926 928/1019/928 668/724/668
f 927/1018/927 668/724/668 664/720/664 662/718/662
f 928/1020/928 926/1021/926 929/1022/929 930/1023/930
f 928/1020/928 930/1023/930 931/1024/931 671/1025/671
f 928/1019/928 671/727/671 669/725/669 668/724/668
f 931/1024/931 930/1023/930 932/1026/932 933/1027/933
f 931/1024/931 933/1027/933 934/1028/934 935/1029/935
f 931/1024/931 935/1029/935 672/1030/672 671/1025/671
f 935/1029/935 934/1028/934 699/760/699 697/758/697
f 935/1029/935 697/758/697 673/757/673 672/1030/672
f 934/1028/934 933/1027/933 936/1031/936 937/1032/937
f 934/1028/934 937/1032/937 938/1033/938 699/760/699
f 938/1033/938 937/1032/937 939/1034/939 940/1035/940
f 938/1033/938 940/1035/940 941/1036/941 702/763/702
f 938/1033/938 702/763/702 700/761/700 699/760/699
f 941/1036/941 940/1035/940 942/1037/942 943/1038/943
f 941/1036/941 943/1038/943 709/773/709 707/770/707
f 941/1036/941 707/770/707 703/764/703 702/763/702
f 943/1038/943 942/1037/942 944/1039/944 945/1040/945
f 943/1038/943 945/1040/945 711/776/711 709/773/709
f 945/1040/945 944/1039/944 946/1041/946 947/1042/947
f 945/1040/945 947/1042/947 948/1043/948 711/776/711
f 948/1043/948 947/1042/947 949/1044/949 950/1045/950
f 948/1043/948 950/1045/950 951/1046/951 714/1047/714
f 948/1043/948 714/1047/714 712/777/712 711/776/711
f 951/1046/951 950/1045/950 952/1048/952 953/1049/953
f 951/1050/951 953/1051/953 954/1052/954 955/1053/955
f 951/1050/951 955/1053/955 715/781/715 714/780/714
f 955/1053/955 954/1052/954 956/1054/956 957/1055/957
f 955/1053/955 957/1055/957 716/782/716 715/781/715
f 957/1055/957 956/1054/956 729/795/729 958/1056/958
f 957/1055/957 958/1056/958 718/784/718 716/782/716
f 958/1056/958 729/795/729 727/793/727 726/792/726
f 958/1056/958 726/792/726 36/18/36 718/784/718
f 956/1054/956 954/1052/954 959/1057/959 732/798/732
f 956/1054/956 732/798/732 730/796/730 729/795/729
f 959/1057/959 954/1052/954 953/1051/953 960/1058/960
f 959/1057/959 960/1058/960 961/1059/961 735/801/735
f 959/1057/959 735/801/735 733/799/733 732/798/732
f 961/1060/961 960/1061/960 962/1062/962 963/1063/963
f 961/1060/961 963/1063/963 964/1064/964 738/1065/738
f 961/1059/961 738/804/738 736/802/736 735/801/735
f 964/1064/964 963/1063/963 965/1066/965 966/1067/966
f 964/1064/964 966/1067/966 967/1068/967 741/809/741
f 964/1064/964 741/809/741 739/808/739 738/1065/738
f 967/1068/967 966/1067/966 968/1069/968 969/1070/969
f 967/1068/967 969/1070/969 970/1071/970 744/813/744
f 967/1068/967 744/813/744 742/810/742 741/809/741
f 970/1071/970 969/1070/969 971/1072/971 972/1073/972
f 970/1071/970 972/1073/972 973/1074/973 747/816/747
f 970/1071/970 747/816/747 745/814/745 744/813/744
f 973/1074/973 972/1073/972 974/1075/974 975/1076/975
f 973/1074/973 975/1076/975 976/1077/976 750/819/750
f 973/1074/973 750/819/750 748/817/748 747/816/747
f 976/1077/976 975/1076/975 977/1078/977 978/1079/978
f 976/1077/976 978/1079/978 979/1080/979 753/822/753
f 976/1077/976 753/822/753 751/820/751 750/819/750
f 979/1080/979 978/1079/978 980/1081/980 981/1082/981
f 979/1080/979 981/1082/981 982/1083/982 756/825/756
f 979/1080/979 756/825/756 754/823/754 753/822/753
f 982/1083/982 981/1082/981 983/1084/983 984/1085/984
f 982/1083/982 984/1085/984 985/1086/985 759/828/759
f 982/1083/982 759/828/759 757/826/757 756/825/756
f 985/1086/985 984/1085/984 986/1087/986 987/1088/987
f 985/1086/985 987/1088/987 988/1089/988 762/831/762
f 985/1086/985 762/831/762 760/829/760 759/828/759
f 988/1089/988 987/1088/987 989/1090/989 990/1091/990
f 988/1089/988 990/1091/990 991/1092/991 765/834/765
f 988/1089/988 765/834/765 763/832/763 762/831/762
f 991/1092/991 990/1091/990 992/1093/992 993/1094/993
f 991/1092/991 993/1094/993 994/1095/994 768/837/768
f 991/1092/991 768/837/768 766/835/766 765/834/765
f 994/1095/994 993/1094/993 995/1096/995 996/1097/996
f 994/1095/994 996/1097/996 997/1098/997 771/840/771
f 994/1095/994 771/840/771 769/838/769 768/837/768
f 997/1098/997 996/1097/996 998/1099/998 999/1100/999
f 997/1098/997 999/1100/999 1000/1101/1000 774/843/774
f 997/1098/997 774/843/774 772/841/772 771/840/771
f 1000/1102/1000 999/1103/999 1001/1104/1001 1002/1105/1002
f 1000/1102/1000 1002/1105/1002 1003/1106/1003 777/1107/777
f 1000/1101/1000 777/846/777 775/844/775 774/843/774
f 1003/1106/1003 1002/1105/1002 1004/1108/1004 1005/1109/1005
f 1003/1106/1003 1005/1109/1005 1006/1110/1006 780/851/780
f 1003/1106/1003 780/851/780 778/850/778 777/1107/777
f 1006/1110/1006 1005/1109/1005 1007/1111/1007 1008/1112/1008
f 1006/1110/1006 1008/1112/1008 1009/1113/1009 1010/1114/1010
f 1006/1110/1006 1010/1114/1010 781/852/781 780/851/780
f 1010/1114/1010 1009/1113/1009 1011/1115/1011 1012/1116/1012
f 1010/1114/1010 1012/1116/1012 782/853/782 781/852/781
f 1012/1116/1012 1011/1115/1011 1013/1117/1013 1014/1118/1014
f 1012/1116/1012 1014/1118/1014 784/856/784 782/853/782
f 1014/1118/1014 1013/1117/1013 1015/1119/1015 1016/1120/1016
f 1014/1118/1014 1016/1120/1016 786/859/786 784/856/784
f 1016/1120/1016 1015/1119/1015 1017/1121/1017 1018/1122/1018
f 1016/1120/1016 1018/1122/1018 788/862/788 786/859/786
f 1018/1122/1018 1017/1121/1017 1019/1123/1019 1020/1124/1020
f 1018/1122/1018 1020/1124/1020 790/865/790 788/862/788
f 1020/1124/1020 1019/1123/1019 1021/1125/1021 1022/1126/1022
f 1020/1124/1020 1022/1126/1022 1023/1127/1023 790/865/790
f 1023/1127/1023 1022/1126/1022 1024/1128/1024 1025/1129/1025
f 1023/1127/1023 1025/1129/1025 1026/1130/1026 793/1131/793
f 1023/1127/1023 793/1131/793 791/866/791 790/865/790
f 1026/1130/1026 1025/1129/1025 1027/1132/1027 149/1133/149
f 1026/1134/1026 149/165/149 148/164/148 796/872/796
f 1026/1134/1026 796/872/796 794/870/794 793/869/793
f 1027/1132/1027 1025/1129/1025 1024/1128/1024 1028/1135/1028
f 1027/1132/1027 1028/1135/1028 1029/1136/1029 1030/1137/1030
f 1027/1132/1027 1030/1137/1030 150/1138/150 149/1133/149
f 1030/1137/1030 1029/1136/1029 1031/1139/1031 1032/1140/1032
f 1030/1137/1030 1032/1140/1032 1033/1141/1033 150/1138/150
f 1033/1141/1033 1032/1140/1032 1034/1142/1034 1035/1143/1035
f 1033/1144/1033 1035/1145/1035 1036/1146/1036 1037/1147/1037
f 1033/1144/1033 1037/1147/1037 151/166/151 150/168/150
f 1037/1147/1037 1036/1146/1036 1038/1148/1038 1039/1149/1039
f 1037/1147/1037 1039/1149/1039 1040/1150/1040 151/166/151
f 1040/1150/1040 1041/1151/1041 152/167/152 151/166/151
f 1040/1152/1040 1039/1153/1039 1042/1154/1042 1043/1155/1043
f 1040/1152/1040 1043/1155/1043 1044/1156/1044 1041/1157/1041
f 1044/1156/1044 1045/1158/1045 1046/1159/1046 1041/1157/1041
f 1044/1156/1044 1043/1155/1043 1047/1160/1047 1048/1161/1048
f 1044/1156/1044 1048/1161/1048 1049/1162/1049 1045/1158/1045
f 1049/1162/1049 1050/1163/1050 1051/1164/1051 1045/1158/1045
f 1049/1162/1049 1048/1161/1048 1052/1165/1052 1053/1166/1053
f 1049/1162/1049 1053/1166/1053 1054/1167/1054 1050/1163/1050
f 1054/1167/1054 1055/1168/1055 1056/1169/1056 1050/1163/1050
f 1054/1167/1054 1053/1166/1053 1057/1170/1057 1058/1171/1058
f 1054/1167/1054 1058/1171/1058 1059/1172/1059 1055/1168/1055
f 1059/1172/1059 1060/1173/1060 1061/1174/1061 1055/1168/1055
f 1059/1172/1059 1058/1171/1058 1062/1175/1062 1063/1176/1063
f 1059/1172/1059 1063/1176/1063 1064/1177/1064 1060/1173/1060
f 1064/1177/1064 1065/1178/1065 1066/1179/1066 1060/1173/1060
f 1064/1177/1064 1063/1176/1063 1067/1180/1067 1068/1181/1068
f 1064/1177/1064 1068/1181/1068 1069/1182/1069 1065/1178/1065
f 1069/1182/1069 1070/1183/1070 1071/1184/1071 1065/1178/1065
f 1069/1182/1069 1068/1181/1068 1072/1185/1072 1073/1186/1073
f 1069/1182/1069 1073/1186/1073 1074/1187/1074 1070/1183/1070
f 1074/1187/1074 1075/1188/1075 1076/1189/1076 1070/1183/1070
f 1074/1187/1074 1073/1186/1073 1077/1190/1077 1078/1191/1078
f 1074/1187/1074 1078/1191/1078 1079/1192/1079 1075/1188/1075
f 1079/1192/1079 1080/1193/1080 1081/1194/1081 1075/1188/1075
f 1079/1192/1079 1078/1191/1078 1082/1195/1082 1083/1196/1083
f 1079/1192/1079 1083/1196/1083 1084/1197/1084 1080/1193/1080
f 1084/1197/1084 1085/1198/1085 1086/1199/1086 1080/1193/1080
f 1084/1197/1084 1083/1196/1083 1087/1200/1087 1088/1201/1088
f 1084/1197/1084 1088/1201/1088 1089/1202/1089 1085/1198/1085
f 1089/1202/1089 1090/1203/1090 1091/1204/1091 1085/1198/1085
f 1089/1202/1089 1088/1201/1088 1092/1205/1092 1093/1206/1093
f 1089/1202/1089 1093/1206/1093 1094/1207/1094 1090/1203/1090
f 1094/1207/1094 1095/1208/1095 1096/1209/1096 1090/1203/1090
f 1094/1207/1094 1093/1206/1093 1097/1210/1097 1098/1211/1098
f 1094/1207/1094 1098/1211/1098 1099/1212/1099 1095/1208/1095
f 1099/1212/1099 1100/1213/1100 1101/1214/1101 1095/1208/1095
f 1099/1215/1099 1098/1216/1098 1102/1217/1102 1103/1218/1103
f 1099/1215/1099 1103/1218/1103 1104/1219/1104 1100/1220/1100
f 1104/1219/1104 1105/1221/1105 1106/1222/1106 1100/1220/1100
f 1104/1219/1104 1103/1218/1103 1107/1223/1107 1108/1224/1108
f 1104/1219/1104 1108/1224/1108 1109/1225/1109 1105/1221/1105
f 1109/1225/1109 1110/1226/1110 1111/1227/1111 1105/1221/1105
f 1109/1225/1109 1108/1224/1108 1112/1228/1112 1113/1229/1113
f 1109/1225/1109 1113/1229/1113 1114/1230/1114 1110/1226/1110
f 1114/1230/1114 1115/1231/1115 1116/1232/1116 1110/1226/1110
f 1114/1230/1114 1113/1229/1113 1117/1233/1117 1118/1234/1118
f 1114/1230/1114 1118/1234/1118 1119/1235/1119 1115/1231/1115
f 1119/1235/1119 1120/1236/1120 1121/1237/1121 1115/1231/1115
f 1119/1235/1119 1118/1234/1118 1122/1238/1122 1123/1239/1123
f 1119/1235/1119 1123/1239/1123 1124/1240/1124 1120/1236/1120
f 1124/1240/1124 1125/1241/1125 1126/1242/1126 1120/1236/1120
f 1124/1240/1124 1123/1239/1123 1127/1243/1127 1128/1244/1128
f 1124/1240/1124 1128/1244/1128 1129/1245/1129 1125/1241/1125
f 1129/1245/1129 1130/1246/1130 1131/1247/1131 1125/1241/1125
f 1129/1245/1129 1128/1244/1128 1132/1248/1132 1133/1249/1133
f 1129/1245/1129 1133/1249/1133 1134/1250/1134 1130/1246/1130
f 1134/1250/1134 1135/1251/1135 1136/1252/1136 1130/1246/1130
f 1134/1250/1134 1133/1249/1133 1137/1253/1137 1138/1254/1138
f 1134/1250/1134 1138/1254/1138 1139/1255/1139 1135/1251/1135
f 1139/1255/1139 1140/1256/1140 1141/1257/1141 1135/1251/1135
f 1139/1255/1139 1138/1254/1138 1142/1258/1142 1143/1259/1143
f 1139/1255/1139 1143/1259/1143 1144/1260/1144 1140/1256/1140
f 1144/1260/1144 1145/1261/1145 1146/1262/1146 1140/1256/1140
f 1144/1260/1144 1143/1259/1143 1147/1263/1147 1148/1264/1148
f 1144/1260/1144 1148/1264/1148 1149/1265/1149 1145/1261/1145
f 1149/1265/1149 1150/1266/1150 1151/1267/1151 1145/1261/1145
f 1149/1265/1149 1148/1264/1148 1152/1268/1152 1153/1269/1153
f 1149/1265/1149 1153/1269/1153 1154/1270/1154 1150/1266/1150
f 1154/1270/1154 1155/1271/1155 1156/1272/1156 1150/1266/1150
f 1154/1270/1154 1153/1269/1153 1157/1273/1157 1158/1274/1158
f 1154/1270/1154 1158/1274/1158 1159/1275/1159 1155/1271/1155
f 1159/1275/1159 878/960/878 874/956/874 1155/1271/1155
f 1159/1275/1159 1158/1274/1158 1160/1276/1160 1161/1277/1161
f 1159/1275/1159 1161/1277/1161 879/961/879 878/960/878
f 1161/1277/1161 1160/1276/1160 1162/1278/1162 1163/1279/1163
f 1161/1277/1161 1163/1279/1163 881/963/881 879/961/879
f 1163/1279/1163 1162/1278/1162 1164/1280/1164 1165/1281/1165
f 1163/1279/1163 1165/1281/1165 883/965/883 881/963/881
f 1165/1281/1165 1164/1280/1164 1166/1282/1166 1167/1283/1167
f 1165/1281/1165 1167/1283/1167 1168/1284/1168 883/965/883
f 1168/1284/1168 887/969/887 884/966/884 883/965/883
f 1168/1285/1168 1167/1286/1167 1169/1287/1169 1170/1288/1170
f 1168/1285/1168 1170/1288/1170 1171/1289/1171 887/1290/887
f 1171/1289/1171 890/974/890 888/973/888 887/1290/887
f 1171/1289/1171 1170/1288/1170 1172/1291/1172 1173/1292/1173
f 1171/1289/1171 1173/1292/1173 1174/1293/1174 890/974/890
f 1174/1293/1174 893/978/893 891/975/891 890/974/890
f 1174/1293/1174 1173/1292/1173 1175/1294/1175 1176/1295/1176
f 1174/1293/1174 1176/1295/1176 1177/1296/1177 893/978/893
f 1177/1296/1177 896/981/896 894/979/894 893/978/893
f 1177/1296/1177 1176/1295/1176 1178/1297/1178 1179/1298/1179
f 1177/1296/1177 1179/1298/1179 1180/1299/1180 896/981/896
f 1180/1299/1180 899/984/899 897/982/897 896/981/896
f 1180/1299/1180 1179/1298/1179 1181/1300/1181 1182/1301/1182
f 1180/1299/1180 1182/1301/1182 901/986/901 899/984/899
f 1182/1301/1182 1181/1300/1181 1183/1302/1183 1184/1303/1184
f 1182/1301/1182 1184/1303/1184 1185/1304/1185 901/986/901
f 1185/1304/1185 904/989/904 902/987/902 901/986/901
f 1185/1304/1185 1184/1303/1184 1186/1305/1186 1187/1306/1187
f 1185/1304/1185 1187/1306/1187 906/991/906 904/989/904
f 1187/1306/1187 1186/1305/1186 1188/1307/1188 1189/1308/1189
f 1187/1306/1187 1189/1308/1189 908/993/908 906/991/906
f 1189/1308/1189 1188/1307/1188 1190/1309/1190 1191/1310/1191
f 1189/1308/1189 1191/1310/1191 910/995/910 908/993/908
f 1191/1311/1191 1190/1312/1190 1192/1313/1192 1193/1314/1193
f 1191/1311/1191 1193/1314/1193 912/999/912 910/998/910
f 1193/1314/1193 1192/1313/1192 1194/1315/1194 1195/1316/1195
f 1193/1314/1193 1195/1316/1195 1196/1317/1196 912/999/912
f 1196/1317/1196 915/1003/915 913/1000/913 912/999/912
f 1196/1317/1196 1195/1316/1195 1197/1318/1197 1198/1319/1198
f 1196/1317/1196 1198/1319/1198 1199/1320/1199 915/1003/915
f 1199/1320/1199 918/1007/918 916/1004/916 915/1003/915
f 1199/1320/1199 1198/1319/1198 1200/1321/1200 1201/1322/1201
f 1199/1320/1199 1201/1322/1201 1202/1323/1202 918/1007/918
f 1202/1323/1202 921/1011/921 919/1008/919 918/1007/918
f 1202/1323/1202 1201/1322/1201 1203/1324/1203 1204/1325/1204
f 1202/1323/1202 1204/1325/1204 1205/1326/1205 921/1011/921
f 1205/1326/1205 924/1327/924 922/1012/922 921/1011/921
f 1205/1326/1205 1204/1325/1204 1206/1328/1206 929/1022/929
f 1205/1326/1205 929/1022/929 926/1021/926 924/1327/924
f 1206/1328/1206 1204/1325/1204 1203/1324/1203 1207/1329/1207
f 1206/1328/1206 1207/1329/1207 1208/1330/1208 932/1026/932
f 1206/1328/1206 932/1026/932 930/1023/930 929/1022/929
f 1208/1330/1208 1207/1329/1207 1209/1331/1209 1210/1332/1210
f 1208/1330/1208 1210/1332/1210 1211/1333/1211 936/1031/936
f 1208/1330/1208 936/1031/936 933/1027/933 932/1026/932
f 1211/1333/1211 1210/1332/1210 1212/1334/1212 1213/1335/1213
f 1211/1333/1211 1213/1335/1213 1214/1336/1214 939/1034/939
f 1211/1333/1211 939/1034/939 937/1032/937 936/1031/936
f 1214/1336/1214 1213/1335/1213 1215/1337/1215 1216/1338/1216
f 1214/1336/1214 1216/1338/1216 944/1039/944 942/1037/942
f 1214/1336/1214 942/1037/942 940/1035/940 939/1034/939
f 1216/1338/1216 1215/1337/1215 1217/1339/1217 1218/1340/1218
f 1216/1338/1216 1218/1340/1218 946/1041/946 944/1039/944
f 1218/1340/1218 1217/1339/1217 1219/1341/1219 1220/1342/1220
f 1218/1340/1218 1220/1342/1220 1221/1343/1221 946/1041/946
f 1221/1343/1221 1220/1342/1220 1222/1344/1222 1223/1345/1223
f 1221/1343/1221 1223/1345/1223 1224/1346/1224 949/1044/949
f 1221/1343/1221 949/1044/949 947/1042/947 946/1041/946
f 1224/1346/1224 1223/1345/1223 1225/1347/1225 1226/1348/1226
f 1224/1346/1224 1226/1348/1226 962/1062/962 952/1048/952
f 1224/1346/1224 952/1048/952 950/1045/950 949/1044/949
f 1226/1348/1226 1225/1347/1225 1227/1349/1227 965/1066/965
f 1226/1348/1226 965/1066/965 963/1063/963 962/1062/962
f 1227/1349/1227 1225/1347/1225 1228/1350/1228 1229/1351/1229
f 1227/1349/1227 1229/1351/1229 1230/1352/1230 968/1069/968
f 1227/1349/1227 968/1069/968 966/1067/966 965/1066/965
f 1230/1352/1230 1229/1351/1229 1231/1353/1231 1232/1354/1232
f 1230/1352/1230 1232/1354/1232 1233/1355/1233 971/1072/971
f 1230/1352/1230 971/1072/971 969/1070/969 968/1069/968
f 1233/1355/1233 1232/1354/1232 1234/1356/1234 1235/1357/1235
f 1233/1355/1233 1235/1357/1235 1236/1358/1236 974/1075/974
f 1233/1355/1233 974/1075/974 972/1073/972 971/1072/971
f 1236/1358/1236 1235/1357/1235 1237/1359/1237 1238/1360/1238
f 1236/1358/1236 1238/1360/1238 1239/1361/1239 977/1078/977
f 1236/1358/1236 977/1078/977 975/1076/975 974/1075/974
f 1239/1361/1239 1238/1360/1238 1240/1362/1240 1241/1363/1241
f 1239/1361/1239 1241/1363/1241 1242/1364/1242 980/1081/980
f 1239/1361/1239 980/1081/980 978/1079/978 977/1078/977
f 1242/1364/1242 1241/1363/1241 1243/1365/1243 1244/1366/1244
f 1242/1364/1242 1244/1366/1244 1245/1367/1245 983/1084/983
f 1242/1364/1242 983/1084/983 981/1082/981 980/1081/980
f 1245/1367/1245 1244/1366/1244 1246/1368/1246 1247/1369/1247
f 1245/1367/1245 1247/1369/1247 1248/1370/1248 986/1087/986
f 1245/1367/1245 986/1087/986 984/1085/984 983/1084/983
f 1248/1370/1248 1247/1369/1247 1249/1371/1249 1250/1372/1250
f 1248/1370/1248 1250/1372/1250 1251/1373/1251 989/1090/989
f 1248/1370/1248 989/1090/989 987/1088/987 986/1087/986
f 1251/1373/1251 1250/1372/1250 1252/1374/1252 1253/1375/1253
f 1251/1373/1251 1253/1375/1253 1254/1376/1254 992/1093/992
f 1251/1373/1251 992/1093/992 990/1091/990 989/1090/989
f 1254/1376/1254 1253/1375/1253 1255/1377/1255 1256/1378/1256
f 1254/1376/1254 1256/1378/1256 1257/1379/1257 995/1096/995
f 1254/1376/1254 995/1096/995 993/1094/993 992/1093/992
f 1257/1380/1257 1256/1381/1256 1258/1382/1258 1259/1383/1259
f 1257/1380/1257 1259/1383/1259 1260/1384/1260 998/1385/998
f 1257/1379/1257 998/1099/998 996/1097/996 995/1096/995
f 1260/1384/1260 1259/1383/1259 1261/1386/1261 1262/1387/1262
f 1260/1384/1260 1262/1387/1262 1263/1388/1263 1001/1104/1001
f 1260/1384/1260 1001/1104/1001 999/1103/999 998/1385/998
f 1263/1388/1263 1262/1387/1262 1264/1389/1264 1265/1390/1265
f 1263/1388/1263 1265/1390/1265 1266/1391/1266 1004/1108/1004
f 1263/1388/1263 1004/1108/1004 1002/1105/1002 1001/1104/1001
f 1266/1391/1266 1265/1390/1265 1267/1392/1267 1268/1393/1268
f 1266/1391/1266 1268/1393/1268 1269/1394/1269 1007/1111/1007
f 1266/1391/1266 1007/1111/1007 1005/1109/1005 1004/1108/1004
f 1269/1394/1269 1268/1393/1268 1270/1395/1270 1271/1396/1271
f 1269/1394/1269 1271/1396/1271 1272/1397/1272 1273/1398/1273
f 1269/1394/1269 1273/1398/1273 1008/1112/1008 1007/1111/1007
f 1273/1398/1273 1272/1397/1272 1274/1399/1274 1275/1400/1275
f 1273/1398/1273 1275/1400/1275 1009/1113/1009 1008/1112/1008
f 1275/1400/1275 1274/1399/1274 1276/1401/1276 1277/1402/1277
f 1275/1400/1275 1277/1402/1277 1011/1115/1011 1009/1113/1009
f 1277/1402/1277 1276/1401/1276 1278/1403/1278 1279/1404/1279
f 1277/1402/1277 1279/1404/1279 1013/1117/1013 1011/1115/1011
f 1279/1404/1279 1278/1403/1278 1280/1405/1280 1281/1406/1281
f 1279/1404/1279 1281/1406/1281 1015/1119/1015 1013/1117/1013
f 1281/1406/1281 1280/1405/1280 1282/1407/1282 1283/1408/1283
f 1281/1406/1281 1283/1408/1283 1017/1121/1017 1015/1119/1015
f 1283/1408/1283 1282/1407/1282 1284/1409/1284 1285/1410/1285
f 1283/1408/1283 1285/1410/1285 1019/1123/1019 1017/1121/1017
f 1285/1410/1285 1284/1409/1284 1286/1411/1286 1287/1412/1287
f 1285/1410/1285 1287/1412/1287 1021/1125/1021 1019/1123/1019
f 1287/1412/1287 1286/1411/1286 1288/1413/1288 1289/1414/1289
f 1287/1412/1287 1289/1414/1289 1290/1415/1290 1021/1125/1021
f 1290/1415/1290 1289/1414/1289 1291/1416/1291 1292/1417/1292
f 1290/1415/1290 1292/1417/1292 1028/1135/1028 1024/1128/1024
f 1290/1415/1290 1024/1128/1024 1022/1126/1022 1021/1125/1021
f 1292/1417/1292 1291/1416/1291 1293/1418/1293 1294/1419/1294
f 1292/1417/1292 1294/1419/1294 1029/1136/1029 1028/1135/1028
f 1294/1419/1294 1293/1418/1293 1295/1420/1295 1296/1421/1296
f 1294/1419/1294 1296/1421/1296 1031/1139/1031 1029/1136/1029
f 1296/1421/1296 1295/1420/1295 1297/1422/1297 1298/1423/1298
f 1296/1421/1296 1298/1423/1298 1299/1424/1299 1031/1139/1031
f 1299/1424/1299 1298/1423/1298 145/1425/145 144/1426/144
f 1299/1424/1299 144/1426/144 146/1427/146 1034/1142/1034
f 1299/1424/1299 1034/1142/1034 1032/1140/1032 1031/1139/1031
f 1298/1423/1298 1297/1422/1297 1300/1428/1300 145/1425/145
f 1300/1428/1300 1297/1422/1297 1301/1429/1301 1302/1430/1302
f 1300/1431/1300 1302/1432/1302 1303/1433/1303 1304/1434/1304
f 1300/1431/1300 1304/1434/1304 141/156/141 145/160/145
f 1304/1434/1304 1303/1433/1303 1305/1435/1305 1306/1436/1306
f 1304/1434/1304 1306/1436/1306 142/157/142 141/156/141
f 1306/1436/1306 1307/1437/1307 1308/1438/1308 142/157/142
f 1306/1436/1306 1305/1435/1305 1309/1439/1309 1307/1437/1307
f 1309/1439/1309 1310/1440/1310 1311/1441/1311 1307/1437/1307
f 1309/1439/1309 1305/1435/1305 1312/1442/1312 1313/1443/1313
f 1309/1439/1309 1313/1443/1313 1314/1444/1314 1310/1440/1310
f 1314/1444/1314 1315/1445/1315 1316/1446/1316 1310/1440/1310
f 1314/1444/1314 1313/1443/1313 1317/1447/1317 1318/1448/1318
f 1314/1444/1314 1318/1448/1318 1319/1449/1319 1315/1445/1315
f 1319/1449/1319 1320/1450/1320 1321/1451/1321 1315/1445/1315
f 1319/1449/1319 1318/1448/1318 1322/1452/1322 1323/1453/1323
f 1319/1449/1319 1323/1453/1323 1324/1454/1324 1320/1450/1320
f 1324/1454/1324 1325/1455/1325 1326/1456/1326 1320/1450/1320
f 1324/1454/1324 1323/1453/1323 1327/1457/1327 1328/1458/1328
f 1324/1454/1324 1328/1458/1328 134/143/134 1325/1455/1325
f 1328/1458/1328 1329/1459/1329 129/144/129 134/143/134
f 1328/1458/1328 1327/1457/1327 1330/1460/1330 1329/1459/1329
f 1330/1461/1330 1331/1462/1331 1332/1463/1332 1329/1464/1329
f 1330/1460/1330 1327/1457/1327 1333/1465/1333 1334/1466/1334
f 1330/1461/1330 1334/1467/1334 1335/1468/1335 1331/1462/1331
f 1335/1468/1335 1336/1469/1336 1337/1470/1337 1331/1462/1331
f 1335/1468/1335 1334/1467/1334 1338/1471/1338 1339/1472/1339
f 1335/1468/1335 1339/1472/1339 1340/1473/1340 1336/1469/1336
f 1340/1473/1340 1341/1474/1341 1342/1475/1342 1336/1469/1336
f 1340/1473/1340 1339/1472/1339 1343/1476/1343 1344/1477/1344
f 1340/1473/1340 1344/1477/1344 1345/1478/1345 1341/1474/1341
f 1345/1478/1345 1346/1479/1346 1347/1480/1347 1341/1474/1341
f 1345/1478/1345 1344/1477/1344 1348/1481/1348 1349/1482/1349
f 1345/1478/1345 1349/1482/1349 1350/1483/1350 1346/1479/1346
f 1350/1483/1350 1351/1484/1351 1352/1485/1352 1346/1479/1346
f 1350/1486/1350 1349/1487/1349 1353/1488/1353 1354/1489/1354
f 1350/1486/1350 1354/1489/1354 1355/1490/1355 1351/1491/1351
f 1355/1490/1355 1356/1492/1356 1357/1493/1357 1351/1491/1351
f 1355/1490/1355 1354/1489/1354 1358/1494/1358 1359/1495/1359
f 1355/1490/1355 1359/1495/1359 1360/1496/1360 1356/1492/1356
f 1360/1496/1360 1361/1497/1361 1362/1498/1362 1356/1492/1356
f 1360/1496/1360 1359/1495/1359 1363/1499/1363 1364/1500/1364
f 1360/1496/1360 1364/1500/1364 1365/1501/1365 1361/1497/1361
f 1365/1501/1365 1366/1502/1366 1367/1503/1367 1361/1497/1361
f 1365/1501/1365 1364/1500/1364 1286/1411/1286 1284/1409/1284
f 1365/1501/1365 1284/1409/1284 1282/1407/1282 1366/1502/1366
f 1367/1503/1367 1368/1504/1368 1369/1505/1369 1370/1506/1370
f 1367/1503/1367 1370/1506/1370 1362/1498/1362 1361/1497/1361
f 1367/1503/1367 1366/1502/1366 1371/1507/1371 1368/1504/1368
f 1371/1507/1371 1372/1508/1372 1373/1509/1373 1368/1504/1368
f 1371/1507/1371 1366/1502/1366 1282/1407/1282 1280/1405/1280
f 1371/1507/1371 1280/1405/1280 1278/1403/1278 1372/1508/1372
f 1373/1509/1373 1374/1510/1374 1375/1511/1375 1376/1512/1376
f 1373/1509/1373 1376/1512/1376 1369/1505/1369 1368/1504/1368
f 1373/1509/1373 1372/1508/1372 1377/1513/1377 1374/1510/1374
f 1377/1513/1377 1378/1514/1378 1379/1515/1379 1374/1510/1374
f 1377/1513/1377 1372/1508/1372 1278/1403/1278 1276/1401/1276
f 1377/1513/1377 1276/1401/1276 1274/1399/1274 1378/1514/1378
f 1379/1515/1379 1380/1516/1380 1381/1517/1381 1382/1518/1382
f 1379/1515/1379 1382/1518/1382 1375/1511/1375 1374/1510/1374
f 1379/1515/1379 1378/1514/1378 1383/1519/1383 1380/1516/1380
f 1383/1519/1383 1384/1520/1384 1385/1521/1385 1380/1516/1380
f 1383/1519/1383 1378/1514/1378 1274/1399/1274 1272/1397/1272
f 1383/1519/1383 1272/1397/1272 1271/1396/1271 1384/1520/1384
f 1385/1521/1385 1386/1522/1386 1387/1523/1387 1388/1524/1388
f 1385/1521/1385 1388/1524/1388 1381/1517/1381 1380/1516/1380
f 1385/1521/1385 1384/1520/1384 1389/1525/1389 1386/1522/1386
f 1389/1525/1389 1390/1526/1390 1391/1527/1391 1386/1522/1386
f 1389/1525/1389 1384/1520/1384 1271/1396/1271 1270/1395/1270
f 1389/1525/1389 1270/1395/1270 1392/1528/1392 1390/1526/1390
f 1392/1528/1392 1393/1529/1393 1394/1530/1394 1390/1526/1390
f 1392/1528/1392 1270/1395/1270 1268/1393/1268 1267/1392/1267
f 1392/1528/1392 1267/1392/1267 1395/1531/1395 1393/1529/1393
f 1395/1531/1395 1396/1532/1396 1397/1533/1397 1393/1529/1393
f 1395/1531/1395 1267/1392/1267 1265/1390/1265 1264/1389/1264
f 1395/1531/1395 1264/1389/1264 1398/1534/1398 1396/1532/1396
f 1398/1534/1398 1399/1535/1399 1400/1536/1400 1396/1532/1396
f 1398/1534/1398 1264/1389/1264 1262/1387/1262 1261/1386/1261
f 1398/1534/1398 1261/1386/1261 1401/1537/1401 1399/1535/1399
f 1401/1537/1401 1402/1538/1402 1403/1539/1403 1399/1535/1399
f 1401/1537/1401 1261/1386/1261 1259/1383/1259 1258/1382/1258
f 1401/1537/1401 1258/1382/1258 1404/1540/1404 1402/1538/1402
f 1404/1540/1404 1405/1541/1405 1406/1542/1406 1402/1538/1402
f 1404/1540/1404 1258/1382/1258 1256/1381/1256 1255/1543/1255
f 1404/1540/1404 1255/1543/1255 1407/1544/1407 1405/1541/1405
f 1407/1544/1407 1408/1545/1408 1409/1546/1409 1405/1541/1405
f 1407/1547/1407 1255/1377/1255 1253/1375/1253 1252/1374/1252
f 1407/1547/1407 1252/1374/1252 1410/1548/1410 1408/1549/1408
f 1410/1548/1410 1411/1550/1411 1412/1551/1412 1408/1549/1408
f 1410/1548/1410 1252/1374/1252 1250/1372/1250 1249/1371/1249
f 1410/1548/1410 1249/1371/1249 1413/1552/1413 1411/1550/1411
f 1413/1552/1413 1414/1553/1414 1415/1554/1415 1411/1550/1411
f 1413/1552/1413 1249/1371/1249 1247/1369/1247 1246/1368/1246
f 1413/1552/1413 1246/1368/1246 1416/1555/1416 1414/1553/1414
f 1416/1555/1416 1417/1556/1417 1418/1557/1418 1414/1553/1414
f 1416/1555/1416 1246/1368/1246 1244/1366/1244 1243/1365/1243
f 1416/1555/1416 1243/1365/1243 1419/1558/1419 1417/1556/1417
f 1419/1558/1419 1420/1559/1420 1421/1560/1421 1417/1556/1417
f 1419/1558/1419 1243/1365/1243 1241/1363/1241 1240/1362/1240
f 1419/1558/1419 1240/1362/1240 1422/1561/1422 1420/1559/1420
f 1422/1561/1422 1423/1562/1423 1424/1563/1424 1420/1559/1420
f 1422/1561/1422 1240/1362/1240 1238/1360/1238 1237/1359/1237
f 1422/1561/1422 1237/1359/1237 1425/1564/1425 1423/1562/1423
f 1425/1564/1425 1426/1565/1426 1427/1566/1427 1423/1562/1423
f 1425/1564/1425 1237/1359/1237 1235/1357/1235 1234/1356/1234
f 1425/1564/1425 1234/1356/1234 1428/1567/1428 1426/1565/1426
f 1428/1567/1428 1429/1568/1429 1430/1569/1430 1426/1565/1426
f 1428/1567/1428 1234/1356/1234 1232/1354/1232 1231/1353/1231
f 1428/1567/1428 1231/1353/1231 1431/1570/1431 1429/1568/1429
f 1431/1570/1431 1432/1571/1432 1433/1572/1433 1429/1568/1429
f 1431/1570/1431 1231/1353/1231 1229/1351/1229 1228/1350/1228
f 1431/1570/1431 1228/1350/1228 1222/1344/1222 1432/1571/1432
f 1433/1572/1433 1434/1573/1434 1435/1574/1435 1436/1575/1436
f 1433/1572/1433 1436/1575/1436 1430/1569/1430 1429/1568/1429
f 1433/1572/1433 1432/1571/1432 1219/1341/1219 1434/1573/1434
f 1436/1575/1436 1435/1574/1435 1437/1576/1437 1438/1577/1438
f 1436/1575/1436 1438/1577/1438 1439/1578/1439 1430/1569/1430
f 1439/1578/1439 1438/1577/1438 1440/1579/1440 1441/1580/1441
f 1439/1578/1439 1441/1580/1441 1442/1581/1442 1427/1566/1427
f 1439/1578/1439 1427/1566/1427 1426/1565/1426 1430/1569/1430
f 1442/1581/1442 1441/1580/1441 1443/1582/1443 1444/1583/1444
f 1442/1581/1442 1444/1583/1444 1445/1584/1445 1424/1563/1424
f 1442/1581/1442 1424/1563/1424 1423/1562/1423 1427/1566/1427
f 1445/1584/1445 1444/1583/1444 1446/1585/1446 1447/1586/1447
f 1445/1584/1445 1447/1586/1447 1448/1587/1448 1421/1560/1421
f 1445/1584/1445 1421/1560/1421 1420/1559/1420 1424/1563/1424
f 1448/1587/1448 1447/1586/1447 1449/1588/1449 1450/1589/1450
f 1448/1587/1448 1450/1589/1450 1451/1590/1451 1418/1557/1418
f 1448/1587/1448 1418/1557/1418 1417/1556/1417 1421/1560/1421
f 1451/1590/1451 1450/1589/1450 1452/1591/1452 1453/1592/1453
f 1451/1590/1451 1453/1592/1453 1454/1593/1454 1415/1554/1415
f 1451/1590/1451 1415/1554/1415 1414/1553/1414 1418/1557/1418
f 1454/1594/1454 1453/1595/1453 1455/1596/1455 1456/1597/1456
f 1454/1594/1454 1456/1597/1456 1457/1598/1457 1412/1599/1412
f 1454/1593/1454 1412/1551/1412 1411/1550/1411 1415/1554/1415
f 1457/1598/1457 1456/1597/1456 1458/1600/1458 1459/1601/1459
f 1457/1598/1457 1459/1601/1459 1460/1602/1460 1409/1546/1409
f 1457/1598/1457 1409/1546/1409 1408/1545/1408 1412/1599/1412
f 1460/1602/1460 1459/1601/1459 1461/1603/1461 1462/1604/1462
f 1460/1602/1460 1462/1604/1462 1463/1605/1463 1406/1542/1406
f 1460/1602/1460 1406/1542/1406 1405/1541/1405 1409/1546/1409
f 1463/1605/1463 1462/1604/1462 1464/1606/1464 1465/1607/1465
f 1463/1605/1463 1465/1607/1465 1466/1608/1466 1403/1539/1403
f 1463/1605/1463 1403/1539/1403 1402/1538/1402 1406/1542/1406
f 1466/1608/1466 1465/1607/1465 1467/1609/1467 1468/1610/1468
f 1466/1608/1466 1468/1610/1468 1469/1611/1469 1400/1536/1400
f 1466/1608/1466 1400/1536/1400 1399/1535/1399 1403/1539/1403
f 1469/1611/1469 1468/1610/1468 1470/1612/1470 1471/1613/1471
f 1469/1611/1469 1471/1613/1471 1472/1614/1472 1397/1533/1397
f 1469/1611/1469 1397/1533/1397 1396/1532/1396 1400/1536/1400
f 1472/1614/1472 1471/1613/1471 1473/1615/1473 1474/1616/1474
f 1472/1614/1472 1474/1616/1474 1475/1617/1475 1394/1530/1394
f 1472/1614/1472 1394/1530/1394 1393/1529/1393 1397/1533/1397
f 1475/1617/1475 1474/1616/1474 1476/1618/1476 1477/1619/1477
f 1475/1617/1475 1477/1619/1477 1478/1620/1478 1391/1527/1391
f 1475/1617/1475 1391/1527/1391 1390/1526/1390 1394/1530/1394
f 1478/1620/1478 1477/1619/1477 1479/1621/1479 1480/1622/1480
f 1478/1620/1478 1480/1622/1480 1481/1623/1481 1387/1523/1387
f 1478/1620/1478 1387/1523/1387 1386/1522/1386 1391/1527/1391
f 1481/1624/1481 1480/1625/1480 1482/1626/1482 1483/1627/1483
f 1481/1624/1481 1483/1627/1483 1484/1628/1484 1485/1629/1485
f 1481/1623/1481 1485/1630/1485 1388/1524/1388 1387/1523/1387
f 1485/1629/1485 1484/1628/1484 1486/1631/1486 1487/1632/1487
f 1485/1630/1485 1487/1633/1487 1381/1517/1381 1388/1524/1388
f 1487/1632/1487 1486/1631/1486 1488/1634/1488 1489/1635/1489
f 1487/1633/1487 1489/1636/1489 1382/1518/1382 1381/1517/1381
f 1489/1635/1489 1488/1634/1488 1490/1637/1490 1491/1638/1491
f 1489/1636/1489 1491/1639/1491 1375/1511/1375 1382/1518/1382
f 1491/1638/1491 1490/1637/1490 1492/1640/1492 1493/1641/1493
f 1491/1639/1491 1493/1642/1493 1376/1512/1376 1375/1511/1375
f 1493/1641/1493 1492/1640/1492 1494/1643/1494 1495/1644/1495
f 1493/1642/1493 1495/1645/1495 1369/1505/1369 1376/1512/1376
f 1495/1644/1495 1494/1643/1494 1496/1646/1496 1497/1647/1497
f 1495/1645/1495 1497/1648/1497 1370/1506/1370 1369/1505/1369
f 1497/1647/1497 1496/1646/1496 1498/1649/1498 1499/1650/1499
f 1497/1648/1497 1499/1651/1499 1362/1498/1362 1370/1506/1370
f 1499/1650/1499 1498/1649/1498 1500/1652/1500 1357/1653/1357
f 1499/1651/1499 1357/1493/1357 1356/1492/1356 1362/1498/1362
f 1500/1652/1500 1498/1649/1498 1501/1654/1501 1502/1655/1502
f 1500/1652/1500 1502/1655/1502 1503/1656/1503 1352/1485/1352
f 1500/1652/1500 1352/1485/1352 1351/1484/1351 1357/1653/1357
f 1503/1656/1503 1502/1655/1502 1504/1657/1504 1505/1658/1505
f 1503/1656/1503 1505/1658/1505 1506/1659/1506 1347/1480/1347
f 1503/1656/1503 1347/1480/1347 1346/1479/1346 1352/1485/1352
f 1506/1659/1506 1505/1658/1505 1507/1660/1507 1508/1661/1508
f 1506/1659/1506 1508/1661/1508 1509/1662/1509 1342/1475/1342
f 1506/1659/1506 1342/1475/1342 1341/1474/1341 1347/1480/1347
f 1509/1662/1509 1508/1661/1508 1510/1663/1510 1511/1664/1511
f 1509/1662/1509 1511/1664/1511 1512/1665/1512 1337/1470/1337
f 1509/1662/1509 1337/1470/1337 1336/1469/1336 1342/1475/1342
f 1512/1665/1512 1511/1664/1511 1513/1666/1513 1514/1667/1514
f 1512/1665/1512 1514/1667/1514 130/137/130 1332/1463/1332
f 1512/1665/1512 1332/1463/1332 1331/1462/1331 1337/1470/1337
f 1514/1667/1514 1513/1666/1513 126/131/126 125/130/125
f 1514/1667/1514 125/130/125 131/138/131 130/137/130
f 1513/1666/1513 1515/1668/1515 1516/1669/1516 126/131/126
f 1513/1666/1513 1511/1664/1511 1510/1663/1510 1515/1668/1515
f 1516/1669/1516 1517/1670/1517 1518/1671/1518 1519/1672/1519
f 1516/1669/1516 1519/1672/1519 122/132/122 126/131/126
f 1516/1669/1516 1515/1668/1515 1520/1673/1520 1517/1670/1517
f 1520/1673/1520 1521/1674/1521 1522/1675/1522 1517/1670/1517
f 1520/1673/1520 1515/1668/1515 1510/1663/1510 1523/1676/1523
f 1520/1673/1520 1523/1676/1523 1524/1677/1524 1521/1674/1521
f 1524/1677/1524 1525/1678/1525 1526/1679/1526 1521/1674/1521
f 1524/1677/1524 1523/1676/1523 1507/1660/1507 1527/1680/1527
f 1524/1677/1524 1527/1680/1527 1528/1681/1528 1525/1678/1525
f 1528/1681/1528 1529/1682/1529 1530/1683/1530 1525/1678/1525
f 1528/1681/1528 1527/1680/1527 1504/1657/1504 1531/1684/1531
f 1528/1681/1528 1531/1684/1531 1532/1685/1532 1529/1682/1529
f 1532/1685/1532 1533/1686/1533 1534/1687/1534 1529/1682/1529
f 1532/1685/1532 1531/1684/1531 1501/1654/1501 1535/1688/1535
f 1532/1685/1532 1535/1688/1535 1536/1689/1536 1533/1686/1533
f 1536/1689/1536 1537/1690/1537 1538/1691/1538 1533/1686/1533
f 1536/1689/1536 1535/1688/1535 1496/1646/1496 1494/1643/1494
f 1536/1689/1536 1494/1643/1494 1492/1640/1492 1537/1690/1537
f 1538/1691/1538 1539/1692/1539 1540/1693/1540 1541/1694/1541
f 1538/1691/1538 1541/1694/1541 1534/1687/1534 1533/1686/1533
f 1538/1691/1538 1537/1690/1537 1542/1695/1542 1539/1692/1539
f 1542/1695/1542 1543/1696/1543 1544/1697/1544 1539/1692/1539
f 1542/1695/1542 1537/1690/1537 1492/1640/1492 1490/1637/1490
f 1542/1695/1542 1490/1637/1490 1488/1634/1488 1543/1696/1543
f 1544/1697/1544 1545/1698/1545 1546/1699/1546 1547/1700/1547
f 1544/1697/1544 1547/1700/1547 1540/1693/1540 1539/1692/1539
f 1544/1697/1544 1543/1696/1543 1548/1701/1548 1545/1698/1545
f 1548/1701/1548 1549/1702/1549 1550/1703/1550 1545/1698/1545
f 1548/1701/1548 1543/1696/1543 1488/1634/1488 1486/1631/1486
f 1548/1701/1548 1486/1631/1486 1484/1628/1484 1549/1702/1549
f 1550/1703/1550 1551/1704/1551 1552/1705/1552 1553/1706/1553
f 1550/1703/1550 1553/1706/1553 1546/1699/1546 1545/1698/1545
f 1550/1703/1550 1549/1702/1549 1554/1707/1554 1551/1704/1551
f 1554/1707/1554 1555/1708/1555 1556/1709/1556 1551/1704/1551
f 1554/1707/1554 1549/1702/1549 1484/1628/1484 1483/1627/1483
f 1554/1707/1554 1483/1627/1483 1482/1626/1482 1555/1708/1555
f 1556/1709/1556 1557/1710/1557 1558/1711/1558 1559/1712/1559
f 1556/1709/1556 1559/1712/1559 1552/1705/1552 1551/1704/1551
f 1556/1709/1556 1555/1708/1555 1560/1713/1560 1557/1710/1557
f 1560/1713/1560 1561/1714/1561 1562/1715/1562 1557/1710/1557
f 1560/1713/1560 1555/1708/1555 1482/1626/1482 1563/1716/1563
f 1560/1713/1560 1563/1716/1563 1564/1717/1564 1561/1714/1561
f 1564/1717/1564 1565/1718/1565 1566/1719/1566 1561/1714/1561
f 1564/1717/1564 1563/1716/1563 1479/1720/1479 1567/1721/1567
f 1564/1717/1564 1567/1721/1567 1568/1722/1568 1565/1718/1565
f 1568/1722/1568 1569/1723/1569 1570/1724/1570 1565/1718/1565
f 1568/1725/1568 1567/1726/1567 1476/1618/1476 1571/1727/1571
f 1568/1725/1568 1571/1727/1571 1572/1728/1572 1569/1729/1569
f 1572/1728/1572 1573/1730/1573 1574/1731/1574 1569/1729/1569
f 1572/1728/1572 1571/1727/1571 1473/1615/1473 1575/1732/1575
f 1572/1728/1572 1575/1732/1575 1576/1733/1576 1573/1730/1573
f 1576/1733/1576 1577/1734/1577 1578/1735/1578 1573/1730/1573
f 1576/1733/1576 1575/1732/1575 1470/1612/1470 1579/1736/1579
f 1576/1733/1576 1579/1736/1579 1580/1737/1580 1577/1734/1577
f 1580/1737/1580 1581/1738/1581 1582/1739/1582 1577/1734/1577
f 1580/1737/1580 1579/1736/1579 1467/1609/1467 1583/1740/1583
f 1580/1737/1580 1583/1740/1583 1584/1741/1584 1581/1738/1581
f 1584/1741/1584 1585/1742/1585 1586/1743/1586 1581/1738/1581
f 1584/1741/1584 1583/1740/1583 1464/1606/1464 1587/1744/1587
f 1584/1741/1584 1587/1744/1587 1588/1745/1588 1585/1742/1585
f 1588/1745/1588 1589/1746/1589 1590/1747/1590 1585/1742/1585
f 1588/1745/1588 1587/1744/1587 1461/1603/1461 1591/1748/1591
f 1588/1745/1588 1591/1748/1591 1592/1749/1592 1589/1746/1589
f 1592/1749/1592 1593/1750/1593 1594/1751/1594 1589/1746/1589
f 1592/1749/1592 1591/1748/1591 1458/1600/1458 1595/1752/1595
f 1592/1749/1592 1595/1752/1595 1596/1753/1596 1593/1750/1593
f 1596/1753/1596 1597/1754/1597 1598/1755/1598 1593/1750/1593
f 1596/1753/1596 1595/1752/1595 1455/1596/1455 1599/1756/1599
f 1596/1753/1596 1599/1756/1599 1600/1757/1600 1597/1754/1597
f 1600/1757/1600 1601/1758/1601 1602/1759/1602 1597/1754/1597
f 1600/1757/1600 1599/1756/1599 1452/1760/1452 1603/1761/1603
f 1600/1757/1600 1603/1761/1603 1604/1762/1604 1601/1758/1601
f 1604/1762/1604 1605/1763/1605 1606/1764/1606 1601/1758/1601
f 1604/1765/1604 1603/1766/1603 1449/1588/1449 1607/1767/1607
f 1604/1765/1604 1607/1767/1607 1608/1768/1608 1605/1769/1605
f 1608/1768/1608 1609/1770/1609 1610/1771/1610 1605/1769/1605
f 1608/1768/1608 1607/1767/1607 1446/1585/1446 1611/1772/1611
f 1608/1768/1608 1611/1772/1611 1612/1773/1612 1609/1770/1609
f 1612/1773/1612 1613/1774/1613 1614/1775/1614 1609/1770/1609
f 1612/1773/1612 1611/1772/1611 1443/1582/1443 1615/1776/1615
f 1612/1773/1612 1615/1776/1615 1616/1777/1616 1613/1774/1613
f 1616/1777/1616 1617/1778/1617 1618/1779/1618 1613/1774/1613
f 1616/1777/1616 1615/1776/1615 1440/1579/1440 1619/1780/1619
f 1616/1777/1616 1619/1780/1619 1620/1781/1620 1617/1778/1617
f 1620/1781/1620 1621/1782/1621 1622/1783/1622 1617/1778/1617
f 1620/1781/1620 1619/1780/1619 1437/1576/1437 1623/1784/1623
f 1620/1781/1620 1623/1784/1623 1624/1785/1624 1621/1782/1621
f 1624/1785/1624 1625/1786/1625 1626/1787/1626 1621/1782/1621
f 1624/1785/1624 1623/1784/1623 1627/1788/1627 1628/1789/1628
f 1624/1785/1624 1628/1789/1628 1629/1790/1629 1625/1786/1625
f 1629/1790/1629 1209/1331/1209 1630/1791/1630 1625/1786/1625
f 1629/1790/1629 1628/1789/1628 1631/1792/1631 1212/1334/1212
f 1629/1790/1629 1212/1334/1212 1210/1332/1210 1209/1331/1209
f 1631/1792/1631 1628/1789/1628 1627/1788/1627 1632/1793/1632
f 1631/1792/1631 1632/1793/1632 1217/1339/1217 1215/1337/1215
f 1631/1792/1631 1215/1337/1215 1213/1335/1213 1212/1334/1212
f 1632/1793/1632 1627/1788/1627 1435/1574/1435 1434/1573/1434
f 1632/1793/1632 1434/1573/1434 1219/1341/1219 1217/1339/1217
f 1630/1791/1630 1203/1324/1203 1201/1322/1201 1200/1321/1200
f 1630/1791/1630 1200/1321/1200 1626/1787/1626 1625/1786/1625
f 1630/1791/1630 1209/1331/1209 1207/1329/1207 1203/1324/1203
f 1627/1788/1627 1623/1784/1623 1437/1576/1437 1435/1574/1435
f 1626/1787/1626 1200/1321/1200 1198/1319/1198 1197/1318/1197
f 1626/1787/1626 1197/1318/1197 1622/1783/1622 1621/1782/1621
f 1622/1783/1622 1197/1318/1197 1195/1316/1195 1194/1315/1194
f 1622/1783/1622 1194/1315/1194 1618/1779/1618 1617/1778/1617
f 1619/1780/1619 1440/1579/1440 1438/1577/1438 1437/1576/1437
f 1618/1779/1618 1194/1315/1194 1192/1313/1192 1633/1794/1633
f 1618/1779/1618 1633/1794/1633 1614/1775/1614 1613/1774/1613
f 1633/1794/1633 1192/1313/1192 1190/1312/1190 1634/1795/1634
f 1633/1794/1633 1634/1795/1634 1635/1796/1635 1614/1775/1614
f 1635/1797/1635 1634/1798/1634 1636/1799/1636 1637/1800/1637
f 1635/1797/1635 1637/1800/1637 1638/1801/1638 1610/1802/1610
f 1635/1796/1635 1610/1771/1610 1609/1770/1609 1614/1775/1614
f 1638/1801/1638 1637/1800/1637 1639/1803/1639 1640/1804/1640
f 1638/1801/1638 1640/1804/1640 1641/1805/1641 1606/1764/1606
f 1638/1801/1638 1606/1764/1606 1605/1763/1605 1610/1802/1610
f 1641/1805/1641 1640/1804/1640 1642/1806/1642 1643/1807/1643
f 1641/1805/1641 1643/1807/1643 1644/1808/1644 1602/1759/1602
f 1641/1805/1641 1602/1759/1602 1601/1758/1601 1606/1764/1606
f 1644/1808/1644 1643/1807/1643 1645/1809/1645 1646/1810/1646
f 1644/1808/1644 1646/1810/1646 1647/1811/1647 1598/1755/1598
f 1644/1808/1644 1598/1755/1598 1597/1754/1597 1602/1759/1602
f 1647/1811/1647 1646/1810/1646 1648/1812/1648 1649/1813/1649
f 1647/1811/1647 1649/1813/1649 1650/1814/1650 1594/1751/1594
f 1647/1811/1647 1594/1751/1594 1593/1750/1593 1598/1755/1598
f 1650/1814/1650 1649/1813/1649 1651/1815/1651 1652/1816/1652
f 1650/1814/1650 1652/1816/1652 1653/1817/1653 1590/1747/1590
f 1650/1814/1650 1590/1747/1590 1589/1746/1589 1594/1751/1594
f 1653/1817/1653 1652/1816/1652 1654/1818/1654 1655/1819/1655
f 1653/1817/1653 1655/1819/1655 1656/1820/1656 1586/1743/1586
f 1653/1817/1653 1586/1743/1586 1585/1742/1585 1590/1747/1590
f 1656/1820/1656 1655/1819/1655 1657/1821/1657 1658/1822/1658
f 1656/1820/1656 1658/1822/1658 1659/1823/1659 1582/1739/1582
f 1656/1820/1656 1582/1739/1582 1581/1738/1581 1586/1743/1586
f 1659/1823/1659 1658/1822/1658 1660/1824/1660 1661/1825/1661
f 1659/1823/1659 1661/1825/1661 1662/1826/1662 1578/1735/1578
f 1659/1823/1659 1578/1735/1578 1577/1734/1577 1582/1739/1582
f 1662/1827/1662 1661/1828/1661 1663/1829/1663 1664/1830/1664
f 1662/1827/1662 1664/1830/1664 1665/1831/1665 1574/1832/1574
f 1662/1826/1662 1574/1731/1574 1573/1730/1573 1578/1735/1578
f 1665/1831/1665 1664/1830/1664 1666/1833/1666 1667/1834/1667
f 1665/1831/1665 1667/1834/1667 1668/1835/1668 1570/1724/1570
f 1665/1831/1665 1570/1724/1570 1569/1723/1569 1574/1832/1574
f 1668/1835/1668 1667/1834/1667 1669/1836/1669 1670/1837/1670
f 1668/1835/1668 1670/1837/1670 1671/1838/1671 1566/1719/1566
f 1668/1835/1668 1566/1719/1566 1565/1718/1565 1570/1724/1570
f 1671/1838/1671 1670/1837/1670 1672/1839/1672 1673/1840/1673
f 1671/1838/1671 1673/1840/1673 1674/1841/1674 1562/1715/1562
f 1671/1838/1671 1562/1715/1562 1561/1714/1561 1566/1719/1566
f 1674/1841/1674 1673/1840/1673 1675/1842/1675 1676/1843/1676
f 1674/1841/1674 1676/1843/1676 1677/1844/1677 1558/1711/1558
f 1674/1841/1674 1558/1711/1558 1557/1710/1557 1562/1715/1562
f 1677/1844/1677 1676/1843/1676 1678/1845/1678 1679/1846/1679
f 1677/1844/1677 1679/1846/1679 1680/1847/1680 1681/1848/1681
f 1677/1844/1677 1681/1848/1681 1559/1712/1559 1558/1711/1558
f 1681/1848/1681 1680/1847/1680 1682/1849/1682 1683/1850/1683
f 1681/1848/1681 1683/1850/1683 1552/1705/1552 1559/1712/1559
f 1683/1850/1683 1682/1849/1682 1684/1851/1684 1685/1852/1685
f 1683/1850/1683 1685/1852/1685 1553/1706/1553 1552/1705/1552
f 1685/1852/1685 1684/1851/1684 1686/1853/1686 1687/1854/1687
f 1685/1852/1685 1687/1854/1687 1546/1699/1546 1553/1706/1553
f 1687/1854/1687 1686/1853/1686 1688/1855/1688 1689/1856/1689
f 1687/1854/1687 1689/1856/1689 1547/1700/1547 1546/1699/1546
f 1689/1856/1689 1688/1855/1688 1690/1857/1690 1691/1858/1691
f 1689/1856/1689 1691/1858/1691 1540/1693/1540 1547/1700/1547
f 1691/1858/1691 1690/1857/1690 1692/1859/1692 1693/1860/1693
f 1691/1858/1691 1693/1860/1693 1541/1694/1541 1540/1693/1540
f 1693/1860/1693 1692/1859/1692 1694/1861/1694 1695/1862/1695
f 1693/1860/1693 1695/1862/1695 1534/1687/1534 1541/1694/1541
f 1695/1862/1695 1694/1861/1694 1696/1863/1696 1530/1683/1530
f 1695/1862/1695 1530/1683/1530 1529/1682/1529 1534/1687/1534
f 1696/1863/1696 1694/1861/1694 1697/1864/1697 1698/1865/1698
f 1696/1863/1696 1698/1865/1698 1699/1866/1699 1526/1679/1526
f 1696/1863/1696 1526/1679/1526 1525/1678/1525 1530/1683/1530
f 1699/1866/1699 1698/1865/1698 1700/1867/1700 1701/1868/1701
f 1699/1866/1699 1701/1868/1701 1702/1869/1702 1522/1675/1522
f 1699/1866/1699 1522/1675/1522 1521/1674/1521 1526/1679/1526
f 1702/1869/1702 1701/1868/1701 1703/1870/1703 1704/1871/1704
f 1702/1869/1702 1704/1871/1704 1705/1872/1705 1518/1671/1518
f 1702/1869/1702 1518/1671/1518 1517/1670/1517 1522/1675/1522
f 1705/1872/1705 1704/1871/1704 1706/1873/1706 1707/1874/1707
f 1705/1872/1705 1707/1874/1707 1708/1875/1708 1709/1876/1709
f 1705/1872/1705 1709/1876/1709 1519/1672/1519 1518/1671/1518
f 1709/1876/1709 1708/1875/1708 1710/1877/1710 123/1878/123
f 1709/1876/1709 123/1878/123 122/132/122 1519/1672/1519
f 1710/1879/1710 1711/1880/1711 1712/1881/1712 1713/1882/1713
f 1710/1879/1710 1713/1882/1713 124/128/124 123/127/123
f 1710/1877/1710 1708/1875/1708 1714/1883/1714 1711/1884/1711
f 1714/1883/1714 1715/1885/1715 1716/1886/1716 1711/1884/1711
f 1714/1883/1714 1708/1875/1708 1707/1874/1707 1717/1887/1717
f 1714/1883/1714 1717/1887/1717 1718/1888/1718 1715/1885/1715
f 1718/1888/1718 1719/1889/1719 1720/1890/1720 1715/1885/1715
f 1718/1888/1718 1717/1887/1717 115/117/115 114/116/114
f 1718/1888/1718 114/116/114 113/115/113 1719/1889/1719
f 1720/1890/1720 1721/1891/1721 1722/1892/1722 1723/1893/1723
f 1720/1890/1720 1723/1893/1723 1716/1886/1716 1715/1885/1715
f 1720/1890/1720 1719/1889/1719 1724/1894/1724 1721/1891/1721
f 1724/1894/1724 1725/1895/1725 1726/1896/1726 1721/1891/1721
f 1724/1894/1724 1719/1889/1719 113/115/113 1727/1897/1727
f 1724/1894/1724 1727/1897/1727 1728/1898/1728 1725/1895/1725
f 1728/1898/1728 1729/1899/1729 1730/1900/1730 1725/1895/1725
f 1728/1898/1728 1727/1897/1727 1731/1901/1731 1732/1902/1732
f 1728/1898/1728 1732/1902/1732 1733/1903/1733 1729/1899/1729
f 1733/1903/1733 1734/1904/1734 1735/1905/1735 1729/1899/1729
f 1733/1903/1733 1732/1902/1732 1736/1906/1736 1737/1907/1737
f 1733/1903/1733 1737/1907/1737 1738/1908/1738 1734/1904/1734
f 1738/1908/1738 1739/1909/1739 1740/1910/1740 1734/1904/1734
f 1738/1908/1738 1737/1907/1737 1741/1911/1741 1742/1912/1742
f 1738/1908/1738 1742/1912/1742 1743/1913/1743 1739/1909/1739
f 1743/1913/1743 1744/1914/1744 1745/1915/1745 1739/1909/1739
f 1743/1913/1743 1742/1912/1742 1746/1916/1746 1747/1917/1747
f 1743/1913/1743 1747/1917/1747 1748/1918/1748 1744/1914/1744
f 1748/1918/1748 1749/1919/1749 1750/1920/1750 1744/1914/1744
f 1748/1918/1748 1747/1917/1747 1751/1921/1751 1752/1922/1752
f 1748/1918/1748 1752/1922/1752 1753/1923/1753 1749/1919/1749
f 1753/1923/1753 1754/1924/1754 1755/1925/1755 1749/1919/1749
f 1753/1923/1753 1752/1922/1752 1756/1926/1756 1757/1927/1757
f 1753/1923/1753 1757/1927/1757 1758/1928/1758 1754/1924/1754
f 1758/1928/1758 1759/1929/1759 1760/1930/1760 1754/1924/1754
f 1758/1928/1758 1757/1927/1757 1682/1849/1682 1680/1847/1680
f 1758/1928/1758 1680/1847/1680 1679/1846/1679 1759/1929/1759
f 1760/1930/1760 1761/1931/1761 1762/1932/1762 1763/1933/1763
f 1760/1930/1760 1763/1933/1763 1755/1925/1755 1754/1924/1754
f 1760/1930/1760 1759/1929/1759 1764/1934/1764 1761/1931/1761
f 1764/1934/1764 1765/1935/1765 1766/1936/1766 1761/1931/1761
f 1764/1934/1764 1759/1929/1759 1679/1846/1679 1678/1845/1678
f 1764/1934/1764 1678/1845/1678 1767/1937/1767 1765/1935/1765
f 1767/1937/1767 1768/1938/1768 1769/1939/1769 1765/1935/1765
f 1767/1937/1767 1678/1845/1678 1676/1843/1676 1675/1842/1675
f 1767/1937/1767 1675/1842/1675 1770/1940/1770 1768/1938/1768
f 1770/1940/1770 1771/1941/1771 1772/1942/1772 1768/1938/1768
f 1770/1940/1770 1675/1842/1675 1673/1840/1673 1672/1839/1672
f 1770/1940/1770 1672/1839/1672 1773/1943/1773 1771/1941/1771
f 1773/1943/1773 1774/1944/1774 1775/1945/1775 1771/1941/1771
f 1773/1943/1773 1672/1839/1672 1670/1837/1670 1669/1836/1669
f 1773/1943/1773 1669/1836/1669 1776/1946/1776 1774/1944/1774
f 1776/1946/1776 1777/1947/1777 1778/1948/1778 1774/1944/1774
f 1776/1946/1776 1669/1836/1669 1667/1834/1667 1666/1833/1666
f 1776/1946/1776 1666/1833/1666 1779/1949/1779 1777/1947/1777
f 1779/1949/1779 1780/1950/1780 1781/1951/1781 1777/1947/1777
f 1779/1949/1779 1666/1833/1666 1664/1830/1664 1663/1829/1663
f 1779/1949/1779 1663/1829/1663 1782/1952/1782 1780/1950/1780
f 1782/1952/1782 1783/1953/1783 1784/1954/1784 1780/1950/1780
f 1782/1952/1782 1663/1829/1663 1661/1828/1661 1660/1955/1660
f 1782/1952/1782 1660/1955/1660 1785/1956/1785 1783/1953/1783
f 1785/1956/1785 1786/1957/1786 1787/1958/1787 1783/1953/1783
f 1785/1959/1785 1660/1824/1660 1658/1822/1658 1657/1821/1657
f 1785/1959/1785 1657/1821/1657 1788/1960/1788 1786/1961/1786
f 1788/1960/1788 1789/1962/1789 1166/1963/1166 1786/1961/1786
f 1788/1960/1788 1657/1821/1657 1655/1819/1655 1654/1818/1654
f 1788/1960/1788 1654/1818/1654 1790/1964/1790 1789/1962/1789
f 1790/1964/1790 1791/1965/1791 1169/1287/1169 1789/1962/1789
f 1790/1964/1790 1654/1818/1654 1652/1816/1652 1651/1815/1651
f 1790/1964/1790 1651/1815/1651 1792/1966/1792 1791/1965/1791
f 1792/1966/1792 1793/1967/1793 1172/1291/1172 1791/1965/1791
f 1792/1966/1792 1651/1815/1651 1649/1813/1649 1648/1812/1648
f 1792/1966/1792 1648/1812/1648 1794/1968/1794 1793/1967/1793
f 1794/1968/1794 1795/1969/1795 1175/1294/1175 1793/1967/1793
f 1794/1968/1794 1648/1812/1648 1646/1810/1646 1645/1809/1645
f 1794/1968/1794 1645/1809/1645 1796/1970/1796 1795/1969/1795
f 1796/1970/1796 1797/1971/1797 1178/1297/1178 1795/1969/1795
f 1796/1970/1796 1645/1809/1645 1643/1807/1643 1642/1806/1642
f 1796/1970/1796 1642/1806/1642 1798/1972/1798 1797/1971/1797
f 1798/1972/1798 1183/1302/1183 1181/1300/1181 1797/1971/1797
f 1798/1972/1798 1642/1806/1642 1640/1804/1640 1639/1803/1639
f 1798/1972/1798 1639/1803/1639 1799/1973/1799 1183/1302/1183
f 1799/1973/1799 1186/1305/1186 1184/1303/1184 1183/1302/1183
f 1799/1973/1799 1639/1803/1639 1637/1800/1637 1636/1799/1636
f 1799/1973/1799 1636/1799/1636 1188/1307/1188 1186/1305/1186
f 1797/1971/1797 1181/1300/1181 1179/1298/1179 1178/1297/1178
f 1795/1969/1795 1178/1297/1178 1176/1295/1176 1175/1294/1175
f 1793/1967/1793 1175/1294/1175 1173/1292/1173 1172/1291/1172
f 1791/1965/1791 1172/1291/1172 1170/1288/1170 1169/1287/1169
f 1789/1962/1789 1169/1287/1169 1167/1286/1167 1166/1963/1166
f 1787/1958/1787 1164/1280/1164 1162/1278/1162 1800/1974/1800
f 1787/1958/1787 1800/1974/1800 1784/1954/1784 1783/1953/1783
f 1787/1958/1787 1786/1957/1786 1166/1282/1166 1164/1280/1164
f 1800/1974/1800 1162/1278/1162 1160/1276/1160 1801/1975/1801
f 1800/1974/1800 1801/1975/1801 1802/1976/1802 1784/1954/1784
f 1802/1976/1802 1801/1975/1801 1157/1273/1157 1803/1977/1803
f 1802/1976/1802 1803/1977/1803 1804/1978/1804 1781/1951/1781
f 1802/1976/1802 1781/1951/1781 1780/1950/1780 1784/1954/1784
f 1804/1978/1804 1803/1977/1803 1152/1268/1152 1805/1979/1805
f 1804/1978/1804 1805/1979/1805 1806/1980/1806 1778/1948/1778
f 1804/1978/1804 1778/1948/1778 1777/1947/1777 1781/1951/1781
f 1806/1980/1806 1805/1979/1805 1147/1263/1147 1807/1981/1807
f 1806/1980/1806 1807/1981/1807 1808/1982/1808 1775/1945/1775
f 1806/1980/1806 1775/1945/1775 1774/1944/1774 1778/1948/1778
f 1808/1982/1808 1807/1981/1807 1142/1258/1142 1809/1983/1809
f 1808/1982/1808 1809/1983/1809 1810/1984/1810 1772/1942/1772
f 1808/1982/1808 1772/1942/1772 1771/1941/1771 1775/1945/1775
f 1810/1984/1810 1809/1983/1809 1137/1253/1137 1811/1985/1811
f 1810/1984/1810 1811/1985/1811 1812/1986/1812 1769/1939/1769
f 1810/1984/1810 1769/1939/1769 1768/1938/1768 1772/1942/1772
f 1812/1986/1812 1811/1985/1811 1132/1248/1132 1813/1987/1813
f 1812/1986/1812 1813/1987/1813 1814/1988/1814 1766/1936/1766
f 1812/1986/1812 1766/1936/1766 1765/1935/1765 1769/1939/1769
f 1814/1988/1814 1813/1987/1813 1127/1243/1127 1815/1989/1815
f 1814/1988/1814 1815/1989/1815 1816/1990/1816 1762/1932/1762
f 1814/1988/1814 1762/1932/1762 1761/1931/1761 1766/1936/1766
f 1816/1990/1816 1815/1989/1815 1122/1238/1122 1817/1991/1817
f 1816/1990/1816 1817/1991/1817 1818/1992/1818 1819/1993/1819
f 1816/1990/1816 1819/1993/1819 1763/1933/1763 1762/1932/1762
f 1819/1993/1819 1818/1992/1818 1820/1994/1820 1821/1995/1821
f 1819/1993/1819 1821/1995/1821 1755/1925/1755 1763/1933/1763
f 1821/1995/1821 1820/1994/1820 1822/1996/1822 1750/1920/1750
f 1821/1995/1821 1750/1920/1750 1749/1919/1749 1755/1925/1755
f 1822/1996/1822 1820/1994/1820 1823/1997/1823 1824/1998/1824
f 1822/1996/1822 1824/1998/1824 1825/1999/1825 1745/1915/1745
f 1822/1996/1822 1745/1915/1745 1744/1914/1744 1750/1920/1750
f 1825/1999/1825 1824/1998/1824 1826/2000/1826 1827/2001/1827
f 1825/1999/1825 1827/2001/1827 1828/2002/1828 1740/1910/1740
f 1825/1999/1825 1740/1910/1740 1739/1909/1739 1745/1915/1745
f 1828/2002/1828 1827/2001/1827 1829/2003/1829 1830/2004/1830
f 1828/2002/1828 1830/2004/1830 1831/2005/1831 1735/1905/1735
f 1828/2002/1828 1735/1905/1735 1734/1904/1734 1740/1910/1740
f 1831/2005/1831 1830/2004/1830 1832/2006/1832 1833/2007/1833
f 1831/2005/1831 1833/2007/1833 1834/2008/1834 1730/1900/1730
f 1831/2005/1831 1730/1900/1730 1729/1899/1729 1735/1905/1735
f 1834/2008/1834 1833/2007/1833 1835/2009/1835 1836/2010/1836
f 1834/2008/1834 1836/2010/1836 1837/2011/1837 1726/1896/1726
f 1834/2008/1834 1726/1896/1726 1725/1895/1725 1730/1900/1730
f 1837/2012/1837 1836/2013/1836 1838/2014/1838 1839/2015/1839
f 1837/2012/1837 1839/2015/1839 1840/2016/1840 1722/2017/1722
f 1837/2011/1837 1722/1892/1722 1721/1891/1721 1726/1896/1726
f 1840/2016/1840 1839/2015/1839 1841/2018/1841 1842/2019/1842
f 1840/2016/1840 1842/2019/1842 1843/2020/1843 1844/2021/1844
f 1840/2016/1840 1844/2021/1844 1723/2022/1723 1722/2017/1722
f 1844/2021/1844 1843/2020/1843 1845/2023/1845 1846/2024/1846
f 1844/2021/1844 1846/2024/1846 1716/2025/1716 1723/2022/1723
f 1846/2024/1846 1845/2023/1845 1847/2026/1847 1712/1881/1712
f 1846/2024/1846 1712/1881/1712 1711/1880/1711 1716/2025/1716
f 1847/2026/1847 1845/2023/1845 1848/2027/1848 1849/2028/1849
f 1847/2026/1847 1849/2028/1849 1850/2029/1850 1851/2030/1851
f 1847/2026/1847 1851/2030/1851 1713/1882/1713 1712/1881/1712
f 1851/2030/1851 1850/2029/1850 1852/2031/1852 127/133/127
f 1851/2030/1851 127/133/127 124/128/124 1713/1882/1713
f 1852/2031/1852 1850/2029/1850 1853/2032/1853 1854/2033/1854
f 1852/2031/1852 1854/2033/1854 1855/2034/1855 1856/2035/1856
f 1852/2031/1852 1856/2035/1856 128/134/128 127/133/127
f 1856/2035/1856 1855/2034/1855 1857/2036/1857 1858/2037/1858
f 1856/2035/1856 1858/2037/1858 1859/2038/1859 128/134/128
f 1859/2038/1859 1858/2037/1858 1860/2039/1860 1861/2040/1861
f 1859/2038/1859 1861/2040/1861 133/2041/133 132/2042/132
f 1859/2038/1859 132/2042/132 16/125/16 128/134/128
f 1861/2043/1861 1860/2044/1860 1326/1456/1326 1325/1455/1325
f 1861/2043/1861 1325/1455/1325 134/143/134 133/142/133
f 1860/2039/1860 1858/2037/1858 1857/2036/1857 1862/2045/1862
f 1860/2044/1860 1862/2046/1862 1863/2047/1863 1326/1456/1326
f 1863/2047/1863 1862/2046/1862 1864/2048/1864 1865/2049/1865
f 1863/2047/1863 1865/2049/1865 1866/2050/1866 1321/1451/1321
f 1863/2047/1863 1321/1451/1321 1320/1450/1320 1326/1456/1326
f 1866/2050/1866 1865/2049/1865 1867/2051/1867 1868/2052/1868
f 1866/2050/1866 1868/2052/1868 1869/2053/1869 1316/1446/1316
f 1866/2050/1866 1316/1446/1316 1315/1445/1315 1321/1451/1321
f 1869/2053/1869 1868/2052/1868 1870/2054/1870 1871/2055/1871
f 1869/2053/1869 1871/2055/1871 1872/2056/1872 1311/1441/1311
f 1869/2053/1869 1311/1441/1311 1310/1440/1310 1316/1446/1316
f 1872/2056/1872 1871/2055/1871 1873/2057/1873 1874/2058/1874
f 1872/2056/1872 1874/2058/1874 1875/2059/1875 1308/1438/1308
f 1872/2056/1872 1308/1438/1308 1307/1437/1307 1311/1441/1311
f 1875/2059/1875 1876/2060/1876 146/161/146 143/158/143
f 1875/2059/1875 143/158/143 142/157/142 1308/1438/1308
f 1875/2059/1875 1874/2058/1874 1877/2061/1877 1876/2060/1876
f 1877/2062/1877 1036/1146/1036 1035/1145/1035 1876/2063/1876
f 1877/2061/1877 1874/2058/1874 1873/2057/1873 1878/2064/1878
f 1877/2062/1877 1878/2065/1878 1038/1148/1038 1036/1146/1036
f 1878/2064/1878 1873/2057/1873 1879/2066/1879 1880/2067/1880
f 1878/2068/1878 1880/2069/1880 1881/2070/1881 1038/2071/1038
f 1881/2070/1881 1042/1154/1042 1039/1153/1039 1038/2071/1038
f 1881/2070/1881 1880/2069/1880 135/154/135 140/153/140
f 1881/2070/1881 140/153/140 1882/2072/1882 1042/1154/1042
f 1882/2072/1882 1047/1160/1047 1043/1155/1043 1042/1154/1042
f 1882/2072/1882 140/153/140 139/152/139 1883/2073/1883
f 1882/2072/1882 1883/2073/1883 1884/2074/1884 1047/1160/1047
f 1884/2074/1884 1052/1165/1052 1048/1161/1048 1047/1160/1047
f 1884/2074/1884 1883/2073/1883 1885/2075/1885 1886/2076/1886
f 1884/2074/1884 1886/2076/1886 1887/2077/1887 1052/1165/1052
f 1887/2077/1887 1057/1170/1057 1053/1166/1053 1052/1165/1052
f 1887/2077/1887 1886/2076/1886 1888/2078/1888 1889/2079/1889
f 1887/2077/1887 1889/2079/1889 1890/2080/1890 1057/1170/1057
f 1890/2080/1890 1062/1175/1062 1058/1171/1058 1057/1170/1057
f 1890/2080/1890 1889/2079/1889 1891/2081/1891 1892/2082/1892
f 1890/2080/1890 1892/2082/1892 1893/2083/1893 1062/1175/1062
f 1893/2083/1893 1067/1180/1067 1063/1176/1063 1062/1175/1062
f 1893/2083/1893 1892/2082/1892 1894/2084/1894 1895/2085/1895
f 1893/2083/1893 1895/2085/1895 1896/2086/1896 1067/1180/1067
f 1896/2086/1896 1072/1185/1072 1068/1181/1068 1067/1180/1067
f 1896/2086/1896 1895/2085/1895 1897/2087/1897 1898/2088/1898
f 1896/2086/1896 1898/2088/1898 1899/2089/1899 1072/1185/1072
f 1899/2089/1899 1077/1190/1077 1073/1186/1073 1072/1185/1072
f 1899/2089/1899 1898/2088/1898 1900/2090/1900 1901/2091/1901
f 1899/2089/1899 1901/2091/1901 1902/2092/1902 1077/1190/1077
f 1902/2092/1902 1082/1195/1082 1078/1191/1078 1077/1190/1077
f 1902/2092/1902 1901/2091/1901 1842/2019/1842 1841/2018/1841
f 1902/2092/1902 1841/2018/1841 1903/2093/1903 1082/1195/1082
f 1903/2093/1903 1087/1200/1087 1083/1196/1083 1082/1195/1082
f 1903/2093/1903 1841/2018/1841 1839/2015/1839 1838/2014/1838
f 1903/2093/1903 1838/2014/1838 1904/2094/1904 1087/1200/1087
f 1904/2094/1904 1092/1205/1092 1088/1201/1088 1087/1200/1087
f 1904/2094/1904 1838/2014/1838 1836/2013/1836 1835/2095/1835
f 1904/2094/1904 1835/2095/1835 1905/2096/1905 1092/1205/1092
f 1905/2096/1905 1097/1210/1097 1093/1206/1093 1092/1205/1092
f 1905/2097/1905 1835/2009/1835 1833/2007/1833 1832/2006/1832
f 1905/2097/1905 1832/2006/1832 1906/2098/1906 1097/2099/1097
f 1906/2098/1906 1102/1217/1102 1098/1216/1098 1097/2099/1097
f 1906/2098/1906 1832/2006/1832 1830/2004/1830 1829/2003/1829
f 1906/2098/1906 1829/2003/1829 1907/2100/1907 1102/1217/1102
f 1907/2100/1907 1107/1223/1107 1103/1218/1103 1102/1217/1102
f 1907/2100/1907 1829/2003/1829 1827/2001/1827 1826/2000/1826
f 1907/2100/1907 1826/2000/1826 1908/2101/1908 1107/1223/1107
f 1908/2101/1908 1112/1228/1112 1108/1224/1108 1107/1223/1107
f 1908/2101/1908 1826/2000/1826 1824/1998/1824 1823/1997/1823
f 1908/2101/1908 1823/1997/1823 1909/2102/1909 1112/1228/1112
f 1909/2102/1909 1117/1233/1117 1113/1229/1113 1112/1228/1112
f 1909/2102/1909 1823/1997/1823 1820/1994/1820 1818/1992/1818
f 1909/2102/1909 1818/1992/1818 1817/1991/1817 1117/1233/1117
f 1901/2091/1901 1900/2090/1900 1843/2020/1843 1842/2019/1842
f 1900/2090/1900 1898/2088/1898 1897/2087/1897 1848/2027/1848
f 1900/2090/1900 1848/2027/1848 1845/2023/1845 1843/2020/1843
f 1897/2087/1897 1895/2085/1895 1894/2084/1894 1910/2103/1910
f 1897/2087/1897 1910/2103/1910 1849/2028/1849 1848/2027/1848
f 1910/2103/1910 1894/2084/1894 1911/2104/1911 1853/2032/1853
f 1910/2103/1910 1853/2032/1853 1850/2029/1850 1849/2028/1849
f 1911/2104/1911 1894/2084/1894 1892/2082/1892 1891/2081/1891
f 1911/2104/1911 1891/2081/1891 1912/2105/1912 1913/2106/1913
f 1911/2104/1911 1913/2106/1913 1854/2033/1854 1853/2032/1853
f 1913/2106/1913 1912/2105/1912 1914/2107/1914 1915/2108/1915
f 1913/2106/1913 1915/2108/1915 1855/2034/1855 1854/2033/1854
f 1915/2108/1915 1914/2107/1914 1916/2109/1916 1917/2110/1917
f 1915/2108/1915 1917/2110/1917 1857/2036/1857 1855/2034/1855
f 1917/2110/1917 1916/2109/1916 1918/2111/1918 1864/2112/1864
f 1917/2110/1917 1864/2112/1864 1862/2045/1862 1857/2036/1857
f 1918/2111/1918 1916/2109/1916 1919/2113/1919 1920/2114/1920
f 1918/2115/1918 1920/2116/1920 1921/2117/1921 1867/2051/1867
f 1918/2115/1918 1867/2051/1867 1865/2049/1865 1864/2048/1864
f 1921/2117/1921 1920/2116/1920 137/148/137 136/147/136
f 1921/2117/1921 136/147/136 1879/2066/1879 1870/2054/1870
f 1921/2117/1921 1870/2054/1870 1868/2052/1868 1867/2051/1867
f 1920/2114/1920 1919/2113/1919 138/151/138 137/150/137
f 1919/2113/1919 1922/2118/1922 1885/2075/1885 138/151/138
f 1919/2113/1919 1916/2109/1916 1914/2107/1914 1922/2118/1922
f 1922/2118/1922 1888/2078/1888 1886/2076/1886 1885/2075/1885
f 1922/2118/1922 1914/2107/1914 1912/2105/1912 1888/2078/1888
f 1912/2105/1912 1891/2081/1891 1889/2079/1889 1888/2078/1888
f 1885/2075/1885 1883/2073/1883 139/152/139 138/151/138
f 1880/2067/1880 1879/2066/1879 136/147/136 135/146/135
f 1879/2066/1879 1873/2057/1873 1871/2055/1871 1870/2054/1870
f 1876/2119/1876 1035/1143/1035 1034/1142/1034 146/1427/146
f 1817/1991/1817 1122/1238/1122 1118/1234/1118 1117/1233/1117
f 1815/1989/1815 1127/1243/1127 1123/1239/1123 1122/1238/1122
f 1813/1987/1813 1132/1248/1132 1128/1244/1128 1127/1243/1127
f 1811/1985/1811 1137/1253/1137 1133/1249/1133 1132/1248/1132
f 1809/1983/1809 1142/1258/1142 1138/1254/1138 1137/1253/1137
f 1807/1981/1807 1147/1263/1147 1143/1259/1143 1142/1258/1142
f 1805/1979/1805 1152/1268/1152 1148/1264/1148 1147/1263/1147
f 1803/1977/1803 1157/1273/1157 1153/1269/1153 1152/1268/1152
f 1801/1975/1801 1160/1276/1160 1158/1274/1158 1157/1273/1157
f 1757/1927/1757 1756/1926/1756 1684/1851/1684 1682/1849/1682
f 1756/1926/1756 1752/1922/1752 1751/1921/1751 1923/2120/1923
f 1756/1926/1756 1923/2120/1923 1686/1853/1686 1684/1851/1684
f 1923/2120/1923 1751/1921/1751 1924/2121/1924 1925/2122/1925
f 1923/2120/1923 1925/2122/1925 1688/1855/1688 1686/1853/1686
f 1925/2122/1925 1924/2121/1924 1926/2123/1926 1927/2124/1927
f 1925/2122/1925 1927/2124/1927 1690/1857/1690 1688/1855/1688
f 1927/2124/1927 1926/2123/1926 1928/2125/1928 1929/2126/1929
f 1927/2124/1927 1929/2126/1929 1692/1859/1692 1690/1857/1690
f 1929/2126/1929 1928/2125/1928 1930/2127/1930 1697/1864/1697
f 1929/2126/1929 1697/1864/1697 1694/1861/1694 1692/1859/1692
f 1930/2127/1930 1928/2125/1928 1931/2128/1931 1932/2129/1932
f 1930/2127/1930 1932/2129/1932 1933/2130/1933 1700/1867/1700
f 1930/2127/1930 1700/1867/1700 1698/1865/1698 1697/1864/1697
f 1933/2130/1933 1932/2129/1932 1934/2131/1934 1935/2132/1935
f 1933/2130/1933 1935/2132/1935 1936/2133/1936 1703/1870/1703
f 1933/2130/1933 1703/1870/1703 1701/1868/1701 1700/1867/1700
f 1936/2133/1936 1935/2132/1935 111/113/111 110/112/110
f 1936/2133/1936 110/112/110 115/117/115 1706/1873/1706
f 1936/2133/1936 1706/1873/1706 1704/1871/1704 1703/1870/1703
f 1935/2132/1935 1934/2131/1934 1937/2134/1937 111/113/111
f 1937/2134/1937 1736/1906/1736 1732/1902/1732 1731/1901/1731
f 1937/2134/1937 1731/1901/1731 112/114/112 111/113/111
f 1937/2134/1937 1934/2131/1934 1938/2135/1938 1736/1906/1736
f 1938/2135/1938 1741/1911/1741 1737/1907/1737 1736/1906/1736
f 1938/2135/1938 1934/2131/1934 1932/2129/1932 1931/2128/1931
f 1938/2135/1938 1931/2128/1931 1939/2136/1939 1741/1911/1741
f 1939/2136/1939 1746/1916/1746 1742/1912/1742 1741/1911/1741
f 1939/2136/1939 1931/2128/1931 1928/2125/1928 1926/2123/1926
f 1939/2136/1939 1926/2123/1926 1924/2121/1924 1746/1916/1746
f 1924/2121/1924 1751/1921/1751 1747/1917/1747 1746/1916/1746
f 1731/1901/1731 1727/1897/1727 113/115/113 112/114/112
f 1717/1887/1717 1707/1874/1707 1706/1873/1706 115/117/115
f 1636/1799/1636 1634/1798/1634 1190/1309/1190 1188/1307/1188
f 1615/1776/1615 1443/1582/1443 1441/1580/1441 1440/1579/1440
f 1611/1772/1611 1446/1585/1446 1444/1583/1444 1443/1582/1443
f 1607/1767/1607 1449/1588/1449 1447/1586/1447 1446/1585/1446
f 1603/1766/1603 1452/1591/1452 1450/1589/1450 1449/1588/1449
f 1599/1756/1599 1455/1596/1455 1453/1595/1453 1452/1760/1452
f 1595/1752/1595 1458/1600/1458 1456/1597/1456 1455/1596/1455
f 1591/1748/1591 1461/1603/1461 1459/1601/1459 1458/1600/1458
f 1587/1744/1587 1464/1606/1464 1462/1604/1462 1461/1603/1461
f 1583/1740/1583 1467/1609/1467 1465/1607/1465 1464/1606/1464
f 1579/1736/1579 1470/1612/1470 1468/1610/1468 1467/1609/1467
f 1575/1732/1575 1473/1615/1473 1471/1613/1471 1470/1612/1470
f 1571/1727/1571 1476/1618/1476 1474/1616/1474 1473/1615/1473
f 1567/1726/1567 1479/1621/1479 1477/1619/1477 1476/1618/1476
f 1563/1716/1563 1482/1626/1482 1480/1625/1480 1479/1720/1479
f 1535/1688/1535 1501/1654/1501 1498/1649/1498 1496/1646/1496
f 1531/1684/1531 1504/1657/1504 1502/1655/1502 1501/1654/1501
f 1527/1680/1527 1507/1660/1507 1505/1658/1505 1504/1657/1504
f 1523/1676/1523 1510/1663/1510 1508/1661/1508 1507/1660/1507
f 1432/1571/1432 1222/1344/1222 1220/1342/1220 1219/1341/1219
f 1364/1500/1364 1363/1499/1363 1288/1413/1288 1286/1411/1286
f 1363/1499/1363 1359/1495/1359 1358/1494/1358 1940/2137/1940
f 1363/1499/1363 1940/2137/1940 1941/2138/1941 1288/1413/1288
f 1941/2138/1941 1940/2137/1940 1942/2139/1942 1943/2140/1943
f 1941/2138/1941 1943/2140/1943 1293/1418/1293 1291/1416/1291
f 1941/2138/1941 1291/1416/1291 1289/1414/1289 1288/1413/1288
f 1943/2140/1943 1942/2139/1942 1944/2141/1944 1945/2142/1945
f 1943/2140/1943 1945/2142/1945 1295/1420/1295 1293/1418/1293
f 1945/2142/1945 1944/2141/1944 1946/2143/1946 1301/1429/1301
f 1945/2142/1945 1301/1429/1301 1297/1422/1297 1295/1420/1295
f 1946/2143/1946 1944/2141/1944 1947/2144/1947 1948/2145/1948
f 1946/2143/1946 1948/2145/1948 1949/2146/1949 1950/2147/1950
f 1946/2143/1946 1950/2147/1950 1302/1430/1302 1301/1429/1301
f 1950/2148/1950 1949/2149/1949 1951/2150/1951 1952/2151/1952
f 1950/2148/1950 1952/2151/1952 1303/1433/1303 1302/1432/1302
f 1952/2151/1952 1951/2150/1951 1953/2152/1953 1312/1442/1312
f 1952/2151/1952 1312/1442/1312 1305/1435/1305 1303/1433/1303
f 1953/2152/1953 1317/1447/1317 1313/1443/1313 1312/1442/1312
f 1953/2152/1953 1951/2150/1951 118/121/118 117/120/117
f 1953/2152/1953 117/120/117 1954/2153/1954 1317/1447/1317
f 1954/2153/1954 1322/1452/1322 1318/1448/1318 1317/1447/1317
f 1954/2153/1954 117/120/117 116/119/116 1955/2154/1955
f 1954/2153/1954 1955/2154/1955 1333/1465/1333 1322/1452/1322
f 1955/2154/1955 1338/2155/1338 1334/1466/1334 1333/1465/1333
f 1955/2154/1955 116/119/116 120/123/120 1338/2155/1338
f 1951/2150/1951 1949/2149/1949 121/124/121 118/121/118
f 1949/2146/1949 1948/2145/1948 1956/2156/1956 121/2157/121
f 1956/2156/1956 1957/2158/1957 1348/2159/1348 1958/2160/1958
f 1956/2156/1956 1958/2160/1958 119/2161/119 121/2157/121
f 1956/2156/1956 1948/2145/1948 1947/2144/1947 1957/2158/1957
f 1958/2162/1958 1348/1481/1348 1344/1477/1344 1343/1476/1343
f 1958/2162/1958 1343/1476/1343 120/2163/120 119/2164/119
f 1957/2158/1957 1353/1488/1353 1349/1487/1349 1348/2159/1348
f 1957/2158/1957 1947/2144/1947 1959/2165/1959 1353/1488/1353
f 1959/2165/1959 1358/1494/1358 1354/1489/1354 1353/1488/1353
f 1959/2165/1959 1947/2144/1947 1944/2141/1944 1942/2139/1942
f 1959/2165/1959 1942/2139/1942 1940/2137/1940 1358/1494/1358
f 1343/1476/1343 1339/1472/1339 1338/1471/1338 120/2163/120
f 1333/1465/1333 1327/1457/1327 1323/1453/1323 1322/1452/1322
f 1332/1463/1332 130/137/130 129/136/129 1329/1464/1329
f 1228/1350/1228 1225/1347/1225 1223/1345/1223 1222/1344/1222
f 1156/1272/1156 872/954/872 870/952/870 1960/2166/1960
f 1156/1272/1156 1960/2166/1960 1151/1267/1151 1150/1266/1150
f 1156/1272/1156 1155/1271/1155 874/956/874 872/954/872
f 1960/2166/1960 870/952/870 868/950/868 1961/2167/1961
f 1960/2166/1960 1961/2167/1961 1962/2168/1962 1151/1267/1151
f 1962/2168/1962 1961/2167/1961 865/947/865 1963/2169/1963
f 1962/2168/1962 1963/2169/1963 1964/2170/1964 1146/1262/1146
f 1962/2168/1962 1146/1262/1146 1145/1261/1145 1151/1267/1151
f 1964/2170/1964 1963/2169/1963 862/944/862 1965/2171/1965
f 1964/2170/1964 1965/2171/1965 1966/2172/1966 1141/1257/1141
f 1964/2170/1964 1141/1257/1141 1140/1256/1140 1146/1262/1146
f 1966/2172/1966 1965/2171/1965 859/941/859 1967/2173/1967
f 1966/2172/1966 1967/2173/1967 1968/2174/1968 1136/1252/1136
f 1966/2172/1966 1136/1252/1136 1135/1251/1135 1141/1257/1141
f 1968/2174/1968 1967/2173/1967 856/938/856 1969/2175/1969
f 1968/2174/1968 1969/2175/1969 1970/2176/1970 1131/1247/1131
f 1968/2174/1968 1131/1247/1131 1130/1246/1130 1136/1252/1136
f 1970/2176/1970 1969/2175/1969 853/935/853 1971/2177/1971
f 1970/2176/1970 1971/2177/1971 1972/2178/1972 1126/1242/1126
f 1970/2176/1970 1126/1242/1126 1125/1241/1125 1131/1247/1131
f 1972/2178/1972 1971/2177/1971 850/932/850 1973/2179/1973
f 1972/2178/1972 1973/2179/1973 1974/2180/1974 1121/1237/1121
f 1972/2178/1972 1121/1237/1121 1120/1236/1120 1126/1242/1126
f 1974/2180/1974 1973/2179/1973 847/928/847 1975/2181/1975
f 1974/2180/1974 1975/2181/1975 1976/2182/1976 1116/1232/1116
f 1974/2180/1974 1116/1232/1116 1115/1231/1115 1121/1237/1121
f 1976/2182/1976 1975/2181/1975 844/2183/844 1977/2184/1977
f 1976/2182/1976 1977/2184/1977 1978/2185/1978 1111/1227/1111
f 1976/2182/1976 1111/1227/1111 1110/1226/1110 1116/1232/1116
f 1978/2186/1978 1977/2187/1977 841/920/841 1979/2188/1979
f 1978/2186/1978 1979/2188/1979 1980/2189/1980 1106/2190/1106
f 1978/2185/1978 1106/1222/1106 1105/1221/1105 1111/1227/1111
f 1980/2189/1980 1979/2188/1979 838/917/838 1981/2191/1981
f 1980/2189/1980 1981/2191/1981 1982/2192/1982 1101/1214/1101
f 1980/2189/1980 1101/1214/1101 1100/1213/1100 1106/2190/1106
f 1982/2192/1982 1981/2191/1981 835/914/835 1983/2193/1983
f 1982/2192/1982 1983/2193/1983 1984/2194/1984 1096/1209/1096
f 1982/2192/1982 1096/1209/1096 1095/1208/1095 1101/1214/1101
f 1984/2194/1984 1983/2193/1983 832/911/832 1985/2195/1985
f 1984/2194/1984 1985/2195/1985 1986/2196/1986 1091/1204/1091
f 1984/2194/1984 1091/1204/1091 1090/1203/1090 1096/1209/1096
f 1986/2196/1986 1985/2195/1985 829/908/829 1987/2197/1987
f 1986/2196/1986 1987/2197/1987 1988/2198/1988 1086/1199/1086
f 1986/2196/1986 1086/1199/1086 1085/1198/1085 1091/1204/1091
f 1988/2198/1988 1987/2197/1987 826/905/826 1989/2199/1989
f 1988/2198/1988 1989/2199/1989 1990/2200/1990 1081/1194/1081
f 1988/2198/1988 1081/1194/1081 1080/1193/1080 1086/1199/1086
f 1990/2200/1990 1989/2199/1989 823/902/823 1991/2201/1991
f 1990/2200/1990 1991/2201/1991 1992/2202/1992 1076/1189/1076
f 1990/2200/1990 1076/1189/1076 1075/1188/1075 1081/1194/1081
f 1992/2202/1992 1991/2201/1991 820/899/820 1993/2203/1993
f 1992/2202/1992 1993/2203/1993 1994/2204/1994 1071/1184/1071
f 1992/2202/1992 1071/1184/1071 1070/1183/1070 1076/1189/1076
f 1994/2204/1994 1993/2203/1993 817/896/817 1995/2205/1995
f 1994/2204/1994 1995/2205/1995 1996/2206/1996 1066/1179/1066
f 1994/2204/1994 1066/1179/1066 1065/1178/1065 1071/1184/1071
f 1996/2206/1996 1995/2205/1995 814/893/814 1997/2207/1997
f 1996/2206/1996 1997/2207/1997 1998/2208/1998 1061/1174/1061
f 1996/2206/1996 1061/1174/1061 1060/1173/1060 1066/1179/1066
f 1998/2208/1998 1997/2207/1997 811/889/811 1999/2209/1999
f 1998/2208/1998 1999/2209/1999 2000/2210/2000 1056/1169/1056
f 1998/2208/1998 1056/1169/1056 1055/1168/1055 1061/1174/1061
f 2000/2210/2000 1999/2209/1999 808/2211/808 2001/2212/2001
f 2000/2210/2000 2001/2212/2001 2002/2213/2002 1051/1164/1051
f 2000/2210/2000 1051/1164/1051 1050/1163/1050 1056/1169/1056
f 2002/2214/2002 2001/2215/2001 805/881/805 2003/2216/2003
f 2002/2214/2002 2003/2216/2003 2004/2217/2004 1046/2218/1046
f 2002/2213/2002 1046/1159/1046 1045/1158/1045 1051/1164/1051
f 2004/2217/2004 2003/2216/2003 802/878/802 2005/2219/2005
f 2004/2217/2004 2005/2219/2005 147/163/147 152/167/152
f 2004/2217/2004 152/167/152 1041/1151/1041 1046/2218/1046
f 2005/2219/2005 802/878/802 800/876/800 799/875/799
f 2005/2219/2005 799/875/799 148/164/148 147/163/147
f 2003/2216/2003 805/881/805 803/879/803 802/878/802
f 2001/2215/2001 808/884/808 806/882/806 805/881/805
f 1999/2209/1999 811/889/811 809/888/809 808/2211/808
f 1997/2207/1997 814/893/814 812/890/812 811/889/811
f 1995/2205/1995 817/896/817 815/894/815 814/893/814
f 1993/2203/1993 820/899/820 818/897/818 817/896/817
f 1991/2201/1991 823/902/823 821/900/821 820/899/820
f 1989/2199/1989 826/905/826 824/903/824 823/902/823
f 1987/2197/1987 829/908/829 827/906/827 826/905/826
f 1985/2195/1985 832/911/832 830/909/830 829/908/829
f 1983/2193/1983 835/914/835 833/912/833 832/911/832
f 1981/2191/1981 838/917/838 836/915/836 835/914/835
f 1979/2188/1979 841/920/841 839/918/839 838/917/838
f 1977/2187/1977 844/923/844 842/921/842 841/920/841
f 1975/2181/1975 847/928/847 845/927/845 844/2183/844
f 1973/2179/1973 850/932/850 848/929/848 847/928/847
f 1971/2177/1971 853/935/853 851/933/851 850/932/850
f 1969/2175/1969 856/938/856 854/936/854 853/935/853
f 1967/2173/1967 859/941/859 857/939/857 856/938/856
f 1965/2171/1965 862/944/862 860/942/860 859/941/859
f 1963/2169/1963 865/947/865 863/945/863 862/944/862
f 1961/2167/1961 868/950/868 866/948/866 865/947/865
f 962/1062/962 960/1061/960 953/1049/953 952/1048/952
f 886/968/886 622/665/622 45/29/45 44/28/44
f 799/875/799 797/873/797 796/872/796 148/164/148
f 726/792/726 724/790/724 33/15/33 36/18/36
f 629/675/629 74/67/74 54/2220/54 53/676/53
f 620/663/620 619/662/619 46/30/46 45/29/45
f 608/651/608 282/305/282 278/301/278 277/300/277
f 608/651/608 277/300/277 603/646/603 602/645/602
f 608/651/608 607/650/607 2006/2221/2006 282/305/282
f 2006/2221/2006 287/312/287 283/306/283 282/305/282
f 2006/2221/2006 607/650/607 58/43/58 52/37/52
f 2006/2221/2006 52/37/52 51/36/51 287/312/287
f 603/646/603 277/300/277 274/297/274 273/296/273
f 603/646/603 273/296/273 598/641/598 597/640/597
f 598/641/598 273/296/273 271/294/271 270/293/270
f 598/641/598 270/293/270 593/636/593 592/635/592
f 593/636/593 270/293/270 266/288/266 265/287/265
f 593/636/593 265/287/265 588/631/588 587/630/587
f 588/631/588 265/287/265 261/286/261 260/2222/260
f 588/631/588 260/2222/260 583/626/583 582/625/582
f 583/2223/583 260/280/260 256/276/256 255/275/255
f 583/2223/583 255/275/255 578/618/578 577/617/577
f 578/618/578 255/275/255 251/271/251 250/270/250
f 578/618/578 250/270/250 573/613/573 572/612/572
f 573/613/573 250/270/250 246/266/246 245/265/245
f 573/613/573 245/265/245 568/608/568 567/607/567
f 568/608/568 245/265/245 241/261/241 240/260/240
f 568/608/568 240/260/240 563/603/563 562/602/562
f 563/603/563 240/260/240 236/256/236 235/255/235
f 563/603/563 235/255/235 558/598/558 557/597/557
f 558/598/558 235/255/235 231/251/231 230/250/230
f 558/598/558 230/250/230 553/593/553 552/592/552
f 553/593/553 230/250/230 226/246/226 225/245/225
f 553/593/553 225/245/225 548/588/548 547/587/547
f 548/588/548 225/245/225 221/241/221 220/240/220
f 548/588/548 220/240/220 543/583/543 542/582/542
f 543/583/543 220/240/220 216/236/216 215/235/215
f 543/583/543 215/235/215 538/578/538 537/577/537
f 538/578/538 215/235/215 211/231/211 210/230/210
f 538/578/538 210/230/210 533/573/533 532/572/532
f 533/573/533 210/230/210 206/225/206 205/224/205
f 533/573/533 205/224/205 528/568/528 527/567/527
f 528/568/528 205/224/205 201/223/201 200/2224/200
f 528/568/528 200/2224/200 523/563/523 522/562/522
f 523/2225/523 200/217/200 196/213/196 195/212/195
f 523/2225/523 195/212/195 518/555/518 517/554/517
f 518/555/518 195/212/195 191/208/191 190/207/190
f 518/555/518 190/207/190 513/550/513 512/549/512
f 513/550/513 190/207/190 186/203/186 185/202/185
f 513/550/513 185/202/185 508/545/508 507/544/507
f 508/545/508 185/202/185 181/198/181 180/197/180
f 508/545/508 180/197/180 503/540/503 502/539/502
f 503/540/503 180/197/180 176/193/176 175/192/175
f 503/540/503 175/192/175 498/535/498 497/534/497
f 498/535/498 175/192/175 171/188/171 170/187/170
f 498/535/498 170/187/170 493/530/493 492/529/492
f 493/530/493 170/187/170 166/183/166 156/173/156
f 493/530/493 156/173/156 155/172/155 488/525/488
f 354/380/354 107/108/107 106/107/106 349/375/349
f 316/342/316 82/79/82 81/78/81 311/337/311
f 302/328/302 300/326/300 78/73/78 77/72/77
f 298/324/298 296/322/296 2007/2226/2007 2008/2227/2008
f 298/324/298 2008/2227/2008 73/74/73 78/73/78
f 2008/2228/2008 2007/2229/2007 50/35/50 54/39/54
f 2008/2230/2008 54/2220/54 74/67/74 73/66/73
f 2007/2226/2007 296/322/296 293/319/293 292/318/292
f 2007/2229/2007 292/2231/292 51/36/51 50/35/50
f 292/2231/292 288/313/288 287/312/287 51/36/51
f 269/292/269 268/291/268 22/2/22 27/6/27
f 132/139/132 131/138/131 125/130/125 16/129/16
